año,trimestre,caracter,jurisdiccion,subjurisdiccion,entidad,unidad_ejecutora,programa,finalidad,funcion,inciso,economica,sancion_nominal,vigente_nominal,devengado_nominal,vigente_precios_2T2026,devengado_precios_2T2026,universo
2023,4,Administracion Central,Legislatura De La Ciudad De Buenos Aires,Legislatura De La Ciudad De Buenos Aires,Legislatura De La Ciudad De Buenos Aires,Secretaria Administrativa,Formacion Y Sancion De Leyes,Administración Gubernamental,Legislativa,Gastos En Personal,Remuneraciones Al Personal,22005350913.0,27230745765.0,27218297845.24,166910095603.51,166833796427.01,Fiscal
2023,4,Administracion Central,Legislatura De La Ciudad De Buenos Aires,Legislatura De La Ciudad De Buenos Aires,Legislatura De La Ciudad De Buenos Aires,Secretaria Administrativa,Formacion Y Sancion De Leyes,Administración Gubernamental,Legislativa,Bienes De Consumo,Bienes De Consumo,472514018.0,375821645.0,351524764.17,2303588276.21,2154661223.79,Fiscal
2023,4,Administracion Central,Legislatura De La Ciudad De Buenos Aires,Legislatura De La Ciudad De Buenos Aires,Legislatura De La Ciudad De Buenos Aires,Secretaria Administrativa,Formacion Y Sancion De Leyes,Administración Gubernamental,Legislativa,Servicios No Personales,Servicios No Personales,4530994727.0,6411336371.0,6411336355.09,39298107215.46,39298107117.94,Fiscal
2023,4,Administracion Central,Legislatura De La Ciudad De Buenos Aires,Legislatura De La Ciudad De Buenos Aires,Legislatura De La Ciudad De Buenos Aires,Secretaria Administrativa,Formacion Y Sancion De Leyes,Administración Gubernamental,Legislativa,Bienes De Uso,Maquinaria Y Equipo,933215741.0,785928601.0,785928598.9,4817327408.6,4817327395.73,Fiscal
2023,4,Administracion Central,Legislatura De La Ciudad De Buenos Aires,Legislatura De La Ciudad De Buenos Aires,Legislatura De La Ciudad De Buenos Aires,Secretaria Administrativa,Formacion Y Sancion De Leyes,Administración Gubernamental,Legislativa,Bienes De Uso,Activos Intangibles,152186701.0,132940235.0,132940234.62,814853457.37,814853455.04,Fiscal
2023,4,Administracion Central,Legislatura De La Ciudad De Buenos Aires,Legislatura De La Ciudad De Buenos Aires,Legislatura De La Ciudad De Buenos Aires,Secretaria Administrativa,Formacion Y Sancion De Leyes,Administración Gubernamental,Legislativa,Transferencias,Al Sector Privado,376699013.0,327770000.0,327770000.0,2009057060.28,2009057060.28,Fiscal
2023,4,Administracion Central,Legislatura De La Ciudad De Buenos Aires,Legislatura De La Ciudad De Buenos Aires,Legislatura De La Ciudad De Buenos Aires,Secretaria Administrativa,Formacion Y Sancion De Leyes,Administración Gubernamental,Legislativa,Bienes De Uso,Construcciones Del Dominio Privado,45000000.0,30000000.0,30000000.0,183884162.09,183884162.09,Fiscal
2023,4,Organismos Descentralizados,Auditoria General De La Ciudad De Buenos Aires,Auditoria General De La Ciudad De Buenos Aires,Auditoria General De La Ciudad De Buenos Aires,Auditoria Ciudad De Buenos Aires,Control Externo,Administración Gubernamental,Control De La Gestión,Gastos En Personal,Remuneraciones Al Personal,5897614743.0,7762224177.0,7761747211.32,47578336291.63,47575412743.81,Fiscal
2023,4,Organismos Descentralizados,Auditoria General De La Ciudad De Buenos Aires,Auditoria General De La Ciudad De Buenos Aires,Auditoria General De La Ciudad De Buenos Aires,Auditoria Ciudad De Buenos Aires,Control Externo,Administración Gubernamental,Control De La Gestión,Bienes De Consumo,Bienes De Consumo,46672320.0,133345070.0,133240176.25,817334882.2,816691938.89,Fiscal
2023,4,Organismos Descentralizados,Auditoria General De La Ciudad De Buenos Aires,Auditoria General De La Ciudad De Buenos Aires,Auditoria General De La Ciudad De Buenos Aires,Auditoria Ciudad De Buenos Aires,Control Externo,Administración Gubernamental,Control De La Gestión,Servicios No Personales,Servicios No Personales,493020405.0,572513504.0,571933468.42,3509205532.29,3505650220.4,Fiscal
2023,4,Organismos Descentralizados,Auditoria General De La Ciudad De Buenos Aires,Auditoria General De La Ciudad De Buenos Aires,Auditoria General De La Ciudad De Buenos Aires,Auditoria Ciudad De Buenos Aires,Control Externo,Administración Gubernamental,Control De La Gestión,Bienes De Uso,Maquinaria Y Equipo,31865369.0,77212609.0,77032814.68,473272530.29,472170486.03,Fiscal
2023,4,Organismos Descentralizados,Auditoria General De La Ciudad De Buenos Aires,Auditoria General De La Ciudad De Buenos Aires,Auditoria General De La Ciudad De Buenos Aires,Auditoria Ciudad De Buenos Aires,Control Externo,Administración Gubernamental,Control De La Gestión,Bienes De Uso,Activos Intangibles,49430852.0,27988280.0,27976466.08,171553380.54,171480967.45,Fiscal
2023,4,Organismos Descentralizados,Auditoria General De La Ciudad De Buenos Aires,Auditoria General De La Ciudad De Buenos Aires,Auditoria General De La Ciudad De Buenos Aires,Auditoria Ciudad De Buenos Aires,Control Externo,Administración Gubernamental,Control De La Gestión,Transferencias,Al Sector Privado,3334847.0,1726727.0,1726726.67,10583924.92,10583922.9,Fiscal
2023,4,Organismos Descentralizados,Defensoria Del Pueblo,Defensoria Del Pueblo,Defensoria Del Pueblo,Defensoria Del Pueblo,Defensa De Los Derechos,Administración Gubernamental,Control De La Gestión,Gastos En Personal,Remuneraciones Al Personal,8448800030.0,12072143532.0,12072143531.0,73995866600.73,73995866594.6,Fiscal
2023,4,Organismos Descentralizados,Defensoria Del Pueblo,Defensoria Del Pueblo,Defensoria Del Pueblo,Defensoria Del Pueblo,Defensa De Los Derechos,Administración Gubernamental,Control De La Gestión,Bienes De Consumo,Bienes De Consumo,72160831.0,130637627.0,130212174.22,800739685.95,798131885.02,Fiscal
2023,4,Organismos Descentralizados,Defensoria Del Pueblo,Defensoria Del Pueblo,Defensoria Del Pueblo,Defensoria Del Pueblo,Defensa De Los Derechos,Administración Gubernamental,Control De La Gestión,Servicios No Personales,Servicios No Personales,1457232184.0,1730187509.0,1727037668.3,10605136011.75,10585829151.15,Fiscal
2023,4,Organismos Descentralizados,Defensoria Del Pueblo,Defensoria Del Pueblo,Defensoria Del Pueblo,Defensoria Del Pueblo,Defensa De Los Derechos,Administración Gubernamental,Control De La Gestión,Bienes De Uso,Maquinaria Y Equipo,82095181.0,44352292.0,44352285.18,271856135.04,271856093.24,Fiscal
2023,4,Organismos Descentralizados,Defensoria Del Pueblo,Defensoria Del Pueblo,Defensoria Del Pueblo,Defensoria Del Pueblo,Defensa De Los Derechos,Administración Gubernamental,Control De La Gestión,Bienes De Uso,Activos Intangibles,8749713.0,34592878.0,34592875.04,212036079.51,212036061.37,Fiscal
2023,4,Organismos Descentralizados,Defensoria Del Pueblo,Defensoria Del Pueblo,Defensoria Del Pueblo,Defensoria Del Pueblo,Defensa De Los Derechos,Administración Gubernamental,Control De La Gestión,Transferencias,Al Sector Externo,688282.0,1256858.0,1256857.19,7703876.01,7703871.04,Fiscal
2023,4,Organismos Descentralizados,Defensoria Del Pueblo,Defensoria Del Pueblo,Defensoria Del Pueblo,Defensoria Del Pueblo,Defensa De Los Derechos,Administración Gubernamental,Control De La Gestión,Transferencias,Al Sector Privado,0.0,2081900.0,2081900.0,12760947.9,12760947.9,Fiscal
2023,4,Organismos Descentralizados,Defensoria Del Pueblo,Defensoria Del Pueblo,Defensoria Del Pueblo,Defensoria Del Pueblo,Registro Publico De Bases De Datos Personales-Ley 1845,Administración Gubernamental,Control De La Gestión,Gastos En Personal,Remuneraciones Al Personal,143913171.0,195147486.0,195147486.0,1196151064.91,1196151064.91,Fiscal
2023,4,Organismos Descentralizados,Defensoria Del Pueblo,Defensoria Del Pueblo,Defensoria Del Pueblo,Defensoria Del Pueblo,Registro Publico De Bases De Datos Personales-Ley 1845,Administración Gubernamental,Control De La Gestión,Bienes De Consumo,Bienes De Consumo,805954.0,943763.0,943750.61,5784768.95,5784693.0,Fiscal
2023,4,Organismos Descentralizados,Defensoria Del Pueblo,Defensoria Del Pueblo,Defensoria Del Pueblo,Defensoria Del Pueblo,Registro Publico De Bases De Datos Personales-Ley 1845,Administración Gubernamental,Control De La Gestión,Servicios No Personales,Servicios No Personales,10994295.0,28562177.0,28562162.01,175071066.17,175070974.29,Fiscal
2023,4,Organismos Descentralizados,Defensoria Del Pueblo,Defensoria Del Pueblo,Defensoria Del Pueblo,Defensoria Del Pueblo,Registro Publico De Bases De Datos Personales-Ley 1845,Administración Gubernamental,Control De La Gestión,Bienes De Uso,Maquinaria Y Equipo,946588.0,112006.0,112002.78,686537.65,686517.91,Fiscal
2023,4,Organismos Descentralizados,Defensoria Del Pueblo,Defensoria Del Pueblo,Defensoria Del Pueblo,Defensoria Del Pueblo,Registro Publico De Bases De Datos Personales-Ley 1845,Administración Gubernamental,Control De La Gestión,Bienes De Uso,Activos Intangibles,124741.0,492941.0,492941.0,3021468.09,3021468.09,Fiscal
2023,4,Administracion Central,Ministerio Publico,Ministerio Publico,Ministerio Publico,Ministerio Publico,Asesoria General Tutelar,Administración Gubernamental,Judicial,Gastos En Personal,Remuneraciones Al Personal,6073315567.0,9395564358.0,9395564355.18,57589849311.37,57589849294.09,Fiscal
2023,4,Administracion Central,Ministerio Publico,Ministerio Publico,Ministerio Publico,Ministerio Publico,Asesoria General Tutelar,Administración Gubernamental,Judicial,Bienes De Consumo,Bienes De Consumo,20190757.0,51010709.0,51010701.32,312668716.07,312668669.0,Fiscal
2023,4,Administracion Central,Ministerio Publico,Ministerio Publico,Ministerio Publico,Ministerio Publico,Asesoria General Tutelar,Administración Gubernamental,Judicial,Servicios No Personales,Servicios No Personales,265033270.0,316214380.0,316214366.16,1938227210.25,1938227125.41,Fiscal
2023,4,Administracion Central,Ministerio Publico,Ministerio Publico,Ministerio Publico,Ministerio Publico,Asesoria General Tutelar,Administración Gubernamental,Judicial,Bienes De Uso,Maquinaria Y Equipo,37806023.0,64271596.0,64271593.33,393950952.56,393950936.19,Fiscal
2023,4,Administracion Central,Ministerio Publico,Ministerio Publico,Ministerio Publico,Ministerio Publico,Asesoria General Tutelar,Administración Gubernamental,Judicial,Bienes De Uso,Activos Intangibles,71028476.0,305520590.0,305520589.03,1872679923.12,1872679917.18,Fiscal
2023,4,Administracion Central,Ministerio Publico,Ministerio Publico,Ministerio Publico,Ministerio Publico,Asesoria General Tutelar,Administración Gubernamental,Judicial,Transferencias,Al Sector Privado,18411041.0,19658428.0,19658428.0,120495785.36,120495785.36,Fiscal
2023,4,Administracion Central,Ministerio Publico,Ministerio Publico,Ministerio Publico,Ministerio Publico,Ministerio Publico De La Defensa,Administración Gubernamental,Judicial,Gastos En Personal,Remuneraciones Al Personal,18306006351.0,27538193988.0,27533081202.49,168794590899.26,168763252223.28,Fiscal
2023,4,Administracion Central,Ministerio Publico,Ministerio Publico,Ministerio Publico,Ministerio Publico,Ministerio Publico De La Defensa,Administración Gubernamental,Judicial,Bienes De Consumo,Bienes De Consumo,73130863.0,108523856.0,108523849.13,665193944.25,665193902.14,Fiscal
2023,4,Administracion Central,Ministerio Publico,Ministerio Publico,Ministerio Publico,Ministerio Publico,Ministerio Publico De La Defensa,Administración Gubernamental,Judicial,Servicios No Personales,Servicios No Personales,985640793.0,1517264110.0,1517264100.08,9300027984.59,9300027923.79,Fiscal
2023,4,Administracion Central,Ministerio Publico,Ministerio Publico,Ministerio Publico,Ministerio Publico,Ministerio Publico De La Defensa,Administración Gubernamental,Judicial,Bienes De Uso,Maquinaria Y Equipo,324476978.0,518763868.0,518763866.98,3179748639.67,3179748633.42,Fiscal
2023,4,Administracion Central,Ministerio Publico,Ministerio Publico,Ministerio Publico,Ministerio Publico,Ministerio Publico De La Defensa,Administración Gubernamental,Judicial,Bienes De Uso,Activos Intangibles,164327742.0,433146088.0,433146087.37,2654956848.49,2654956844.63,Fiscal
2023,4,Administracion Central,Ministerio Publico,Ministerio Publico,Ministerio Publico,Ministerio Publico,Ministerio Publico De La Defensa,Administración Gubernamental,Judicial,Transferencias,Al Sector Privado,19702638.0,1078465.0,1078465.0,6610421.1,6610421.1,Fiscal
2023,4,Administracion Central,Ministerio Publico,Ministerio Publico,Ministerio Publico,Ministerio Publico,Comision De Administracion Conjunta De Representantes Del Ministerio Publico,Administración Gubernamental,Judicial,Gastos En Personal,Remuneraciones Al Personal,1663894230.0,2908820813.0,2893920408.28,17829535929.03,17738204314.47,Fiscal
2023,4,Administracion Central,Ministerio Publico,Ministerio Publico,Ministerio Publico,Ministerio Publico,Comision De Administracion Conjunta De Representantes Del Ministerio Publico,Administración Gubernamental,Judicial,Bienes De Consumo,Bienes De Consumo,39551336.0,42437445.0,42437440.74,260119133.84,260119107.73,Fiscal
2023,4,Administracion Central,Ministerio Publico,Ministerio Publico,Ministerio Publico,Ministerio Publico,Comision De Administracion Conjunta De Representantes Del Ministerio Publico,Administración Gubernamental,Judicial,Servicios No Personales,Servicios No Personales,2218912956.0,3015970029.0,3015970015.23,18486304055.79,18486303971.39,Fiscal
2023,4,Administracion Central,Ministerio Publico,Ministerio Publico,Ministerio Publico,Ministerio Publico,Comision De Administracion Conjunta De Representantes Del Ministerio Publico,Administración Gubernamental,Judicial,Bienes De Uso,Maquinaria Y Equipo,14219768.0,3601280.0,3601279.02,22073945.18,22073939.17,Fiscal
2023,4,Administracion Central,Ministerio Publico,Ministerio Publico,Ministerio Publico,Ministerio Publico,Comision De Administracion Conjunta De Representantes Del Ministerio Publico,Administración Gubernamental,Judicial,Bienes De Uso,Construcciones Del Dominio Privado,520276288.0,665236835.0,665236833.58,4077550599.86,4077550591.16,Fiscal
2023,4,Administracion Central,Ministerio Publico,Ministerio Publico,Ministerio Publico,Ministerio Publico,Comision De Administracion Conjunta De Representantes Del Ministerio Publico,Administración Gubernamental,Judicial,Bienes De Uso,Bienes De Uso,350395184.0,0.0,0.0,0.0,0.0,Fiscal
2023,4,Administracion Central,Ministerio Publico,Ministerio Publico,Ministerio Publico,Ministerio Público Fiscal,Posicionamiento Institucional Y Gestion Administrativa,Administración Gubernamental,Judicial,Gastos En Personal,Remuneraciones Al Personal,4714315643.0,6883108361.0,6881696519.97,42189820451.43,42181166611.27,Fiscal
2023,4,Administracion Central,Ministerio Publico,Ministerio Publico,Ministerio Publico,Ministerio Público Fiscal,Posicionamiento Institucional Y Gestion Administrativa,Administración Gubernamental,Judicial,Bienes De Consumo,Bienes De Consumo,57964499.0,44744953.0,44699047.3,274262939.67,273981561.97,Fiscal
2023,4,Administracion Central,Ministerio Publico,Ministerio Publico,Ministerio Publico,Ministerio Público Fiscal,Posicionamiento Institucional Y Gestion Administrativa,Administración Gubernamental,Judicial,Servicios No Personales,Servicios No Personales,511455998.0,932077300.0,932077287.79,5713141777.15,5713141702.31,Fiscal
2023,4,Administracion Central,Ministerio Publico,Ministerio Publico,Ministerio Publico,Ministerio Público Fiscal,Posicionamiento Institucional Y Gestion Administrativa,Administración Gubernamental,Judicial,Bienes De Uso,Maquinaria Y Equipo,70436800.0,471026932.0,471026929.2,2887146423.77,2887146406.61,Fiscal
2023,4,Administracion Central,Ministerio Publico,Ministerio Publico,Ministerio Publico,Ministerio Público Fiscal,Posicionamiento Institucional Y Gestion Administrativa,Administración Gubernamental,Judicial,Bienes De Uso,Activos Intangibles,31937355.0,163626296.0,163626295.85,1002942811.2,1002942810.28,Fiscal
2023,4,Administracion Central,Ministerio Publico,Ministerio Publico,Ministerio Publico,Ministerio Público Fiscal,Posicionamiento Institucional Y Gestion Administrativa,Administración Gubernamental,Judicial,Transferencias,Al Sector Privado,6047009.0,4362854.0,4362853.33,26741991.74,26741987.63,Fiscal
2023,4,Administracion Central,Ministerio Publico,Ministerio Publico,Ministerio Publico,Ministerio Público Fiscal,Politica Criminal Integral Y Gestion Judicial,Administración Gubernamental,Judicial,Gastos En Personal,Remuneraciones Al Personal,17547730445.0,26178968176.0,26178968172.61,160463254248.2,160463254227.42,Fiscal
2023,4,Administracion Central,Ministerio Publico,Ministerio Publico,Ministerio Publico,Ministerio Público Fiscal,Politica Criminal Integral Y Gestion Judicial,Administración Gubernamental,Judicial,Bienes De Consumo,Bienes De Consumo,55252088.0,79523571.0,79523565.71,487437507.33,487437474.9,Fiscal
2023,4,Administracion Central,Ministerio Publico,Ministerio Publico,Ministerio Publico,Ministerio Público Fiscal,Politica Criminal Integral Y Gestion Judicial,Administración Gubernamental,Judicial,Servicios No Personales,Servicios No Personales,514713081.0,610248933.0,610248921.95,3740503790.38,3740503722.65,Fiscal
2023,4,Administracion Central,Ministerio Publico,Ministerio Publico,Ministerio Publico,Ministerio Público Fiscal,Politica Criminal Integral Y Gestion Judicial,Administración Gubernamental,Judicial,Bienes De Uso,Maquinaria Y Equipo,99797667.0,309319058.0,309319056.61,1895962526.64,1895962518.12,Fiscal
2023,4,Administracion Central,Ministerio Publico,Ministerio Publico,Ministerio Publico,Ministerio Público Fiscal,Politica Criminal Integral Y Gestion Judicial,Administración Gubernamental,Judicial,Bienes De Uso,Activos Intangibles,118877929.0,371336824.0,371336823.93,2276098691.16,2276098690.73,Fiscal
2023,4,Administracion Central,Ministerio Publico,Ministerio Publico,Ministerio Publico,Ministerio Público Fiscal,Politica Criminal Integral Y Gestion Judicial,Administración Gubernamental,Judicial,Transferencias,Al Sector Privado,0.0,5758725.0,5758725.0,35297944.04,35297944.04,Fiscal
2023,4,Administracion Central,Ministerio Publico,Ministerio Publico,Ministerio Publico,Ministerio Público Fiscal,Investigacion Y Relaciones Con La Fuerza De Seguridad,Administración Gubernamental,Judicial,Gastos En Personal,Remuneraciones Al Personal,1833344977.0,2947067075.0,2947067072.16,18063965323.73,18063965306.32,Fiscal
2023,4,Administracion Central,Ministerio Publico,Ministerio Publico,Ministerio Publico,Ministerio Público Fiscal,Investigacion Y Relaciones Con La Fuerza De Seguridad,Administración Gubernamental,Judicial,Bienes De Consumo,Bienes De Consumo,14214341.0,12299067.0,12299060.13,75386787.66,75386745.55,Fiscal
2023,4,Administracion Central,Ministerio Publico,Ministerio Publico,Ministerio Publico,Ministerio Público Fiscal,Investigacion Y Relaciones Con La Fuerza De Seguridad,Administración Gubernamental,Judicial,Servicios No Personales,Servicios No Personales,162204259.0,272073610.0,272073601.78,1667667593.4,1667667543.01,Fiscal
2023,4,Administracion Central,Ministerio Publico,Ministerio Publico,Ministerio Publico,Ministerio Público Fiscal,Investigacion Y Relaciones Con La Fuerza De Seguridad,Administración Gubernamental,Judicial,Bienes De Uso,Maquinaria Y Equipo,27612360.0,56880253.0,56880250.11,348645922.08,348645904.37,Fiscal
2023,4,Administracion Central,Ministerio Publico,Ministerio Publico,Ministerio Publico,Ministerio Público Fiscal,Investigacion Y Relaciones Con La Fuerza De Seguridad,Administración Gubernamental,Judicial,Bienes De Uso,Activos Intangibles,82833555.0,267279166.0,267279165.25,1638280182.81,1638280178.21,Fiscal
2023,4,Administracion Central,Ministerio Publico,Ministerio Publico,Ministerio Publico,Ministerio Público Fiscal,Acceso A La Justicia Y Proteccion Integral A La Victima,Administración Gubernamental,Judicial,Gastos En Personal,Remuneraciones Al Personal,2095251407.0,3432562424.0,3432562419.13,21039795505.39,21039795475.54,Fiscal
2023,4,Administracion Central,Ministerio Publico,Ministerio Publico,Ministerio Publico,Ministerio Público Fiscal,Acceso A La Justicia Y Proteccion Integral A La Victima,Administración Gubernamental,Judicial,Bienes De Consumo,Bienes De Consumo,4611203.0,7724194.0,7724188.94,47345231.38,47345200.37,Fiscal
2023,4,Administracion Central,Ministerio Publico,Ministerio Publico,Ministerio Publico,Ministerio Público Fiscal,Acceso A La Justicia Y Proteccion Integral A La Victima,Administración Gubernamental,Judicial,Servicios No Personales,Servicios No Personales,270440865.0,346469767.0,346469753.07,2123676759.82,2123676674.44,Fiscal
2023,4,Administracion Central,Ministerio Publico,Ministerio Publico,Ministerio Publico,Ministerio Público Fiscal,Acceso A La Justicia Y Proteccion Integral A La Victima,Administración Gubernamental,Judicial,Bienes De Uso,Maquinaria Y Equipo,11898602.0,37628982.0,37628978.8,230645794.18,230645774.57,Fiscal
2023,4,Administracion Central,Ministerio Publico,Ministerio Publico,Ministerio Publico,Ministerio Público Fiscal,Acceso A La Justicia Y Proteccion Integral A La Victima,Administración Gubernamental,Judicial,Bienes De Uso,Activos Intangibles,14194382.0,101506862.0,101506860.89,622183475.51,622183468.71,Fiscal
2023,4,Administracion Central,Ministerio Publico,Ministerio Publico,Ministerio Publico,Ministerio Público Fiscal,Acceso A La Justicia Y Proteccion Integral A La Victima,Administración Gubernamental,Judicial,Transferencias,Al Sector Privado,17842173.0,15694800.0,15694800.0,96200838.24,96200838.24,Fiscal
2023,4,Administracion Central,Tribunal Superior De Justicia,Tribunal Superior De Justicia,Tribunal Superior De Justicia,Tribunal Superior,Actividades Centrales,Administración Gubernamental,Judicial,Gastos En Personal,Remuneraciones Al Personal,1140387648.0,1618416513.0,1302656276.99,9920038813.57,7984595266.22,Fiscal
2023,4,Administracion Central,Tribunal Superior De Justicia,Tribunal Superior De Justicia,Tribunal Superior De Justicia,Tribunal Superior,Actividades Centrales,Administración Gubernamental,Judicial,Bienes De Consumo,Bienes De Consumo,30271356.0,23749118.0,16003383.14,145569555.46,98092289.98,Fiscal
2023,4,Administracion Central,Tribunal Superior De Justicia,Tribunal Superior De Justicia,Tribunal Superior De Justicia,Tribunal Superior,Actividades Centrales,Administración Gubernamental,Judicial,Servicios No Personales,Servicios No Personales,201307618.0,314971531.0,194547280.9,1930609202.01,1192472124.51,Fiscal
2023,4,Administracion Central,Tribunal Superior De Justicia,Tribunal Superior De Justicia,Tribunal Superior De Justicia,Tribunal Superior,Actividades Centrales,Administración Gubernamental,Judicial,Bienes De Uso,Maquinaria Y Equipo,39002372.0,36244896.0,9689183.63,222162077.7,59389580.44,Fiscal
2023,4,Administracion Central,Tribunal Superior De Justicia,Tribunal Superior De Justicia,Tribunal Superior De Justicia,Tribunal Superior,Actividades Centrales,Administración Gubernamental,Judicial,Transferencias,Al Sector Privado,7729191.0,9329191.0,8591685.47,57183015.67,52662496.12,Fiscal
2023,4,Administracion Central,Tribunal Superior De Justicia,Tribunal Superior De Justicia,Tribunal Superior De Justicia,Tribunal Superior,Actividades Centrales,Administración Gubernamental,Judicial,Activos Financieros,Concesión De Préstamo De Corto Plazo,98675970.0,54338723.0,52649763.0,333067684.93,322715251.78,Fiscal
2023,4,Administracion Central,Tribunal Superior De Justicia,Tribunal Superior De Justicia,Tribunal Superior De Justicia,Tribunal Superior,Actividades Centrales,Administración Gubernamental,Control De La Gestión,Gastos En Personal,Remuneraciones Al Personal,57996286.0,91825613.0,80219712.91,562842530.17,491704489.72,Fiscal
2023,4,Administracion Central,Tribunal Superior De Justicia,Tribunal Superior De Justicia,Tribunal Superior De Justicia,Tribunal Superior,Actividades Centrales,Administración Gubernamental,Control De La Gestión,Bienes De Consumo,Bienes De Consumo,300437.0,150437.0,0.0,922099.39,0.0,Fiscal
2023,4,Administracion Central,Tribunal Superior De Justicia,Tribunal Superior De Justicia,Tribunal Superior De Justicia,Tribunal Superior,Actividades Centrales,Administración Gubernamental,Control De La Gestión,Servicios No Personales,Servicios No Personales,484006.0,484006.0,48864.38,2966701.26,299512.85,Fiscal
2023,4,Administracion Central,Tribunal Superior De Justicia,Tribunal Superior De Justicia,Tribunal Superior De Justicia,Tribunal Superior,Actividades Centrales,Administración Gubernamental,Judicial,Bienes De Uso,Activos Intangibles,36600879.0,20267919.0,4538260.04,124231643.42,27817138.16,Fiscal
2023,4,Administracion Central,Tribunal Superior De Justicia,Tribunal Superior De Justicia,Tribunal Superior De Justicia,Tribunal Superior,Actividades Centrales,Administración Gubernamental,Judicial,Bienes De Uso,Construcciones Del Dominio Privado,54905434.0,51955078.0,49021362.0,318457199.48,300475069.2,Fiscal
2023,4,Administracion Central,Tribunal Superior De Justicia,Tribunal Superior De Justicia,Tribunal Superior De Justicia,Tribunal Superior,Tutela Judicial,Administración Gubernamental,Judicial,Gastos En Personal,Remuneraciones Al Personal,3060570350.0,4562106981.0,4043578126.52,27963307319.0,24784999188.13,Fiscal
2023,4,Administracion Central,Tribunal Superior De Justicia,Tribunal Superior De Justicia,Tribunal Superior De Justicia,Tribunal Superior,Tutela Judicial,Administración Gubernamental,Judicial,Bienes De Consumo,Bienes De Consumo,8596199.0,7381019.0,5754461.84,45241749.81,35271813.12,Fiscal
2023,4,Administracion Central,Tribunal Superior De Justicia,Tribunal Superior De Justicia,Tribunal Superior De Justicia,Tribunal Superior,Tutela Judicial,Administración Gubernamental,Judicial,Servicios No Personales,Servicios No Personales,82520958.0,219104435.0,109060916.53,1342994514.68,668485841.77,Fiscal
2023,4,Administracion Central,Tribunal Superior De Justicia,Tribunal Superior De Justicia,Tribunal Superior De Justicia,Tribunal Superior,Tutela Judicial,Administración Gubernamental,Judicial,Bienes De Uso,Maquinaria Y Equipo,33741539.0,82836262.0,64094213.57,507742554.29,392863691.91,Fiscal
2023,4,Administracion Central,Tribunal Superior De Justicia,Tribunal Superior De Justicia,Tribunal Superior De Justicia,Tribunal Superior,Tutela Judicial,Administración Gubernamental,Judicial,Servicios No Personales,Impuestos Indirectos,141646.0,141646.0,0.0,868215.2,0.0,Fiscal
2023,4,Administracion Central,Tribunal Superior De Justicia,Tribunal Superior De Justicia,Tribunal Superior De Justicia,Tribunal Superior,Tutela Judicial,Administración Gubernamental,Judicial,Servicios No Personales,Impuestos Directos,141646.0,141646.0,19670.27,868215.2,120568.37,Fiscal
2023,4,Administracion Central,Tribunal Superior De Justicia,Tribunal Superior De Justicia,Tribunal Superior De Justicia,Tribunal Superior,Tutela Judicial,Administración Gubernamental,Judicial,Transferencias,Al Sector Privado,1902384.0,3502384.0,2815715.88,21467764.91,17258851.84,Fiscal
2023,4,Administracion Central,Tribunal Superior De Justicia,Tribunal Superior De Justicia,Tribunal Superior De Justicia,Tribunal Superior,Centro De Formacion Judicial,Administración Gubernamental,Judicial,Gastos En Personal,Remuneraciones Al Personal,251089980.0,395196494.0,370663194.91,2422345872.01,2271969700.46,Fiscal
2023,4,Administracion Central,Tribunal Superior De Justicia,Tribunal Superior De Justicia,Tribunal Superior De Justicia,Tribunal Superior,Centro De Formacion Judicial,Administración Gubernamental,Judicial,Bienes De Consumo,Bienes De Consumo,925639.0,2525639.0,2517836.06,15480833.71,15433005.81,Fiscal
2023,4,Administracion Central,Tribunal Superior De Justicia,Tribunal Superior De Justicia,Tribunal Superior De Justicia,Tribunal Superior,Centro De Formacion Judicial,Administración Gubernamental,Judicial,Servicios No Personales,Servicios No Personales,35534782.0,42941682.0,31271965.6,263209840.44,191680639.71,Fiscal
2023,4,Administracion Central,Tribunal Superior De Justicia,Tribunal Superior De Justicia,Tribunal Superior De Justicia,Tribunal Superior,Centro De Formacion Judicial,Administración Gubernamental,Judicial,Bienes De Uso,Maquinaria Y Equipo,3948373.0,3948373.0,0.0,24201442.02,0.0,Fiscal
2023,4,Administracion Central,Tribunal Superior De Justicia,Tribunal Superior De Justicia,Tribunal Superior De Justicia,Tribunal Superior,Centro De Formacion Judicial,Administración Gubernamental,Judicial,Bienes De Uso,Activos Intangibles,2069170.0,2069170.0,0.0,12682919.72,0.0,Fiscal
2023,4,Administracion Central,Tribunal Superior De Justicia,Tribunal Superior De Justicia,Tribunal Superior De Justicia,Tribunal Superior,Centro De Formacion Judicial,Administración Gubernamental,Judicial,Transferencias,Al Sector Privado,12616349.0,9416349.0,8478178.44,57717248.19,51966757.95,Fiscal
2023,4,Administracion Central,Tribunal Superior De Justicia,Tribunal Superior De Justicia,Tribunal Superior De Justicia,Tribunal Superior,Oficina De Genero,Administración Gubernamental,Judicial,Gastos En Personal,Remuneraciones Al Personal,27214538.0,44753201.0,40381351.45,274313495.56,247516365.85,Fiscal
2023,4,Administracion Central,Tribunal Superior De Justicia,Tribunal Superior De Justicia,Tribunal Superior De Justicia,Tribunal Superior,Oficina De Genero,Administración Gubernamental,Judicial,Bienes De Consumo,Bienes De Consumo,1600427.0,1600427.0,183330.51,9809772.6,1123719.24,Fiscal
2023,4,Administracion Central,Tribunal Superior De Justicia,Tribunal Superior De Justicia,Tribunal Superior De Justicia,Tribunal Superior,Oficina De Genero,Administración Gubernamental,Judicial,Servicios No Personales,Servicios No Personales,14287243.0,21857243.0,6475137.46,133973360.49,39689174.21,Fiscal
2023,4,Administracion Central,Tribunal Superior De Justicia,Tribunal Superior De Justicia,Tribunal Superior De Justicia,Tribunal Superior,Oficina De Genero,Administración Gubernamental,Judicial,Bienes De Uso,Maquinaria Y Equipo,0.0,4430000.0,1587238.58,27153561.27,9728934.54,Fiscal
2023,4,Administracion Central,Tribunal Superior De Justicia,Tribunal Superior De Justicia,Tribunal Superior De Justicia,Tribunal Superior,Oficina De Genero,Administración Gubernamental,Judicial,Bienes De Uso,Activos Intangibles,0.0,1500000.0,529079.52,9194208.1,3242978.14,Fiscal
2023,4,Administracion Central,Consejo De La Magistratura,Consejo De La Magistratura,Consejo De La Magistratura,Consejo De La Magistratura,Actividades Especificas Del Consejo De La Magistratura,Administración Gubernamental,Judicial,Gastos En Personal,Remuneraciones Al Personal,7553576413.0,11708034865.0,11707629633.0,71764072696.02,71761588837.8,Fiscal
2023,4,Administracion Central,Consejo De La Magistratura,Consejo De La Magistratura,Consejo De La Magistratura,Consejo De La Magistratura,Actividades Especificas Del Consejo De La Magistratura,Administración Gubernamental,Judicial,Bienes De Consumo,Bienes De Consumo,25840376.0,34384250.0,34384250.0,210757300.01,210757300.01,Fiscal
2023,4,Administracion Central,Consejo De La Magistratura,Consejo De La Magistratura,Consejo De La Magistratura,Consejo De La Magistratura,Actividades Especificas Del Consejo De La Magistratura,Administración Gubernamental,Judicial,Servicios No Personales,Servicios No Personales,774642147.0,792524850.0,792524850.0,4857758932.61,4857758932.61,Fiscal
2023,4,Administracion Central,Consejo De La Magistratura,Consejo De La Magistratura,Consejo De La Magistratura,Consejo De La Magistratura,Actividades Especificas Del Consejo De La Magistratura,Administración Gubernamental,Judicial,Bienes De Uso,Maquinaria Y Equipo,207935946.0,18570.0,18570.0,113824.3,113824.3,Fiscal
2023,4,Administracion Central,Consejo De La Magistratura,Consejo De La Magistratura,Consejo De La Magistratura,Consejo De La Magistratura,Actividades Especificas Del Consejo De La Magistratura,Administración Gubernamental,Judicial,Bienes De Uso,Activos Intangibles,80484202.0,10318516.0,10318516.0,63247055.62,63247055.62,Fiscal
2023,4,Administracion Central,Consejo De La Magistratura,Consejo De La Magistratura,Consejo De La Magistratura,Consejo De La Magistratura,Actividades Especificas Del Consejo De La Magistratura,Administración Gubernamental,Judicial,Transferencias,Al Sector Privado,30247764.0,125852295.0,125852295.0,771408127.11,771408127.11,Fiscal
2023,4,Administracion Central,Consejo De La Magistratura,Consejo De La Magistratura,Consejo De La Magistratura,Consejo De La Magistratura,Actividades Especificas Del Consejo De La Magistratura,Administración Gubernamental,Judicial,Bienes De Uso,Construcciones Del Dominio Privado,522066798.0,963022211.0,963022211.0,5902817744.82,5902817744.82,Fiscal
2023,4,Administracion Central,Consejo De La Magistratura,Consejo De La Magistratura,Consejo De La Magistratura,Consejo De La Magistratura,"Justicia Contenciosa, Administrativa, Tributaria Y De Relaciones Del Consumo",Administración Gubernamental,Judicial,Bienes De Consumo,Bienes De Consumo,52461058.0,39332304.0,39332304.0,241086258.8,241086258.8,Fiscal
2023,4,Administracion Central,Consejo De La Magistratura,Consejo De La Magistratura,Consejo De La Magistratura,Consejo De La Magistratura,"Justicia Contenciosa, Administrativa, Tributaria Y De Relaciones Del Consumo",Administración Gubernamental,Judicial,Servicios No Personales,Servicios No Personales,587800573.0,665679586.0,665679586.0,4080264429.75,4080264429.75,Fiscal
2023,4,Administracion Central,Consejo De La Magistratura,Consejo De La Magistratura,Consejo De La Magistratura,Consejo De La Magistratura,"Justicia Contenciosa, Administrativa, Tributaria Y De Relaciones Del Consumo",Administración Gubernamental,Judicial,Bienes De Uso,Maquinaria Y Equipo,394546656.0,0.0,0.0,0.0,0.0,Fiscal
2023,4,Administracion Central,Consejo De La Magistratura,Consejo De La Magistratura,Consejo De La Magistratura,Consejo De La Magistratura,"Justicia Contenciosa, Administrativa, Tributaria Y De Relaciones Del Consumo",Administración Gubernamental,Judicial,Bienes De Uso,Activos Intangibles,178173854.0,17142760.0,17142760.0,105076068.62,105076068.62,Fiscal
2023,4,Administracion Central,Consejo De La Magistratura,Consejo De La Magistratura,Consejo De La Magistratura,Consejo De La Magistratura,"Justicia Contenciosa, Administrativa, Tributaria Y De Relaciones Del Consumo",Administración Gubernamental,Judicial,Gastos En Personal,Remuneraciones Al Personal,12648702513.0,19645768488.0,19645293085.0,120418189234.87,120415275265.46,Fiscal
2023,4,Administracion Central,Consejo De La Magistratura,Consejo De La Magistratura,Consejo De La Magistratura,Consejo De La Magistratura,"Justicia Penal, Contravencional Y De Faltas",Administración Gubernamental,Judicial,Bienes De Consumo,Bienes De Consumo,37652231.0,44350146.0,44350146.0,271842981.19,271842981.19,Fiscal
2023,4,Administracion Central,Consejo De La Magistratura,Consejo De La Magistratura,Consejo De La Magistratura,Consejo De La Magistratura,"Justicia Penal, Contravencional Y De Faltas",Administración Gubernamental,Judicial,Servicios No Personales,Servicios No Personales,429469196.0,946763772.0,946763772.0,5803162097.07,5803162097.07,Fiscal
2023,4,Administracion Central,Consejo De La Magistratura,Consejo De La Magistratura,Consejo De La Magistratura,Consejo De La Magistratura,"Justicia Penal, Contravencional Y De Faltas",Administración Gubernamental,Judicial,Bienes De Uso,Maquinaria Y Equipo,283173126.0,1055044054.0,1055044054.0,6466863061.29,6466863061.29,Fiscal
2023,4,Administracion Central,Consejo De La Magistratura,Consejo De La Magistratura,Consejo De La Magistratura,Consejo De La Magistratura,"Justicia Penal, Contravencional Y De Faltas",Administración Gubernamental,Judicial,Bienes De Uso,Activos Intangibles,127878532.0,139588898.0,139588898.0,855606251.53,855606251.53,Fiscal
2023,4,Administracion Central,Consejo De La Magistratura,Consejo De La Magistratura,Consejo De La Magistratura,Consejo De La Magistratura,"Justicia Penal, Contravencional Y De Faltas",Administración Gubernamental,Judicial,Gastos En Personal,Remuneraciones Al Personal,10575568631.0,15865413868.0,15864991947.0,97246611178.04,97244025025.06,Fiscal
2023,4,Administracion Central,Consejo De La Magistratura,Consejo De La Magistratura,Consejo De La Magistratura,Consejo De La Magistratura,Metodos Alternativos De Resolucion De Conflictos Y Justicia Vecinal,Administración Gubernamental,Judicial,Gastos En Personal,Remuneraciones Al Personal,696570113.0,1106504236.0,1106504233.0,6782286809.56,6782286791.17,Fiscal
2023,4,Administracion Central,Consejo De La Magistratura,Consejo De La Magistratura,Consejo De La Magistratura,Consejo De La Magistratura,Metodos Alternativos De Resolucion De Conflictos Y Justicia Vecinal,Administración Gubernamental,Judicial,Bienes De Consumo,Bienes De Consumo,2258085.0,1831353.0,1831353.0,11225227.06,11225227.06,Fiscal
2023,4,Administracion Central,Consejo De La Magistratura,Consejo De La Magistratura,Consejo De La Magistratura,Consejo De La Magistratura,Metodos Alternativos De Resolucion De Conflictos Y Justicia Vecinal,Administración Gubernamental,Judicial,Servicios No Personales,Servicios No Personales,53546633.0,39514472.0,39514472.0,242202852.47,242202852.47,Fiscal
2023,4,Administracion Central,Consejo De La Magistratura,Consejo De La Magistratura,Consejo De La Magistratura,Consejo De La Magistratura,Metodos Alternativos De Resolucion De Conflictos Y Justicia Vecinal,Administración Gubernamental,Judicial,Bienes De Uso,Maquinaria Y Equipo,236634885.0,0.0,0.0,0.0,0.0,Fiscal
2023,4,Administracion Central,Consejo De La Magistratura,Consejo De La Magistratura,Consejo De La Magistratura,Consejo De La Magistratura,Metodos Alternativos De Resolucion De Conflictos Y Justicia Vecinal,Administración Gubernamental,Judicial,Bienes De Uso,Activos Intangibles,7669146.0,834446.0,834446.0,5114713.45,5114713.45,Fiscal
2023,4,Administracion Central,Consejo De La Magistratura,Consejo De La Magistratura,Consejo De La Magistratura,Consejo De La Magistratura,Actividades Operativas Y Comunes Del Poder Judicial,Administración Gubernamental,Judicial,Gastos En Personal,Remuneraciones Al Personal,9763167529.0,15840612314.0,15839605177.0,97094590745.52,97088417527.4,Fiscal
2023,4,Administracion Central,Consejo De La Magistratura,Consejo De La Magistratura,Consejo De La Magistratura,Consejo De La Magistratura,Actividades Operativas Y Comunes Del Poder Judicial,Administración Gubernamental,Judicial,Bienes De Consumo,Bienes De Consumo,157076632.0,324925650.0,324925650.0,1991622696.4,1991622696.4,Fiscal
2023,4,Administracion Central,Consejo De La Magistratura,Consejo De La Magistratura,Consejo De La Magistratura,Consejo De La Magistratura,Actividades Operativas Y Comunes Del Poder Judicial,Administración Gubernamental,Judicial,Servicios No Personales,Servicios No Personales,5125412776.0,8930492174.0,8930492174.0,54739202349.15,54739202349.15,Fiscal
2023,4,Administracion Central,Consejo De La Magistratura,Consejo De La Magistratura,Consejo De La Magistratura,Consejo De La Magistratura,Actividades Operativas Y Comunes Del Poder Judicial,Administración Gubernamental,Judicial,Bienes De Uso,Maquinaria Y Equipo,377093318.0,12808393514.0,12808393514.0,78508690301.71,78508690301.71,Fiscal
2023,4,Administracion Central,Consejo De La Magistratura,Consejo De La Magistratura,Consejo De La Magistratura,Consejo De La Magistratura,Actividades Operativas Y Comunes Del Poder Judicial,Administración Gubernamental,Judicial,Bienes De Uso,Activos Intangibles,132133622.0,2301767242.0,2301767242.0,14108618020.78,14108618020.78,Fiscal
2023,4,Administracion Central,Consejo De La Magistratura,Consejo De La Magistratura,Consejo De La Magistratura,Consejo De La Magistratura,Centro De Justicia De La Mujer,Administración Gubernamental,Judicial,Gastos En Personal,Remuneraciones Al Personal,483802203.0,992771668.0,992771667.0,6085166210.59,6085166204.46,Fiscal
2023,4,Administracion Central,Consejo De La Magistratura,Consejo De La Magistratura,Consejo De La Magistratura,Consejo De La Magistratura,Centro De Justicia De La Mujer,Administración Gubernamental,Judicial,Bienes De Consumo,Bienes De Consumo,2415623.0,1911194.0,1911194.0,11714610.24,11714610.24,Fiscal
2023,4,Administracion Central,Consejo De La Magistratura,Consejo De La Magistratura,Consejo De La Magistratura,Consejo De La Magistratura,Centro De Justicia De La Mujer,Administración Gubernamental,Judicial,Servicios No Personales,Servicios No Personales,62859314.0,74242563.0,74242563.0,455067716.29,455067716.29,Fiscal
2023,4,Administracion Central,Consejo De La Magistratura,Consejo De La Magistratura,Consejo De La Magistratura,Consejo De La Magistratura,Centro De Justicia De La Mujer,Administración Gubernamental,Judicial,Bienes De Uso,Maquinaria Y Equipo,18167313.0,0.0,0.0,0.0,0.0,Fiscal
2023,4,Administracion Central,Consejo De La Magistratura,Consejo De La Magistratura,Consejo De La Magistratura,Consejo De La Magistratura,Centro De Justicia De La Mujer,Administración Gubernamental,Judicial,Bienes De Uso,Activos Intangibles,8204199.0,892097.0,892097.0,5468083.64,5468083.64,Fiscal
2023,4,Administracion Central,Consejo De La Magistratura,Consejo De La Magistratura,Consejo De La Magistratura,Consejo De La Magistratura,Centro De Justicia De La Mujer,Administración Gubernamental,Judicial,Transferencias,Al Sector Privado,10603250.0,0.0,0.0,0.0,0.0,Fiscal
2023,4,Administracion Central,Consejo De La Magistratura,Consejo De La Magistratura,Consejo De La Magistratura,Consejo De La Magistratura,Justicia Electoral,Administración Gubernamental,Judicial,Gastos En Personal,Remuneraciones Al Personal,208479049.0,536620578.0,536620575.0,3289200844.87,3289200826.49,Fiscal
2023,4,Administracion Central,Consejo De La Magistratura,Consejo De La Magistratura,Consejo De La Magistratura,Consejo De La Magistratura,Justicia Electoral,Administración Gubernamental,Judicial,Bienes De Consumo,Bienes De Consumo,0.0,500203.0,500203.0,3065980.32,3065980.32,Fiscal
2023,4,Administracion Central,Consejo De La Magistratura,Consejo De La Magistratura,Consejo De La Magistratura,Consejo De La Magistratura,Justicia Electoral,Administración Gubernamental,Judicial,Servicios No Personales,Servicios No Personales,118282190.0,372595221.0,372595221.0,2283812000.42,2283812000.42,Fiscal
2023,4,Administracion Central,Consejo De La Magistratura,Consejo De La Magistratura,Consejo De La Magistratura,Consejo De La Magistratura,Justicia Electoral,Administración Gubernamental,Judicial,Bienes De Uso,Maquinaria Y Equipo,0.0,19991936.0,19991936.0,122540013.33,122540013.33,Fiscal
2023,4,Administracion Central,Consejo De La Magistratura,Consejo De La Magistratura,Consejo De La Magistratura,Consejo De La Magistratura,Justicia Electoral,Administración Gubernamental,Judicial,Transferencias,Al Sector Privado,0.0,36680000.0,36680000.0,224829035.52,224829035.52,Fiscal
2023,4,Organismos Descentralizados,Sindicatura General De La Ciudad De Buenos Aires,Sindicatura General De La Ciudad De Buenos Aires,Sindicatura General De La Ciudad De Buenos Aires,Sindicatura General De La Ciudad De Buenos Aires,Control Interno Del Gobierno Central Y Organismos Descentralizados,Administración Gubernamental,Control De La Gestión,Gastos En Personal,Remuneraciones Al Personal,794743080.0,1493903864.0,1493903835.08,9156842009.2,9156841831.93,Fiscal
2023,4,Organismos Descentralizados,Sindicatura General De La Ciudad De Buenos Aires,Sindicatura General De La Ciudad De Buenos Aires,Sindicatura General De La Ciudad De Buenos Aires,Sindicatura General De La Ciudad De Buenos Aires,Control Interno Del Gobierno Central Y Organismos Descentralizados,Administración Gubernamental,Control De La Gestión,Bienes De Consumo,Bienes De Consumo,3204869.0,6208565.0,6201758.76,38055225.76,38013507.1,Fiscal
2023,4,Organismos Descentralizados,Sindicatura General De La Ciudad De Buenos Aires,Sindicatura General De La Ciudad De Buenos Aires,Sindicatura General De La Ciudad De Buenos Aires,Sindicatura General De La Ciudad De Buenos Aires,Control Interno Del Gobierno Central Y Organismos Descentralizados,Administración Gubernamental,Control De La Gestión,Servicios No Personales,Servicios No Personales,231207626.0,177605680.0,177523979.88,1088629054.98,1088128276.38,Fiscal
2023,4,Organismos Descentralizados,Sindicatura General De La Ciudad De Buenos Aires,Sindicatura General De La Ciudad De Buenos Aires,Sindicatura General De La Ciudad De Buenos Aires,Sindicatura General De La Ciudad De Buenos Aires,Control Interno Del Gobierno Central Y Organismos Descentralizados,Administración Gubernamental,Control De La Gestión,Bienes De Uso,Maquinaria Y Equipo,7291843.0,10809352.0,9875491.51,66255621.18,60531549.39,Fiscal
2023,4,Administracion Central,Procuracion General De La Ciudad,Procuracion General De La Ciudad,Procuracion General De La Ciudad,Procuracion General De La Ciudad,Actividades Centrales,Administración Gubernamental,Dirección Ejecutiva,Gastos En Personal,Remuneraciones Al Personal,1178890231.0,2328734668.0,2328734651.6,14273914105.23,14273914004.71,Fiscal
2023,4,Administracion Central,Procuracion General De La Ciudad,Procuracion General De La Ciudad,Procuracion General De La Ciudad,Procuracion General De La Ciudad,Actividades Centrales,Administración Gubernamental,Dirección Ejecutiva,Bienes De Consumo,Bienes De Consumo,31948933.0,47939181.0,47939168.05,293841870.98,293841791.61,Fiscal
2023,4,Administracion Central,Procuracion General De La Ciudad,Procuracion General De La Ciudad,Procuracion General De La Ciudad,Procuracion General De La Ciudad,Actividades Centrales,Administración Gubernamental,Dirección Ejecutiva,Servicios No Personales,Servicios No Personales,202965187.0,288580951.0,288518793.25,1768848879.0,1768467884.81,Fiscal
2023,4,Administracion Central,Procuracion General De La Ciudad,Procuracion General De La Ciudad,Procuracion General De La Ciudad,Procuracion General De La Ciudad,Actividades Centrales,Administración Gubernamental,Dirección Ejecutiva,Servicios No Personales,Impuestos Directos,86124.0,26861.0,26860.1,164643.75,164638.23,Fiscal
2023,4,Administracion Central,Procuracion General De La Ciudad,Procuracion General De La Ciudad,Procuracion General De La Ciudad,Procuracion General De La Ciudad,Actividades Centrales,Administración Gubernamental,Dirección Ejecutiva,Bienes De Uso,Maquinaria Y Equipo,7403098.0,16563883.0,16563882.0,101527858.21,101527852.08,Fiscal
2023,4,Administracion Central,Procuracion General De La Ciudad,Procuracion General De La Ciudad,Procuracion General De La Ciudad,Procuracion General De La Ciudad,Actividades Centrales,Administración Gubernamental,Control De La Gestión,Gastos En Personal,Remuneraciones Al Personal,77571175.0,138063257.0,138063252.03,846254877.63,846254847.17,Fiscal
2023,4,Administracion Central,Procuracion General De La Ciudad,Procuracion General De La Ciudad,Procuracion General De La Ciudad,Procuracion General De La Ciudad,Actividades Centrales,Administración Gubernamental,Control De La Gestión,Bienes De Consumo,Bienes De Consumo,516748.0,125680.0,125679.48,770352.05,770348.86,Fiscal
2023,4,Administracion Central,Procuracion General De La Ciudad,Procuracion General De La Ciudad,Procuracion General De La Ciudad,Procuracion General De La Ciudad,Actividades Centrales,Administración Gubernamental,Control De La Gestión,Servicios No Personales,Servicios No Personales,5287461.0,6110037.0,6110037.0,37451301.14,37451301.14,Fiscal
2023,4,Administracion Central,Procuracion General De La Ciudad,Procuracion General De La Ciudad,Procuracion General De La Ciudad,Procuracion General De La Ciudad,Actividades Centrales,Administración Gubernamental,Dirección Ejecutiva,Bienes De Uso,Construcciones Del Dominio Privado,39384498.0,48039209.0,48039208.4,294454989.82,294454986.14,Fiscal
2023,4,Administracion Central,Procuracion General De La Ciudad,Procuracion General De La Ciudad,Procuracion General De La Ciudad,Procuracion General De La Ciudad,Asuntos Fiscales Y Responsabilidad Estatal,Administración Gubernamental,Dirección Ejecutiva,Gastos En Personal,Remuneraciones Al Personal,1347868399.0,2506356809.0,2506356787.14,15362644057.45,15362643923.46,Fiscal
2023,4,Administracion Central,Procuracion General De La Ciudad,Procuracion General De La Ciudad,Procuracion General De La Ciudad,Procuracion General De La Ciudad,Asuntos Fiscales Y Responsabilidad Estatal,Administración Gubernamental,Dirección Ejecutiva,Bienes De Consumo,Bienes De Consumo,1550244.0,489724.0,489723.37,3001749.58,3001745.72,Fiscal
2023,4,Administracion Central,Procuracion General De La Ciudad,Procuracion General De La Ciudad,Procuracion General De La Ciudad,Procuracion General De La Ciudad,Asuntos Fiscales Y Responsabilidad Estatal,Administración Gubernamental,Dirección Ejecutiva,Servicios No Personales,Servicios No Personales,141899151.0,24744418.0,24744417.17,151670219.01,151670213.92,Fiscal
2023,4,Administracion Central,Procuracion General De La Ciudad,Procuracion General De La Ciudad,Procuracion General De La Ciudad,Procuracion General De La Ciudad,Asuntos Institucionales Y Empleo Publico,Administración Gubernamental,Dirección Ejecutiva,Gastos En Personal,Remuneraciones Al Personal,2015575022.0,3697183787.0,3697183762.07,22661784758.94,22661784606.13,Fiscal
2023,4,Administracion Central,Procuracion General De La Ciudad,Procuracion General De La Ciudad,Procuracion General De La Ciudad,Procuracion General De La Ciudad,Asuntos Institucionales Y Empleo Publico,Administración Gubernamental,Dirección Ejecutiva,Bienes De Consumo,Bienes De Consumo,2066992.0,309584.0,309582.61,1897586.48,1897577.96,Fiscal
2023,4,Administracion Central,Procuracion General De La Ciudad,Procuracion General De La Ciudad,Procuracion General De La Ciudad,Procuracion General De La Ciudad,Asuntos Institucionales Y Empleo Publico,Administración Gubernamental,Dirección Ejecutiva,Servicios No Personales,Servicios No Personales,49010026.0,52530052.0,52530050.68,321981486.55,321981478.46,Fiscal
2023,4,Administracion Central,Jefatura De Gobierno,Jefatura De Gobierno,Jefatura De Gobierno,Unidad De Analisis Prospectivo,Analisis Prospectivo,Administración Gubernamental,Dirección Ejecutiva,Gastos En Personal,Remuneraciones Al Personal,38162954.0,16920264.0,16920261.85,103712285.6,103712272.42,Fiscal
2023,4,Administracion Central,Jefatura De Gobierno,Jefatura De Gobierno,Jefatura De Gobierno,Unidad De Analisis Prospectivo,Analisis Prospectivo,Administración Gubernamental,Dirección Ejecutiva,Bienes De Consumo,Bienes De Consumo,73875.0,40900.0,40900.0,250695.41,250695.41,Fiscal
2023,4,Administracion Central,Jefatura De Gobierno,Jefatura De Gobierno,Jefatura De Gobierno,Unidad De Analisis Prospectivo,Analisis Prospectivo,Administración Gubernamental,Dirección Ejecutiva,Servicios No Personales,Servicios No Personales,134196657.0,117620525.0,117200928.99,720951722.81,718379820.79,Fiscal
2023,4,Administracion Central,Jefatura De Gobierno,Jefatura De Gobierno,Jefatura De Gobierno,Unidad De Analisis Prospectivo,Analisis Prospectivo,Administración Gubernamental,Dirección Ejecutiva,Bienes De Uso,Maquinaria Y Equipo,0.0,1664714.0,1664713.9,10203817.97,10203817.35,Fiscal
2023,4,Administracion Central,Jefatura De Gobierno,Jefatura De Gobierno,Jefatura De Gobierno,Unidad De Asuntos Públicos,Asuntos Publicos,Administración Gubernamental,Dirección Ejecutiva,Gastos En Personal,Remuneraciones Al Personal,0.0,192174606.0,192174588.26,1177928879.98,1177928771.24,Fiscal
2023,4,Administracion Central,Jefatura De Gobierno,Jefatura De Gobierno,Jefatura De Gobierno,Unidad De Asuntos Públicos,Asuntos Publicos,Administración Gubernamental,Dirección Ejecutiva,Bienes De Consumo,Bienes De Consumo,0.0,744533.0,744530.47,4563594.23,4563578.72,Fiscal
2023,4,Administracion Central,Jefatura De Gobierno,Jefatura De Gobierno,Jefatura De Gobierno,Unidad De Asuntos Públicos,Asuntos Publicos,Administración Gubernamental,Dirección Ejecutiva,Servicios No Personales,Servicios No Personales,0.0,153267998.0,152225498.0,939451912.92,933061938.29,Fiscal
2023,4,Administracion Central,Jefatura De Gobierno,Jefatura De Gobierno,Jefatura De Gobierno,Unidad De Asuntos Públicos,Asuntos Publicos,Administración Gubernamental,Dirección Ejecutiva,Bienes De Uso,Maquinaria Y Equipo,0.0,1174620.0,1174619.48,7199800.48,7199797.3,Fiscal
2023,4,Administracion Central,Jefatura De Gobierno,Jefatura De Gobierno,Jefatura De Gobierno,Jefe De Gobierno,Conduccion Superior,Administración Gubernamental,Dirección Ejecutiva,Gastos En Personal,Remuneraciones Al Personal,295708644.0,507215230.0,507215214.87,3108961585.61,3108961492.87,Fiscal
2023,4,Administracion Central,Jefatura De Gobierno,Jefatura De Gobierno,Jefatura De Gobierno,Jefe De Gobierno,Conduccion Superior,Administración Gubernamental,Dirección Ejecutiva,Bienes De Consumo,Bienes De Consumo,2282810.0,3485114.0,3485112.22,21361908.92,21361898.01,Fiscal
2023,4,Administracion Central,Jefatura De Gobierno,Jefatura De Gobierno,Jefatura De Gobierno,Jefe De Gobierno,Conduccion Superior,Administración Gubernamental,Dirección Ejecutiva,Servicios No Personales,Servicios No Personales,59760032.0,95799314.0,93099057.08,587199219.46,570648070.09,Fiscal
2023,4,Administracion Central,Jefatura De Gobierno,Jefatura De Gobierno,Jefatura De Gobierno,Jefe De Gobierno,Conduccion Superior,Administración Gubernamental,Dirección Ejecutiva,Bienes De Uso,Maquinaria Y Equipo,1905792.0,1640140.0,1640139.36,10053192.32,10053188.4,Fiscal
2023,4,Administracion Central,Jefatura De Gobierno,Jefatura De Gobierno,Jefatura De Gobierno,Unidad Para La Igualdad De Genero,Igualdad De Genero,Servicios Sociales,Promoción Y Acción Social,Gastos En Personal,Remuneraciones Al Personal,93915884.0,0.0,0.0,0.0,0.0,Fiscal
2023,4,Administracion Central,Jefatura De Gobierno,Jefatura De Gobierno,Jefatura De Gobierno,Unidad Para La Igualdad De Genero,Igualdad De Genero,Servicios Sociales,Promoción Y Acción Social,Bienes De Consumo,Bienes De Consumo,3454826.0,64630.0,64630.0,396147.78,396147.78,Fiscal
2023,4,Administracion Central,Jefatura De Gobierno,Jefatura De Gobierno,Jefatura De Gobierno,Unidad Para La Igualdad De Genero,Igualdad De Genero,Servicios Sociales,Promoción Y Acción Social,Servicios No Personales,Servicios No Personales,91448716.0,1325772.0,1325771.5,8126282.44,8126279.38,Fiscal
2023,4,Administracion Central,Jefatura De Gobierno,Jefatura De Gobierno,Jefatura De Gobierno,Unidad Para La Igualdad De Genero,Igualdad De Genero,Servicios Sociales,Promoción Y Acción Social,Bienes De Uso,Maquinaria Y Equipo,3425842.0,0.0,0.0,0.0,0.0,Fiscal
2023,4,Administracion Central,Jefatura De Gobierno,Vicejefatura De Gobierno,Vicejefatura De Gobierno,Subsecretaria De Desarrollo Ciudadano,Actividades Comunes,Servicios Sociales,Promoción Y Acción Social,Gastos En Personal,Remuneraciones Al Personal,0.0,77989817.0,77989810.85,478036405.02,478036367.33,Fiscal
2023,4,Administracion Central,Jefatura De Gobierno,Vicejefatura De Gobierno,Vicejefatura De Gobierno,Subsecretaria De Desarrollo Ciudadano,Actividades Comunes,Servicios Sociales,Promoción Y Acción Social,Bienes De Consumo,Bienes De Consumo,0.0,3937509.0,3937506.59,24134851.44,24134836.67,Fiscal
2023,4,Administracion Central,Jefatura De Gobierno,Vicejefatura De Gobierno,Vicejefatura De Gobierno,Subsecretaria De Desarrollo Ciudadano,Actividades Comunes,Servicios Sociales,Promoción Y Acción Social,Servicios No Personales,Servicios No Personales,0.0,644165379.0,644165377.57,3948393698.84,3948393690.08,Fiscal
2023,4,Administracion Central,Jefatura De Gobierno,Vicejefatura De Gobierno,Vicejefatura De Gobierno,Subsecretaria De Desarrollo Ciudadano,Actividades Comunes,Servicios Sociales,Promoción Y Acción Social,Transferencias,Al Sector Privado,0.0,15000000.0,15000000.0,91942081.05,91942081.05,Fiscal
2023,4,Administracion Central,Jefatura De Gobierno,Vicejefatura De Gobierno,Vicejefatura De Gobierno,Secretaria De Desarrollo Ciudadano,Actividades Comunes,Servicios Sociales,Promoción Y Acción Social,Gastos En Personal,Remuneraciones Al Personal,64769636.0,0.0,0.0,0.0,0.0,Fiscal
2023,4,Administracion Central,Jefatura De Gobierno,Vicejefatura De Gobierno,Vicejefatura De Gobierno,Secretaria De Desarrollo Ciudadano,Actividades Comunes,Servicios Sociales,Promoción Y Acción Social,Bienes De Consumo,Bienes De Consumo,913016.0,0.0,0.0,0.0,0.0,Fiscal
2023,4,Administracion Central,Jefatura De Gobierno,Vicejefatura De Gobierno,Vicejefatura De Gobierno,Secretaria De Desarrollo Ciudadano,Actividades Comunes,Servicios Sociales,Promoción Y Acción Social,Servicios No Personales,Servicios No Personales,264436169.0,0.0,0.0,0.0,0.0,Fiscal
2023,4,Administracion Central,Jefatura De Gobierno,Vicejefatura De Gobierno,Vicejefatura De Gobierno,Secretaria De Desarrollo Ciudadano,Actividades Comunes,Servicios Sociales,Promoción Y Acción Social,Transferencias,Al Sector Privado,15000000.0,0.0,0.0,0.0,0.0,Fiscal
2023,4,Administracion Central,Jefatura De Gobierno,Vicejefatura De Gobierno,Vicejefatura De Gobierno,Secretaria De Desarrollo Ciudadano,Acciones De Desarrollo Ciudadano,Servicios Sociales,Promoción Y Acción Social,Gastos En Personal,Remuneraciones Al Personal,87121272.0,0.0,0.0,0.0,0.0,Fiscal
2023,4,Administracion Central,Jefatura De Gobierno,Vicejefatura De Gobierno,Vicejefatura De Gobierno,Secretaria De Desarrollo Ciudadano,Acciones De Desarrollo Ciudadano,Servicios Sociales,Promoción Y Acción Social,Bienes De Consumo,Bienes De Consumo,877899.0,0.0,0.0,0.0,0.0,Fiscal
2023,4,Administracion Central,Jefatura De Gobierno,Vicejefatura De Gobierno,Vicejefatura De Gobierno,Secretaria De Desarrollo Ciudadano,Acciones De Desarrollo Ciudadano,Servicios Sociales,Promoción Y Acción Social,Servicios No Personales,Servicios No Personales,144757560.0,0.0,0.0,0.0,0.0,Fiscal
2023,4,Administracion Central,Jefatura De Gobierno,Vicejefatura De Gobierno,Vicejefatura De Gobierno,Secretaria De Desarrollo Ciudadano,Acciones De Desarrollo Ciudadano,Servicios Sociales,Promoción Y Acción Social,Bienes De Uso,Maquinaria Y Equipo,1256599.0,0.0,0.0,0.0,0.0,Fiscal
2023,4,Administracion Central,Jefatura De Gobierno,Vicejefatura De Gobierno,Vicejefatura De Gobierno,Subs.Derechos Humanos Y Pluralismo Cultural,Actividades Comunes,Servicios Sociales,Promoción Y Acción Social,Gastos En Personal,Remuneraciones Al Personal,96830329.0,165645512.0,165645501.85,1015319539.27,1015319477.06,Fiscal
2023,4,Administracion Central,Jefatura De Gobierno,Vicejefatura De Gobierno,Vicejefatura De Gobierno,Subs.Derechos Humanos Y Pluralismo Cultural,Actividades Comunes,Servicios Sociales,Promoción Y Acción Social,Servicios No Personales,Servicios No Personales,51521409.0,66990548.0,66606464.95,410616692.9,408262466.57,Fiscal
2023,4,Administracion Central,Jefatura De Gobierno,Vicejefatura De Gobierno,Vicejefatura De Gobierno,Subs.Derechos Humanos Y Pluralismo Cultural,Actividades Comunes,Servicios Sociales,Promoción Y Acción Social,Bienes De Consumo,Bienes De Consumo,725113.0,1002696.0,900328.22,6145997.13,5518536.68,Fiscal
2023,4,Administracion Central,Jefatura De Gobierno,Vicejefatura De Gobierno,Vicejefatura De Gobierno,Subs.Derechos Humanos Y Pluralismo Cultural,Actividades Comunes,Servicios Sociales,Promoción Y Acción Social,Bienes De Uso,Maquinaria Y Equipo,49916.0,0.0,0.0,0.0,0.0,Fiscal
2023,4,Administracion Central,Jefatura De Gobierno,Vicejefatura De Gobierno,Vicejefatura De Gobierno,Subs.Derechos Humanos Y Pluralismo Cultural,Actividades Comunes,Servicios Sociales,Promoción Y Acción Social,Transferencias,Al Sector Privado,13471891.0,11597094.0,11597094.0,71084063.76,71084063.76,Fiscal
2023,4,Administracion Central,Jefatura De Gobierno,Vicejefatura De Gobierno,Vicejefatura De Gobierno,Subs.Derechos Humanos Y Pluralismo Cultural,Ente Publico Espacio Para La Memoria,Servicios Sociales,Promoción Y Acción Social,Bienes De Consumo,Bienes De Consumo,30129.0,0.0,0.0,0.0,0.0,Fiscal
2023,4,Administracion Central,Jefatura De Gobierno,Vicejefatura De Gobierno,Vicejefatura De Gobierno,Subs.Derechos Humanos Y Pluralismo Cultural,Ente Publico Espacio Para La Memoria,Servicios Sociales,Promoción Y Acción Social,Servicios No Personales,Servicios No Personales,30129.0,0.0,0.0,0.0,0.0,Fiscal
2023,4,Administracion Central,Jefatura De Gobierno,Vicejefatura De Gobierno,Vicejefatura De Gobierno,Subs.Derechos Humanos Y Pluralismo Cultural,Ente Publico Espacio Para La Memoria,Servicios Sociales,Promoción Y Acción Social,Transferencias,Al Sector Privado,63780103.0,63780103.0,63780103.0,390938359.94,390938359.94,Fiscal
2023,4,Administracion Central,Jefatura De Gobierno,Vicejefatura De Gobierno,Vicejefatura De Gobierno,Subs.Derechos Humanos Y Pluralismo Cultural,Programa Integral De Promocion De Los Derechos Lgbtiq,Servicios Sociales,Promoción Y Acción Social,Bienes De Consumo,Bienes De Consumo,522243.0,2573605.0,2573603.07,15774839.97,15774828.14,Fiscal
2023,4,Administracion Central,Jefatura De Gobierno,Vicejefatura De Gobierno,Vicejefatura De Gobierno,Subs.Derechos Humanos Y Pluralismo Cultural,Programa Integral De Promocion De Los Derechos Lgbtiq,Servicios Sociales,Promoción Y Acción Social,Servicios No Personales,Servicios No Personales,4992936.0,109516864.0,109516858.42,671280559.05,671280524.85,Fiscal
2023,4,Administracion Central,Jefatura De Gobierno,Vicejefatura De Gobierno,Vicejefatura De Gobierno,Subs.Derechos Humanos Y Pluralismo Cultural,Programa Integral De Promocion De Los Derechos Lgbtiq,Servicios Sociales,Promoción Y Acción Social,Transferencias,Al Sector Privado,10961057.0,10221379.0,10221379.0,62651657.09,62651657.09,Fiscal
2023,4,Administracion Central,Jefatura De Gobierno,Vicejefatura De Gobierno,Vicejefatura De Gobierno,Subs.Derechos Humanos Y Pluralismo Cultural,Buenos Aires Convive,Servicios Sociales,Promoción Y Acción Social,Gastos En Personal,Remuneraciones Al Personal,45520161.0,77272975.0,77272965.29,473642542.0,473642482.49,Fiscal
2023,4,Administracion Central,Jefatura De Gobierno,Vicejefatura De Gobierno,Vicejefatura De Gobierno,Subs.Derechos Humanos Y Pluralismo Cultural,Buenos Aires Convive,Servicios Sociales,Promoción Y Acción Social,Bienes De Consumo,Bienes De Consumo,763278.0,89079.0,59078.23,546007.24,362118.36,Fiscal
2023,4,Administracion Central,Jefatura De Gobierno,Vicejefatura De Gobierno,Vicejefatura De Gobierno,Subs.Derechos Humanos Y Pluralismo Cultural,Buenos Aires Convive,Servicios Sociales,Promoción Y Acción Social,Servicios No Personales,Servicios No Personales,22540938.0,23899081.0,23799077.61,146488749.48,145875781.49,Fiscal
2023,4,Administracion Central,Jefatura De Gobierno,Vicejefatura De Gobierno,Vicejefatura De Gobierno,Subs.Derechos Humanos Y Pluralismo Cultural,Fortalecimiento De La Diversidad Cultural,Servicios Sociales,Cultura,Gastos En Personal,Remuneraciones Al Personal,48924278.0,74020754.0,74020743.86,453708144.22,453708082.07,Fiscal
2023,4,Administracion Central,Jefatura De Gobierno,Vicejefatura De Gobierno,Vicejefatura De Gobierno,Subs.Derechos Humanos Y Pluralismo Cultural,Fortalecimiento De La Diversidad Cultural,Servicios Sociales,Cultura,Bienes De Consumo,Bienes De Consumo,1770313.0,590314.0,460310.52,3618313.18,2821460.48,Fiscal
2023,4,Administracion Central,Jefatura De Gobierno,Vicejefatura De Gobierno,Vicejefatura De Gobierno,Subs.Derechos Humanos Y Pluralismo Cultural,Fortalecimiento De La Diversidad Cultural,Servicios Sociales,Cultura,Servicios No Personales,Servicios No Personales,150312151.0,343001862.0,343001851.68,2102420332.98,2102420269.73,Fiscal
2023,4,Administracion Central,Jefatura De Gobierno,Vicejefatura De Gobierno,Vicejefatura De Gobierno,Consejo De Gestion Del Parque De La Memoria,Gestion Del Parque De La Memoria Y Del Monumento A Las Victimas Del Terrorismo De Estado,Servicios Sociales,Cultura,Gastos En Personal,Remuneraciones Al Personal,56073068.0,83284840.0,83284828.49,510492100.61,510492030.06,Fiscal
2023,4,Administracion Central,Jefatura De Gobierno,Vicejefatura De Gobierno,Vicejefatura De Gobierno,Consejo De Gestion Del Parque De La Memoria,Gestion Del Parque De La Memoria Y Del Monumento A Las Victimas Del Terrorismo De Estado,Servicios Sociales,Cultura,Servicios No Personales,Servicios No Personales,111907236.0,61090327.0,60941949.51,374451453.07,373541977.39,Fiscal
2023,4,Administracion Central,Jefatura De Gobierno,Vicejefatura De Gobierno,Vicejefatura De Gobierno,Consejo De Gestion Del Parque De La Memoria,Gestion Del Parque De La Memoria Y Del Monumento A Las Victimas Del Terrorismo De Estado,Servicios Sociales,Cultura,Bienes De Consumo,Bienes De Consumo,13706162.0,15780101.0,15688094.13,96723688.34,96159734.8,Fiscal
2023,4,Administracion Central,Jefatura De Gobierno,Vicejefatura De Gobierno,Vicejefatura De Gobierno,Consejo De Gestion Del Parque De La Memoria,Gestion Del Parque De La Memoria Y Del Monumento A Las Victimas Del Terrorismo De Estado,Servicios Sociales,Cultura,Bienes De Uso,Maquinaria Y Equipo,44828.0,0.0,0.0,0.0,0.0,Fiscal
2023,4,Administracion Central,Jefatura De Gobierno,Vicejefatura De Gobierno,Vicejefatura De Gobierno,Vicejefatura De Gobierno,Actividades Centrales,Administración Gubernamental,Dirección Ejecutiva,Gastos En Personal,Remuneraciones Al Personal,119399018.0,226920582.0,226920570.71,1390903369.41,1390903300.21,Fiscal
2023,4,Administracion Central,Jefatura De Gobierno,Vicejefatura De Gobierno,Vicejefatura De Gobierno,Vicejefatura De Gobierno,Actividades Centrales,Administración Gubernamental,Dirección Ejecutiva,Bienes De Consumo,Bienes De Consumo,4187927.0,3227823.0,3227822.27,19784850.92,19784846.45,Fiscal
2023,4,Administracion Central,Jefatura De Gobierno,Vicejefatura De Gobierno,Vicejefatura De Gobierno,Vicejefatura De Gobierno,Actividades Centrales,Administración Gubernamental,Dirección Ejecutiva,Servicios No Personales,Servicios No Personales,589351415.0,1318036868.0,1317866819.15,8078870169.23,8077827859.56,Fiscal
2023,4,Administracion Central,Jefatura De Gobierno,Vicejefatura De Gobierno,Vicejefatura De Gobierno,Vicejefatura De Gobierno,Actividades Centrales,Administración Gubernamental,Dirección Ejecutiva,Bienes De Uso,Maquinaria Y Equipo,1835940.0,154609.0,154607.27,947671.55,947660.94,Fiscal
2023,4,Administracion Central,Jefatura De Gobierno,Vicejefatura De Gobierno,Vicejefatura De Gobierno,Vicejefatura De Gobierno,"Asistencia Tecnica, Administrativa Y Legal Vicejefatura De Gobierno",Servicios Sociales,Promoción Y Acción Social,Gastos En Personal,Remuneraciones Al Personal,0.0,152678273.0,152678264.81,935837210.0,935837159.8,Fiscal
2023,4,Administracion Central,Jefatura De Gobierno,Vicejefatura De Gobierno,Vicejefatura De Gobierno,Vicejefatura De Gobierno,"Asistencia Tecnica, Administrativa Y Legal Vicejefatura De Gobierno",Servicios Sociales,Promoción Y Acción Social,Bienes De Consumo,Bienes De Consumo,0.0,426790.0,317785.93,2615997.38,1947859.98,Fiscal
2023,4,Administracion Central,Jefatura De Gobierno,Vicejefatura De Gobierno,Vicejefatura De Gobierno,Vicejefatura De Gobierno,"Asistencia Tecnica, Administrativa Y Legal Vicejefatura De Gobierno",Servicios Sociales,Promoción Y Acción Social,Servicios No Personales,Servicios No Personales,0.0,268395202.0,268375199.76,1645120894.3,1644998291.13,Fiscal
2023,4,Administracion Central,Jefatura De Gobierno,Vicejefatura De Gobierno,Vicejefatura De Gobierno,Vicejefatura De Gobierno,"Asistencia Tecnica, Administrativa Y Legal Vicejefatura De Gobierno",Servicios Sociales,Promoción Y Acción Social,Bienes De Uso,Maquinaria Y Equipo,0.0,1000.0,0.0,6129.47,0.0,Fiscal
2023,4,Administracion Central,Jefatura De Gobierno,Vicejefatura De Gobierno,Vicejefatura De Gobierno,Direccion General De Desarrollo Familiar,Politicas De Desarrollo Familiar,Servicios Sociales,Promoción Y Acción Social,Gastos En Personal,Remuneraciones Al Personal,29699684.0,44291899.0,44291893.57,271485957.83,271485924.55,Fiscal
2023,4,Administracion Central,Jefatura De Gobierno,Vicejefatura De Gobierno,Vicejefatura De Gobierno,Direccion General De Desarrollo Familiar,Politicas De Desarrollo Familiar,Servicios Sociales,Promoción Y Acción Social,Servicios No Personales,Servicios No Personales,41684228.0,50717041.0,50607041.0,310868686.27,310194444.34,Fiscal
2023,4,Administracion Central,Jefatura De Gobierno,Vicejefatura De Gobierno,Vicejefatura De Gobierno,Direccion General De Desarrollo Familiar,Politicas De Desarrollo Familiar,Servicios Sociales,Promoción Y Acción Social,Bienes De Consumo,Bienes De Consumo,446918.0,442399.0,442395.61,2711672.31,2711651.54,Fiscal
2023,4,Administracion Central,Jefatura De Gobierno,Vicejefatura De Gobierno,Vicejefatura De Gobierno,Direccion General De Desarrollo Familiar,Politicas De Desarrollo Familiar,Servicios Sociales,Promoción Y Acción Social,Bienes De Uso,Maquinaria Y Equipo,44827.0,40776.0,20776.0,249935.35,127345.91,Fiscal
2023,4,Administracion Central,Jefatura De Gobierno,Sec.Gral. Y Relaciones Internacionales,Sec.Gral. Y Relaciones Internacionales,Unidad De Coordinacion Del Plan Estrategico,Planes Estrategicos De La Ciudad De Buenos Aires,Administración Gubernamental,Dirección Ejecutiva,Gastos En Personal,Remuneraciones Al Personal,76005222.0,91235443.0,91235436.28,559225099.63,559225058.44,Fiscal
2023,4,Administracion Central,Jefatura De Gobierno,Sec.Gral. Y Relaciones Internacionales,Sec.Gral. Y Relaciones Internacionales,Unidad De Coordinacion Del Plan Estrategico,Planes Estrategicos De La Ciudad De Buenos Aires,Administración Gubernamental,Dirección Ejecutiva,Bienes De Consumo,Bienes De Consumo,724408.0,746447.0,698504.23,4575326.04,4281462.17,Fiscal
2023,4,Administracion Central,Jefatura De Gobierno,Sec.Gral. Y Relaciones Internacionales,Sec.Gral. Y Relaciones Internacionales,Unidad De Coordinacion Del Plan Estrategico,Planes Estrategicos De La Ciudad De Buenos Aires,Administración Gubernamental,Dirección Ejecutiva,Servicios No Personales,Servicios No Personales,30264725.0,73052673.0,73052669.31,447774318.77,447774296.15,Fiscal
2023,4,Administracion Central,Jefatura De Gobierno,Sec.Gral. Y Relaciones Internacionales,Sec.Gral. Y Relaciones Internacionales,Unidad De Formación En Estrategias Urbanas Y Redes De Ciudades,Estrategias Urbanas Y Redes De Ciudades,Administración Gubernamental,Dirección Ejecutiva,Gastos En Personal,Remuneraciones Al Personal,16968759.0,96041971.0,96041960.23,588686578.76,588686512.75,Fiscal
2023,4,Administracion Central,Jefatura De Gobierno,Sec.Gral. Y Relaciones Internacionales,Sec.Gral. Y Relaciones Internacionales,Unidad De Formación En Estrategias Urbanas Y Redes De Ciudades,Estrategias Urbanas Y Redes De Ciudades,Administración Gubernamental,Dirección Ejecutiva,Bienes De Consumo,Bienes De Consumo,595939.0,97000.0,47000.0,594558.79,288085.19,Fiscal
2023,4,Administracion Central,Jefatura De Gobierno,Sec.Gral. Y Relaciones Internacionales,Sec.Gral. Y Relaciones Internacionales,Unidad De Formación En Estrategias Urbanas Y Redes De Ciudades,Estrategias Urbanas Y Redes De Ciudades,Administración Gubernamental,Dirección Ejecutiva,Servicios No Personales,Servicios No Personales,63911165.0,97580197.0,97476295.55,598115092.07,597478231.03,Fiscal
2023,4,Administracion Central,Jefatura De Gobierno,Sec.Gral. Y Relaciones Internacionales,Sec.Gral. Y Relaciones Internacionales,Unidad De Formación En Estrategias Urbanas Y Redes De Ciudades,Estrategias Urbanas Y Redes De Ciudades,Administración Gubernamental,Dirección Ejecutiva,Transferencias,Al Sector Público,21679652.0,21625000.0,21625000.0,132549833.51,132549833.51,Fiscal
2023,4,Administracion Central,Jefatura De Gobierno,Sec.Gral. Y Relaciones Internacionales,Sec.Gral. Y Relaciones Internacionales,Unidad De Formación En Estrategias Urbanas Y Redes De Ciudades,Estrategias Urbanas Y Redes De Ciudades,Administración Gubernamental,Dirección Ejecutiva,Transferencias,Al Sector Externo,1277453.0,1036083.0,1036082.88,6350641.81,6350641.07,Fiscal
2023,4,Administracion Central,Jefatura De Gobierno,Sec.Gral. Y Relaciones Internacionales,Sec.Gral. Y Relaciones Internacionales,Dirección General Relacionamiento Internacional,Relacionamiento Internacional,Administración Gubernamental,Dirección Ejecutiva,Gastos En Personal,Remuneraciones Al Personal,12847499.0,40283192.0,40283184.77,246914700.24,246914655.93,Fiscal
2023,4,Administracion Central,Jefatura De Gobierno,Sec.Gral. Y Relaciones Internacionales,Sec.Gral. Y Relaciones Internacionales,Dirección General Relacionamiento Internacional,Relacionamiento Internacional,Administración Gubernamental,Dirección Ejecutiva,Bienes De Consumo,Bienes De Consumo,255640.0,249780.0,249778.97,1531019.53,1531013.22,Fiscal
2023,4,Administracion Central,Jefatura De Gobierno,Sec.Gral. Y Relaciones Internacionales,Sec.Gral. Y Relaciones Internacionales,Dirección General Relacionamiento Internacional,Relacionamiento Internacional,Administración Gubernamental,Dirección Ejecutiva,Servicios No Personales,Servicios No Personales,423432.0,73015421.0,73015418.39,447545983.68,447545967.68,Fiscal
2023,4,Administracion Central,Jefatura De Gobierno,Sec.Gral. Y Relaciones Internacionales,Sec.Gral. Y Relaciones Internacionales,Subsecretaría De Promoción Y Desarrollo Universitario,Actividades Comunes,Administración Gubernamental,Dirección Ejecutiva,Gastos En Personal,Remuneraciones Al Personal,31759205.0,53598028.0,53598025.11,328527615.62,328527597.9,Fiscal
2023,4,Administracion Central,Jefatura De Gobierno,Sec.Gral. Y Relaciones Internacionales,Sec.Gral. Y Relaciones Internacionales,Subsecretaría De Promoción Y Desarrollo Universitario,Actividades Comunes,Administración Gubernamental,Dirección Ejecutiva,Servicios No Personales,Servicios No Personales,6833084.0,77079929.0,77079929.0,472459271.94,472459271.94,Fiscal
2023,4,Administracion Central,Jefatura De Gobierno,Sec.Gral. Y Relaciones Internacionales,Sec.Gral. Y Relaciones Internacionales,Subsecretaría De Promoción Y Desarrollo Universitario,Actividades Comunes,Administración Gubernamental,Dirección Ejecutiva,Bienes De Consumo,Bienes De Consumo,287150.0,0.0,0.0,0.0,0.0,Fiscal
2023,4,Administracion Central,Jefatura De Gobierno,Sec.Gral. Y Relaciones Internacionales,Sec.Gral. Y Relaciones Internacionales,Dirección General Vinculación Universitaria,Vinculacion Universitaria,Administración Gubernamental,Dirección Ejecutiva,Gastos En Personal,Remuneraciones Al Personal,23379613.0,57200780.0,57200772.64,350610583.37,350610538.26,Fiscal
2023,4,Administracion Central,Jefatura De Gobierno,Sec.Gral. Y Relaciones Internacionales,Sec.Gral. Y Relaciones Internacionales,Dirección General Vinculación Universitaria,Vinculacion Universitaria,Administración Gubernamental,Dirección Ejecutiva,Servicios No Personales,Servicios No Personales,930178.0,2884241.0,2884239.0,17678874.65,17678862.39,Fiscal
2023,4,Administracion Central,Jefatura De Gobierno,Sec.Gral. Y Relaciones Internacionales,Sec.Gral. Y Relaciones Internacionales,Dirección General Vinculación Universitaria,Vinculacion Universitaria,Administración Gubernamental,Dirección Ejecutiva,Bienes De Consumo,Bienes De Consumo,287150.0,5.0,0.0,30.65,0.0,Fiscal
2023,4,Administracion Central,Jefatura De Gobierno,Sec.Gral. Y Relaciones Internacionales,Sec.Gral. Y Relaciones Internacionales,Dirección General Desarrollo Universitario,Desarrollo Universitario,Administración Gubernamental,Dirección Ejecutiva,Gastos En Personal,Remuneraciones Al Personal,32813250.0,57145975.0,57145967.49,350274657.66,350274611.63,Fiscal
2023,4,Administracion Central,Jefatura De Gobierno,Sec.Gral. Y Relaciones Internacionales,Sec.Gral. Y Relaciones Internacionales,Dirección General Desarrollo Universitario,Desarrollo Universitario,Administración Gubernamental,Dirección Ejecutiva,Servicios No Personales,Servicios No Personales,930178.0,4972875.0,4972875.0,30481098.42,30481098.42,Fiscal
2023,4,Administracion Central,Jefatura De Gobierno,Sec.Gral. Y Relaciones Internacionales,Sec.Gral. Y Relaciones Internacionales,Dirección General Desarrollo Universitario,Desarrollo Universitario,Administración Gubernamental,Dirección Ejecutiva,Bienes De Consumo,Bienes De Consumo,287150.0,0.0,0.0,0.0,0.0,Fiscal
2023,4,Administracion Central,Jefatura De Gobierno,Sec.Gral. Y Relaciones Internacionales,Sec.Gral. Y Relaciones Internacionales,Direccion General Calidad Institucional Y Gobierno Abierto,Planificacion De La Calidad Institucional,Administración Gubernamental,Dirección Ejecutiva,Gastos En Personal,Remuneraciones Al Personal,33329375.0,50472359.0,50472351.73,309368914.78,309368870.22,Fiscal
2023,4,Administracion Central,Jefatura De Gobierno,Sec.Gral. Y Relaciones Internacionales,Sec.Gral. Y Relaciones Internacionales,Direccion General Calidad Institucional Y Gobierno Abierto,Planificacion De La Calidad Institucional,Administración Gubernamental,Dirección Ejecutiva,Bienes De Consumo,Bienes De Consumo,477322.0,166306.0,116304.43,1019367.98,712884.76,Fiscal
2023,4,Administracion Central,Jefatura De Gobierno,Sec.Gral. Y Relaciones Internacionales,Sec.Gral. Y Relaciones Internacionales,Direccion General Calidad Institucional Y Gobierno Abierto,Planificacion De La Calidad Institucional,Administración Gubernamental,Dirección Ejecutiva,Servicios No Personales,Servicios No Personales,12962024.0,23479244.0,23399243.8,143915370.32,143425011.32,Fiscal
2023,4,Administracion Central,Jefatura De Gobierno,Sec.Gral. Y Relaciones Internacionales,Sec.Gral. Y Relaciones Internacionales,Direccion General Relaciones Internacionales Y Cooperacion,Coordinacion De Relaciones Internacionales Y Cooperacion,Administración Gubernamental,Dirección Ejecutiva,Gastos En Personal,Remuneraciones Al Personal,39866641.0,73972689.0,73972681.48,453413531.15,453413485.05,Fiscal
2023,4,Administracion Central,Jefatura De Gobierno,Sec.Gral. Y Relaciones Internacionales,Sec.Gral. Y Relaciones Internacionales,Direccion General Relaciones Internacionales Y Cooperacion,Coordinacion De Relaciones Internacionales Y Cooperacion,Administración Gubernamental,Dirección Ejecutiva,Bienes De Consumo,Bienes De Consumo,380741.0,352360.0,352355.8,2159780.78,2159755.03,Fiscal
2023,4,Administracion Central,Jefatura De Gobierno,Sec.Gral. Y Relaciones Internacionales,Sec.Gral. Y Relaciones Internacionales,Direccion General Relaciones Internacionales Y Cooperacion,Coordinacion De Relaciones Internacionales Y Cooperacion,Administración Gubernamental,Dirección Ejecutiva,Servicios No Personales,Servicios No Personales,28693542.0,26761247.0,26557438.21,164032316.04,162783075.75,Fiscal
2023,4,Administracion Central,Jefatura De Gobierno,Sec.Gral. Y Relaciones Internacionales,Sec.Gral. Y Relaciones Internacionales,Direccion General Relaciones Internacionales Y Cooperacion,Coordinacion De Relaciones Internacionales Y Cooperacion,Administración Gubernamental,Dirección Ejecutiva,Transferencias,Al Sector Externo,8413159.0,5121598.0,5121598.0,31392691.89,31392691.89,Fiscal
2023,4,Administracion Central,Jefatura De Gobierno,Sec.Gral. Y Relaciones Internacionales,Sec.Gral. Y Relaciones Internacionales,Subsecretaria De Relaciones Internacionales,Actividades Comunes,Administración Gubernamental,Dirección Ejecutiva,Gastos En Personal,Remuneraciones Al Personal,58649789.0,103864631.0,103864619.93,636635354.74,636635286.89,Fiscal
2023,4,Administracion Central,Jefatura De Gobierno,Sec.Gral. Y Relaciones Internacionales,Sec.Gral. Y Relaciones Internacionales,Subsecretaria De Relaciones Internacionales,Actividades Comunes,Administración Gubernamental,Dirección Ejecutiva,Bienes De Consumo,Bienes De Consumo,736243.0,193720.0,193719.52,1187401.33,1187398.39,Fiscal
2023,4,Administracion Central,Jefatura De Gobierno,Sec.Gral. Y Relaciones Internacionales,Sec.Gral. Y Relaciones Internacionales,Subsecretaria De Relaciones Internacionales,Actividades Comunes,Administración Gubernamental,Dirección Ejecutiva,Servicios No Personales,Servicios No Personales,150616512.0,270034973.0,270034969.83,1655171824.84,1655171805.41,Fiscal
2023,4,Administracion Central,Jefatura De Gobierno,Sec.Gral. Y Relaciones Internacionales,Sec.Gral. Y Relaciones Internacionales,Direccion General Proyeccion Internacional,Proyeccion Internacional,Administración Gubernamental,Dirección Ejecutiva,Gastos En Personal,Remuneraciones Al Personal,33329375.0,55225442.0,55225434.81,338502804.28,338502760.2,Fiscal
2023,4,Administracion Central,Jefatura De Gobierno,Sec.Gral. Y Relaciones Internacionales,Sec.Gral. Y Relaciones Internacionales,Direccion General Proyeccion Internacional,Proyeccion Internacional,Administración Gubernamental,Dirección Ejecutiva,Bienes De Consumo,Bienes De Consumo,432960.0,313904.0,313901.38,1924065.8,1924049.74,Fiscal
2023,4,Administracion Central,Jefatura De Gobierno,Sec.Gral. Y Relaciones Internacionales,Sec.Gral. Y Relaciones Internacionales,Direccion General Proyeccion Internacional,Proyeccion Internacional,Administración Gubernamental,Dirección Ejecutiva,Servicios No Personales,Servicios No Personales,7841261.0,9915297.0,9915296.56,60775536.02,60775533.33,Fiscal
2023,4,Administracion Central,Jefatura De Gobierno,Sec.Gral. Y Relaciones Internacionales,Sec.Gral. Y Relaciones Internacionales,Subsecretaria De Relaciones Institucionales,Actividades Comunes,Administración Gubernamental,Dirección Ejecutiva,Gastos En Personal,Remuneraciones Al Personal,68731026.0,0.0,0.0,0.0,0.0,Fiscal
2023,4,Administracion Central,Jefatura De Gobierno,Sec.Gral. Y Relaciones Internacionales,Sec.Gral. Y Relaciones Internacionales,Subsecretaria De Relaciones Institucionales,Actividades Comunes,Administración Gubernamental,Dirección Ejecutiva,Bienes De Consumo,Bienes De Consumo,6415791.0,0.0,0.0,0.0,0.0,Fiscal
2023,4,Administracion Central,Jefatura De Gobierno,Sec.Gral. Y Relaciones Internacionales,Sec.Gral. Y Relaciones Internacionales,Subsecretaria De Relaciones Institucionales,Actividades Comunes,Administración Gubernamental,Dirección Ejecutiva,Servicios No Personales,Servicios No Personales,32541333.0,0.0,0.0,0.0,0.0,Fiscal
2023,4,Administracion Central,Jefatura De Gobierno,Sec.Gral. Y Relaciones Internacionales,Sec.Gral. Y Relaciones Internacionales,Dirección General Relaciones Con El Tercer Sector Y Organismos Públicos,Relaciones Con El Tercer Sector Y Organismos Publicos,Administración Gubernamental,Dirección Ejecutiva,Gastos En Personal,Remuneraciones Al Personal,34875349.0,64781879.0,64781871.07,397078717.95,397078669.35,Fiscal
2023,4,Administracion Central,Jefatura De Gobierno,Sec.Gral. Y Relaciones Internacionales,Sec.Gral. Y Relaciones Internacionales,Dirección General Relaciones Con El Tercer Sector Y Organismos Públicos,Relaciones Con El Tercer Sector Y Organismos Publicos,Administración Gubernamental,Dirección Ejecutiva,Bienes De Consumo,Bienes De Consumo,593250.0,624560.0,624557.32,3828223.08,3828206.65,Fiscal
2023,4,Administracion Central,Jefatura De Gobierno,Sec.Gral. Y Relaciones Internacionales,Sec.Gral. Y Relaciones Internacionales,Dirección General Relaciones Con El Tercer Sector Y Organismos Públicos,Relaciones Con El Tercer Sector Y Organismos Publicos,Administración Gubernamental,Dirección Ejecutiva,Servicios No Personales,Servicios No Personales,6754981.0,61198775.0,61178771.54,375116182.06,374993571.41,Fiscal
2023,4,Administracion Central,Jefatura De Gobierno,Sec.Gral. Y Relaciones Internacionales,Sec.Gral. Y Relaciones Internacionales,Dirección General Relaciones Con El Sector Privado,Relaciones Con El Sector Privado,Administración Gubernamental,Dirección Ejecutiva,Gastos En Personal,Remuneraciones Al Personal,23379613.0,54433338.0,54433331.0,333647624.93,333647582.02,Fiscal
2023,4,Administracion Central,Jefatura De Gobierno,Sec.Gral. Y Relaciones Internacionales,Sec.Gral. Y Relaciones Internacionales,Dirección General Relaciones Con El Sector Privado,Relaciones Con El Sector Privado,Administración Gubernamental,Dirección Ejecutiva,Bienes De Consumo,Bienes De Consumo,626491.0,742058.0,742057.24,4548423.79,4548419.13,Fiscal
2023,4,Administracion Central,Jefatura De Gobierno,Sec.Gral. Y Relaciones Internacionales,Sec.Gral. Y Relaciones Internacionales,Dirección General Relaciones Con El Sector Privado,Relaciones Con El Sector Privado,Administración Gubernamental,Dirección Ejecutiva,Servicios No Personales,Servicios No Personales,10494425.0,90989548.0,90944544.26,557717893.1,557442043.93,Fiscal
2023,4,Administracion Central,Jefatura De Gobierno,Sec.Gral. Y Relaciones Internacionales,Sec.Gral. Y Relaciones Internacionales,Unidad Para La Igualdad De Género Y Asuntos Institucionales,Igualdad De Genero Y Asuntos Institucionales,Administración Gubernamental,Dirección Ejecutiva,Gastos En Personal,Remuneraciones Al Personal,0.0,221803298.0,221803274.02,1359537120.06,1359536973.07,Fiscal
2023,4,Administracion Central,Jefatura De Gobierno,Sec.Gral. Y Relaciones Internacionales,Sec.Gral. Y Relaciones Internacionales,Unidad Para La Igualdad De Género Y Asuntos Institucionales,Igualdad De Genero Y Asuntos Institucionales,Administración Gubernamental,Dirección Ejecutiva,Servicios No Personales,Servicios No Personales,0.0,105282397.0,105282395.4,645325511.84,645325502.03,Fiscal
2023,4,Administracion Central,Jefatura De Gobierno,Sec.Gral. Y Relaciones Internacionales,Sec.Gral. Y Relaciones Internacionales,Unidad Para La Igualdad De Género Y Asuntos Institucionales,Igualdad De Genero Y Asuntos Institucionales,Administración Gubernamental,Dirección Ejecutiva,Bienes De Consumo,Bienes De Consumo,0.0,76387.0,76384.66,468211.98,468197.64,Fiscal
2023,4,Administracion Central,Jefatura De Gobierno,Sec.Gral. Y Relaciones Internacionales,Sec.Gral. Y Relaciones Internacionales,Unidad Para La Igualdad De Género Y Asuntos Institucionales,Asuntos Institucionales,Administración Gubernamental,Dirección Ejecutiva,Bienes De Consumo,Bienes De Consumo,0.0,2167611.0,2167608.96,13286311.08,13286298.58,Fiscal
2023,4,Administracion Central,Jefatura De Gobierno,Sec.Gral. Y Relaciones Internacionales,Sec.Gral. Y Relaciones Internacionales,Unidad Para La Igualdad De Género Y Asuntos Institucionales,Asuntos Institucionales,Administración Gubernamental,Dirección Ejecutiva,Servicios No Personales,Servicios No Personales,0.0,62787319.0,62757317.03,384853118.14,384669221.9,Fiscal
2023,4,Administracion Central,Jefatura De Gobierno,Sec.Gral. Y Relaciones Internacionales,Sec.Gral. Y Relaciones Internacionales,Dg.Entidades Y Culto,Relaciones Con Los Cultos,Servicios Sociales,Cultura,Gastos En Personal,Remuneraciones Al Personal,46797928.0,86606543.0,86606530.04,530852386.37,530852306.93,Fiscal
2023,4,Administracion Central,Jefatura De Gobierno,Sec.Gral. Y Relaciones Internacionales,Sec.Gral. Y Relaciones Internacionales,Dg.Entidades Y Culto,Relaciones Con Los Cultos,Servicios Sociales,Cultura,Bienes De Consumo,Bienes De Consumo,626606.0,320512.0,275510.93,1964569.35,1688736.55,Fiscal
2023,4,Administracion Central,Jefatura De Gobierno,Sec.Gral. Y Relaciones Internacionales,Sec.Gral. Y Relaciones Internacionales,Dg.Entidades Y Culto,Relaciones Con Los Cultos,Servicios Sociales,Cultura,Servicios No Personales,Servicios No Personales,23896909.0,80989469.0,80904466.99,496422688.17,495901670.73,Fiscal
2023,4,Administracion Central,Jefatura De Gobierno,Sec.Gral. Y Relaciones Internacionales,Sec.Gral. Y Relaciones Internacionales,Dg.Entidades Y Culto,Relaciones Con Los Cultos,Servicios Sociales,Cultura,Bienes De Uso,Maquinaria Y Equipo,0.0,6500.0,6500.0,39841.57,39841.57,Fiscal
2023,4,Administracion Central,Jefatura De Gobierno,Sec.Gral. Y Relaciones Internacionales,Sec.Gral. Y Relaciones Internacionales,Ss.Gob.Abierto Y Rend. De Cuentas,Actividades Comunes,Administración Gubernamental,Dirección Ejecutiva,Gastos En Personal,Remuneraciones Al Personal,36225189.0,61867971.0,61867963.97,379218000.25,379217957.16,Fiscal
2023,4,Administracion Central,Jefatura De Gobierno,Sec.Gral. Y Relaciones Internacionales,Sec.Gral. Y Relaciones Internacionales,Ss.Gob.Abierto Y Rend. De Cuentas,Actividades Comunes,Administración Gubernamental,Dirección Ejecutiva,Bienes De Consumo,Bienes De Consumo,742287.0,230307.0,230304.75,1411660.32,1411646.53,Fiscal
2023,4,Administracion Central,Jefatura De Gobierno,Sec.Gral. Y Relaciones Internacionales,Sec.Gral. Y Relaciones Internacionales,Ss.Gob.Abierto Y Rend. De Cuentas,Actividades Comunes,Administración Gubernamental,Dirección Ejecutiva,Servicios No Personales,Servicios No Personales,22924825.0,13036834.0,12210318.14,79908909.88,74842804.0,Fiscal
2023,4,Administracion Central,Jefatura De Gobierno,Sec.Gral. Y Relaciones Internacionales,Sec.Gral. Y Relaciones Internacionales,Ss.Gob.Abierto Y Rend. De Cuentas,Actividades Comunes,Administración Gubernamental,Dirección Ejecutiva,Bienes De Uso,Maquinaria Y Equipo,0.0,72240.0,72239.76,442793.06,442791.59,Fiscal
2023,4,Administracion Central,Jefatura De Gobierno,Sec.Gral. Y Relaciones Internacionales,Sec.Gral. Y Relaciones Internacionales,Dg.Comprom.Gob Y.Rendición De Cuentas,Coordinacion De La Gestion Estrategica,Administración Gubernamental,Dirección Ejecutiva,Gastos En Personal,Remuneraciones Al Personal,35475903.0,40796382.0,40796372.41,250060284.01,250060225.23,Fiscal
2023,4,Administracion Central,Jefatura De Gobierno,Sec.Gral. Y Relaciones Internacionales,Sec.Gral. Y Relaciones Internacionales,Dg.Comprom.Gob Y.Rendición De Cuentas,Coordinacion De La Gestion Estrategica,Administración Gubernamental,Dirección Ejecutiva,Bienes De Consumo,Bienes De Consumo,218041.0,162020.0,102018.98,993097.06,625322.49,Fiscal
2023,4,Administracion Central,Jefatura De Gobierno,Sec.Gral. Y Relaciones Internacionales,Sec.Gral. Y Relaciones Internacionales,Dg.Comprom.Gob Y.Rendición De Cuentas,Coordinacion De La Gestion Estrategica,Administración Gubernamental,Dirección Ejecutiva,Servicios No Personales,Servicios No Personales,24153664.0,26033619.0,25963617.55,159572340.53,159143268.6,Fiscal
2023,4,Administracion Central,Jefatura De Gobierno,Sec.Gral. Y Relaciones Internacionales,Sec.Gral. Y Relaciones Internacionales,Upe Diálogo Social,Upe Dialogo Social,Administración Gubernamental,Dirección Ejecutiva,Gastos En Personal,Remuneraciones Al Personal,34160504.0,55902130.0,55902124.27,342650544.47,342650509.35,Fiscal
2023,4,Administracion Central,Jefatura De Gobierno,Sec.Gral. Y Relaciones Internacionales,Sec.Gral. Y Relaciones Internacionales,Upe Diálogo Social,Upe Dialogo Social,Administración Gubernamental,Dirección Ejecutiva,Bienes De Consumo,Bienes De Consumo,252264.0,97766.0,57765.19,599253.97,354070.12,Fiscal
2023,4,Administracion Central,Jefatura De Gobierno,Sec.Gral. Y Relaciones Internacionales,Sec.Gral. Y Relaciones Internacionales,Upe Diálogo Social,Upe Dialogo Social,Administración Gubernamental,Dirección Ejecutiva,Servicios No Personales,Servicios No Personales,8821436.0,18562594.0,18472593.02,113778901.46,113227242.97,Fiscal
2023,4,Administracion Central,Jefatura De Gobierno,Sec.Gral. Y Relaciones Internacionales,Sec.Gral. Y Relaciones Internacionales,Sec.Gral. Y Relaciones Internacionales,Actividades Centrales,Administración Gubernamental,Dirección Ejecutiva,Gastos En Personal,Remuneraciones Al Personal,94383863.0,229827872.0,229827859.02,1408723522.26,1408723442.7,Fiscal
2023,4,Administracion Central,Jefatura De Gobierno,Sec.Gral. Y Relaciones Internacionales,Sec.Gral. Y Relaciones Internacionales,Sec.Gral. Y Relaciones Internacionales,Actividades Centrales,Administración Gubernamental,Dirección Ejecutiva,Bienes De Consumo,Bienes De Consumo,1222339.0,892532.0,892528.67,5470749.97,5470729.55,Fiscal
2023,4,Administracion Central,Jefatura De Gobierno,Sec.Gral. Y Relaciones Internacionales,Sec.Gral. Y Relaciones Internacionales,Sec.Gral. Y Relaciones Internacionales,Actividades Centrales,Administración Gubernamental,Dirección Ejecutiva,Servicios No Personales,Servicios No Personales,464843395.0,217342921.0,217203167.35,1332197363.82,1331340747.72,Fiscal
2023,4,Administracion Central,Jefatura De Gobierno,Sec.Gral. Y Relaciones Internacionales,Sec.Gral. Y Relaciones Internacionales,Sec.Gral. Y Relaciones Internacionales,Actividades Centrales,Administración Gubernamental,Dirección Ejecutiva,Bienes De Uso,Maquinaria Y Equipo,7371799.0,176507.0,176506.08,1081894.73,1081889.09,Fiscal
2023,4,Administracion Central,Jefatura De Gobierno,Sec.Gral. Y Relaciones Internacionales,Sec.Gral. Y Relaciones Internacionales,Sec.Gral. Y Relaciones Internacionales,Actividades Centrales,Servicios De Seguridad,Seguridad Interior,Servicios No Personales,Servicios No Personales,104279531.0,202612808.0,202612807.12,1241909547.6,1241909542.2,Fiscal
2023,4,Organismos Descentralizados,Jefatura De Gobierno,Sec.Gral. Y Relaciones Internacionales,Ente De Turismo,Ente De Turismo,Turismo De La Ciudad,Servicios Económicos,Turismo,Gastos En Personal,Remuneraciones Al Personal,508500713.0,775935189.0,775935167.89,4756073068.87,4756072939.48,Fiscal
2023,4,Organismos Descentralizados,Jefatura De Gobierno,Sec.Gral. Y Relaciones Internacionales,Ente De Turismo,Ente De Turismo,Turismo De La Ciudad,Servicios Económicos,Turismo,Bienes De Consumo,Bienes De Consumo,17770636.0,5125973.0,5125967.09,31419508.33,31419472.11,Fiscal
2023,4,Organismos Descentralizados,Jefatura De Gobierno,Sec.Gral. Y Relaciones Internacionales,Ente De Turismo,Ente De Turismo,Turismo De La Ciudad,Servicios Económicos,Turismo,Servicios No Personales,Servicios No Personales,2713374338.0,21174526270.0,21173043961.29,129788667360.97,129779581591.13,Fiscal
2023,4,Organismos Descentralizados,Jefatura De Gobierno,Sec.Gral. Y Relaciones Internacionales,Ente De Turismo,Ente De Turismo,Turismo De La Ciudad,Servicios Económicos,Turismo,Bienes De Uso,Maquinaria Y Equipo,0.0,3853000.0,3853000.0,23616855.88,23616855.88,Fiscal
2023,4,Organismos Descentralizados,Jefatura De Gobierno,Sec.Gral. Y Relaciones Internacionales,Ente De Turismo,Ente De Turismo,Turismo De La Ciudad,Administración Gubernamental,Control De La Gestión,Gastos En Personal,Remuneraciones Al Personal,19338288.0,31294472.0,31294469.05,191818592.06,191818573.98,Fiscal
2023,4,Organismos Descentralizados,Jefatura De Gobierno,Sec.Gral. Y Relaciones Internacionales,Ente De Turismo,Ente De Turismo,Turismo De La Ciudad,Administración Gubernamental,Control De La Gestión,Bienes De Consumo,Bienes De Consumo,600504.0,0.0,0.0,0.0,0.0,Fiscal
2023,4,Organismos Descentralizados,Jefatura De Gobierno,Sec.Gral. Y Relaciones Internacionales,Ente De Turismo,Ente De Turismo,Turismo De La Ciudad,Administración Gubernamental,Control De La Gestión,Servicios No Personales,Servicios No Personales,1049168.0,320000.0,320000.0,1961431.06,1961431.06,Fiscal
2023,4,Administracion Central,Jefatura De Gobierno,Sec. Ambiente,Sec. Ambiente,Upe Ecoparque,Conservacion De La Biodiversidad Y Patrimonio Historico,Servicios Económicos,Ecología,Gastos En Personal,Remuneraciones Al Personal,361958712.0,584533993.0,584533979.84,3582884783.88,3582884703.22,Fiscal
2023,4,Administracion Central,Jefatura De Gobierno,Sec. Ambiente,Sec. Ambiente,Upe Ecoparque,Conservacion De La Biodiversidad Y Patrimonio Historico,Servicios Económicos,Ecología,Servicios No Personales,Servicios No Personales,153717182.0,254366236.0,253612675.26,1559130739.04,1554511809.53,Fiscal
2023,4,Administracion Central,Jefatura De Gobierno,Sec. Ambiente,Sec. Ambiente,Upe Ecoparque,Conservacion De La Biodiversidad Y Patrimonio Historico,Servicios Económicos,Ecología,Bienes De Consumo,Bienes De Consumo,131872666.0,446507230.0,446359915.73,2736853595.2,2735950636.5,Fiscal
2023,4,Administracion Central,Jefatura De Gobierno,Sec. Ambiente,Sec. Ambiente,Upe Ecoparque,Conservacion De La Biodiversidad Y Patrimonio Historico,Servicios Económicos,Ecología,Bienes De Uso,Maquinaria Y Equipo,200423620.0,24214894.0,19271272.71,148424516.44,118122727.82,Fiscal
2023,4,Administracion Central,Jefatura De Gobierno,Sec. Ambiente,Sec. Ambiente,Upe Ecoparque,Conservacion De La Biodiversidad Y Patrimonio Historico,Servicios Económicos,Ecología,Transferencias,Al Sector Privado,0.0,1837500.0,1837500.0,11262904.93,11262904.93,Fiscal
2023,4,Administracion Central,Jefatura De Gobierno,Sec. Ambiente,Sec. Ambiente,Upe Ecoparque,Conservacion De La Biodiversidad Y Patrimonio Historico,Servicios Económicos,Ecología,Servicios No Personales,Servicios No Personales,1238219188.0,3206826759.0,3206825785.58,19656155051.64,19656149085.09,Fiscal
2023,4,Administracion Central,Jefatura De Gobierno,Sec. Ambiente,Sec. Ambiente,Upe Ecoparque,Conservacion De La Biodiversidad Y Patrimonio Historico,Servicios Económicos,Ecología,Bienes De Uso,Construcciones Del Dominio Público,7455881.0,2544685006.0,2544685004.03,15597575670.45,15597575658.37,Fiscal
2023,4,Administracion Central,Jefatura De Gobierno,Sec. Ambiente,Sec. Ambiente,Upe Ecoparque,Conservacion De La Biodiversidad Y Patrimonio Historico,Servicios Económicos,Ecología,Activos Financieros,Activos Financieros,7455927.0,123848950.0,123848949.96,759128679.89,759128679.64,Fiscal
2023,4,Administracion Central,Jefatura De Gobierno,Sec. Ambiente,Sec. Ambiente,Upe Ecoparque,Conservacion De La Biodiversidad Y Patrimonio Historico,Servicios Económicos,Ecología,Bienes De Consumo,Bienes De Consumo,156573501.0,175788646.0,175788636.94,1077491595.83,1077491540.29,Fiscal
2023,4,Administracion Central,Jefatura De Gobierno,Sec. Ambiente,Sec. Ambiente,Upe Ecoparque,Conservacion De La Biodiversidad Y Patrimonio Historico,Servicios Económicos,Ecología,Bienes De Uso,Bienes De Uso,14911762.0,19062233.0,19062232.42,116841424.76,116841421.2,Fiscal
2023,4,Administracion Central,Jefatura De Gobierno,Sec. Ambiente,Sec. Ambiente,Upe Ecoparque,"Gestion De Residuos, Areas Verdes Y Cuerpos De Agua",Servicios Económicos,Ecología,Bienes De Consumo,Bienes De Consumo,25553301.0,69274613.0,69003608.73,424616805.52,422955692.42,Fiscal
2023,4,Administracion Central,Jefatura De Gobierno,Sec. Ambiente,Sec. Ambiente,Upe Ecoparque,"Gestion De Residuos, Areas Verdes Y Cuerpos De Agua",Servicios Económicos,Ecología,Servicios No Personales,Servicios No Personales,185809404.0,620830778.0,620830771.61,3805364913.76,3805364874.59,Fiscal
2023,4,Administracion Central,Jefatura De Gobierno,Sec. Ambiente,Sec. Ambiente,Upe Ecoparque,"Gestion De Residuos, Areas Verdes Y Cuerpos De Agua",Servicios Económicos,Ecología,Bienes De Uso,Maquinaria Y Equipo,4856045.0,33840487.0,33840484.27,207424319.89,207424303.16,Fiscal
2023,4,Administracion Central,Jefatura De Gobierno,Sec. Ambiente,Sec. Ambiente,Upe Ecoparque,"Gestion De Residuos, Areas Verdes Y Cuerpos De Agua",Servicios Económicos,Ecología,Bienes De Consumo,Bienes De Consumo,201889680.0,108778321.0,108778314.93,666753680.36,666753643.15,Fiscal
2023,4,Administracion Central,Jefatura De Gobierno,Sec. Ambiente,Sec. Ambiente,Upe Ecoparque,"Gestion De Residuos, Areas Verdes Y Cuerpos De Agua",Servicios Económicos,Ecología,Servicios No Personales,Servicios No Personales,41451141.0,487377170.0,487377169.95,2987364750.92,2987364750.62,Fiscal
2023,4,Administracion Central,Jefatura De Gobierno,Sec. Ambiente,Sec. Ambiente,Upe Ecoparque,"Gestion De Residuos, Areas Verdes Y Cuerpos De Agua",Servicios Económicos,Ecología,Bienes De Uso,Construcciones Del Dominio Público,363907634.0,1542033.0,1542032.69,9451848.2,9451846.3,Fiscal
2023,4,Administracion Central,Jefatura De Gobierno,Sec. Ambiente,Sec. Ambiente,Upe Ecoparque,"Gestion De Residuos, Areas Verdes Y Cuerpos De Agua",Servicios Económicos,Ecología,Bienes De Uso,Bienes De Uso,1673754.0,5583007.0,5583006.32,34220885.47,34220881.3,Fiscal
2023,4,Administracion Central,Jefatura De Gobierno,Sec. Ambiente,Sec. Ambiente,Secretaría De Ambiente,Actividades Centrales,Servicios Económicos,Ecología,Gastos En Personal,Remuneraciones Al Personal,143423774.0,294147552.0,294147539.08,1802969204.35,1802969125.16,Fiscal
2023,4,Administracion Central,Jefatura De Gobierno,Sec. Ambiente,Sec. Ambiente,Secretaría De Ambiente,Actividades Centrales,Servicios Económicos,Ecología,Bienes De Consumo,Bienes De Consumo,13429032.0,1961821.0,1961815.71,12024927.03,12024894.6,Fiscal
2023,4,Administracion Central,Jefatura De Gobierno,Sec. Ambiente,Sec. Ambiente,Secretaría De Ambiente,Actividades Centrales,Servicios Económicos,Ecología,Servicios No Personales,Servicios No Personales,117012674.0,101715493.0,101715488.59,623462273.4,623462246.37,Fiscal
2023,4,Administracion Central,Jefatura De Gobierno,Sec. Ambiente,Sec. Ambiente,Secretaría De Ambiente,Actividades Centrales,Servicios Económicos,Ecología,Bienes De Uso,Maquinaria Y Equipo,21629880.0,8623936.0,8623934.9,52860174.84,52860168.1,Fiscal
2023,4,Administracion Central,Jefatura De Gobierno,Sec. Ambiente,Sec. Ambiente,Ss.Pol.Inf.Verde Urbana Y Des Sostenible,Politicas De Infraestructura Verde Urbana Y Desarrollo Sostenible,Servicios Económicos,Ecología,Gastos En Personal,Remuneraciones Al Personal,38206601.0,55296109.0,55296102.34,338935955.68,338935914.86,Fiscal
2023,4,Administracion Central,Jefatura De Gobierno,Sec. Ambiente,Sec. Ambiente,Ss.Pol.Inf.Verde Urbana Y Des Sostenible,Politicas De Infraestructura Verde Urbana Y Desarrollo Sostenible,Servicios Económicos,Ecología,Bienes De Consumo,Bienes De Consumo,15582132.0,683204.0,683195.36,4187679.84,4187626.88,Fiscal
2023,4,Administracion Central,Jefatura De Gobierno,Sec. Ambiente,Sec. Ambiente,Ss.Pol.Inf.Verde Urbana Y Des Sostenible,Politicas De Infraestructura Verde Urbana Y Desarrollo Sostenible,Servicios Económicos,Ecología,Servicios No Personales,Servicios No Personales,65932832.0,60631994.0,60631993.48,371642113.75,371642110.57,Fiscal
2023,4,Administracion Central,Jefatura De Gobierno,Sec. Ambiente,Sec. Ambiente,Ss.Pol.Inf.Verde Urbana Y Des Sostenible,Politicas De Infraestructura Verde Urbana Y Desarrollo Sostenible,Servicios Económicos,Ecología,Bienes De Uso,Maquinaria Y Equipo,0.0,10113997.0,10113995.76,61993462.12,61993454.52,Fiscal
2023,4,Administracion Central,Jefatura De Gobierno,Sec. Ambiente,Sec. Ambiente,Dg.Áreas De Conservación,Areas De Conservacion,Servicios Económicos,Ecología,Gastos En Personal,Remuneraciones Al Personal,298938901.0,539648818.0,539648794.73,3307762357.37,3307762214.74,Fiscal
2023,4,Administracion Central,Jefatura De Gobierno,Sec. Ambiente,Sec. Ambiente,Dg.Áreas De Conservación,Areas De Conservacion,Servicios Económicos,Ecología,Bienes De Consumo,Bienes De Consumo,10053520.0,16538451.0,16077679.49,101371973.48,98547687.38,Fiscal
2023,4,Administracion Central,Jefatura De Gobierno,Sec. Ambiente,Sec. Ambiente,Dg.Áreas De Conservación,Areas De Conservacion,Servicios Económicos,Ecología,Bienes De Uso,Maquinaria Y Equipo,0.0,2667394.0,2667390.94,16349717.02,16349698.27,Fiscal
2023,4,Administracion Central,Jefatura De Gobierno,Sec. Ambiente,Sec. Ambiente,Dg.Áreas De Conservación,Areas De Conservacion,Servicios Económicos,Ecología,Servicios No Personales,Servicios No Personales,157249080.0,113443252.0,113443244.67,695347244.63,695347199.7,Fiscal
2023,4,Administracion Central,Jefatura De Gobierno,Sec. Ambiente,Sec. Ambiente,Dg.Áreas De Conservación,Areas De Conservacion,Servicios Económicos,Ecología,Transferencias,Al Sector Privado,6593305.0,5624000.0,5624000.0,34472150.92,34472150.92,Fiscal
2023,4,Administracion Central,Jefatura De Gobierno,Sec. Ambiente,Sec. Ambiente,Dg.Áreas De Conservación,Areas De Conservacion,Servicios Económicos,Ecología,Bienes De Uso,Construcciones Del Dominio Público,1397194350.0,363528071.0,363528067.96,2228235157.74,2228235139.11,Fiscal
2023,4,Administracion Central,Jefatura De Gobierno,Sec. Ambiente,Sec. Ambiente,Dg.Áreas De Conservación,Areas De Conservacion,Servicios Económicos,Ecología,Activos Financieros,Activos Financieros,993464150.0,130702919.0,130702917.73,801139891.44,801139883.65,Fiscal
2023,4,Administracion Central,Jefatura De Gobierno,Sec. Ambiente,Sec. Ambiente,Dg.Áreas De Conservación,Areas De Conservacion,Servicios Económicos,Ecología,Servicios No Personales,Servicios No Personales,1090341824.0,5997109997.0,5925119953.36,36759118225.49,36317857263.71,Fiscal
2023,4,Administracion Central,Jefatura De Gobierno,Sec. Ambiente,Sec. Ambiente,Dg.Res.Eco Y Rec.Ambiental,Restauracion Ecologica Y Recomposicion Ambiental,Servicios Económicos,Ecología,Gastos En Personal,Remuneraciones Al Personal,51225087.0,79727472.0,79727462.05,488687312.81,488687251.82,Fiscal
2023,4,Administracion Central,Jefatura De Gobierno,Sec. Ambiente,Sec. Ambiente,Dg.Res.Eco Y Rec.Ambiental,Restauracion Ecologica Y Recomposicion Ambiental,Servicios Económicos,Ecología,Bienes De Consumo,Bienes De Consumo,25370713.0,16930568.0,16930566.47,103775443.68,103775434.3,Fiscal
2023,4,Administracion Central,Jefatura De Gobierno,Sec. Ambiente,Sec. Ambiente,Dg.Res.Eco Y Rec.Ambiental,Restauracion Ecologica Y Recomposicion Ambiental,Servicios Económicos,Ecología,Servicios No Personales,Servicios No Personales,24730904.0,77122539.0,77122534.73,472720448.74,472720422.57,Fiscal
2023,4,Administracion Central,Jefatura De Gobierno,Sec. Ambiente,Sec. Ambiente,Dg.Prom.Para El Des Sostenible,Promocion Para El Desarrollo Sostenible,Servicios Económicos,Ecología,Gastos En Personal,Remuneraciones Al Personal,51201443.0,76783906.0,76783896.4,470644807.23,470644748.39,Fiscal
2023,4,Administracion Central,Jefatura De Gobierno,Sec. Ambiente,Sec. Ambiente,Dg.Prom.Para El Des Sostenible,Promocion Para El Desarrollo Sostenible,Servicios Económicos,Ecología,Bienes De Consumo,Bienes De Consumo,8689751.0,208773.0,208770.32,1279668.27,1279651.85,Fiscal
2023,4,Administracion Central,Jefatura De Gobierno,Sec. Ambiente,Sec. Ambiente,Dg.Prom.Para El Des Sostenible,Promocion Para El Desarrollo Sostenible,Servicios Económicos,Ecología,Servicios No Personales,Servicios No Personales,70177081.0,544464689.0,544445966.3,3337281104.16,3337166343.89,Fiscal
2023,4,Administracion Central,Jefatura De Gobierno,Sec. Ambiente,Sec. Ambiente,Dg.Prom.Para El Des Sostenible,Promocion Para El Desarrollo Sostenible,Servicios Económicos,Ecología,Bienes De Uso,Maquinaria Y Equipo,0.0,462861.0,462860.2,2837093.57,2837088.67,Fiscal
2023,4,Organismos Descentralizados,Jefatura De Gobierno,Sec. Ambiente,Agencia Ambiental,Agencia Ambiental,Actividades Comunes,Servicios Económicos,Ecología,Gastos En Personal,Remuneraciones Al Personal,198290882.0,345351259.0,345351239.92,2116820896.27,2116820779.32,Fiscal
2023,4,Organismos Descentralizados,Jefatura De Gobierno,Sec. Ambiente,Agencia Ambiental,Agencia Ambiental,Actividades Comunes,Servicios Económicos,Ecología,Bienes De Consumo,Bienes De Consumo,5363036.0,4199695.0,3740633.35,25741913.2,22928107.64,Fiscal
2023,4,Organismos Descentralizados,Jefatura De Gobierno,Sec. Ambiente,Agencia Ambiental,Agencia Ambiental,Actividades Comunes,Servicios Económicos,Ecología,Servicios No Personales,Servicios No Personales,218050146.0,229213304.0,227691478.55,1404956544.87,1395628558.28,Fiscal
2023,4,Organismos Descentralizados,Jefatura De Gobierno,Sec. Ambiente,Agencia Ambiental,Agencia Ambiental,Actividades Comunes,Administración Gubernamental,Control De La Gestión,Gastos En Personal,Remuneraciones Al Personal,17985123.0,29306982.0,29306979.94,179636327.62,179636314.99,Fiscal
2023,4,Organismos Descentralizados,Jefatura De Gobierno,Sec. Ambiente,Agencia Ambiental,Agencia Ambiental,Actividades Comunes,Administración Gubernamental,Control De La Gestión,Bienes De Consumo,Bienes De Consumo,436316.0,162655.0,162652.53,996989.28,996974.14,Fiscal
2023,4,Organismos Descentralizados,Jefatura De Gobierno,Sec. Ambiente,Agencia Ambiental,Agencia Ambiental,Actividades Comunes,Administración Gubernamental,Control De La Gestión,Servicios No Personales,Servicios No Personales,7705550.0,9590063.0,9590062.12,58782023.31,58782017.91,Fiscal
2023,4,Organismos Descentralizados,Jefatura De Gobierno,Sec. Ambiente,Agencia Ambiental,Agencia Ambiental,Actividades Comunes,Servicios Económicos,Ecología,Bienes De Uso,Maquinaria Y Equipo,4317530.0,4080680.0,4080679.15,25012414.09,25012408.88,Fiscal
2023,4,Organismos Descentralizados,Jefatura De Gobierno,Sec. Ambiente,Agencia Ambiental,Agencia Ambiental,Actividades Comunes,Servicios Económicos,Ecología,Bienes De Uso,Activos Intangibles,30761528.0,43697079.0,43697077.72,267840025.26,267840017.41,Fiscal
2023,4,Organismos Descentralizados,Jefatura De Gobierno,Sec. Ambiente,Agencia Ambiental,Agencia Ambiental,Actividades Comunes,Servicios Económicos,Ecología,Transferencias,Al Sector Privado,14507703.0,12000000.0,12000000.0,73553664.84,73553664.84,Fiscal
2023,4,Organismos Descentralizados,Jefatura De Gobierno,Sec. Ambiente,Agencia Ambiental,Agencia Ambiental,Intervenciones Veterinarias,Servicios Económicos,Ecología,Bienes De Consumo,Bienes De Consumo,25858445.0,45977823.0,38594159.71,281819781.9,236561824.0,Fiscal
2023,4,Organismos Descentralizados,Jefatura De Gobierno,Sec. Ambiente,Agencia Ambiental,Agencia Ambiental,Intervenciones Veterinarias,Servicios Económicos,Ecología,Servicios No Personales,Servicios No Personales,15770764.0,31381663.0,31100555.96,192353026.86,190629989.11,Fiscal
2023,4,Organismos Descentralizados,Jefatura De Gobierno,Sec. Ambiente,Agencia Ambiental,Agencia Ambiental,Intervenciones Veterinarias,Servicios Económicos,Ecología,Bienes De Uso,Maquinaria Y Equipo,10338532.0,22246360.0,22246357.63,136358442.27,136358427.75,Fiscal
2023,4,Organismos Descentralizados,Jefatura De Gobierno,Sec. Ambiente,Agencia Ambiental,Agencia Ambiental,Intervenciones Veterinarias,Servicios Económicos,Ecología,Transferencias,Al Sector Privado,1758529.0,1758529.0,1758529.0,10778854.39,10778854.39,Fiscal
2023,4,Organismos Descentralizados,Jefatura De Gobierno,Sec. Ambiente,Agencia Ambiental,Agencia Ambiental,Sanidad Y Tenencia Responsable De Mascotas,Servicios Económicos,Ecología,Gastos En Personal,Remuneraciones Al Personal,58967337.0,100388870.0,100388860.71,615330774.77,615330717.83,Fiscal
2023,4,Organismos Descentralizados,Jefatura De Gobierno,Sec. Ambiente,Agencia Ambiental,Agencia Ambiental,Sanidad Y Tenencia Responsable De Mascotas,Servicios Económicos,Ecología,Bienes De Consumo,Bienes De Consumo,1454383.0,783405.0,783400.88,4801859.07,4801833.81,Fiscal
2023,4,Organismos Descentralizados,Jefatura De Gobierno,Sec. Ambiente,Agencia Ambiental,Agencia Ambiental,Sanidad Y Tenencia Responsable De Mascotas,Servicios Económicos,Ecología,Servicios No Personales,Servicios No Personales,102444509.0,145788013.0,136587610.62,893603553.78,837209944.36,Fiscal
2023,4,Organismos Descentralizados,Jefatura De Gobierno,Sec. Ambiente,Agencia Ambiental,Agencia Ambiental,Sanidad Y Tenencia Responsable De Mascotas,Servicios Económicos,Ecología,Transferencias,Al Sector Privado,3490325.0,3490325.0,3400411.0,21393849.6,20842724.25,Fiscal
2023,4,Organismos Descentralizados,Jefatura De Gobierno,Sec. Ambiente,Agencia Ambiental,Agencia Ambiental,Fondo De Compensacion Ambiental,Servicios Económicos,Ecología,Bienes De Uso,Maquinaria Y Equipo,0.0,3750000.0,3750000.0,22985520.26,22985520.26,Fiscal
2023,4,Organismos Descentralizados,Jefatura De Gobierno,Sec. Ambiente,Agencia Ambiental,Dg.De Control,Control Ambiental,Servicios Económicos,Ecología,Gastos En Personal,Remuneraciones Al Personal,337545849.0,514717808.0,514717795.49,3154948427.91,3154948351.23,Fiscal
2023,4,Organismos Descentralizados,Jefatura De Gobierno,Sec. Ambiente,Agencia Ambiental,Dg.De Control,Control Ambiental,Servicios Económicos,Ecología,Bienes De Consumo,Bienes De Consumo,3999553.0,4957931.0,4957929.62,30389499.59,30389491.13,Fiscal
2023,4,Organismos Descentralizados,Jefatura De Gobierno,Sec. Ambiente,Agencia Ambiental,Dg.De Control,Control Ambiental,Servicios Económicos,Ecología,Servicios No Personales,Servicios No Personales,97772817.0,91406903.0,90408688.24,560276058.92,554157529.42,Fiscal
2023,4,Organismos Descentralizados,Jefatura De Gobierno,Sec. Ambiente,Agencia Ambiental,Dg.De Control,Laboratorio De Analisis Y Calidad Ambiental,Servicios Económicos,Ecología,Bienes De Consumo,Bienes De Consumo,17893299.0,35153464.0,35153459.32,215472175.74,215472147.06,Fiscal
2023,4,Organismos Descentralizados,Jefatura De Gobierno,Sec. Ambiente,Agencia Ambiental,Dg.De Control,Laboratorio De Analisis Y Calidad Ambiental,Servicios Económicos,Ecología,Servicios No Personales,Servicios No Personales,22545274.0,14756754.0,11000107.21,90451111.48,67424849.91,Fiscal
2023,4,Organismos Descentralizados,Jefatura De Gobierno,Sec. Ambiente,Agencia Ambiental,Dg.De Control,Laboratorio De Analisis Y Calidad Ambiental,Servicios Económicos,Ecología,Gastos En Personal,Remuneraciones Al Personal,63544749.0,107358472.0,107358467.32,658050755.57,658050726.88,Fiscal
2023,4,Organismos Descentralizados,Jefatura De Gobierno,Sec. Ambiente,Agencia Ambiental,Dg.De Control,Laboratorio De Analisis Y Calidad Ambiental,Servicios Económicos,Ecología,Bienes De Uso,Maquinaria Y Equipo,6861605.0,6731240.0,6731240.0,41258947.57,41258947.57,Fiscal
2023,4,Organismos Descentralizados,Jefatura De Gobierno,Sec. Ambiente,Agencia Ambiental,Dg.De Control,Redes Ambientales,Servicios Económicos,Ecología,Bienes De Consumo,Bienes De Consumo,4876666.0,4543096.0,4543094.04,27846780.04,27846768.03,Fiscal
2023,4,Organismos Descentralizados,Jefatura De Gobierno,Sec. Ambiente,Agencia Ambiental,Dg.De Control,Redes Ambientales,Servicios Económicos,Ecología,Servicios No Personales,Servicios No Personales,8499039.0,16390518.0,9254809.02,100465222.29,56727093.4,Fiscal
2023,4,Organismos Descentralizados,Jefatura De Gobierno,Sec. Ambiente,Agencia Ambiental,Dg.De Control,Redes Ambientales,Servicios Económicos,Ecología,Bienes De Uso,Maquinaria Y Equipo,27727827.0,27727827.0,27727826.28,169956941.15,169956936.74,Fiscal
2023,4,Organismos Descentralizados,Jefatura De Gobierno,Sec. Ambiente,Agencia Ambiental,Dg.De Control,Acciones Para La Restauracion Ecologica,Servicios Económicos,Ecología,Gastos En Personal,Remuneraciones Al Personal,21891221.0,37990633.0,37990626.88,232862523.88,232862486.37,Fiscal
2023,4,Organismos Descentralizados,Jefatura De Gobierno,Sec. Ambiente,Agencia Ambiental,Dg.De Control,Acciones Para La Restauracion Ecologica,Servicios Económicos,Ecología,Servicios No Personales,Servicios No Personales,17808238.0,18392777.0,9619805.58,112738012.91,58964329.62,Fiscal
2023,4,Organismos Descentralizados,Jefatura De Gobierno,Sec. Ambiente,Agencia Ambiental,Dg.Evaluación Ambiental,Evaluacion Tecnica,Servicios Económicos,Ecología,Gastos En Personal,Remuneraciones Al Personal,196151437.0,294622079.0,294622073.24,1805877804.35,1805877769.04,Fiscal
2023,4,Organismos Descentralizados,Jefatura De Gobierno,Sec. Ambiente,Agencia Ambiental,Dg.Evaluación Ambiental,Evaluacion Tecnica,Servicios Económicos,Ecología,Bienes De Consumo,Bienes De Consumo,727194.0,421745.0,421742.86,2585074.2,2585061.08,Fiscal
2023,4,Organismos Descentralizados,Jefatura De Gobierno,Sec. Ambiente,Agencia Ambiental,Dg.Evaluación Ambiental,Evaluacion Tecnica,Servicios Económicos,Ecología,Servicios No Personales,Servicios No Personales,80472135.0,87502206.0,87502206.0,536342327.71,536342327.71,Fiscal
2023,4,Organismos Descentralizados,Jefatura De Gobierno,Sec. Ambiente,Agencia Ambiental,Dg.Política Y Estrategia Ambiental,Politica Y Estrategia Ambiental,Servicios Económicos,Ecología,Gastos En Personal,Remuneraciones Al Personal,63818541.0,113623985.0,113623968.21,696455042.5,696454939.59,Fiscal
2023,4,Organismos Descentralizados,Jefatura De Gobierno,Sec. Ambiente,Agencia Ambiental,Dg.Política Y Estrategia Ambiental,Politica Y Estrategia Ambiental,Servicios Económicos,Ecología,Servicios No Personales,Servicios No Personales,57311382.0,60940233.0,60940232.75,373531456.09,373531454.56,Fiscal
2023,4,Organismos Descentralizados,Jefatura De Gobierno,Sec. Ambiente,Agencia Ambiental,Dg.Política Y Estrategia Ambiental,Politica Y Estrategia Ambiental,Servicios Económicos,Ecología,Bienes De Consumo,Bienes De Consumo,1399842.0,311965.0,311962.45,1912180.75,1912165.12,Fiscal
2023,4,Organismos Descentralizados,Jefatura De Gobierno,Sec. Ambiente,Agencia Ambiental,Dg.Política Y Estrategia Ambiental,Politica Y Estrategia Ambiental,Servicios Económicos,Ecología,Bienes De Uso,Maquinaria Y Equipo,0.0,22613.0,22613.0,138605.75,138605.75,Fiscal
2023,4,Organismos Descentralizados,Jefatura De Gobierno,Sec. Ambiente,Agencia Ambiental,Dg.Política Y Estrategia Ambiental,Politica Y Estrategia Ambiental,Servicios Económicos,Ecología,Transferencias,Al Sector Privado,5868284.0,5800000.0,5800000.0,35550938.0,35550938.0,Fiscal
2023,4,Organismos Descentralizados,Jefatura De Gobierno,Sec. Ambiente,Agencia Ambiental,Dg.Política Y Estrategia Ambiental,Programa De Desarrollo Sustentable,Servicios Económicos,Ecología,Bienes De Consumo,Bienes De Consumo,236337.0,0.0,0.0,0.0,0.0,Fiscal
2023,4,Organismos Descentralizados,Jefatura De Gobierno,Sec. Ambiente,Agencia Ambiental,Dg.Política Y Estrategia Ambiental,Programa De Desarrollo Sustentable,Servicios Económicos,Ecología,Gastos En Personal,Remuneraciones Al Personal,17486487.0,25090599.0,25090595.48,153792125.78,153792104.21,Fiscal
2023,4,Organismos Descentralizados,Jefatura De Gobierno,Sec. Ambiente,Agencia Ambiental,Dg.Política Y Estrategia Ambiental,Programa De Desarrollo Sustentable,Servicios Económicos,Ecología,Servicios No Personales,Servicios No Personales,40862.0,40862.0,40862.0,250462.49,250462.49,Fiscal
2023,4,Organismos Descentralizados,Jefatura De Gobierno,Sec. Ambiente,Agencia Ambiental,Dg.Política Y Estrategia Ambiental,Programa De Residuos Sujeto A Manejo Especial,Servicios Económicos,Ecología,Gastos En Personal,Remuneraciones Al Personal,44411361.0,77097666.0,77097657.84,472567990.39,472567940.37,Fiscal
2023,4,Organismos Descentralizados,Jefatura De Gobierno,Sec. Ambiente,Agencia Ambiental,Dg.Política Y Estrategia Ambiental,Programa De Residuos Sujeto A Manejo Especial,Servicios Económicos,Ecología,Bienes De Consumo,Bienes De Consumo,2868126.0,4847831.0,4847828.45,29714644.71,29714629.08,Fiscal
2023,4,Organismos Descentralizados,Jefatura De Gobierno,Sec. Ambiente,Agencia Ambiental,Dg.Política Y Estrategia Ambiental,Programa De Residuos Sujeto A Manejo Especial,Servicios Económicos,Ecología,Servicios No Personales,Servicios No Personales,23671734.0,32983496.0,22567553.91,202171417.49,138327191.37,Fiscal
2023,4,Organismos Descentralizados,Jefatura De Gobierno,Sec. Ambiente,Agencia Ambiental,Dg.Política Y Estrategia Ambiental,Programa De Gestion Energetica,Servicios Económicos,Ecología,Gastos En Personal,Remuneraciones Al Personal,26404174.0,45070485.0,45070471.43,276258278.98,276258195.8,Fiscal
2023,4,Organismos Descentralizados,Jefatura De Gobierno,Sec. Ambiente,Agencia Ambiental,Dg.Política Y Estrategia Ambiental,Programa De Gestion Energetica,Servicios Económicos,Ecología,Bienes De Consumo,Bienes De Consumo,227247.0,183050.0,183049.8,1121999.86,1121998.64,Fiscal
2023,4,Organismos Descentralizados,Jefatura De Gobierno,Sec. Ambiente,Agencia Ambiental,Dg.Política Y Estrategia Ambiental,Programa De Gestion Energetica,Servicios Económicos,Ecología,Servicios No Personales,Servicios No Personales,990713.0,0.0,0.0,0.0,0.0,Fiscal
2023,4,Organismos Descentralizados,Jefatura De Gobierno,Sec. Ambiente,Agencia Ambiental,Dg.Política Y Estrategia Ambiental,Programa De Cambio Climatico,Servicios Económicos,Ecología,Bienes De Consumo,Bienes De Consumo,45449.0,0.0,0.0,0.0,0.0,Fiscal
2023,4,Organismos Descentralizados,Jefatura De Gobierno,Sec. Ambiente,Agencia Ambiental,Dg.Política Y Estrategia Ambiental,Programa De Cambio Climatico,Servicios Económicos,Ecología,Gastos En Personal,Remuneraciones Al Personal,8032290.0,12947513.0,12947510.38,79361419.31,79361403.25,Fiscal
2023,4,Organismos Descentralizados,Jefatura De Gobierno,Sec. Ambiente,Agencia Ambiental,Dg.Política Y Estrategia Ambiental,Programa De Cambio Climatico,Servicios Económicos,Ecología,Servicios No Personales,Servicios No Personales,163448.0,0.0,0.0,0.0,0.0,Fiscal
2023,4,Administracion Central,Jefatura De Gobierno,Secretaria Legal Y Tecnica,Secretaria Legal Y Tecnica,Secretaria Legal Y Tecnica,Actividades Centrales,Administración Gubernamental,Dirección Ejecutiva,Gastos En Personal,Remuneraciones Al Personal,349852414.0,603361189.0,603361170.08,3698285555.91,3698285439.94,Fiscal
2023,4,Administracion Central,Jefatura De Gobierno,Secretaria Legal Y Tecnica,Secretaria Legal Y Tecnica,Secretaria Legal Y Tecnica,Actividades Centrales,Administración Gubernamental,Dirección Ejecutiva,Bienes De Consumo,Bienes De Consumo,3328913.0,6466713.0,6466707.84,39637536.72,39637505.09,Fiscal
2023,4,Administracion Central,Jefatura De Gobierno,Secretaria Legal Y Tecnica,Secretaria Legal Y Tecnica,Secretaria Legal Y Tecnica,Actividades Centrales,Administración Gubernamental,Dirección Ejecutiva,Servicios No Personales,Servicios No Personales,772345018.0,1513485433.0,1507602720.25,9276866689.46,9240808765.97,Fiscal
2023,4,Administracion Central,Jefatura De Gobierno,Secretaria Legal Y Tecnica,Secretaria Legal Y Tecnica,Secretaria Legal Y Tecnica,Actividades Centrales,Administración Gubernamental,Dirección Ejecutiva,Bienes De Uso,Maquinaria Y Equipo,1245940.0,6807142.0,6807141.2,41724186.76,41724181.86,Fiscal
2023,4,Administracion Central,Jefatura De Gobierno,Secretaria Legal Y Tecnica,Secretaria Legal Y Tecnica,Secretaria Legal Y Tecnica,Actividades Centrales,Administración Gubernamental,Control De La Gestión,Gastos En Personal,Remuneraciones Al Personal,31164173.0,42029726.0,42029723.33,257620031.61,257620015.25,Fiscal
2023,4,Administracion Central,Jefatura De Gobierno,Secretaria Legal Y Tecnica,Secretaria Legal Y Tecnica,Secretaria Legal Y Tecnica,Actividades Centrales,Administración Gubernamental,Control De La Gestión,Bienes De Consumo,Bienes De Consumo,138340.0,127951.0,127950.3,784272.08,784267.79,Fiscal
2023,4,Administracion Central,Jefatura De Gobierno,Secretaria Legal Y Tecnica,Secretaria Legal Y Tecnica,Secretaria Legal Y Tecnica,Actividades Centrales,Administración Gubernamental,Control De La Gestión,Servicios No Personales,Servicios No Personales,11794757.0,17587489.0,17587488.73,107802022.6,107802020.95,Fiscal
2023,4,Administracion Central,Jefatura De Gobierno,Secretaria Legal Y Tecnica,Secretaria Legal Y Tecnica,Secretaria Legal Y Tecnica,Actividades Centrales,Administración Gubernamental,Dirección Ejecutiva,Servicios No Personales,Servicios No Personales,0.0,222233064.0,222233062.64,1362171358.75,1362171350.41,Fiscal
2023,4,Administracion Central,Jefatura De Gobierno,Secretaria Legal Y Tecnica,Secretaria Legal Y Tecnica,Direccion General De Escribania General,Titularidades De Dominio,Servicios Sociales,Vivienda Y Urbanismo,Gastos En Personal,Remuneraciones Al Personal,69612618.0,117236403.0,117236390.42,718597257.74,718597180.63,Fiscal
2023,4,Administracion Central,Jefatura De Gobierno,Secretaria Legal Y Tecnica,Secretaria Legal Y Tecnica,Direccion General De Escribania General,Titularidades De Dominio,Servicios Sociales,Vivienda Y Urbanismo,Bienes De Consumo,Bienes De Consumo,313653.0,615653.0,613929.85,3773627.87,3763065.87,Fiscal
2023,4,Administracion Central,Jefatura De Gobierno,Secretaria Legal Y Tecnica,Secretaria Legal Y Tecnica,Direccion General De Escribania General,Titularidades De Dominio,Servicios Sociales,Vivienda Y Urbanismo,Servicios No Personales,Servicios No Personales,19073444.0,36726295.0,36726292.5,225112799.43,225112784.1,Fiscal
2023,4,Administracion Central,Jefatura De Gobierno,Secretaria Legal Y Tecnica,Secretaria Legal Y Tecnica,Direccion General De Escribania General,Titularidades De Dominio,Servicios Sociales,Vivienda Y Urbanismo,Bienes De Uso,Maquinaria Y Equipo,730957.0,2251185.0,2251184.0,13798575.58,13798569.45,Fiscal
2023,4,Administracion Central,Jefatura De Gobierno,Secretaria Legal Y Tecnica,Secretaria Legal Y Tecnica,"Dir.Gral.Mesa De Entradas, Salidas Y Archivo","Gestion Administrativa De Expedientes, Archivos, Procesamiento Digital Y Artes Graficas",Administración Gubernamental,Dirección Ejecutiva,Gastos En Personal,Remuneraciones Al Personal,322509185.0,526417697.0,526417672.73,3226662570.75,3226662421.99,Fiscal
2023,4,Administracion Central,Jefatura De Gobierno,Secretaria Legal Y Tecnica,Secretaria Legal Y Tecnica,"Dir.Gral.Mesa De Entradas, Salidas Y Archivo","Gestion Administrativa De Expedientes, Archivos, Procesamiento Digital Y Artes Graficas",Administración Gubernamental,Dirección Ejecutiva,Bienes De Consumo,Bienes De Consumo,114171184.0,440443160.0,440443143.87,2699684047.51,2699683948.64,Fiscal
2023,4,Administracion Central,Jefatura De Gobierno,Secretaria Legal Y Tecnica,Secretaria Legal Y Tecnica,"Dir.Gral.Mesa De Entradas, Salidas Y Archivo","Gestion Administrativa De Expedientes, Archivos, Procesamiento Digital Y Artes Graficas",Administración Gubernamental,Dirección Ejecutiva,Servicios No Personales,Servicios No Personales,342472910.0,424309542.0,416607175.48,2600793486.59,2553582046.14,Fiscal
2023,4,Administracion Central,Jefatura De Gobierno,Secretaria Legal Y Tecnica,Secretaria Legal Y Tecnica,"Dir.Gral.Mesa De Entradas, Salidas Y Archivo","Gestion Administrativa De Expedientes, Archivos, Procesamiento Digital Y Artes Graficas",Administración Gubernamental,Dirección Ejecutiva,Bienes De Uso,Maquinaria Y Equipo,2647737.0,5065273.0,5065270.14,31047449.38,31047431.85,Fiscal
2023,4,Administracion Central,Jefatura De Gobierno,Secretaria Legal Y Tecnica,Secretaria Legal Y Tecnica,"Dir.Gral.Mesa De Entradas, Salidas Y Archivo","Gestion Administrativa De Expedientes, Archivos, Procesamiento Digital Y Artes Graficas",Administración Gubernamental,Dirección Ejecutiva,Bienes De Uso,Activos Intangibles,24165068.0,0.0,0.0,0.0,0.0,Fiscal
2023,4,Administracion Central,Jefatura De Gobierno,Secretaria Legal Y Tecnica,Secretaria Legal Y Tecnica,"Dir.Gral.Mesa De Entradas, Salidas Y Archivo","Gestion Administrativa De Expedientes, Archivos, Procesamiento Digital Y Artes Graficas",Administración Gubernamental,Dirección Ejecutiva,Servicios No Personales,Servicios No Personales,0.0,27000000.0,27000000.0,165495745.88,165495745.88,Fiscal
2023,4,Organismos Descentralizados,Jefatura De Gobierno,No Determina,Consejo De Las Niñas Niños Y Adolescentes,"Consejo De Los Derechos De Las Niñas, Niños Y Adolescentes",Actividades Comunes,Servicios Sociales,Promoción Y Acción Social,Gastos En Personal,Remuneraciones Al Personal,630137850.0,982819633.0,982819624.29,6024165490.02,6024165436.63,Fiscal
2023,4,Organismos Descentralizados,Jefatura De Gobierno,No Determina,Consejo De Las Niñas Niños Y Adolescentes,"Consejo De Los Derechos De Las Niñas, Niños Y Adolescentes",Actividades Comunes,Servicios Sociales,Promoción Y Acción Social,Bienes De Consumo,Bienes De Consumo,18319936.0,53114354.0,52309527.93,325562949.34,320629790.43,Fiscal
2023,4,Organismos Descentralizados,Jefatura De Gobierno,No Determina,Consejo De Las Niñas Niños Y Adolescentes,"Consejo De Los Derechos De Las Niñas, Niños Y Adolescentes",Actividades Comunes,Servicios Sociales,Promoción Y Acción Social,Servicios No Personales,Servicios No Personales,788296488.0,1026043684.0,1017604956.31,6289106103.36,6237381157.68,Fiscal
2023,4,Organismos Descentralizados,Jefatura De Gobierno,No Determina,Consejo De Las Niñas Niños Y Adolescentes,"Consejo De Los Derechos De Las Niñas, Niños Y Adolescentes",Actividades Comunes,Servicios Sociales,Promoción Y Acción Social,Bienes De Uso,Maquinaria Y Equipo,1898833.0,52185357.0,52185351.43,319868688.18,319868654.04,Fiscal
2023,4,Organismos Descentralizados,Jefatura De Gobierno,No Determina,Consejo De Las Niñas Niños Y Adolescentes,"Consejo De Los Derechos De Las Niñas, Niños Y Adolescentes",Actividades Comunes,Servicios Sociales,Promoción Y Acción Social,Transferencias,Al Sector Privado,15860286.0,46309709.0,46308861.0,283854067.87,283848870.08,Fiscal
2023,4,Organismos Descentralizados,Jefatura De Gobierno,No Determina,Consejo De Las Niñas Niños Y Adolescentes,"Consejo De Los Derechos De Las Niñas, Niños Y Adolescentes",Actividades Comunes,Administración Gubernamental,Control De La Gestión,Gastos En Personal,Remuneraciones Al Personal,28836308.0,41765949.0,41765946.28,256003217.86,256003201.19,Fiscal
2023,4,Organismos Descentralizados,Jefatura De Gobierno,No Determina,Consejo De Las Niñas Niños Y Adolescentes,"Consejo De Los Derechos De Las Niñas, Niños Y Adolescentes",Actividades Comunes,Administración Gubernamental,Control De La Gestión,Bienes De Consumo,Bienes De Consumo,1754774.0,16270.0,16270.0,99726.51,99726.51,Fiscal
2023,4,Organismos Descentralizados,Jefatura De Gobierno,No Determina,Consejo De Las Niñas Niños Y Adolescentes,"Consejo De Los Derechos De Las Niñas, Niños Y Adolescentes",Actividades Comunes,Administración Gubernamental,Control De La Gestión,Bienes De Uso,Maquinaria Y Equipo,188032.0,0.0,0.0,0.0,0.0,Fiscal
2023,4,Organismos Descentralizados,Jefatura De Gobierno,No Determina,Consejo De Las Niñas Niños Y Adolescentes,"Consejo De Los Derechos De Las Niñas, Niños Y Adolescentes",Actividades Comunes,Servicios Sociales,Promoción Y Acción Social,Servicios No Personales,Servicios No Personales,0.0,4850038.0,4850037.29,29728172.46,29728168.11,Fiscal
2023,4,Organismos Descentralizados,Jefatura De Gobierno,No Determina,Consejo De Las Niñas Niños Y Adolescentes,"Consejo De Los Derechos De Las Niñas, Niños Y Adolescentes",Servicios De Emergencia,Servicios Sociales,Promoción Y Acción Social,Gastos En Personal,Remuneraciones Al Personal,905087583.0,1252503684.0,1252503671.35,7677186348.27,7677186270.73,Fiscal
2023,4,Organismos Descentralizados,Jefatura De Gobierno,No Determina,Consejo De Las Niñas Niños Y Adolescentes,"Consejo De Los Derechos De Las Niñas, Niños Y Adolescentes",Servicios De Emergencia,Servicios Sociales,Promoción Y Acción Social,Bienes De Consumo,Bienes De Consumo,12159419.0,147594759.0,147489917.43,904677952.92,904035329.45,Fiscal
2023,4,Organismos Descentralizados,Jefatura De Gobierno,No Determina,Consejo De Las Niñas Niños Y Adolescentes,"Consejo De Los Derechos De Las Niñas, Niños Y Adolescentes",Servicios De Emergencia,Servicios Sociales,Promoción Y Acción Social,Servicios No Personales,Servicios No Personales,1248946616.0,2898912924.0,2894791747.78,17768805800.13,17743545165.6,Fiscal
2023,4,Organismos Descentralizados,Jefatura De Gobierno,No Determina,Consejo De Las Niñas Niños Y Adolescentes,"Consejo De Los Derechos De Las Niñas, Niños Y Adolescentes",Servicios De Emergencia,Servicios Sociales,Promoción Y Acción Social,Bienes De Uso,Maquinaria Y Equipo,4043445.0,64943988.0,64045156.3,398072360.54,392562996.74,Fiscal
2023,4,Organismos Descentralizados,Jefatura De Gobierno,No Determina,Consejo De Las Niñas Niños Y Adolescentes,"Consejo De Los Derechos De Las Niñas, Niños Y Adolescentes",Servicios De Emergencia,Servicios Sociales,Promoción Y Acción Social,Transferencias,Al Sector Privado,1368880732.0,2167590530.0,2167589530.0,13286185612.17,13286179482.7,Fiscal
2023,4,Organismos Descentralizados,Jefatura De Gobierno,No Determina,Consejo De Las Niñas Niños Y Adolescentes,"Consejo De Los Derechos De Las Niñas, Niños Y Adolescentes",Servicios De Emergencia,Servicios Sociales,Promoción Y Acción Social,Transferencias,Al Sector Público,44667170.0,54484490.0,51479882.95,333961159.69,315544504.69,Fiscal
2023,4,Organismos Descentralizados,Jefatura De Gobierno,No Determina,Consejo De Las Niñas Niños Y Adolescentes,"Consejo De Los Derechos De Las Niñas, Niños Y Adolescentes",Servicios De Emergencia,Servicios Sociales,Promoción Y Acción Social,Bienes De Uso,Construcciones Del Dominio Privado,77462101.0,78108785.0,78108783.7,478765616.06,478765608.09,Fiscal
2023,4,Organismos Descentralizados,Jefatura De Gobierno,No Determina,Consejo De Las Niñas Niños Y Adolescentes,"Consejo De Los Derechos De Las Niñas, Niños Y Adolescentes",Servicios De Emergencia,Servicios Sociales,Promoción Y Acción Social,Servicios No Personales,Servicios No Personales,0.0,142217398.0,142217396.97,871717568.87,871717562.55,Fiscal
2023,4,Organismos Descentralizados,Jefatura De Gobierno,No Determina,Consejo De Las Niñas Niños Y Adolescentes,"Consejo De Los Derechos De Las Niñas, Niños Y Adolescentes",Servicios De Emergencia,Servicios Sociales,Promoción Y Acción Social,Activos Financieros,Activos Financieros,0.0,4822220.0,4822217.4,29557662.8,29557646.87,Fiscal
2023,4,Organismos Descentralizados,Jefatura De Gobierno,No Determina,Consejo De Las Niñas Niños Y Adolescentes,"Consejo De Los Derechos De Las Niñas, Niños Y Adolescentes",Promocion Y Proteccion De Los Derechos De Niñas/Os Y Adolescentes,Servicios Sociales,Promoción Y Acción Social,Gastos En Personal,Remuneraciones Al Personal,846816818.0,1309290718.0,1309290711.65,8025260887.09,8025260848.17,Fiscal
2023,4,Organismos Descentralizados,Jefatura De Gobierno,No Determina,Consejo De Las Niñas Niños Y Adolescentes,"Consejo De Los Derechos De Las Niñas, Niños Y Adolescentes",Promocion Y Proteccion De Los Derechos De Niñas/Os Y Adolescentes,Servicios Sociales,Promoción Y Acción Social,Bienes De Consumo,Bienes De Consumo,1134987.0,2183299.0,2183295.65,13382470.24,13382449.71,Fiscal
2023,4,Organismos Descentralizados,Jefatura De Gobierno,No Determina,Consejo De Las Niñas Niños Y Adolescentes,"Consejo De Los Derechos De Las Niñas, Niños Y Adolescentes",Promocion Y Proteccion De Los Derechos De Niñas/Os Y Adolescentes,Servicios Sociales,Promoción Y Acción Social,Servicios No Personales,Servicios No Personales,137191245.0,317592390.0,316280156.27,1946673684.05,1938630384.06,Fiscal
2023,4,Organismos Descentralizados,Jefatura De Gobierno,No Determina,Consejo De Las Niñas Niños Y Adolescentes,"Consejo De Los Derechos De Las Niñas, Niños Y Adolescentes",Promocion Y Proteccion De Los Derechos De Niñas/Os Y Adolescentes,Servicios Sociales,Promoción Y Acción Social,Bienes De Uso,Maquinaria Y Equipo,454537.0,19605796.0,19536196.17,120173178.99,119746568.77,Fiscal
2023,4,Organismos Descentralizados,Jefatura De Gobierno,No Determina,Consejo De Las Niñas Niños Y Adolescentes,"Consejo De Los Derechos De Las Niñas, Niños Y Adolescentes",Programas Especiales De Proteccion Para Niñas/Os Y Adolescentes,Servicios Sociales,Promoción Y Acción Social,Gastos En Personal,Remuneraciones Al Personal,642352049.0,991628064.0,991628038.54,6078156521.81,6078156365.76,Fiscal
2023,4,Organismos Descentralizados,Jefatura De Gobierno,No Determina,Consejo De Las Niñas Niños Y Adolescentes,"Consejo De Los Derechos De Las Niñas, Niños Y Adolescentes",Programas Especiales De Proteccion Para Niñas/Os Y Adolescentes,Servicios Sociales,Promoción Y Acción Social,Bienes De Consumo,Bienes De Consumo,1126569.0,12137445.0,12137442.1,74396130.12,74396112.35,Fiscal
2023,4,Organismos Descentralizados,Jefatura De Gobierno,No Determina,Consejo De Las Niñas Niños Y Adolescentes,"Consejo De Los Derechos De Las Niñas, Niños Y Adolescentes",Programas Especiales De Proteccion Para Niñas/Os Y Adolescentes,Servicios Sociales,Promoción Y Acción Social,Servicios No Personales,Servicios No Personales,212609743.0,499994545.0,499316776.85,3064702598.58,3060548237.63,Fiscal
2023,4,Organismos Descentralizados,Jefatura De Gobierno,No Determina,Consejo De Las Niñas Niños Y Adolescentes,"Consejo De Los Derechos De Las Niñas, Niños Y Adolescentes",Programas Especiales De Proteccion Para Niñas/Os Y Adolescentes,Servicios Sociales,Promoción Y Acción Social,Bienes De Uso,Maquinaria Y Equipo,818017.0,15282866.0,15282863.0,93675900.29,93675881.9,Fiscal
2023,4,Organismos Descentralizados,Jefatura De Gobierno,No Determina,Consejo De Las Niñas Niños Y Adolescentes,"Consejo De Los Derechos De Las Niñas, Niños Y Adolescentes",Programas Especiales De Proteccion Para Niñas/Os Y Adolescentes,Servicios Sociales,Promoción Y Acción Social,Transferencias,Al Sector Privado,558779103.0,1569723237.0,1569723236.23,9621574738.34,9621574733.62,Fiscal
2023,4,Organismos Descentralizados,Jefatura De Gobierno,No Determina,Consejo De Las Niñas Niños Y Adolescentes,"Consejo De Los Derechos De Las Niñas, Niños Y Adolescentes",Control E Intervencion De Jovenes En Conflicto Con La Ley Penal,Servicios Sociales,Promoción Y Acción Social,Gastos En Personal,Remuneraciones Al Personal,1946216930.0,3100673361.0,3100673334.32,19005490763.49,19005490599.96,Fiscal
2023,4,Organismos Descentralizados,Jefatura De Gobierno,No Determina,Consejo De Las Niñas Niños Y Adolescentes,"Consejo De Los Derechos De Las Niñas, Niños Y Adolescentes",Control E Intervencion De Jovenes En Conflicto Con La Ley Penal,Servicios Sociales,Promoción Y Acción Social,Bienes De Consumo,Bienes De Consumo,38049920.0,56538580.0,56424232.16,346551646.97,345850755.08,Fiscal
2023,4,Organismos Descentralizados,Jefatura De Gobierno,No Determina,Consejo De Las Niñas Niños Y Adolescentes,"Consejo De Los Derechos De Las Niñas, Niños Y Adolescentes",Control E Intervencion De Jovenes En Conflicto Con La Ley Penal,Servicios Sociales,Promoción Y Acción Social,Servicios No Personales,Servicios No Personales,682722818.0,921943446.0,921141820.36,5651026602.09,5646113060.12,Fiscal
2023,4,Organismos Descentralizados,Jefatura De Gobierno,No Determina,Consejo De Las Niñas Niños Y Adolescentes,"Consejo De Los Derechos De Las Niñas, Niños Y Adolescentes",Control E Intervencion De Jovenes En Conflicto Con La Ley Penal,Servicios Sociales,Promoción Y Acción Social,Bienes De Uso,Maquinaria Y Equipo,6976572.0,13775086.0,13775082.0,84434004.89,84433980.38,Fiscal
2023,4,Organismos Descentralizados,Jefatura De Gobierno,No Determina,Consejo De Las Niñas Niños Y Adolescentes,"Consejo De Los Derechos De Las Niñas, Niños Y Adolescentes",Control E Intervencion De Jovenes En Conflicto Con La Ley Penal,Servicios Sociales,Promoción Y Acción Social,Transferencias,Al Sector Privado,28799338.0,36669430.0,35948973.47,224764247.0,220348228.82,Fiscal
2023,4,Organismos Descentralizados,Jefatura De Gobierno,No Determina,Consejo De Las Niñas Niños Y Adolescentes,"Consejo De Los Derechos De Las Niñas, Niños Y Adolescentes",Control E Intervencion De Jovenes En Conflicto Con La Ley Penal,Servicios Sociales,Promoción Y Acción Social,Transferencias,Al Sector Público,7221094.0,5520000.0,5520000.0,33834685.82,33834685.82,Fiscal
2023,4,Organismos Descentralizados,Jefatura De Gobierno,No Determina,Consejo De Las Niñas Niños Y Adolescentes,"Consejo De Los Derechos De Las Niñas, Niños Y Adolescentes",Control E Intervencion De Jovenes En Conflicto Con La Ley Penal,Servicios Sociales,Promoción Y Acción Social,Servicios No Personales,Servicios No Personales,0.0,65857371.0,65857371.0,403670916.13,403670916.13,Fiscal
2023,4,Organismos Descentralizados,Jefatura De Gobierno,No Determina,Ente Regulador De Servicios Publicos,Ente Regulador De Los Servicios Publicos,Actividades Centrales,Administración Gubernamental,Control De La Gestión,Gastos En Personal,Remuneraciones Al Personal,2512515417.0,3673323484.0,3356616541.26,22515533698.13,20574287338.33,Fiscal
2023,4,Organismos Descentralizados,Jefatura De Gobierno,No Determina,Ente Regulador De Servicios Publicos,Ente Regulador De Los Servicios Publicos,Actividades Centrales,Administración Gubernamental,Control De La Gestión,Bienes De Consumo,Bienes De Consumo,21476784.0,10565633.0,10565627.29,64761752.37,64761717.37,Fiscal
2023,4,Organismos Descentralizados,Jefatura De Gobierno,No Determina,Ente Regulador De Servicios Publicos,Ente Regulador De Los Servicios Publicos,Actividades Centrales,Administración Gubernamental,Control De La Gestión,Servicios No Personales,Servicios No Personales,1178536776.0,858345349.0,848706429.91,5261203842.85,5202122357.5,Fiscal
2023,4,Organismos Descentralizados,Jefatura De Gobierno,No Determina,Ente Regulador De Servicios Publicos,Ente Regulador De Los Servicios Publicos,Actividades Centrales,Administración Gubernamental,Control De La Gestión,Bienes De Uso,Maquinaria Y Equipo,3208751.0,1099175.0,1099174.18,6737362.46,6737357.44,Fiscal
2023,4,Organismos Descentralizados,Jefatura De Gobierno,No Determina,Ente Regulador De Servicios Publicos,Ente Regulador De Los Servicios Publicos,Vinculos Con Los Usuarios,Administración Gubernamental,Control De La Gestión,Gastos En Personal,Remuneraciones Al Personal,129337106.0,175021611.0,175021603.77,1072790076.22,1072790031.9,Fiscal
2023,4,Organismos Descentralizados,Jefatura De Gobierno,No Determina,Ente Regulador De Servicios Publicos,Ente Regulador De Los Servicios Publicos,Vinculos Con Los Usuarios,Administración Gubernamental,Control De La Gestión,Bienes De Consumo,Bienes De Consumo,2866265.0,1193808.0,1193805.98,7317412.79,7317400.41,Fiscal
2023,4,Organismos Descentralizados,Jefatura De Gobierno,No Determina,Ente Regulador De Servicios Publicos,Ente Regulador De Los Servicios Publicos,Vinculos Con Los Usuarios,Administración Gubernamental,Control De La Gestión,Servicios No Personales,Servicios No Personales,1331246.0,21599804.0,21080717.45,132395395.33,129213668.82,Fiscal
2023,4,Organismos Descentralizados,Jefatura De Gobierno,No Determina,Ente Regulador De Servicios Publicos,Ente Regulador De Los Servicios Publicos,Vinculos Con Los Usuarios,Administración Gubernamental,Control De La Gestión,Bienes De Uso,Maquinaria Y Equipo,0.0,159742.0,159742.0,979134.13,979134.13,Fiscal
2023,4,Organismos Descentralizados,Jefatura De Gobierno,No Determina,Ente Regulador De Servicios Publicos,Ente Regulador De Los Servicios Publicos,Control Tecnico De Los Servicios Publicos,Administración Gubernamental,Control De La Gestión,Gastos En Personal,Remuneraciones Al Personal,862912863.0,1567536003.0,1567535996.04,9608168148.63,9608168105.97,Fiscal
2023,4,Organismos Descentralizados,Jefatura De Gobierno,No Determina,Ente Regulador De Servicios Publicos,Ente Regulador De Los Servicios Publicos,Control Tecnico De Los Servicios Publicos,Administración Gubernamental,Control De La Gestión,Bienes De Consumo,Bienes De Consumo,35317111.0,52322408.0,52322407.04,320708738.46,320708732.57,Fiscal
2023,4,Organismos Descentralizados,Jefatura De Gobierno,No Determina,Ente Regulador De Servicios Publicos,Ente Regulador De Los Servicios Publicos,Control Tecnico De Los Servicios Publicos,Administración Gubernamental,Control De La Gestión,Servicios No Personales,Servicios No Personales,36352032.0,90305638.0,89200941.95,553525885.86,546754682.27,Fiscal
2023,4,Organismos Descentralizados,Jefatura De Gobierno,No Determina,Ente Regulador De Servicios Publicos,Ente Regulador De Los Servicios Publicos,Control Tecnico De Los Servicios Publicos,Administración Gubernamental,Control De La Gestión,Bienes De Uso,Maquinaria Y Equipo,23103012.0,85554191.0,85554188.75,524402024.18,524402010.39,Fiscal
2023,4,Organismos Descentralizados,Jefatura De Gobierno,No Determina,Ente Regulador De Servicios Publicos,Ente Regulador De Los Servicios Publicos,Actividades En Comunas,Administración Gubernamental,Control De La Gestión,Gastos En Personal,Remuneraciones Al Personal,62933431.0,22869206.0,22869202.61,140176159.43,140176138.65,Fiscal
2023,4,Organismos Descentralizados,Jefatura De Gobierno,No Determina,Ente Regulador De Servicios Publicos,Ente Regulador De Los Servicios Publicos,Actividades En Comunas,Administración Gubernamental,Control De La Gestión,Bienes De Consumo,Bienes De Consumo,266712.0,572700.0,572699.76,3510348.65,3510347.18,Fiscal
2023,4,Organismos Descentralizados,Jefatura De Gobierno,No Determina,Ente Regulador De Servicios Publicos,Ente Regulador De Los Servicios Publicos,Actividades En Comunas,Administración Gubernamental,Control De La Gestión,Servicios No Personales,Servicios No Personales,333390.0,2050034.0,2001000.0,12565626.14,12265073.61,Fiscal
2023,4,Organismos Descentralizados,Jefatura De Gobierno,No Determina,Ente Regulador De Servicios Publicos,Ente Regulador De Los Servicios Publicos,Actividades En Comunas,Administración Gubernamental,Control De La Gestión,Bienes De Uso,Maquinaria Y Equipo,250283.0,0.0,0.0,0.0,0.0,Fiscal
2023,4,Organismos Descentralizados,Jefatura De Gobierno,No Determina,Ente Regulador De Servicios Publicos,Ente Regulador De Los Servicios Publicos,Modernizacion Y Gestion De La Informacion,Administración Gubernamental,Control De La Gestión,Gastos En Personal,Remuneraciones Al Personal,105536583.0,242224421.0,162546160.53,1484707823.12,996322151.0,Fiscal
2023,4,Organismos Descentralizados,Jefatura De Gobierno,No Determina,Ente Regulador De Servicios Publicos,Ente Regulador De Los Servicios Publicos,Modernizacion Y Gestion De La Informacion,Administración Gubernamental,Control De La Gestión,Bienes De Consumo,Bienes De Consumo,2742664.0,986212.0,986210.61,6044958.91,6044950.39,Fiscal
2023,4,Organismos Descentralizados,Jefatura De Gobierno,No Determina,Ente Regulador De Servicios Publicos,Ente Regulador De Los Servicios Publicos,Modernizacion Y Gestion De La Informacion,Administración Gubernamental,Control De La Gestión,Servicios No Personales,Servicios No Personales,1331246.0,320059552.0,319943344.59,1961796084.62,1961083794.55,Fiscal
2023,4,Organismos Descentralizados,Jefatura De Gobierno,No Determina,Ente Regulador De Servicios Publicos,Ente Regulador De Los Servicios Publicos,Modernizacion Y Gestion De La Informacion,Administración Gubernamental,Control De La Gestión,Bienes De Uso,Maquinaria Y Equipo,8073219.0,293190034.0,293190031.75,1797100124.52,1797100110.72,Fiscal
2023,4,Organismos Descentralizados,Jefatura De Gobierno,No Determina,Ente Regulador De Servicios Publicos,Ente Regulador De Los Servicios Publicos,Modernizacion Y Gestion De La Informacion,Administración Gubernamental,Control De La Gestión,Bienes De Uso,Activos Intangibles,0.0,34849796.0,34849795.2,213610851.22,213610846.31,Fiscal
2023,4,Organismos Descentralizados,Jefatura De Gobierno,No Determina,Oficina De Integridad Pública,Oficina De Integridad Publica,Integridad Publica,Administración Gubernamental,Dirección Ejecutiva,Gastos En Personal,Remuneraciones Al Personal,0.0,78728770.0,78728764.17,482565796.8,482565761.06,Fiscal
2023,4,Organismos Descentralizados,Jefatura De Gobierno,No Determina,Oficina De Integridad Pública,Oficina De Integridad Publica,Integridad Publica,Administración Gubernamental,Dirección Ejecutiva,Bienes De Consumo,Bienes De Consumo,0.0,596236.0,466229.61,3654611.91,2857741.37,Fiscal
2023,4,Organismos Descentralizados,Jefatura De Gobierno,No Determina,Oficina De Integridad Pública,Oficina De Integridad Publica,Integridad Publica,Administración Gubernamental,Dirección Ejecutiva,Servicios No Personales,Servicios No Personales,0.0,11548271.0,11547170.27,70784804.55,70778057.65,Fiscal
2023,4,Organismos Descentralizados,Jefatura De Gobierno,No Determina,Oficina De Integridad Pública,Oficina De Integridad Publica,Integridad Publica,Administración Gubernamental,Dirección Ejecutiva,Bienes De Uso,Maquinaria Y Equipo,0.0,1100239.0,1100239.0,6743884.22,6743884.22,Fiscal
2023,4,Administracion Central,Jefatura De Gobierno,Secretaria De Medios,Secretaria De Medios,Secretaria De Medios,Actividades Centrales,Administración Gubernamental,Dirección Ejecutiva,Gastos En Personal,Remuneraciones Al Personal,140893707.0,372206944.0,372206926.54,2281432067.39,2281431960.37,Fiscal
2023,4,Administracion Central,Jefatura De Gobierno,Secretaria De Medios,Secretaria De Medios,Secretaria De Medios,Actividades Centrales,Administración Gubernamental,Dirección Ejecutiva,Servicios No Personales,Servicios No Personales,308645298.0,319955740.0,319170736.37,1961159771.87,1956348114.04,Fiscal
2023,4,Administracion Central,Jefatura De Gobierno,Secretaria De Medios,Secretaria De Medios,Secretaria De Medios,Actividades Centrales,Administración Gubernamental,Dirección Ejecutiva,Bienes De Consumo,Bienes De Consumo,1595705.0,4532575.0,4532572.9,27782291.87,27782278.99,Fiscal
2023,4,Administracion Central,Jefatura De Gobierno,Secretaria De Medios,Secretaria De Medios,Secretaria De Medios,Actividades Centrales,Administración Gubernamental,Dirección Ejecutiva,Bienes De Uso,Maquinaria Y Equipo,15324039.0,7696064.0,7696063.09,47172809.33,47172803.76,Fiscal
2023,4,Administracion Central,Jefatura De Gobierno,Secretaria De Medios,Secretaria De Medios,Secretaria De Medios,Actividades Centrales,Administración Gubernamental,Dirección Ejecutiva,Bienes De Uso,Activos Intangibles,1922718.0,474800.0,474800.0,2910273.34,2910273.34,Fiscal
2023,4,Administracion Central,Jefatura De Gobierno,Secretaria De Medios,Secretaria De Medios,Ls1 Radio De La Ciudad Y Fm 2x4,Señal Am Y Fm,Servicios Sociales,Cultura,Gastos En Personal,Remuneraciones Al Personal,603967340.0,1066261568.0,1066261551.55,6535620500.04,6535620399.21,Fiscal
2023,4,Administracion Central,Jefatura De Gobierno,Secretaria De Medios,Secretaria De Medios,Ls1 Radio De La Ciudad Y Fm 2x4,Señal Am Y Fm,Servicios Sociales,Cultura,Bienes De Consumo,Bienes De Consumo,5325326.0,6139380.0,6139371.17,37631158.24,37631104.11,Fiscal
2023,4,Administracion Central,Jefatura De Gobierno,Secretaria De Medios,Secretaria De Medios,Ls1 Radio De La Ciudad Y Fm 2x4,Señal Am Y Fm,Servicios Sociales,Cultura,Servicios No Personales,Servicios No Personales,447574989.0,492064407.0,492048071.51,3016095039.2,3015994911.27,Fiscal
2023,4,Administracion Central,Jefatura De Gobierno,Secretaria De Medios,Secretaria De Medios,Ls1 Radio De La Ciudad Y Fm 2x4,Señal Am Y Fm,Servicios Sociales,Cultura,Bienes De Uso,Maquinaria Y Equipo,14448662.0,14280703.0,14280702.11,87533170.17,87533164.72,Fiscal
2023,4,Administracion Central,Jefatura De Gobierno,Secretaria De Medios,Secretaria De Medios,Ls1 Radio De La Ciudad Y Fm 2x4,Señal Am Y Fm,Servicios Sociales,Cultura,Bienes De Uso,Activos Intangibles,282943.0,225785.0,225785.0,1383942.85,1383942.85,Fiscal
2023,4,Administracion Central,Jefatura De Gobierno,Secretaria De Medios,Secretaria De Medios,Subsecretaria De Medios Y Prensa,Acciones De La Subsecretaria De Medios Y Prensa,Administración Gubernamental,Dirección Ejecutiva,Gastos En Personal,Remuneraciones Al Personal,85156542.0,129446522.0,129446512.42,793438841.12,793438782.4,Fiscal
2023,4,Administracion Central,Jefatura De Gobierno,Secretaria De Medios,Secretaria De Medios,Subsecretaria De Medios Y Prensa,Acciones De La Subsecretaria De Medios Y Prensa,Administración Gubernamental,Dirección Ejecutiva,Servicios No Personales,Servicios No Personales,76843913.0,371966909.0,371966906.93,2279960779.57,2279960766.88,Fiscal
2023,4,Administracion Central,Jefatura De Gobierno,Secretaria De Medios,Secretaria De Medios,Subsecretaria De Medios Y Prensa,Acciones De La Subsecretaria De Medios Y Prensa,Administración Gubernamental,Dirección Ejecutiva,Bienes De Consumo,Bienes De Consumo,844784.0,1332400.0,1202395.43,8166908.59,7370049.2,Fiscal
2023,4,Administracion Central,Jefatura De Gobierno,Secretaria De Medios,Secretaria De Medios,Subsecretaria De Medios Y Prensa,Acciones De La Subsecretaria De Medios Y Prensa,Administración Gubernamental,Dirección Ejecutiva,Bienes De Uso,Maquinaria Y Equipo,8599586.0,11959991.0,11959989.94,73308430.79,73308424.29,Fiscal
2023,4,Administracion Central,Jefatura De Gobierno,Secretaria De Medios,Secretaria De Medios,Subsecretaria De Medios Y Prensa,Acciones De La Subsecretaria De Medios Y Prensa,Administración Gubernamental,Dirección Ejecutiva,Bienes De Uso,Activos Intangibles,383101.0,0.0,0.0,0.0,0.0,Fiscal
2023,4,Administracion Central,Jefatura De Gobierno,Secretaria De Medios,Secretaria De Medios,Direccion General Planeamiento De Medios,Planeamiento De Medios,Administración Gubernamental,Dirección Ejecutiva,Gastos En Personal,Remuneraciones Al Personal,60857013.0,92968986.0,92968976.3,569850803.03,569850743.58,Fiscal
2023,4,Administracion Central,Jefatura De Gobierno,Secretaria De Medios,Secretaria De Medios,Direccion General Planeamiento De Medios,Planeamiento De Medios,Administración Gubernamental,Dirección Ejecutiva,Bienes De Consumo,Bienes De Consumo,1407977.0,3793198.0,3663192.24,23250301.2,22453434.52,Fiscal
2023,4,Administracion Central,Jefatura De Gobierno,Secretaria De Medios,Secretaria De Medios,Direccion General Planeamiento De Medios,Planeamiento De Medios,Administración Gubernamental,Dirección Ejecutiva,Servicios No Personales,Servicios No Personales,152557947.0,107580395.0,107580393.85,659411026.4,659411019.35,Fiscal
2023,4,Administracion Central,Jefatura De Gobierno,Secretaria De Medios,Secretaria De Medios,Dg.Prensa,Difusion De Gobierno En Prensa,Administración Gubernamental,Dirección Ejecutiva,Gastos En Personal,Remuneraciones Al Personal,137344703.0,208843929.0,208843916.65,1280103029.73,1280102954.03,Fiscal
2023,4,Administracion Central,Jefatura De Gobierno,Secretaria De Medios,Secretaria De Medios,Dg.Prensa,Difusion De Gobierno En Prensa,Administración Gubernamental,Dirección Ejecutiva,Servicios No Personales,Servicios No Personales,101663389.0,131343753.0,131343751.2,805067865.54,805067854.51,Fiscal
2023,4,Administracion Central,Jefatura De Gobierno,Secretaria De Medios,Secretaria De Medios,Dg.Prensa,Difusion De Gobierno En Prensa,Administración Gubernamental,Dirección Ejecutiva,Bienes De Consumo,Bienes De Consumo,1157667.0,2298068.0,2298066.29,14085943.62,14085933.14,Fiscal
2023,4,Administracion Central,Jefatura De Gobierno,Secretaria De Medios,Secretaria De Medios,Dg.Actos Y Agenda De Gob,Planificacion Y Ejecucion De Actos Y Agenda De Gobierno,Administración Gubernamental,Dirección Ejecutiva,Gastos En Personal,Remuneraciones Al Personal,71070587.0,117581359.0,117581349.6,720711655.91,720711598.29,Fiscal
2023,4,Administracion Central,Jefatura De Gobierno,Secretaria De Medios,Secretaria De Medios,Dg.Actos Y Agenda De Gob,Planificacion Y Ejecucion De Actos Y Agenda De Gobierno,Administración Gubernamental,Dirección Ejecutiva,Servicios No Personales,Servicios No Personales,306744609.0,546449088.0,545690563.25,3349444422.41,3344795066.14,Fiscal
2023,4,Administracion Central,Jefatura De Gobierno,Secretaria De Medios,Secretaria De Medios,Dg.Actos Y Agenda De Gob,Planificacion Y Ejecucion De Actos Y Agenda De Gobierno,Administración Gubernamental,Dirección Ejecutiva,Bienes De Consumo,Bienes De Consumo,1789691.0,404409.0,404405.82,2478813.67,2478794.18,Fiscal
2023,4,Administracion Central,Jefatura De Gobierno,Secretaria De Medios,Secretaria De Medios,Dg.Actos Y Agenda De Gob,Planificacion Y Ejecucion De Actos Y Agenda De Gobierno,Administración Gubernamental,Dirección Ejecutiva,Bienes De Uso,Maquinaria Y Equipo,3668140.0,4292469.0,4292468.1,26310568.85,26310563.33,Fiscal
2023,4,Administracion Central,Jefatura De Gobierno,Secretaria De Medios,Secretaria De Medios,Dg.Actos Y Agenda De Gob,Planificacion Y Ejecucion De Actos Y Agenda De Gobierno,Administración Gubernamental,Dirección Ejecutiva,Bienes De Uso,Activos Intangibles,0.0,988900.0,988900.0,6061434.93,6061434.93,Fiscal
2023,4,Administracion Central,Jefatura De Gobierno,Secretaria De Medios,Secretaria De Medios,F/N Señal De Cable De La Ciudad,Cable De La Ciudad,Servicios Sociales,Cultura,Gastos En Personal,Remuneraciones Al Personal,147432277.0,231381998.0,231381980.38,1418249494.17,1418249386.17,Fiscal
2023,4,Administracion Central,Jefatura De Gobierno,Secretaria De Medios,Secretaria De Medios,F/N Señal De Cable De La Ciudad,Cable De La Ciudad,Servicios Sociales,Cultura,Servicios No Personales,Servicios No Personales,506580753.0,584351044.0,583556814.62,3581763403.09,3576895196.29,Fiscal
2023,4,Administracion Central,Jefatura De Gobierno,Secretaria De Medios,Secretaria De Medios,F/N Señal De Cable De La Ciudad,Cable De La Ciudad,Servicios Sociales,Cultura,Bienes De Consumo,Bienes De Consumo,8487019.0,12127182.0,12127173.47,74333223.35,74333171.07,Fiscal
2023,4,Administracion Central,Jefatura De Gobierno,Secretaria De Medios,Secretaria De Medios,F/N Señal De Cable De La Ciudad,Cable De La Ciudad,Servicios Sociales,Cultura,Bienes De Uso,Maquinaria Y Equipo,14731605.0,13465788.0,13465786.06,82538171.44,82538159.55,Fiscal
2023,4,Administracion Central,Jefatura De Gobierno,Secretaria De Medios,Secretaria De Medios,Subsecr.Comunicaciòn Social,Desarrollo Y Planificacion De Acciones Comunicacionales,Administración Gubernamental,Dirección Ejecutiva,Gastos En Personal,Remuneraciones Al Personal,59847781.0,87678946.0,87678937.33,537425650.61,537425597.46,Fiscal
2023,4,Administracion Central,Jefatura De Gobierno,Secretaria De Medios,Secretaria De Medios,Subsecr.Comunicaciòn Social,Desarrollo Y Planificacion De Acciones Comunicacionales,Administración Gubernamental,Dirección Ejecutiva,Bienes De Consumo,Bienes De Consumo,5279912.0,1479519.0,1349517.82,9068670.39,8271831.79,Fiscal
2023,4,Administracion Central,Jefatura De Gobierno,Secretaria De Medios,Secretaria De Medios,Subsecr.Comunicaciòn Social,Desarrollo Y Planificacion De Acciones Comunicacionales,Administración Gubernamental,Dirección Ejecutiva,Servicios No Personales,Servicios No Personales,3868765501.0,11402646294.0,11401741400.51,69892201979.67,69886655460.3,Fiscal
2023,4,Administracion Central,Jefatura De Gobierno,Secretaria De Medios,Secretaria De Medios,Subsecr.Comunicaciòn Social,Desarrollo Y Planificacion De Acciones Comunicacionales,Administración Gubernamental,Dirección Ejecutiva,Bienes De Uso,Maquinaria Y Equipo,8982687.0,17324813.0,17324811.57,106191957.4,106191948.63,Fiscal
2023,4,Administracion Central,Jefatura De Gobierno,Unidad De Proyección Federal Y Desarrollo Territorial,Unidad De Proyección Federal Y Desarrollo Territorial,Subsecretaría De Servicios Al Ciudadano,Defensa Y Proteccion Al Consumidor,Servicios Sociales,Promoción Y Acción Social,Gastos En Personal,Remuneraciones Al Personal,406969209.0,501723776.0,501723759.43,3075301871.69,3075301770.13,Fiscal
2023,4,Administracion Central,Jefatura De Gobierno,Unidad De Proyección Federal Y Desarrollo Territorial,Unidad De Proyección Federal Y Desarrollo Territorial,Subsecretaría De Servicios Al Ciudadano,Defensa Y Proteccion Al Consumidor,Servicios Sociales,Promoción Y Acción Social,Bienes De Consumo,Bienes De Consumo,3762422.0,1013392.0,889390.9,6211557.96,5451496.68,Fiscal
2023,4,Administracion Central,Jefatura De Gobierno,Unidad De Proyección Federal Y Desarrollo Territorial,Unidad De Proyección Federal Y Desarrollo Territorial,Subsecretaría De Servicios Al Ciudadano,Defensa Y Proteccion Al Consumidor,Servicios Sociales,Promoción Y Acción Social,Servicios No Personales,Servicios No Personales,266821319.0,452152484.0,452146479.24,2771456021.92,2771419215.91,Fiscal
2023,4,Administracion Central,Jefatura De Gobierno,Unidad De Proyección Federal Y Desarrollo Territorial,Unidad De Proyección Federal Y Desarrollo Territorial,Subsecretaría De Servicios Al Ciudadano,Defensa Y Proteccion Al Consumidor,Servicios Sociales,Promoción Y Acción Social,Bienes De Uso,Maquinaria Y Equipo,6059722.0,5051058.0,5051057.08,30960318.93,30960313.29,Fiscal
2023,4,Administracion Central,Jefatura De Gobierno,Unidad De Proyección Federal Y Desarrollo Territorial,Unidad De Proyección Federal Y Desarrollo Territorial,Subsecretaría De Servicios Al Ciudadano,Mantenimiento De Infraestructura Comunal,Servicios Sociales,Vivienda Y Urbanismo,Servicios No Personales,Servicios No Personales,406413351.0,237041102.0,236079562.13,1452936814.08,1447043082.3,Fiscal
2023,4,Administracion Central,Jefatura De Gobierno,Unidad De Proyección Federal Y Desarrollo Territorial,Unidad De Proyección Federal Y Desarrollo Territorial,Subsecretaría De Servicios Al Ciudadano,Mantenimiento De Infraestructura Comunal,Servicios Sociales,Vivienda Y Urbanismo,Bienes De Uso,Maquinaria Y Equipo,1214715.0,0.0,0.0,0.0,0.0,Fiscal
2023,4,Administracion Central,Jefatura De Gobierno,Unidad De Proyección Federal Y Desarrollo Territorial,Unidad De Proyección Federal Y Desarrollo Territorial,Subsecretaría De Servicios Al Ciudadano,Servicios Mortuorios,Servicios Sociales,Servicios Urbanos,Gastos En Personal,Remuneraciones Al Personal,794354776.0,1066641502.0,1066641489.17,6537949294.89,6537949216.24,Fiscal
2023,4,Administracion Central,Jefatura De Gobierno,Unidad De Proyección Federal Y Desarrollo Territorial,Unidad De Proyección Federal Y Desarrollo Territorial,Subsecretaría De Servicios Al Ciudadano,Servicios Mortuorios,Servicios Sociales,Servicios Urbanos,Bienes De Consumo,Bienes De Consumo,24586900.0,46499738.0,46023212.31,285018845.32,282097994.41,Fiscal
2023,4,Administracion Central,Jefatura De Gobierno,Unidad De Proyección Federal Y Desarrollo Territorial,Unidad De Proyección Federal Y Desarrollo Territorial,Subsecretaría De Servicios Al Ciudadano,Servicios Mortuorios,Servicios Sociales,Servicios Urbanos,Servicios No Personales,Servicios No Personales,127968702.0,467116801.0,466978988.58,2863179385.01,2862334667.64,Fiscal
2023,4,Administracion Central,Jefatura De Gobierno,Unidad De Proyección Federal Y Desarrollo Territorial,Unidad De Proyección Federal Y Desarrollo Territorial,Subsecretaría De Servicios Al Ciudadano,Servicios Mortuorios,Servicios Sociales,Servicios Urbanos,Bienes De Uso,Maquinaria Y Equipo,17536831.0,22233051.0,22233050.06,136276865.13,136276859.37,Fiscal
2023,4,Administracion Central,Jefatura De Gobierno,Unidad De Proyección Federal Y Desarrollo Territorial,Unidad De Proyección Federal Y Desarrollo Territorial,Subsecretaría De Servicios Al Ciudadano,Servicios Mortuorios,Servicios Sociales,Servicios Urbanos,Bienes De Uso,Construcciones Del Dominio Privado,0.0,1942176071.0,1942176066.44,11904513981.62,11904513953.67,Fiscal
2023,4,Administracion Central,Jefatura De Gobierno,Unidad De Proyección Federal Y Desarrollo Territorial,Unidad De Proyección Federal Y Desarrollo Territorial,Subsecretaría De Servicios Al Ciudadano,Servicios Mortuorios,Servicios Sociales,Servicios Urbanos,Activos Financieros,Activos Financieros,0.0,231788211.0,231788209.96,1420739365.41,1420739359.03,Fiscal
2023,4,Administracion Central,Jefatura De Gobierno,Unidad De Proyección Federal Y Desarrollo Territorial,Unidad De Proyección Federal Y Desarrollo Territorial,Subsecretaría De Servicios Al Ciudadano,Servicios Mortuorios,Servicios Sociales,Servicios Urbanos,Servicios No Personales,Servicios No Personales,1662688550.0,2309880095.0,2297268988.55,14158345526.64,14081046101.89,Fiscal
2023,4,Administracion Central,Jefatura De Gobierno,Unidad De Proyección Federal Y Desarrollo Territorial,Unidad De Proyección Federal Y Desarrollo Territorial,Subsecretaría De Servicios Al Ciudadano,Servicios Mortuorios,Servicios Económicos,Ecología,Servicios No Personales,Servicios No Personales,418129063.0,1025421948.0,1021297388.33,6285295189.92,6260013816.62,Fiscal
2023,4,Administracion Central,Jefatura De Gobierno,Unidad De Proyección Federal Y Desarrollo Territorial,Unidad De Proyección Federal Y Desarrollo Territorial,Subsecretaría De Servicios Al Ciudadano,Servicios Desconcentrados,Administración Gubernamental,Dirección Ejecutiva,Gastos En Personal,Remuneraciones Al Personal,745104952.0,868310962.0,868310904.63,5322287789.39,5322287437.74,Fiscal
2023,4,Administracion Central,Jefatura De Gobierno,Unidad De Proyección Federal Y Desarrollo Territorial,Unidad De Proyección Federal Y Desarrollo Territorial,Subsecretaría De Servicios Al Ciudadano,Servicios Desconcentrados,Administración Gubernamental,Dirección Ejecutiva,Bienes De Consumo,Bienes De Consumo,3760797.0,19892034.0,19762024.25,121927666.81,121130775.68,Fiscal
2023,4,Administracion Central,Jefatura De Gobierno,Unidad De Proyección Federal Y Desarrollo Territorial,Unidad De Proyección Federal Y Desarrollo Territorial,Subsecretaría De Servicios Al Ciudadano,Servicios Desconcentrados,Administración Gubernamental,Dirección Ejecutiva,Servicios No Personales,Servicios No Personales,86830122.0,175829900.0,175829898.68,1077744461.07,1077744452.98,Fiscal
2023,4,Administracion Central,Jefatura De Gobierno,Unidad De Proyección Federal Y Desarrollo Territorial,Unidad De Proyección Federal Y Desarrollo Territorial,Subsecretaría De Servicios Al Ciudadano,Servicios Desconcentrados,Administración Gubernamental,Dirección Ejecutiva,Bienes De Uso,Maquinaria Y Equipo,3114697.0,1630846.0,1630845.51,9996225.01,9996222.0,Fiscal
2023,4,Administracion Central,Jefatura De Gobierno,Unidad De Proyección Federal Y Desarrollo Territorial,Unidad De Proyección Federal Y Desarrollo Territorial,Subsecretaría De Servicios Al Ciudadano,Atencion Ciudadana,Administración Gubernamental,Dirección Ejecutiva,Gastos En Personal,Remuneraciones Al Personal,62918396.0,85272434.0,85272418.47,522675002.52,522674907.33,Fiscal
2023,4,Administracion Central,Jefatura De Gobierno,Unidad De Proyección Federal Y Desarrollo Territorial,Unidad De Proyección Federal Y Desarrollo Territorial,Subsecretaría De Servicios Al Ciudadano,Atencion Ciudadana,Administración Gubernamental,Dirección Ejecutiva,Bienes De Consumo,Bienes De Consumo,4789842.0,689175.0,589173.48,4224278.91,3611322.39,Fiscal
2023,4,Administracion Central,Jefatura De Gobierno,Unidad De Proyección Federal Y Desarrollo Territorial,Unidad De Proyección Federal Y Desarrollo Territorial,Subsecretaría De Servicios Al Ciudadano,Atencion Ciudadana,Administración Gubernamental,Dirección Ejecutiva,Servicios No Personales,Servicios No Personales,1722154501.0,3684118237.0,3684088233.84,22581699835.14,22581515931.61,Fiscal
2023,4,Administracion Central,Jefatura De Gobierno,Unidad De Proyección Federal Y Desarrollo Territorial,Unidad De Proyección Federal Y Desarrollo Territorial,Subsecretaría De Servicios Al Ciudadano,Atencion Ciudadana,Administración Gubernamental,Dirección Ejecutiva,Bienes De Uso,Maquinaria Y Equipo,1454334.0,70198233.0,70198230.86,430278108.52,430278095.4,Fiscal
2023,4,Administracion Central,Jefatura De Gobierno,Unidad De Proyección Federal Y Desarrollo Territorial,Unidad De Proyección Federal Y Desarrollo Territorial,Subsecretaría De Servicios Al Ciudadano,Atencion Ciudadana,Servicios Sociales,Salud,Servicios No Personales,Servicios No Personales,0.0,38082245.0,38082244.57,233424057.08,233424054.44,Fiscal
2023,4,Administracion Central,Jefatura De Gobierno,Unidad De Proyección Federal Y Desarrollo Territorial,Unidad De Proyección Federal Y Desarrollo Territorial,Subsecretaría De Servicios Al Ciudadano,Atencion Ciudadana,Administración Gubernamental,Dirección Ejecutiva,Servicios No Personales,Servicios No Personales,0.0,325931567.0,325678062.43,1997788436.56,1996234587.38,Fiscal
2023,4,Administracion Central,Jefatura De Gobierno,Unidad De Proyección Federal Y Desarrollo Territorial,Unidad De Proyección Federal Y Desarrollo Territorial,Subsecretaría De Servicios Al Ciudadano,Habilitacion De Conductores,Servicios Económicos,Transporte,Gastos En Personal,Remuneraciones Al Personal,868603758.0,1143589921.0,1143589911.52,7009602479.95,7009602421.85,Fiscal
2023,4,Administracion Central,Jefatura De Gobierno,Unidad De Proyección Federal Y Desarrollo Territorial,Unidad De Proyección Federal Y Desarrollo Territorial,Subsecretaría De Servicios Al Ciudadano,Habilitacion De Conductores,Servicios Económicos,Transporte,Bienes De Consumo,Bienes De Consumo,11699458.0,26868111.0,26868105.7,164687335.94,164687303.45,Fiscal
2023,4,Administracion Central,Jefatura De Gobierno,Unidad De Proyección Federal Y Desarrollo Territorial,Unidad De Proyección Federal Y Desarrollo Territorial,Subsecretaría De Servicios Al Ciudadano,Habilitacion De Conductores,Servicios Económicos,Transporte,Servicios No Personales,Servicios No Personales,945492464.0,1190084431.0,1188135307.24,7294589280.39,7282642180.74,Fiscal
2023,4,Administracion Central,Jefatura De Gobierno,Unidad De Proyección Federal Y Desarrollo Territorial,Unidad De Proyección Federal Y Desarrollo Territorial,Subsecretaría De Servicios Al Ciudadano,Habilitacion De Conductores,Servicios Económicos,Transporte,Bienes De Uso,Maquinaria Y Equipo,14640285.0,12974400.0,12974399.12,79526222.42,79526217.03,Fiscal
2023,4,Administracion Central,Jefatura De Gobierno,Unidad De Proyección Federal Y Desarrollo Territorial,Unidad De Proyección Federal Y Desarrollo Territorial,Subsecretaría De Servicios Al Ciudadano,Habilitacion De Conductores,Servicios Económicos,Transporte,Servicios No Personales,Servicios No Personales,13421328.0,0.0,0.0,0.0,0.0,Fiscal
2023,4,Administracion Central,Jefatura De Gobierno,Unidad De Proyección Federal Y Desarrollo Territorial,Unidad De Proyección Federal Y Desarrollo Territorial,Subsecretaría De Servicios Al Ciudadano,Coordinacion De Servicios Al Ciudadano,Administración Gubernamental,Dirección Ejecutiva,Gastos En Personal,Remuneraciones Al Personal,68597211.0,90419101.0,90419089.56,554221354.15,554221284.03,Fiscal
2023,4,Administracion Central,Jefatura De Gobierno,Unidad De Proyección Federal Y Desarrollo Territorial,Unidad De Proyección Federal Y Desarrollo Territorial,Subsecretaría De Servicios Al Ciudadano,Coordinacion De Servicios Al Ciudadano,Administración Gubernamental,Dirección Ejecutiva,Bienes De Consumo,Bienes De Consumo,7007089.0,18269281.0,18188104.76,111981047.62,111483480.13,Fiscal
2023,4,Administracion Central,Jefatura De Gobierno,Unidad De Proyección Federal Y Desarrollo Territorial,Unidad De Proyección Federal Y Desarrollo Territorial,Subsecretaría De Servicios Al Ciudadano,Coordinacion De Servicios Al Ciudadano,Administración Gubernamental,Dirección Ejecutiva,Servicios No Personales,Servicios No Personales,258389554.0,420660106.0,329285103.58,2578424370.56,2018343845.36,Fiscal
2023,4,Administracion Central,Jefatura De Gobierno,Unidad De Proyección Federal Y Desarrollo Territorial,Unidad De Proyección Federal Y Desarrollo Territorial,Subsecretaría De Servicios Al Ciudadano,Coordinacion De Servicios Al Ciudadano,Administración Gubernamental,Dirección Ejecutiva,Bienes De Uso,Maquinaria Y Equipo,14630934.0,5396526.0,5396525.73,33077855.39,33077853.74,Fiscal
2023,4,Administracion Central,Jefatura De Gobierno,Unidad De Proyección Federal Y Desarrollo Territorial,Unidad De Proyección Federal Y Desarrollo Territorial,Subsecretaría De Gestión Comunal,Intervenciones En El Espacio Publico Comunal,Servicios Sociales,Vivienda Y Urbanismo,Gastos En Personal,Remuneraciones Al Personal,228733510.0,876649471.0,876649461.06,5373398447.41,5373398386.48,Fiscal
2023,4,Administracion Central,Jefatura De Gobierno,Unidad De Proyección Federal Y Desarrollo Territorial,Unidad De Proyección Federal Y Desarrollo Territorial,Subsecretaría De Gestión Comunal,Intervenciones En El Espacio Publico Comunal,Servicios Sociales,Vivienda Y Urbanismo,Bienes De Consumo,Bienes De Consumo,7221919.0,24652328.0,24652317.8,151105755.93,151105693.41,Fiscal
2023,4,Administracion Central,Jefatura De Gobierno,Unidad De Proyección Federal Y Desarrollo Territorial,Unidad De Proyección Federal Y Desarrollo Territorial,Subsecretaría De Gestión Comunal,Intervenciones En El Espacio Publico Comunal,Servicios Sociales,Vivienda Y Urbanismo,Servicios No Personales,Servicios No Personales,61466629.0,125951211.0,125951210.21,772014429.97,772014425.13,Fiscal
2023,4,Administracion Central,Jefatura De Gobierno,Unidad De Proyección Federal Y Desarrollo Territorial,Unidad De Proyección Federal Y Desarrollo Territorial,Subsecretaría De Gestión Comunal,Intervenciones En El Espacio Publico Comunal,Servicios Sociales,Vivienda Y Urbanismo,Bienes De Uso,Maquinaria Y Equipo,262706.0,22990.0,22990.0,140916.56,140916.56,Fiscal
2023,4,Administracion Central,Jefatura De Gobierno,Unidad De Proyección Federal Y Desarrollo Territorial,Unidad De Proyección Federal Y Desarrollo Territorial,Subsecretaría De Gestión Comunal,Intervenciones En El Espacio Publico Comunal,Servicios Sociales,Vivienda Y Urbanismo,Bienes De Consumo,Bienes De Consumo,0.0,356956098.0,356956094.59,2187952432.8,2187952411.9,Fiscal
2023,4,Administracion Central,Jefatura De Gobierno,Unidad De Proyección Federal Y Desarrollo Territorial,Unidad De Proyección Federal Y Desarrollo Territorial,Subsecretaría De Gestión Comunal,Intervenciones En El Espacio Publico Comunal,Servicios Sociales,Vivienda Y Urbanismo,Bienes De Uso,Bienes De Uso,3124129221.0,0.0,0.0,0.0,0.0,Fiscal
2023,4,Administracion Central,Jefatura De Gobierno,Unidad De Proyección Federal Y Desarrollo Territorial,Unidad De Proyección Federal Y Desarrollo Territorial,Subsecretaría De Gestión Comunal,Intervenciones En El Espacio Publico Comunal,Servicios Sociales,Vivienda Y Urbanismo,Servicios No Personales,Servicios No Personales,1019689343.0,2253263927.0,2253263924.74,13811318306.2,13811318292.34,Fiscal
2023,4,Administracion Central,Jefatura De Gobierno,Unidad De Proyección Federal Y Desarrollo Territorial,Unidad De Proyección Federal Y Desarrollo Territorial,Subsecretaría De Gestión Comunal,Intervenciones En El Espacio Publico Comunal,Servicios Sociales,Vivienda Y Urbanismo,Transferencias,Transferencias,566403671.0,644184913.0,644184910.69,3948513431.95,3948513417.79,Fiscal
2023,4,Administracion Central,Jefatura De Gobierno,Unidad De Proyección Federal Y Desarrollo Territorial,Unidad De Proyección Federal Y Desarrollo Territorial,Subsecretaría De Gestión Comunal,Coordinacion Y Gestion Comunal,Administración Gubernamental,Dirección Ejecutiva,Gastos En Personal,Remuneraciones Al Personal,95158168.0,139829138.0,139829123.41,857078795.9,857078706.47,Fiscal
2023,4,Administracion Central,Jefatura De Gobierno,Unidad De Proyección Federal Y Desarrollo Territorial,Unidad De Proyección Federal Y Desarrollo Territorial,Subsecretaría De Gestión Comunal,Coordinacion Y Gestion Comunal,Administración Gubernamental,Dirección Ejecutiva,Bienes De Consumo,Bienes De Consumo,22154393.0,32684972.0,32657566.07,200341622.97,200173639.09,Fiscal
2023,4,Administracion Central,Jefatura De Gobierno,Unidad De Proyección Federal Y Desarrollo Territorial,Unidad De Proyección Federal Y Desarrollo Territorial,Subsecretaría De Gestión Comunal,Coordinacion Y Gestion Comunal,Administración Gubernamental,Dirección Ejecutiva,Servicios No Personales,Servicios No Personales,373559645.0,811873098.0,810775837.49,4976353478.33,4969627850.68,Fiscal
2023,4,Administracion Central,Jefatura De Gobierno,Unidad De Proyección Federal Y Desarrollo Territorial,Unidad De Proyección Federal Y Desarrollo Territorial,Subsecretaría De Gestión Comunal,Coordinacion Y Gestion Comunal,Administración Gubernamental,Dirección Ejecutiva,Bienes De Uso,Maquinaria Y Equipo,1427749.0,1192162.0,1192161.7,7307323.68,7307321.84,Fiscal
2023,4,Administracion Central,Jefatura De Gobierno,Unidad De Proyección Federal Y Desarrollo Territorial,Unidad De Proyección Federal Y Desarrollo Territorial,Subsecretaría De Gestión Comunal,Cuidado Y Puesta En Valor De Espacios Verdes Y Arbolado Publico,Servicios Económicos,Ecología,Gastos En Personal,Remuneraciones Al Personal,2434510689.0,2666053134.0,2666053124.08,16341498221.17,16341498160.37,Fiscal
2023,4,Administracion Central,Jefatura De Gobierno,Unidad De Proyección Federal Y Desarrollo Territorial,Unidad De Proyección Federal Y Desarrollo Territorial,Subsecretaría De Gestión Comunal,Cuidado Y Puesta En Valor De Espacios Verdes Y Arbolado Publico,Servicios Económicos,Ecología,Bienes De Consumo,Bienes De Consumo,13151736.0,86458961.0,86458958.51,529947786.62,529947771.36,Fiscal
2023,4,Administracion Central,Jefatura De Gobierno,Unidad De Proyección Federal Y Desarrollo Territorial,Unidad De Proyección Federal Y Desarrollo Territorial,Subsecretaría De Gestión Comunal,Cuidado Y Puesta En Valor De Espacios Verdes Y Arbolado Publico,Servicios Económicos,Ecología,Servicios No Personales,Servicios No Personales,300426750.0,1119076720.0,1117045538.12,6859349499.08,6846899426.48,Fiscal
2023,4,Administracion Central,Jefatura De Gobierno,Unidad De Proyección Federal Y Desarrollo Territorial,Unidad De Proyección Federal Y Desarrollo Territorial,Subsecretaría De Gestión Comunal,Cuidado Y Puesta En Valor De Espacios Verdes Y Arbolado Publico,Servicios Económicos,Ecología,Bienes De Uso,Maquinaria Y Equipo,1329995.0,1055368.0,1055367.74,6468848.68,6468847.09,Fiscal
2023,4,Administracion Central,Jefatura De Gobierno,Unidad De Proyección Federal Y Desarrollo Territorial,Unidad De Proyección Federal Y Desarrollo Territorial,Subsecretaría De Gestión Comunal,Cuidado Y Puesta En Valor De Espacios Verdes Y Arbolado Publico,Servicios Económicos,Ecología,Servicios No Personales,Servicios No Personales,9379028830.0,1062685729.0,1062685719.34,6513702494.77,6513702435.56,Fiscal
2023,4,Administracion Central,Jefatura De Gobierno,Unidad De Proyección Federal Y Desarrollo Territorial,Unidad De Proyección Federal Y Desarrollo Territorial,Subsecretaría De Gestión Comunal,Desarrollo Comunal,Servicios Sociales,Servicios Urbanos,Gastos En Personal,Remuneraciones Al Personal,1000858444.0,1325077001.0,1325076991.75,8122022467.82,8122022411.13,Fiscal
2023,4,Administracion Central,Jefatura De Gobierno,Unidad De Proyección Federal Y Desarrollo Territorial,Unidad De Proyección Federal Y Desarrollo Territorial,Subsecretaría De Gestión Comunal,Desarrollo Comunal,Servicios Sociales,Servicios Urbanos,Bienes De Consumo,Bienes De Consumo,35490883.0,74917838.0,72252844.54,459206795.54,442871792.56,Fiscal
2023,4,Administracion Central,Jefatura De Gobierno,Unidad De Proyección Federal Y Desarrollo Territorial,Unidad De Proyección Federal Y Desarrollo Territorial,Subsecretaría De Gestión Comunal,Desarrollo Comunal,Servicios Sociales,Servicios Urbanos,Servicios No Personales,Servicios No Personales,177828774.0,184014213.0,184014212.01,1127909979.01,1127909972.94,Fiscal
2023,4,Administracion Central,Jefatura De Gobierno,Unidad De Proyección Federal Y Desarrollo Territorial,Unidad De Proyección Federal Y Desarrollo Territorial,Subsecretaría De Gestión Comunal,Desarrollo Comunal,Servicios Sociales,Servicios Urbanos,Bienes De Uso,Maquinaria Y Equipo,7167952.0,6491289.0,6491288.21,39788174.62,39788169.78,Fiscal
2023,4,Administracion Central,Jefatura De Gobierno,Unidad De Proyección Federal Y Desarrollo Territorial,Unidad De Proyección Federal Y Desarrollo Territorial,Subsecretaría De Gestión Comunal,Desarrollo Comunal,Servicios Sociales,Servicios Urbanos,Servicios No Personales,Servicios No Personales,606294733.0,1065663226.0,1065663224.05,6531952979.47,6531952967.51,Fiscal
2023,4,Administracion Central,Jefatura De Gobierno,Unidad De Proyección Federal Y Desarrollo Territorial,Unidad De Proyección Federal Y Desarrollo Territorial,Subsecretaría De Gestión Comunal,Desarrollo Comunal,Servicios Sociales,Servicios Urbanos,Bienes De Uso,Construcciones Del Dominio Público,76131097.0,0.0,0.0,0.0,0.0,Fiscal
2023,4,Administracion Central,Jefatura De Gobierno,Unidad De Proyección Federal Y Desarrollo Territorial,Unidad De Proyección Federal Y Desarrollo Territorial,Subsecretaría De Gestión Comunal,Identidad Comunal,Administración Gubernamental,Dirección Ejecutiva,Gastos En Personal,Remuneraciones Al Personal,63355280.0,80636539.0,80636530.86,494259413.6,494259363.7,Fiscal
2023,4,Administracion Central,Jefatura De Gobierno,Unidad De Proyección Federal Y Desarrollo Territorial,Unidad De Proyección Federal Y Desarrollo Territorial,Subsecretaría De Gestión Comunal,Identidad Comunal,Administración Gubernamental,Dirección Ejecutiva,Bienes De Consumo,Bienes De Consumo,4242517.0,2297065.0,2297059.25,14079795.76,14079760.52,Fiscal
2023,4,Administracion Central,Jefatura De Gobierno,Unidad De Proyección Federal Y Desarrollo Territorial,Unidad De Proyección Federal Y Desarrollo Territorial,Subsecretaría De Gestión Comunal,Identidad Comunal,Administración Gubernamental,Dirección Ejecutiva,Servicios No Personales,Servicios No Personales,3598426.0,780000.0,520000.0,4780988.21,3187325.48,Fiscal
2023,4,Administracion Central,Jefatura De Gobierno,Unidad De Proyección Federal Y Desarrollo Territorial,Unidad De Proyección Federal Y Desarrollo Territorial,Subsecretaría De Gestión Comunal,Identidad Comunal,Administración Gubernamental,Dirección Ejecutiva,Bienes De Uso,Maquinaria Y Equipo,289837.0,0.0,0.0,0.0,0.0,Fiscal
2023,4,Administracion Central,Jefatura De Gobierno,Unidad De Proyección Federal Y Desarrollo Territorial,Unidad De Proyección Federal Y Desarrollo Territorial,Secretaría De Atención Ciudadana Y Gestión Comunal,Actividades Comunes,Administración Gubernamental,Dirección Ejecutiva,Gastos En Personal,Remuneraciones Al Personal,274166258.0,458765147.0,458765134.55,2811988155.09,2811988078.77,Fiscal
2023,4,Administracion Central,Jefatura De Gobierno,Unidad De Proyección Federal Y Desarrollo Territorial,Unidad De Proyección Federal Y Desarrollo Territorial,Secretaría De Atención Ciudadana Y Gestión Comunal,Actividades Comunes,Administración Gubernamental,Dirección Ejecutiva,Bienes De Consumo,Bienes De Consumo,5869285.0,1855846.0,1745839.82,11375356.22,10701076.41,Fiscal
2023,4,Administracion Central,Jefatura De Gobierno,Unidad De Proyección Federal Y Desarrollo Territorial,Unidad De Proyección Federal Y Desarrollo Territorial,Secretaría De Atención Ciudadana Y Gestión Comunal,Actividades Comunes,Administración Gubernamental,Dirección Ejecutiva,Servicios No Personales,Servicios No Personales,275823763.0,867892518.0,867154523.11,5319722948.58,5315199429.51,Fiscal
2023,4,Administracion Central,Jefatura De Gobierno,Unidad De Proyección Federal Y Desarrollo Territorial,Unidad De Proyección Federal Y Desarrollo Territorial,Secretaría De Atención Ciudadana Y Gestión Comunal,Actividades Comunes,Administración Gubernamental,Dirección Ejecutiva,Transferencias,Al Sector Privado,0.0,191075898.0,128651783.15,1171194379.98,788567511.53,Fiscal
2023,4,Administracion Central,Jefatura De Gobierno,Unidad De Proyección Federal Y Desarrollo Territorial,Unidad De Proyección Federal Y Desarrollo Territorial,Secretaría De Atención Ciudadana Y Gestión Comunal,Actividades Comunes,Administración Gubernamental,Dirección Ejecutiva,Bienes De Uso,Maquinaria Y Equipo,64557581.0,5517772.0,5517771.56,33821029.36,33821026.66,Fiscal
2023,4,Administracion Central,Jefatura De Gobierno,Unidad De Proyección Federal Y Desarrollo Territorial,Unidad De Proyección Federal Y Desarrollo Territorial,Sec.Asuntos Estratégicos,Actividades Centrales,Administración Gubernamental,Dirección Ejecutiva,Gastos En Personal,Remuneraciones Al Personal,0.0,518826142.0,518826133.5,3180130346.42,3180130294.32,Fiscal
2023,4,Administracion Central,Jefatura De Gobierno,Unidad De Proyección Federal Y Desarrollo Territorial,Unidad De Proyección Federal Y Desarrollo Territorial,Sec.Asuntos Estratégicos,Actividades Centrales,Administración Gubernamental,Dirección Ejecutiva,Servicios No Personales,Servicios No Personales,33091980.0,689352762.0,668792819.87,4225368500.85,4099346909.81,Fiscal
2023,4,Administracion Central,Jefatura De Gobierno,Unidad De Proyección Federal Y Desarrollo Territorial,Unidad De Proyección Federal Y Desarrollo Territorial,Sec.Asuntos Estratégicos,Actividades Centrales,Administración Gubernamental,Dirección Ejecutiva,Bienes De Consumo,Bienes De Consumo,7523614.0,3820687.0,3820675.48,23418794.25,23418723.64,Fiscal
2023,4,Administracion Central,Jefatura De Gobierno,Unidad De Proyección Federal Y Desarrollo Territorial,Unidad De Proyección Federal Y Desarrollo Territorial,Sec.Asuntos Estratégicos,Actividades Centrales,Administración Gubernamental,Dirección Ejecutiva,Bienes De Uso,Maquinaria Y Equipo,0.0,4000541.0,4000538.94,24521204.32,24521191.7,Fiscal
2023,4,Administracion Central,Jefatura De Gobierno,Unidad De Proyección Federal Y Desarrollo Territorial,Unidad De Proyección Federal Y Desarrollo Territorial,Sec.Asuntos Estratégicos,Actividades Centrales,Administración Gubernamental,Dirección Ejecutiva,Transferencias,Al Sector Público,0.0,20000000.0,20000000.0,122589441.39,122589441.39,Fiscal
2023,4,Administracion Central,Jefatura De Gobierno,Unidad De Proyección Federal Y Desarrollo Territorial,Unidad De Proyección Federal Y Desarrollo Territorial,Subsecretaría De Asuntos Públicos Estratégicos,Actividades Comunes,Administración Gubernamental,Dirección Ejecutiva,Gastos En Personal,Remuneraciones Al Personal,0.0,61092120.0,61092114.01,374462443.22,374462406.5,Fiscal
2023,4,Administracion Central,Jefatura De Gobierno,Unidad De Proyección Federal Y Desarrollo Territorial,Unidad De Proyección Federal Y Desarrollo Territorial,Subsecretaría De Asuntos Públicos Estratégicos,Actividades Comunes,Administración Gubernamental,Dirección Ejecutiva,Bienes De Consumo,Bienes De Consumo,4641144.0,931549.0,931539.92,5709903.58,5709847.92,Fiscal
2023,4,Administracion Central,Jefatura De Gobierno,Unidad De Proyección Federal Y Desarrollo Territorial,Unidad De Proyección Federal Y Desarrollo Territorial,Subsecretaría De Asuntos Públicos Estratégicos,Actividades Comunes,Administración Gubernamental,Dirección Ejecutiva,Servicios No Personales,Servicios No Personales,314851945.0,565696051.0,564512436.82,3467418144.54,3460163214.48,Fiscal
2023,4,Administracion Central,Jefatura De Gobierno,Unidad De Proyección Federal Y Desarrollo Territorial,Unidad De Proyección Federal Y Desarrollo Territorial,Subsecretaría De Asuntos Públicos Estratégicos,Actividades Comunes,Administración Gubernamental,Dirección Ejecutiva,Transferencias,Al Sector Privado,0.0,45000000.0,45000000.0,275826243.14,275826243.14,Fiscal
2023,4,Administracion Central,Jefatura De Gobierno,Unidad De Proyección Federal Y Desarrollo Territorial,Unidad De Proyección Federal Y Desarrollo Territorial,Subsecretaría De Asuntos Públicos Estratégicos,Actividades Comunes,Administración Gubernamental,Dirección Ejecutiva,Transferencias,Al Sector Público,0.0,15750000.0,15750000.0,96539185.1,96539185.1,Fiscal
2023,4,Administracion Central,Jefatura De Gobierno,Unidad De Proyección Federal Y Desarrollo Territorial,Unidad De Proyección Federal Y Desarrollo Territorial,Subsecretaría De Asuntos Públicos Estratégicos,Articulacion De Proyectos Estrategicos,Administración Gubernamental,Dirección Ejecutiva,Gastos En Personal,Remuneraciones Al Personal,0.0,33902214.0,33902210.03,207802673.81,207802649.48,Fiscal
2023,4,Administracion Central,Jefatura De Gobierno,Unidad De Proyección Federal Y Desarrollo Territorial,Unidad De Proyección Federal Y Desarrollo Territorial,Subsecretaría De Asuntos Públicos Estratégicos,Articulacion De Proyectos Estrategicos,Administración Gubernamental,Dirección Ejecutiva,Servicios No Personales,Servicios No Personales,93563794.0,50025792.0,49577353.08,306631694.83,303883000.99,Fiscal
2023,4,Administracion Central,Jefatura De Gobierno,Unidad De Proyección Federal Y Desarrollo Territorial,Unidad De Proyección Federal Y Desarrollo Territorial,Subsecretaría De Asuntos Públicos Estratégicos,Articulacion De Proyectos Estrategicos,Administración Gubernamental,Dirección Ejecutiva,Bienes De Consumo,Bienes De Consumo,1148454.0,791897.0,791896.63,4853910.54,4853908.28,Fiscal
2023,4,Administracion Central,Jefatura De Gobierno,Unidad De Proyección Federal Y Desarrollo Territorial,Unidad De Proyección Federal Y Desarrollo Territorial,Subsecretaría De Asuntos Públicos Estratégicos,Articulacion De Proyectos Estrategicos,Administración Gubernamental,Dirección Ejecutiva,Bienes De Uso,Maquinaria Y Equipo,0.0,2935218.0,2935217.93,17991336.75,17991336.32,Fiscal
2023,4,Administracion Central,Jefatura De Gobierno,Unidad De Proyección Federal Y Desarrollo Territorial,Unidad De Proyección Federal Y Desarrollo Territorial,Subsecretaría De Asuntos Públicos Estratégicos,Articulacion De Proyectos Estrategicos,Administración Gubernamental,Dirección Ejecutiva,Transferencias,Al Sector Público,75099375.0,39000000.0,39000000.0,239049410.72,239049410.72,Fiscal
2023,4,Administracion Central,Jefatura De Gobierno,Unidad De Proyección Federal Y Desarrollo Territorial,Unidad De Proyección Federal Y Desarrollo Territorial,Subsecretaría De Asuntos Públicos Estratégicos,Coordinacion Y Vinculacion Estrategica,Administración Gubernamental,Dirección Ejecutiva,Gastos En Personal,Remuneraciones Al Personal,0.0,33881848.0,33881844.47,207677840.99,207677819.35,Fiscal
2023,4,Administracion Central,Jefatura De Gobierno,Unidad De Proyección Federal Y Desarrollo Territorial,Unidad De Proyección Federal Y Desarrollo Territorial,Subsecretaría De Asuntos Públicos Estratégicos,Coordinacion Y Vinculacion Estrategica,Administración Gubernamental,Dirección Ejecutiva,Servicios No Personales,Servicios No Personales,152515191.0,239537118.0,239537114.51,1468236074.44,1468236053.04,Fiscal
2023,4,Administracion Central,Jefatura De Gobierno,Unidad De Proyección Federal Y Desarrollo Territorial,Unidad De Proyección Federal Y Desarrollo Territorial,Subsecretaría De Asuntos Públicos Estratégicos,Coordinacion Y Vinculacion Estrategica,Administración Gubernamental,Dirección Ejecutiva,Bienes De Consumo,Bienes De Consumo,1036399.0,691015.0,691012.36,4235557.14,4235540.96,Fiscal
2023,4,Administracion Central,Jefatura De Gobierno,Unidad De Proyección Federal Y Desarrollo Territorial,Unidad De Proyección Federal Y Desarrollo Territorial,Subsecretaria De Proyeccion Estrategica,Proyeccion Estrategica,Administración Gubernamental,Dirección Ejecutiva,Gastos En Personal,Remuneraciones Al Personal,0.0,62028246.0,62028238.48,380200401.39,380200355.3,Fiscal
2023,4,Administracion Central,Jefatura De Gobierno,Unidad De Proyección Federal Y Desarrollo Territorial,Unidad De Proyección Federal Y Desarrollo Territorial,Subsecretaria De Proyeccion Estrategica,Proyeccion Estrategica,Administración Gubernamental,Dirección Ejecutiva,Bienes De Consumo,Bienes De Consumo,1432934.0,223130.0,133129.0,1367669.1,816010.49,Fiscal
2023,4,Administracion Central,Jefatura De Gobierno,Unidad De Proyección Federal Y Desarrollo Territorial,Unidad De Proyección Federal Y Desarrollo Territorial,Subsecretaria De Proyeccion Estrategica,Proyeccion Estrategica,Administración Gubernamental,Dirección Ejecutiva,Servicios No Personales,Servicios No Personales,11637554.0,17276701.0,17236698.98,105897056.24,105651864.97,Fiscal
2023,4,Administracion Central,Jefatura De Gobierno,Unidad De Proyección Federal Y Desarrollo Territorial,Unidad De Proyección Federal Y Desarrollo Territorial,Subsecretaria De Proyeccion Estrategica,Proyeccion Estrategica,Administración Gubernamental,Dirección Ejecutiva,Bienes De Uso,Maquinaria Y Equipo,0.0,912648.0,912647.7,5594050.43,5594048.59,Fiscal
2023,4,Organismos Descentralizados,Jefatura De Gobierno,Unidad De Proyección Federal Y Desarrollo Territorial,Comuna 1,Comuna 1,Gestion De La Comuna 1,Administración Gubernamental,Dirección Ejecutiva,Gastos En Personal,Remuneraciones Al Personal,172938941.0,272137799.0,272137787.38,1668061038.08,1668060966.85,Fiscal
2023,4,Organismos Descentralizados,Jefatura De Gobierno,Unidad De Proyección Federal Y Desarrollo Territorial,Comuna 1,Comuna 1,Gestion De La Comuna 1,Administración Gubernamental,Dirección Ejecutiva,Bienes De Consumo,Bienes De Consumo,2466140.0,3431507.0,3431495.14,21033326.31,21033253.62,Fiscal
2023,4,Organismos Descentralizados,Jefatura De Gobierno,Unidad De Proyección Federal Y Desarrollo Territorial,Comuna 1,Comuna 1,Gestion De La Comuna 1,Administración Gubernamental,Dirección Ejecutiva,Servicios No Personales,Servicios No Personales,77625788.0,107044077.0,107044075.54,656123680.2,656123671.25,Fiscal
2023,4,Organismos Descentralizados,Jefatura De Gobierno,Unidad De Proyección Federal Y Desarrollo Territorial,Comuna 1,Comuna 1,Gestion De La Comuna 1,Administración Gubernamental,Dirección Ejecutiva,Bienes De Uso,Maquinaria Y Equipo,2594996.0,4163685.0,4163683.84,25521190.91,25521183.8,Fiscal
2023,4,Organismos Descentralizados,Jefatura De Gobierno,Unidad De Proyección Federal Y Desarrollo Territorial,Comuna 1,Comuna 1,Gestion De La Comuna 1,Administración Gubernamental,Dirección Ejecutiva,Servicios No Personales,Servicios No Personales,0.0,189259676.0,189259675.14,1160061897.96,1160061892.69,Fiscal
2023,4,Organismos Descentralizados,Jefatura De Gobierno,Unidad De Proyección Federal Y Desarrollo Territorial,Comuna 1,Comuna 1,Gestion De La Comuna 1,Servicios Económicos,Ecología,Servicios No Personales,Servicios No Personales,1702333185.0,6285416020.0,6285416001.77,38526281941.0,38526281829.26,Fiscal
2023,4,Organismos Descentralizados,Jefatura De Gobierno,Unidad De Proyección Federal Y Desarrollo Territorial,Comuna 2,Comuna 2,Gestion De La Comuna 2,Administración Gubernamental,Dirección Ejecutiva,Gastos En Personal,Remuneraciones Al Personal,149523134.0,238983709.0,238983699.26,1464843969.43,1464843909.73,Fiscal
2023,4,Organismos Descentralizados,Jefatura De Gobierno,Unidad De Proyección Federal Y Desarrollo Territorial,Comuna 2,Comuna 2,Gestion De La Comuna 2,Administración Gubernamental,Dirección Ejecutiva,Bienes De Consumo,Bienes De Consumo,3786037.0,1055672.0,965664.17,6470712.04,5919011.56,Fiscal
2023,4,Organismos Descentralizados,Jefatura De Gobierno,Unidad De Proyección Federal Y Desarrollo Territorial,Comuna 2,Comuna 2,Gestion De La Comuna 2,Administración Gubernamental,Dirección Ejecutiva,Servicios No Personales,Servicios No Personales,113139213.0,137364957.0,137229954.53,841974667.29,841147173.42,Fiscal
2023,4,Organismos Descentralizados,Jefatura De Gobierno,Unidad De Proyección Federal Y Desarrollo Territorial,Comuna 2,Comuna 2,Gestion De La Comuna 2,Administración Gubernamental,Dirección Ejecutiva,Bienes De Uso,Maquinaria Y Equipo,1200175.0,806767.0,481702.41,4945055.79,2952581.47,Fiscal
2023,4,Organismos Descentralizados,Jefatura De Gobierno,Unidad De Proyección Federal Y Desarrollo Territorial,Comuna 2,Comuna 2,Gestion De La Comuna 2,Administración Gubernamental,Dirección Ejecutiva,Bienes De Uso,Construcciones Del Dominio Público,0.0,172499.0,172498.32,1057327.8,1057323.63,Fiscal
2023,4,Organismos Descentralizados,Jefatura De Gobierno,Unidad De Proyección Federal Y Desarrollo Territorial,Comuna 2,Comuna 2,Gestion De La Comuna 2,Administración Gubernamental,Dirección Ejecutiva,Servicios No Personales,Servicios No Personales,0.0,169833081.0,169833080.22,1040987126.5,1040987121.72,Fiscal
2023,4,Organismos Descentralizados,Jefatura De Gobierno,Unidad De Proyección Federal Y Desarrollo Territorial,Comuna 2,Comuna 2,Gestion De La Comuna 2,Servicios Económicos,Ecología,Servicios No Personales,Servicios No Personales,903731183.0,2064119746.0,2064119734.34,12651964331.61,12651964260.14,Fiscal
2023,4,Organismos Descentralizados,Jefatura De Gobierno,Unidad De Proyección Federal Y Desarrollo Territorial,Comuna 3,Comuna 3,Gestion De La Comuna 3,Administración Gubernamental,Dirección Ejecutiva,Gastos En Personal,Remuneraciones Al Personal,195484733.0,331550880.0,331550865.0,2032231858.64,2032231766.7,Fiscal
2023,4,Organismos Descentralizados,Jefatura De Gobierno,Unidad De Proyección Federal Y Desarrollo Territorial,Comuna 3,Comuna 3,Gestion De La Comuna 3,Administración Gubernamental,Dirección Ejecutiva,Bienes De Consumo,Bienes De Consumo,3242137.0,4220314.0,4220309.22,25868296.79,25868267.49,Fiscal
2023,4,Organismos Descentralizados,Jefatura De Gobierno,Unidad De Proyección Federal Y Desarrollo Territorial,Comuna 3,Comuna 3,Gestion De La Comuna 3,Administración Gubernamental,Dirección Ejecutiva,Servicios No Personales,Servicios No Personales,57280886.0,79519290.0,79490115.11,487411267.06,487232440.38,Fiscal
2023,4,Organismos Descentralizados,Jefatura De Gobierno,Unidad De Proyección Federal Y Desarrollo Territorial,Comuna 3,Comuna 3,Gestion De La Comuna 3,Administración Gubernamental,Dirección Ejecutiva,Bienes De Uso,Maquinaria Y Equipo,2243561.0,187947.0,187943.81,1152015.89,1151996.33,Fiscal
2023,4,Organismos Descentralizados,Jefatura De Gobierno,Unidad De Proyección Federal Y Desarrollo Territorial,Comuna 3,Comuna 3,Gestion De La Comuna 3,Administración Gubernamental,Dirección Ejecutiva,Servicios No Personales,Servicios No Personales,0.0,44266708.0,44266707.41,271331550.3,271331546.69,Fiscal
2023,4,Organismos Descentralizados,Jefatura De Gobierno,Unidad De Proyección Federal Y Desarrollo Territorial,Comuna 3,Comuna 3,Gestion De La Comuna 3,Servicios Económicos,Ecología,Servicios No Personales,Servicios No Personales,424204910.0,1262213280.0,1260564047.21,7736701045.76,7726592119.43,Fiscal
2023,4,Organismos Descentralizados,Jefatura De Gobierno,Unidad De Proyección Federal Y Desarrollo Territorial,Comuna 3,Comuna 3,Gestion De La Comuna 3,Servicios Económicos,Ecología,Bienes De Consumo,Bienes De Consumo,0.0,4240859.0,4240854.94,25994226.79,25994201.91,Fiscal
2023,4,Organismos Descentralizados,Jefatura De Gobierno,Unidad De Proyección Federal Y Desarrollo Territorial,Comuna 4,Comuna 4,Gestion De La Comuna 4,Administración Gubernamental,Dirección Ejecutiva,Gastos En Personal,Remuneraciones Al Personal,253822660.0,423926127.0,423926111.94,2598443355.06,2598443262.75,Fiscal
2023,4,Organismos Descentralizados,Jefatura De Gobierno,Unidad De Proyección Federal Y Desarrollo Territorial,Comuna 4,Comuna 4,Gestion De La Comuna 4,Administración Gubernamental,Dirección Ejecutiva,Bienes De Consumo,Bienes De Consumo,2649385.0,874275.0,684272.99,5358844.19,4194232.18,Fiscal
2023,4,Organismos Descentralizados,Jefatura De Gobierno,Unidad De Proyección Federal Y Desarrollo Territorial,Comuna 4,Comuna 4,Gestion De La Comuna 4,Administración Gubernamental,Dirección Ejecutiva,Servicios No Personales,Servicios No Personales,36063883.0,35859854.0,35816723.93,219801973.52,219537608.96,Fiscal
2023,4,Organismos Descentralizados,Jefatura De Gobierno,Unidad De Proyección Federal Y Desarrollo Territorial,Comuna 4,Comuna 4,Gestion De La Comuna 4,Administración Gubernamental,Dirección Ejecutiva,Bienes De Uso,Maquinaria Y Equipo,936339.0,0.0,0.0,0.0,0.0,Fiscal
2023,4,Organismos Descentralizados,Jefatura De Gobierno,Unidad De Proyección Federal Y Desarrollo Territorial,Comuna 4,Comuna 4,Gestion De La Comuna 4,Administración Gubernamental,Dirección Ejecutiva,Servicios No Personales,Servicios No Personales,0.0,30466735.0,30466733.48,186745001.24,186744991.92,Fiscal
2023,4,Organismos Descentralizados,Jefatura De Gobierno,Unidad De Proyección Federal Y Desarrollo Territorial,Comuna 4,Comuna 4,Gestion De La Comuna 4,Servicios Económicos,Ecología,Servicios No Personales,Servicios No Personales,1970626824.0,4376034565.0,4376034559.0,26822781642.18,26822781605.41,Fiscal
2023,4,Organismos Descentralizados,Jefatura De Gobierno,Unidad De Proyección Federal Y Desarrollo Territorial,Comuna 5,Comuna 5,Gestion De La Comuna 5,Administración Gubernamental,Dirección Ejecutiva,Gastos En Personal,Remuneraciones Al Personal,190324048.0,338474687.0,338474669.0,2074671140.26,2074671029.93,Fiscal
2023,4,Organismos Descentralizados,Jefatura De Gobierno,Unidad De Proyección Federal Y Desarrollo Territorial,Comuna 5,Comuna 5,Gestion De La Comuna 5,Administración Gubernamental,Dirección Ejecutiva,Bienes De Consumo,Bienes De Consumo,4241869.0,6141166.0,6076136.56,37642105.47,37243509.34,Fiscal
2023,4,Organismos Descentralizados,Jefatura De Gobierno,Unidad De Proyección Federal Y Desarrollo Territorial,Comuna 5,Comuna 5,Gestion De La Comuna 5,Administración Gubernamental,Dirección Ejecutiva,Servicios No Personales,Servicios No Personales,48940510.0,74230709.0,74230704.46,454995057.53,454995029.7,Fiscal
2023,4,Organismos Descentralizados,Jefatura De Gobierno,Unidad De Proyección Federal Y Desarrollo Territorial,Comuna 5,Comuna 5,Gestion De La Comuna 5,Administración Gubernamental,Dirección Ejecutiva,Bienes De Uso,Maquinaria Y Equipo,1068783.0,1976657.0,1976654.54,12115863.87,12115848.79,Fiscal
2023,4,Organismos Descentralizados,Jefatura De Gobierno,Unidad De Proyección Federal Y Desarrollo Territorial,Comuna 5,Comuna 5,Gestion De La Comuna 5,Administración Gubernamental,Dirección Ejecutiva,Servicios No Personales,Servicios No Personales,0.0,277408138.0,277408132.31,1700365433.78,1700365398.9,Fiscal
2023,4,Organismos Descentralizados,Jefatura De Gobierno,Unidad De Proyección Federal Y Desarrollo Territorial,Comuna 5,Comuna 5,Gestion De La Comuna 5,Servicios Económicos,Ecología,Servicios No Personales,Servicios No Personales,552988593.0,1579383924.0,1579383918.58,9680789649.48,9680789616.26,Fiscal
2023,4,Organismos Descentralizados,Jefatura De Gobierno,Unidad De Proyección Federal Y Desarrollo Territorial,Comuna 6,Comuna 6,Gestion De La Comuna 6,Administración Gubernamental,Dirección Ejecutiva,Gastos En Personal,Remuneraciones Al Personal,178013179.0,297311540.0,297311524.05,1822362780.43,1822362682.66,Fiscal
2023,4,Organismos Descentralizados,Jefatura De Gobierno,Unidad De Proyección Federal Y Desarrollo Territorial,Comuna 6,Comuna 6,Gestion De La Comuna 6,Administración Gubernamental,Dirección Ejecutiva,Bienes De Consumo,Bienes De Consumo,4304248.0,6766552.0,6759586.85,41475391.49,41432698.8,Fiscal
2023,4,Organismos Descentralizados,Jefatura De Gobierno,Unidad De Proyección Federal Y Desarrollo Territorial,Comuna 6,Comuna 6,Gestion De La Comuna 6,Administración Gubernamental,Dirección Ejecutiva,Servicios No Personales,Servicios No Personales,43594468.0,71829130.0,71829127.7,440274646.13,440274632.03,Fiscal
2023,4,Organismos Descentralizados,Jefatura De Gobierno,Unidad De Proyección Federal Y Desarrollo Territorial,Comuna 6,Comuna 6,Gestion De La Comuna 6,Administración Gubernamental,Dirección Ejecutiva,Bienes De Uso,Maquinaria Y Equipo,2127929.0,3608320.0,3608316.93,22117096.66,22117077.84,Fiscal
2023,4,Organismos Descentralizados,Jefatura De Gobierno,Unidad De Proyección Federal Y Desarrollo Territorial,Comuna 6,Comuna 6,Gestion De La Comuna 6,Servicios Económicos,Transporte,Servicios No Personales,Servicios No Personales,0.0,45083960.0,45083959.5,276340873.61,276340870.55,Fiscal
2023,4,Organismos Descentralizados,Jefatura De Gobierno,Unidad De Proyección Federal Y Desarrollo Territorial,Comuna 6,Comuna 6,Gestion De La Comuna 6,Administración Gubernamental,Dirección Ejecutiva,Servicios No Personales,Servicios No Personales,0.0,267338231.0,267338228.69,1638642220.08,1638642205.92,Fiscal
2023,4,Organismos Descentralizados,Jefatura De Gobierno,Unidad De Proyección Federal Y Desarrollo Territorial,Comuna 6,Comuna 6,Gestion De La Comuna 6,Servicios Económicos,Ecología,Servicios No Personales,Servicios No Personales,821488259.0,2637342969.0,2635828213.99,16165520066.69,16156235418.16,Fiscal
2023,4,Organismos Descentralizados,Jefatura De Gobierno,Unidad De Proyección Federal Y Desarrollo Territorial,Comuna 7,Comuna 7,Gestion De La Comuna 7,Administración Gubernamental,Dirección Ejecutiva,Gastos En Personal,Remuneraciones Al Personal,250321145.0,449453397.0,449453384.21,2754912043.54,2754911965.14,Fiscal
2023,4,Organismos Descentralizados,Jefatura De Gobierno,Unidad De Proyección Federal Y Desarrollo Territorial,Comuna 7,Comuna 7,Gestion De La Comuna 7,Administración Gubernamental,Dirección Ejecutiva,Bienes De Consumo,Bienes De Consumo,2479623.0,7874955.0,7874948.29,48269316.72,48269275.59,Fiscal
2023,4,Organismos Descentralizados,Jefatura De Gobierno,Unidad De Proyección Federal Y Desarrollo Territorial,Comuna 7,Comuna 7,Gestion De La Comuna 7,Administración Gubernamental,Dirección Ejecutiva,Servicios No Personales,Servicios No Personales,85101764.0,107682362.0,107679266.32,660036030.28,660017055.39,Fiscal
2023,4,Organismos Descentralizados,Jefatura De Gobierno,Unidad De Proyección Federal Y Desarrollo Territorial,Comuna 7,Comuna 7,Gestion De La Comuna 7,Administración Gubernamental,Dirección Ejecutiva,Bienes De Uso,Maquinaria Y Equipo,2117583.0,3614431.0,3614430.05,22154553.86,22154548.04,Fiscal
2023,4,Organismos Descentralizados,Jefatura De Gobierno,Unidad De Proyección Federal Y Desarrollo Territorial,Comuna 7,Comuna 7,Gestion De La Comuna 7,Administración Gubernamental,Dirección Ejecutiva,Servicios No Personales,Servicios No Personales,0.0,216092906.0,216092904.72,1324535431.79,1324535423.94,Fiscal
2023,4,Organismos Descentralizados,Jefatura De Gobierno,Unidad De Proyección Federal Y Desarrollo Territorial,Comuna 7,Comuna 7,Gestion De La Comuna 7,Servicios Económicos,Ecología,Servicios No Personales,Servicios No Personales,1387167069.0,4309606759.0,4306805026.74,26415614260.66,26398441121.02,Fiscal
2023,4,Organismos Descentralizados,Jefatura De Gobierno,Unidad De Proyección Federal Y Desarrollo Territorial,Comuna 8,Comuna 8,Gestion De La Comuna 8,Administración Gubernamental,Dirección Ejecutiva,Gastos En Personal,Remuneraciones Al Personal,230300173.0,399566222.0,399566206.41,2449129997.74,2449129902.18,Fiscal
2023,4,Organismos Descentralizados,Jefatura De Gobierno,Unidad De Proyección Federal Y Desarrollo Territorial,Comuna 8,Comuna 8,Gestion De La Comuna 8,Administración Gubernamental,Dirección Ejecutiva,Bienes De Consumo,Bienes De Consumo,3586168.0,2860756.0,2860751.15,17534924.0,17534894.27,Fiscal
2023,4,Organismos Descentralizados,Jefatura De Gobierno,Unidad De Proyección Federal Y Desarrollo Territorial,Comuna 8,Comuna 8,Gestion De La Comuna 8,Administración Gubernamental,Dirección Ejecutiva,Servicios No Personales,Servicios No Personales,46647438.0,61470217.0,61470216.15,376779978.22,376779973.01,Fiscal
2023,4,Organismos Descentralizados,Jefatura De Gobierno,Unidad De Proyección Federal Y Desarrollo Territorial,Comuna 8,Comuna 8,Gestion De La Comuna 8,Administración Gubernamental,Dirección Ejecutiva,Bienes De Uso,Maquinaria Y Equipo,2045193.0,2023978.0,2023977.01,12405916.62,12405910.55,Fiscal
2023,4,Organismos Descentralizados,Jefatura De Gobierno,Unidad De Proyección Federal Y Desarrollo Territorial,Comuna 8,Comuna 8,Gestion De La Comuna 8,Administración Gubernamental,Dirección Ejecutiva,Servicios No Personales,Servicios No Personales,0.0,39759596.0,39759593.6,243705333.18,243705318.47,Fiscal
2023,4,Organismos Descentralizados,Jefatura De Gobierno,Unidad De Proyección Federal Y Desarrollo Territorial,Comuna 8,Comuna 8,Gestion De La Comuna 8,Servicios Económicos,Ecología,Servicios No Personales,Servicios No Personales,2217092748.0,3304009802.0,3304009784.58,20251835799.35,20251835692.58,Fiscal
2023,4,Organismos Descentralizados,Jefatura De Gobierno,Unidad De Proyección Federal Y Desarrollo Territorial,Comuna 9,Comuna 9,Gestion De La Comuna 9,Administración Gubernamental,Dirección Ejecutiva,Gastos En Personal,Remuneraciones Al Personal,180864962.0,311371024.0,311371007.51,1908539994.92,1908539893.85,Fiscal
2023,4,Organismos Descentralizados,Jefatura De Gobierno,Unidad De Proyección Federal Y Desarrollo Territorial,Comuna 9,Comuna 9,Gestion De La Comuna 9,Administración Gubernamental,Dirección Ejecutiva,Bienes De Consumo,Bienes De Consumo,2607722.0,2402903.0,2102197.89,14728526.82,12885363.25,Fiscal
2023,4,Organismos Descentralizados,Jefatura De Gobierno,Unidad De Proyección Federal Y Desarrollo Territorial,Comuna 9,Comuna 9,Gestion De La Comuna 9,Administración Gubernamental,Dirección Ejecutiva,Servicios No Personales,Servicios No Personales,42025461.0,54287852.0,53311584.84,332755872.56,326771870.27,Fiscal
2023,4,Organismos Descentralizados,Jefatura De Gobierno,Unidad De Proyección Federal Y Desarrollo Territorial,Comuna 9,Comuna 9,Gestion De La Comuna 9,Administración Gubernamental,Dirección Ejecutiva,Bienes De Uso,Maquinaria Y Equipo,2132017.0,1626058.0,1626056.94,9966877.09,9966870.6,Fiscal
2023,4,Organismos Descentralizados,Jefatura De Gobierno,Unidad De Proyección Federal Y Desarrollo Territorial,Comuna 9,Comuna 9,Gestion De La Comuna 9,Administración Gubernamental,Dirección Ejecutiva,Servicios No Personales,Servicios No Personales,0.0,41161180.0,41161177.48,252296303.17,252296287.72,Fiscal
2023,4,Organismos Descentralizados,Jefatura De Gobierno,Unidad De Proyección Federal Y Desarrollo Territorial,Comuna 9,Comuna 9,Gestion De La Comuna 9,Servicios Económicos,Ecología,Servicios No Personales,Servicios No Personales,1920713725.0,3336904653.0,3336649910.66,20453463869.8,20451902433.74,Fiscal
2023,4,Organismos Descentralizados,Jefatura De Gobierno,Unidad De Proyección Federal Y Desarrollo Territorial,Comuna 10,Comuna 10,Gestion De La Comuna 10,Administración Gubernamental,Dirección Ejecutiva,Gastos En Personal,Remuneraciones Al Personal,229146867.0,392610539.0,392610527.86,2406495333.07,2406495264.79,Fiscal
2023,4,Organismos Descentralizados,Jefatura De Gobierno,Unidad De Proyección Federal Y Desarrollo Territorial,Comuna 10,Comuna 10,Gestion De La Comuna 10,Administración Gubernamental,Dirección Ejecutiva,Bienes De Consumo,Bienes De Consumo,3850251.0,4764475.0,4632630.19,29203716.44,28395577.36,Fiscal
2023,4,Organismos Descentralizados,Jefatura De Gobierno,Unidad De Proyección Federal Y Desarrollo Territorial,Comuna 10,Comuna 10,Gestion De La Comuna 10,Administración Gubernamental,Dirección Ejecutiva,Servicios No Personales,Servicios No Personales,61269924.0,99303084.0,99273081.4,608675479.81,608491579.71,Fiscal
2023,4,Organismos Descentralizados,Jefatura De Gobierno,Unidad De Proyección Federal Y Desarrollo Territorial,Comuna 10,Comuna 10,Gestion De La Comuna 10,Administración Gubernamental,Dirección Ejecutiva,Bienes De Uso,Maquinaria Y Equipo,2577875.0,1499214.0,1097944.43,9189390.34,6729819.72,Fiscal
2023,4,Organismos Descentralizados,Jefatura De Gobierno,Unidad De Proyección Federal Y Desarrollo Territorial,Comuna 10,Comuna 10,Gestion De La Comuna 10,Administración Gubernamental,Dirección Ejecutiva,Servicios No Personales,Servicios No Personales,0.0,102583898.0,102583894.67,628785137.59,628785117.18,Fiscal
2023,4,Organismos Descentralizados,Jefatura De Gobierno,Unidad De Proyección Federal Y Desarrollo Territorial,Comuna 10,Comuna 10,Gestion De La Comuna 10,Servicios Económicos,Ecología,Servicios No Personales,Servicios No Personales,1344051157.0,4632566029.0,4632142528.64,28395184085.77,28392588252.14,Fiscal
2023,4,Organismos Descentralizados,Jefatura De Gobierno,Unidad De Proyección Federal Y Desarrollo Territorial,Comuna 11,Comuna 11,Gestion De La Comuna 11,Administración Gubernamental,Dirección Ejecutiva,Gastos En Personal,Remuneraciones Al Personal,218083905.0,370806344.0,370806329.71,2272847128.81,2272847041.22,Fiscal
2023,4,Organismos Descentralizados,Jefatura De Gobierno,Unidad De Proyección Federal Y Desarrollo Territorial,Comuna 11,Comuna 11,Gestion De La Comuna 11,Administración Gubernamental,Dirección Ejecutiva,Bienes De Consumo,Bienes De Consumo,4026238.0,6755805.0,6755792.75,41409518.06,41409442.97,Fiscal
2023,4,Organismos Descentralizados,Jefatura De Gobierno,Unidad De Proyección Federal Y Desarrollo Territorial,Comuna 11,Comuna 11,Gestion De La Comuna 11,Administración Gubernamental,Dirección Ejecutiva,Servicios No Personales,Servicios No Personales,62507944.0,98397462.0,98397457.18,603124495.06,603124465.51,Fiscal
2023,4,Organismos Descentralizados,Jefatura De Gobierno,Unidad De Proyección Federal Y Desarrollo Territorial,Comuna 11,Comuna 11,Gestion De La Comuna 11,Administración Gubernamental,Dirección Ejecutiva,Bienes De Uso,Maquinaria Y Equipo,2418869.0,3984617.0,3984613.83,24423598.61,24423579.18,Fiscal
2023,4,Organismos Descentralizados,Jefatura De Gobierno,Unidad De Proyección Federal Y Desarrollo Territorial,Comuna 11,Comuna 11,Gestion De La Comuna 11,Administración Gubernamental,Dirección Ejecutiva,Servicios No Personales,Servicios No Personales,0.0,118336642.0,118336640.97,725341141.96,725341135.65,Fiscal
2023,4,Organismos Descentralizados,Jefatura De Gobierno,Unidad De Proyección Federal Y Desarrollo Territorial,Comuna 11,Comuna 11,Gestion De La Comuna 11,Servicios Económicos,Ecología,Servicios No Personales,Servicios No Personales,1340426330.0,4187123622.0,4187123614.52,25664857293.41,25664857247.56,Fiscal
2023,4,Organismos Descentralizados,Jefatura De Gobierno,Unidad De Proyección Federal Y Desarrollo Territorial,Comuna 11,Comuna 11,Gestion De La Comuna 11,Servicios Económicos,Ecología,Bienes De Consumo,Bienes De Consumo,0.0,3930568.0,3930567.72,24092306.77,24092305.06,Fiscal
2023,4,Organismos Descentralizados,Jefatura De Gobierno,Unidad De Proyección Federal Y Desarrollo Territorial,Comuna 12,Comuna 12,Gestion De La Comuna 12,Administración Gubernamental,Dirección Ejecutiva,Gastos En Personal,Remuneraciones Al Personal,227811902.0,416822699.0,416822682.76,2554903091.54,2554902991.99,Fiscal
2023,4,Organismos Descentralizados,Jefatura De Gobierno,Unidad De Proyección Federal Y Desarrollo Territorial,Comuna 12,Comuna 12,Gestion De La Comuna 12,Administración Gubernamental,Dirección Ejecutiva,Bienes De Consumo,Bienes De Consumo,2882508.0,6418248.0,6418241.99,39340471.85,39340435.01,Fiscal
2023,4,Organismos Descentralizados,Jefatura De Gobierno,Unidad De Proyección Federal Y Desarrollo Territorial,Comuna 12,Comuna 12,Gestion De La Comuna 12,Administración Gubernamental,Dirección Ejecutiva,Servicios No Personales,Servicios No Personales,98724304.0,103607354.0,103607349.57,635058382.56,635058355.4,Fiscal
2023,4,Organismos Descentralizados,Jefatura De Gobierno,Unidad De Proyección Federal Y Desarrollo Territorial,Comuna 12,Comuna 12,Gestion De La Comuna 12,Administración Gubernamental,Dirección Ejecutiva,Bienes De Uso,Maquinaria Y Equipo,2378042.0,842772.0,842770.36,5165747.44,5165737.38,Fiscal
2023,4,Organismos Descentralizados,Jefatura De Gobierno,Unidad De Proyección Federal Y Desarrollo Territorial,Comuna 12,Comuna 12,Gestion De La Comuna 12,Administración Gubernamental,Dirección Ejecutiva,Servicios No Personales,Servicios No Personales,0.0,100760091.0,100760084.8,617606163.52,617606125.52,Fiscal
2023,4,Organismos Descentralizados,Jefatura De Gobierno,Unidad De Proyección Federal Y Desarrollo Territorial,Comuna 12,Comuna 12,Gestion De La Comuna 12,Servicios Económicos,Ecología,Servicios No Personales,Servicios No Personales,2841424388.0,7370945281.0,7356795385.42,45180003227.13,45093271837.39,Fiscal
2023,4,Organismos Descentralizados,Jefatura De Gobierno,Unidad De Proyección Federal Y Desarrollo Territorial,Comuna 13,Comuna 13,Gestion De La Comuna 13,Administración Gubernamental,Dirección Ejecutiva,Gastos En Personal,Remuneraciones Al Personal,182456600.0,302911437.0,302911419.6,1856687192.68,1856687086.03,Fiscal
2023,4,Organismos Descentralizados,Jefatura De Gobierno,Unidad De Proyección Federal Y Desarrollo Territorial,Comuna 13,Comuna 13,Gestion De La Comuna 13,Administración Gubernamental,Dirección Ejecutiva,Bienes De Consumo,Bienes De Consumo,2172973.0,4536095.0,4536087.97,27803867.61,27803824.52,Fiscal
2023,4,Organismos Descentralizados,Jefatura De Gobierno,Unidad De Proyección Federal Y Desarrollo Territorial,Comuna 13,Comuna 13,Gestion De La Comuna 13,Administración Gubernamental,Dirección Ejecutiva,Servicios No Personales,Servicios No Personales,92384112.0,104851490.0,104793152.8,642684279.42,642326703.18,Fiscal
2023,4,Organismos Descentralizados,Jefatura De Gobierno,Unidad De Proyección Federal Y Desarrollo Territorial,Comuna 13,Comuna 13,Gestion De La Comuna 13,Administración Gubernamental,Dirección Ejecutiva,Bienes De Uso,Maquinaria Y Equipo,2428440.0,2361569.0,2361568.12,14475171.23,14475165.83,Fiscal
2023,4,Organismos Descentralizados,Jefatura De Gobierno,Unidad De Proyección Federal Y Desarrollo Territorial,Comuna 13,Comuna 13,Gestion De La Comuna 13,Administración Gubernamental,Dirección Ejecutiva,Servicios No Personales,Servicios No Personales,0.0,231242299.0,231242295.98,1417393213.05,1417393194.54,Fiscal
2023,4,Organismos Descentralizados,Jefatura De Gobierno,Unidad De Proyección Federal Y Desarrollo Territorial,Comuna 13,Comuna 13,Gestion De La Comuna 13,Servicios Económicos,Ecología,Servicios No Personales,Servicios No Personales,2362433171.0,5733186726.0,5733186717.2,35141407907.36,35141407853.42,Fiscal
2023,4,Organismos Descentralizados,Jefatura De Gobierno,Unidad De Proyección Federal Y Desarrollo Territorial,Comuna 14,Comuna 14,Gestion De La Comuna 14,Administración Gubernamental,Dirección Ejecutiva,Gastos En Personal,Remuneraciones Al Personal,207163799.0,360271790.0,360271773.41,2208275874.3,2208275772.62,Fiscal
2023,4,Organismos Descentralizados,Jefatura De Gobierno,Unidad De Proyección Federal Y Desarrollo Territorial,Comuna 14,Comuna 14,Gestion De La Comuna 14,Administración Gubernamental,Dirección Ejecutiva,Bienes De Consumo,Bienes De Consumo,3818140.0,4679816.0,4679803.8,28684801.46,28684726.68,Fiscal
2023,4,Organismos Descentralizados,Jefatura De Gobierno,Unidad De Proyección Federal Y Desarrollo Territorial,Comuna 14,Comuna 14,Gestion De La Comuna 14,Administración Gubernamental,Dirección Ejecutiva,Servicios No Personales,Servicios No Personales,85770382.0,108079680.0,108079676.31,662471379.86,662471357.24,Fiscal
2023,4,Organismos Descentralizados,Jefatura De Gobierno,Unidad De Proyección Federal Y Desarrollo Territorial,Comuna 14,Comuna 14,Gestion De La Comuna 14,Administración Gubernamental,Dirección Ejecutiva,Bienes De Uso,Maquinaria Y Equipo,4563612.0,5556296.0,5556293.83,34057161.14,34057147.84,Fiscal
2023,4,Organismos Descentralizados,Jefatura De Gobierno,Unidad De Proyección Federal Y Desarrollo Territorial,Comuna 14,Comuna 14,Gestion De La Comuna 14,Administración Gubernamental,Dirección Ejecutiva,Bienes De Uso,Construcciones Del Dominio Público,0.0,166116962.0,164823580.42,1018209278.88,1010281532.61,Fiscal
2023,4,Organismos Descentralizados,Jefatura De Gobierno,Unidad De Proyección Federal Y Desarrollo Territorial,Comuna 14,Comuna 14,Gestion De La Comuna 14,Administración Gubernamental,Dirección Ejecutiva,Activos Financieros,Activos Financieros,0.0,25271143.0,25271143.0,154898765.19,154898765.19,Fiscal
2023,4,Organismos Descentralizados,Jefatura De Gobierno,Unidad De Proyección Federal Y Desarrollo Territorial,Comuna 14,Comuna 14,Gestion De La Comuna 14,Administración Gubernamental,Dirección Ejecutiva,Servicios No Personales,Servicios No Personales,0.0,671091454.0,671091452.04,4113436323.5,4113436311.49,Fiscal
2023,4,Organismos Descentralizados,Jefatura De Gobierno,Unidad De Proyección Federal Y Desarrollo Territorial,Comuna 14,Comuna 14,Gestion De La Comuna 14,Servicios Económicos,Ecología,Servicios No Personales,Servicios No Personales,2826196053.0,7312201683.0,7312201676.67,44819935983.92,44819935945.12,Fiscal
2023,4,Organismos Descentralizados,Jefatura De Gobierno,Unidad De Proyección Federal Y Desarrollo Territorial,Comuna 15,Comuna 15,Gestion De La Comuna 15,Administración Gubernamental,Dirección Ejecutiva,Gastos En Personal,Remuneraciones Al Personal,165523460.0,277056572.0,277056558.8,1698210519.8,1698210438.89,Fiscal
2023,4,Organismos Descentralizados,Jefatura De Gobierno,Unidad De Proyección Federal Y Desarrollo Territorial,Comuna 15,Comuna 15,Gestion De La Comuna 15,Administración Gubernamental,Dirección Ejecutiva,Bienes De Consumo,Bienes De Consumo,1846602.0,3815765.0,3815759.28,23388624.99,23388589.93,Fiscal
2023,4,Organismos Descentralizados,Jefatura De Gobierno,Unidad De Proyección Federal Y Desarrollo Territorial,Comuna 15,Comuna 15,Gestion De La Comuna 15,Administración Gubernamental,Dirección Ejecutiva,Servicios No Personales,Servicios No Personales,68415548.0,93019524.0,93019519.24,570160574.29,570160545.12,Fiscal
2023,4,Organismos Descentralizados,Jefatura De Gobierno,Unidad De Proyección Federal Y Desarrollo Territorial,Comuna 15,Comuna 15,Gestion De La Comuna 15,Administración Gubernamental,Dirección Ejecutiva,Bienes De Uso,Maquinaria Y Equipo,2434778.0,1451391.0,1451389.71,8896260.6,8896252.69,Fiscal
2023,4,Organismos Descentralizados,Jefatura De Gobierno,Unidad De Proyección Federal Y Desarrollo Territorial,Comuna 15,Comuna 15,Gestion De La Comuna 15,Administración Gubernamental,Dirección Ejecutiva,Servicios No Personales,Servicios No Personales,0.0,148706284.0,148706282.48,911491014.37,911491005.05,Fiscal
2023,4,Organismos Descentralizados,Jefatura De Gobierno,Unidad De Proyección Federal Y Desarrollo Territorial,Comuna 15,Comuna 15,Gestion De La Comuna 15,Servicios Económicos,Ecología,Servicios No Personales,Servicios No Personales,1125994261.0,3277311423.0,3277311416.52,20088188830.97,20088188791.25,Fiscal
2023,4,Administracion Central,Jefatura De Gobierno,Sec.Com.Cont.P.Ciu,Sec.Com.Cont.P.Ciu,Sec.Com.Cont. Y Particip.Ciudadana,Actividades Centrales,Administración Gubernamental,Dirección Ejecutiva,Gastos En Personal,Remuneraciones Al Personal,62253667.0,258002933.0,258002920.7,1581421771.72,1581421696.33,Fiscal
2023,4,Administracion Central,Jefatura De Gobierno,Sec.Com.Cont.P.Ciu,Sec.Com.Cont.P.Ciu,Sec.Com.Cont. Y Particip.Ciudadana,Actividades Centrales,Administración Gubernamental,Dirección Ejecutiva,Bienes De Consumo,Bienes De Consumo,4576179.0,4597690.0,4597686.46,28181412.44,28181390.74,Fiscal
2023,4,Administracion Central,Jefatura De Gobierno,Sec.Com.Cont.P.Ciu,Sec.Com.Cont.P.Ciu,Sec.Com.Cont. Y Particip.Ciudadana,Actividades Centrales,Administración Gubernamental,Dirección Ejecutiva,Servicios No Personales,Servicios No Personales,641614614.0,2928773655.0,2928023072.19,17951836316.78,17947235640.41,Fiscal
2023,4,Administracion Central,Jefatura De Gobierno,Sec.Com.Cont.P.Ciu,Sec.Com.Cont.P.Ciu,Sec.Com.Cont. Y Particip.Ciudadana,Actividades Centrales,Administración Gubernamental,Dirección Ejecutiva,Bienes De Uso,Maquinaria Y Equipo,9655408.0,42319154.0,42319153.63,259394072.46,259394070.19,Fiscal
2023,4,Administracion Central,Jefatura De Gobierno,Sec.Com.Cont.P.Ciu,Sec.Com.Cont.P.Ciu,Dir. Gral. Planificacion Y Discurso,Planificacion Y Discurso,Administración Gubernamental,Dirección Ejecutiva,Gastos En Personal,Remuneraciones Al Personal,40283998.0,73459855.0,73459848.82,450270129.47,450270091.59,Fiscal
2023,4,Administracion Central,Jefatura De Gobierno,Sec.Com.Cont.P.Ciu,Sec.Com.Cont.P.Ciu,Dir. Gral. Planificacion Y Discurso,Planificacion Y Discurso,Administración Gubernamental,Dirección Ejecutiva,Bienes De Consumo,Bienes De Consumo,1719929.0,5227078.0,5227076.0,32039228.61,32039216.35,Fiscal
2023,4,Administracion Central,Jefatura De Gobierno,Sec.Com.Cont.P.Ciu,Sec.Com.Cont.P.Ciu,Dir. Gral. Planificacion Y Discurso,Planificacion Y Discurso,Administración Gubernamental,Dirección Ejecutiva,Servicios No Personales,Servicios No Personales,81838277.0,61048019.0,61048019.0,374192127.37,374192127.37,Fiscal
2023,4,Administracion Central,Jefatura De Gobierno,Sec.Com.Cont.P.Ciu,Sec.Com.Cont.P.Ciu,Dir. Gral. Planificacion Y Discurso,Planificacion Y Discurso,Administración Gubernamental,Dirección Ejecutiva,Bienes De Uso,Maquinaria Y Equipo,55167.0,0.0,0.0,0.0,0.0,Fiscal
2023,4,Administracion Central,Jefatura De Gobierno,Sec.Com.Cont.P.Ciu,Sec.Com.Cont.P.Ciu,Dirección General Participación Ciudadana Y Cercanía,Participacion Ciudadana Y Cercania,Administración Gubernamental,Dirección Ejecutiva,Gastos En Personal,Remuneraciones Al Personal,47073282.0,97252592.0,97252583.35,596107046.37,596106993.35,Fiscal
2023,4,Administracion Central,Jefatura De Gobierno,Sec.Com.Cont.P.Ciu,Sec.Com.Cont.P.Ciu,Dirección General Participación Ciudadana Y Cercanía,Participacion Ciudadana Y Cercania,Administración Gubernamental,Dirección Ejecutiva,Bienes De Consumo,Bienes De Consumo,11719770.0,8596927.0,8596922.97,52694623.93,52694599.23,Fiscal
2023,4,Administracion Central,Jefatura De Gobierno,Sec.Com.Cont.P.Ciu,Sec.Com.Cont.P.Ciu,Dirección General Participación Ciudadana Y Cercanía,Participacion Ciudadana Y Cercania,Administración Gubernamental,Dirección Ejecutiva,Servicios No Personales,Servicios No Personales,1083070431.0,1444168422.0,1444168416.88,8851990006.58,8851989975.2,Fiscal
2023,4,Administracion Central,Jefatura De Gobierno,Sec.Com.Cont.P.Ciu,Sec.Com.Cont.P.Ciu,Dirección General Participación Ciudadana Y Cercanía,Participacion Ciudadana Y Cercania,Administración Gubernamental,Dirección Ejecutiva,Bienes De Uso,Maquinaria Y Equipo,331000.0,0.0,0.0,0.0,0.0,Fiscal
2023,4,Administracion Central,Jefatura De Gobierno,Sec.Com.Cont.P.Ciu,Sec.Com.Cont.P.Ciu,Dirección General Opinión Pública,Opinion Publica,Administración Gubernamental,Dirección Ejecutiva,Gastos En Personal,Remuneraciones Al Personal,33361160.0,58251660.0,58251652.61,357051922.98,357051877.69,Fiscal
2023,4,Administracion Central,Jefatura De Gobierno,Sec.Com.Cont.P.Ciu,Sec.Com.Cont.P.Ciu,Dirección General Opinión Pública,Opinion Publica,Administración Gubernamental,Dirección Ejecutiva,Bienes De Consumo,Bienes De Consumo,778544.0,1243980.0,1243975.83,7624940.67,7624915.11,Fiscal
2023,4,Administracion Central,Jefatura De Gobierno,Sec.Com.Cont.P.Ciu,Sec.Com.Cont.P.Ciu,Dirección General Opinión Pública,Opinion Publica,Administración Gubernamental,Dirección Ejecutiva,Servicios No Personales,Servicios No Personales,155713259.0,112426268.0,112426267.46,689113669.61,689113666.3,Fiscal
2023,4,Administracion Central,Jefatura De Gobierno,Sec.Com.Cont.P.Ciu,Sec.Com.Cont.P.Ciu,Dirección General Opinión Pública,Opinion Publica,Administración Gubernamental,Dirección Ejecutiva,Bienes De Uso,Maquinaria Y Equipo,55167.0,15998.0,15998.0,98059.29,98059.29,Fiscal
2023,4,Administracion Central,Jefatura De Gobierno,Sec.Com.Cont.P.Ciu,Sec.Com.Cont.P.Ciu,Subsecretaria De Contenido Y Producción,Actividades Comunes,Administración Gubernamental,Dirección Ejecutiva,Gastos En Personal,Remuneraciones Al Personal,38726205.0,53886243.0,53886233.92,330294221.41,330294165.75,Fiscal
2023,4,Administracion Central,Jefatura De Gobierno,Sec.Com.Cont.P.Ciu,Sec.Com.Cont.P.Ciu,Subsecretaria De Contenido Y Producción,Actividades Comunes,Administración Gubernamental,Dirección Ejecutiva,Bienes De Consumo,Bienes De Consumo,3461254.0,872213.0,872209.7,5346205.22,5346185.0,Fiscal
2023,4,Administracion Central,Jefatura De Gobierno,Sec.Com.Cont.P.Ciu,Sec.Com.Cont.P.Ciu,Subsecretaria De Contenido Y Producción,Actividades Comunes,Administración Gubernamental,Dirección Ejecutiva,Servicios No Personales,Servicios No Personales,214376733.0,214085323.0,214085320.65,1312230007.86,1312229993.46,Fiscal
2023,4,Administracion Central,Jefatura De Gobierno,Sec.Com.Cont.P.Ciu,Sec.Com.Cont.P.Ciu,Subsecretaria De Contenido Y Producción,Actividades Comunes,Administración Gubernamental,Dirección Ejecutiva,Bienes De Uso,Maquinaria Y Equipo,1379164.0,491660.0,491659.96,3013616.24,3013615.99,Fiscal
2023,4,Administracion Central,Jefatura De Gobierno,Sec.Com.Cont.P.Ciu,Sec.Com.Cont.P.Ciu,Dirección General Contenidos,Desarrollo De Contenidos,Administración Gubernamental,Dirección Ejecutiva,Gastos En Personal,Remuneraciones Al Personal,30826101.0,73992263.0,73992254.8,453533509.43,453533459.17,Fiscal
2023,4,Administracion Central,Jefatura De Gobierno,Sec.Com.Cont.P.Ciu,Sec.Com.Cont.P.Ciu,Dirección General Contenidos,Desarrollo De Contenidos,Administración Gubernamental,Dirección Ejecutiva,Bienes De Consumo,Bienes De Consumo,606196.0,140522.0,140521.56,861325.67,861322.98,Fiscal
2023,4,Administracion Central,Jefatura De Gobierno,Sec.Com.Cont.P.Ciu,Sec.Com.Cont.P.Ciu,Dirección General Contenidos,Desarrollo De Contenidos,Administración Gubernamental,Dirección Ejecutiva,Servicios No Personales,Servicios No Personales,257670317.0,130543176.0,130543174.64,800160751.18,800160742.85,Fiscal
2023,4,Administracion Central,Jefatura De Gobierno,Sec.Com.Cont.P.Ciu,Sec.Com.Cont.P.Ciu,Dirección General Contenidos,Desarrollo De Contenidos,Administración Gubernamental,Dirección Ejecutiva,Bienes De Uso,Maquinaria Y Equipo,55167.0,0.0,0.0,0.0,0.0,Fiscal
2023,4,Administracion Central,Jefatura De Gobierno,Sec.Com.Cont.P.Ciu,Sec.Com.Cont.P.Ciu,"Dirección General Arte, Creatividad Y Producción","Arte, Creatividad Y Produccion",Administración Gubernamental,Dirección Ejecutiva,Gastos En Personal,Remuneraciones Al Personal,39390893.0,72373038.0,72373029.43,443608515.02,443608462.49,Fiscal
2023,4,Administracion Central,Jefatura De Gobierno,Sec.Com.Cont.P.Ciu,Sec.Com.Cont.P.Ciu,"Dirección General Arte, Creatividad Y Producción","Arte, Creatividad Y Produccion",Administración Gubernamental,Dirección Ejecutiva,Bienes De Consumo,Bienes De Consumo,404129.0,87838.0,87837.45,538400.57,538397.2,Fiscal
2023,4,Administracion Central,Jefatura De Gobierno,Sec.Com.Cont.P.Ciu,Sec.Com.Cont.P.Ciu,"Dirección General Arte, Creatividad Y Producción","Arte, Creatividad Y Produccion",Administración Gubernamental,Dirección Ejecutiva,Servicios No Personales,Servicios No Personales,444760076.0,406913319.0,406913317.91,2494163823.6,2494163816.92,Fiscal
2023,4,Administracion Central,Jefatura De Gobierno,Sec.Com.Cont.P.Ciu,Sec.Com.Cont.P.Ciu,"Dirección General Arte, Creatividad Y Producción","Arte, Creatividad Y Produccion",Administración Gubernamental,Dirección Ejecutiva,Bienes De Uso,Maquinaria Y Equipo,55167.0,0.0,0.0,0.0,0.0,Fiscal
2023,4,Administracion Central,Jefatura De Gobierno,Sec.Com.Cont.P.Ciu,Sec.Com.Cont.P.Ciu,Subsecretaria De Comunicación Y Participación Ciudadana,Actividades Comunes,Administración Gubernamental,Dirección Ejecutiva,Gastos En Personal,Remuneraciones Al Personal,46967638.0,80920240.0,80920234.09,495998350.95,495998314.73,Fiscal
2023,4,Administracion Central,Jefatura De Gobierno,Sec.Com.Cont.P.Ciu,Sec.Com.Cont.P.Ciu,Subsecretaria De Comunicación Y Participación Ciudadana,Actividades Comunes,Administración Gubernamental,Dirección Ejecutiva,Bienes De Consumo,Bienes De Consumo,1913676.0,854154.0,854150.58,5235513.09,5235492.12,Fiscal
2023,4,Administracion Central,Jefatura De Gobierno,Sec.Com.Cont.P.Ciu,Sec.Com.Cont.P.Ciu,Subsecretaria De Comunicación Y Participación Ciudadana,Actividades Comunes,Administración Gubernamental,Dirección Ejecutiva,Servicios No Personales,Servicios No Personales,244626383.0,182957773.0,182957772.6,1121434559.54,1121434557.09,Fiscal
2023,4,Administracion Central,Jefatura De Gobierno,Sec.Com.Cont.P.Ciu,Sec.Com.Cont.P.Ciu,Subsecretaria De Comunicación Y Participación Ciudadana,Actividades Comunes,Administración Gubernamental,Dirección Ejecutiva,Bienes De Uso,Maquinaria Y Equipo,4137491.0,444265.0,444264.08,2723109.91,2723104.27,Fiscal
2023,4,Administracion Central,Jefatura De Gobierno,Sec.Com.Cont.P.Ciu,Sec.Com.Cont.P.Ciu,Dirección General Análisis Y Desarrollo,Analisis Y Desarrollo,Administración Gubernamental,Dirección Ejecutiva,Gastos En Personal,Remuneraciones Al Personal,27763329.0,63234924.0,63234920.11,387596700.49,387596676.64,Fiscal
2023,4,Administracion Central,Jefatura De Gobierno,Sec.Com.Cont.P.Ciu,Sec.Com.Cont.P.Ciu,Dirección General Análisis Y Desarrollo,Analisis Y Desarrollo,Administración Gubernamental,Dirección Ejecutiva,Bienes De Consumo,Bienes De Consumo,1428721.0,344045.0,344042.79,2108814.22,2108800.67,Fiscal
2023,4,Administracion Central,Jefatura De Gobierno,Sec.Com.Cont.P.Ciu,Sec.Com.Cont.P.Ciu,Dirección General Análisis Y Desarrollo,Analisis Y Desarrollo,Administración Gubernamental,Dirección Ejecutiva,Servicios No Personales,Servicios No Personales,168781288.0,180500930.0,179823188.0,1106375408.99,1102221208.33,Fiscal
2023,4,Administracion Central,Jefatura De Gobierno,Sec.Com.Cont.P.Ciu,Sec.Com.Cont.P.Ciu,Dirección General Análisis Y Desarrollo,Analisis Y Desarrollo,Administración Gubernamental,Dirección Ejecutiva,Bienes De Uso,Maquinaria Y Equipo,55167.0,0.0,0.0,0.0,0.0,Fiscal
2023,4,Administracion Central,Jefatura De Gobierno,Sec.Com.Cont.P.Ciu,Sec.Com.Cont.P.Ciu,Dirección General Comunicación,Comunicacion,Administración Gubernamental,Dirección Ejecutiva,Gastos En Personal,Remuneraciones Al Personal,46313729.0,74198318.0,74198308.3,454796517.8,454796458.34,Fiscal
2023,4,Administracion Central,Jefatura De Gobierno,Sec.Com.Cont.P.Ciu,Sec.Com.Cont.P.Ciu,Dirección General Comunicación,Comunicacion,Administración Gubernamental,Dirección Ejecutiva,Bienes De Consumo,Bienes De Consumo,1408510.0,368122.0,368120.86,2256393.52,2256386.53,Fiscal
2023,4,Administracion Central,Jefatura De Gobierno,Sec.Com.Cont.P.Ciu,Sec.Com.Cont.P.Ciu,Dirección General Comunicación,Comunicacion,Administración Gubernamental,Dirección Ejecutiva,Servicios No Personales,Servicios No Personales,243695469.0,225149788.0,225149786.75,1380049337.04,1380049329.38,Fiscal
2023,4,Administracion Central,Jefatura De Gobierno,Sec.Com.Cont.P.Ciu,Sec.Com.Cont.P.Ciu,Dirección General Comunicación,Comunicacion,Administración Gubernamental,Dirección Ejecutiva,Bienes De Uso,Maquinaria Y Equipo,55167.0,0.0,0.0,0.0,0.0,Fiscal
2023,4,Administracion Central,Jefatura De Gobierno,Sec.Com.Cont.P.Ciu,Sec.Com.Cont.P.Ciu,Subsecretaria De Vinculación Y Comunicación Interjurisdiccional,Actividades Comunes,Administración Gubernamental,Dirección Ejecutiva,Gastos En Personal,Remuneraciones Al Personal,33683747.0,61167371.0,61167365.73,374923692.12,374923659.82,Fiscal
2023,4,Administracion Central,Jefatura De Gobierno,Sec.Com.Cont.P.Ciu,Sec.Com.Cont.P.Ciu,Subsecretaria De Vinculación Y Comunicación Interjurisdiccional,Actividades Comunes,Administración Gubernamental,Dirección Ejecutiva,Bienes De Consumo,Bienes De Consumo,362529.0,1879899.0,1879896.76,11522788.41,11522774.68,Fiscal
2023,4,Administracion Central,Jefatura De Gobierno,Sec.Com.Cont.P.Ciu,Sec.Com.Cont.P.Ciu,Subsecretaria De Vinculación Y Comunicación Interjurisdiccional,Actividades Comunes,Administración Gubernamental,Dirección Ejecutiva,Servicios No Personales,Servicios No Personales,267438.0,3540518.0,3540517.5,21701506.19,21701503.13,Fiscal
2023,4,Administracion Central,Jefatura De Gobierno,Sec.Com.Cont.P.Ciu,Sec.Com.Cont.P.Ciu,Subsecretaria De Vinculación Y Comunicación Interjurisdiccional,Actividades Comunes,Administración Gubernamental,Dirección Ejecutiva,Bienes De Uso,Maquinaria Y Equipo,55167.0,10500.0,10500.0,64359.46,64359.46,Fiscal
2023,4,Administracion Central,Jefatura De Gobierno,Sec.Com.Cont.P.Ciu,Sec.Com.Cont.P.Ciu,Dirección General Comunicación Interjurisdiccional,Comunicacion Interjurisdiccional,Administración Gubernamental,Dirección Ejecutiva,Gastos En Personal,Remuneraciones Al Personal,27878828.0,52301789.0,52301781.57,320582354.87,320582309.33,Fiscal
2023,4,Administracion Central,Jefatura De Gobierno,Sec.Com.Cont.P.Ciu,Sec.Com.Cont.P.Ciu,Dirección General Comunicación Interjurisdiccional,Comunicacion Interjurisdiccional,Administración Gubernamental,Dirección Ejecutiva,Bienes De Consumo,Bienes De Consumo,303098.0,0.0,0.0,0.0,0.0,Fiscal
2023,4,Administracion Central,Jefatura De Gobierno,Sec.Com.Cont.P.Ciu,Sec.Com.Cont.P.Ciu,Dirección General Comunicación Interjurisdiccional,Comunicacion Interjurisdiccional,Administración Gubernamental,Dirección Ejecutiva,Servicios No Personales,Servicios No Personales,231780.0,2100700.0,2100700.0,12876181.98,12876181.98,Fiscal
2023,4,Administracion Central,Jefatura De Gobierno,Sec.Com.Cont.P.Ciu,Sec.Com.Cont.P.Ciu,Dirección General Comunicación Interjurisdiccional,Comunicacion Interjurisdiccional,Administración Gubernamental,Dirección Ejecutiva,Bienes De Uso,Maquinaria Y Equipo,48271.0,0.0,0.0,0.0,0.0,Fiscal
2023,4,Administracion Central,Jefatura De Gobierno,Sec.Com.Cont.P.Ciu,Sec.Com.Cont.P.Ciu,Dirección General Vinculación Directa,Vinculacion Directa,Administración Gubernamental,Dirección Ejecutiva,Gastos En Personal,Remuneraciones Al Personal,27878828.0,52852078.0,52852071.92,323955335.93,323955298.66,Fiscal
2023,4,Administracion Central,Jefatura De Gobierno,Sec.Com.Cont.P.Ciu,Sec.Com.Cont.P.Ciu,Dirección General Vinculación Directa,Vinculacion Directa,Administración Gubernamental,Dirección Ejecutiva,Bienes De Consumo,Bienes De Consumo,303098.0,29080.0,29080.0,178245.05,178245.05,Fiscal
2023,4,Administracion Central,Jefatura De Gobierno,Sec.Com.Cont.P.Ciu,Sec.Com.Cont.P.Ciu,Dirección General Vinculación Directa,Vinculacion Directa,Administración Gubernamental,Dirección Ejecutiva,Servicios No Personales,Servicios No Personales,231780.0,60826511.0,60826510.01,372834400.27,372834394.2,Fiscal
2023,4,Administracion Central,Jefatura De Gobierno,Sec.Com.Cont.P.Ciu,Sec.Com.Cont.P.Ciu,Dirección General Vinculación Directa,Vinculacion Directa,Administración Gubernamental,Dirección Ejecutiva,Bienes De Uso,Maquinaria Y Equipo,48271.0,0.0,0.0,0.0,0.0,Fiscal
2023,4,Administracion Central,Jefatura De Gobierno,Sec.Com.Cont.P.Ciu,Sec.Com.Cont.P.Ciu,Dirección General Comunicación Con El Sector Privado Y El Tercer Sector,Comunicacion Con El Sector Privado Y El Tercer Sector,Administración Gubernamental,Dirección Ejecutiva,Gastos En Personal,Remuneraciones Al Personal,27890098.0,47253937.0,47253931.17,289641687.02,289641651.29,Fiscal
2023,4,Administracion Central,Jefatura De Gobierno,Sec.Com.Cont.P.Ciu,Sec.Com.Cont.P.Ciu,Dirección General Comunicación Con El Sector Privado Y El Tercer Sector,Comunicacion Con El Sector Privado Y El Tercer Sector,Administración Gubernamental,Dirección Ejecutiva,Bienes De Consumo,Bienes De Consumo,279325.0,0.0,0.0,0.0,0.0,Fiscal
2023,4,Administracion Central,Jefatura De Gobierno,Sec.Com.Cont.P.Ciu,Sec.Com.Cont.P.Ciu,Dirección General Comunicación Con El Sector Privado Y El Tercer Sector,Comunicacion Con El Sector Privado Y El Tercer Sector,Administración Gubernamental,Dirección Ejecutiva,Servicios No Personales,Servicios No Personales,255552.0,1998430.0,1998430.0,12249320.87,12249320.87,Fiscal
2023,4,Administracion Central,Jefatura De Gobierno,Sec.Com.Cont.P.Ciu,Sec.Com.Cont.P.Ciu,Dirección General Comunicación Con El Sector Privado Y El Tercer Sector,Comunicacion Con El Sector Privado Y El Tercer Sector,Administración Gubernamental,Dirección Ejecutiva,Bienes De Uso,Maquinaria Y Equipo,48271.0,0.0,0.0,0.0,0.0,Fiscal
2023,4,Administracion Central,Jefatura De Gobierno,Secretaría De Asuntos Estratégicos,Secretaría De Asuntos Estratégicos,Secretaría De Asuntos Estratégicos,Actividades Centrales,Administración Gubernamental,Dirección Ejecutiva,Gastos En Personal,Remuneraciones Al Personal,0.0,135773754.0,135773734.76,832221432.94,832221315.01,Fiscal
2023,4,Administracion Central,Jefatura De Gobierno,Secretaría De Asuntos Estratégicos,Secretaría De Asuntos Estratégicos,Secretaría De Asuntos Estratégicos,Actividades Centrales,Administración Gubernamental,Dirección Ejecutiva,Bienes De Consumo,Bienes De Consumo,0.0,208206.0,118205.65,1276192.86,724538.23,Fiscal
2023,4,Administracion Central,Jefatura De Gobierno,Secretaría De Asuntos Estratégicos,Secretaría De Asuntos Estratégicos,Secretaría De Asuntos Estratégicos,Actividades Centrales,Administración Gubernamental,Dirección Ejecutiva,Servicios No Personales,Servicios No Personales,0.0,362017180.0,361897177.97,2218974193.56,2218238644.47,Fiscal
2023,4,Administracion Central,Jefatura De Gobierno,Secretaría De Asuntos Estratégicos,Secretaría De Asuntos Estratégicos,Secretaría De Asuntos Estratégicos,Actividades Centrales,Administración Gubernamental,Dirección Ejecutiva,Bienes De Uso,Maquinaria Y Equipo,0.0,1664714.0,1664713.9,10203817.97,10203817.35,Fiscal
2023,4,Administracion Central,Jefatura De Gabinete De Ministros,Jefatura De Gabinete De Ministros,Jefatura De Gabinete De Ministros,Instituto Superior De La Carrera Administrativa,Capacitacion Del Personal,Servicios Sociales,Trabajo,Gastos En Personal,Remuneraciones Al Personal,169208202.0,232629736.0,232629720.44,1425897469.39,1425897374.02,Fiscal
2023,4,Administracion Central,Jefatura De Gabinete De Ministros,Jefatura De Gabinete De Ministros,Jefatura De Gabinete De Ministros,Instituto Superior De La Carrera Administrativa,Capacitacion Del Personal,Servicios Sociales,Trabajo,Bienes De Consumo,Bienes De Consumo,1013999.0,1423513.0,1423508.61,8725383.17,8725356.27,Fiscal
2023,4,Administracion Central,Jefatura De Gabinete De Ministros,Jefatura De Gabinete De Ministros,Jefatura De Gabinete De Ministros,Instituto Superior De La Carrera Administrativa,Capacitacion Del Personal,Servicios Sociales,Trabajo,Servicios No Personales,Servicios No Personales,195762173.0,206094499.0,206094443.47,1263250475.34,1263250134.97,Fiscal
2023,4,Administracion Central,Jefatura De Gabinete De Ministros,Jefatura De Gabinete De Ministros,Jefatura De Gabinete De Ministros,Instituto Superior De La Carrera Administrativa,Capacitacion Del Personal,Servicios Sociales,Trabajo,Bienes De Uso,Maquinaria Y Equipo,0.0,13552431.0,13552429.27,83069247.29,83069236.69,Fiscal
2023,4,Administracion Central,Jefatura De Gabinete De Ministros,Jefatura De Gabinete De Ministros,Jefatura De Gabinete De Ministros,Consejo Social,Acciones Del Consejo Social,Servicios Sociales,Promoción Y Acción Social,Gastos En Personal,Remuneraciones Al Personal,0.0,37665973.0,37665969.53,230872529.48,230872508.21,Fiscal
2023,4,Administracion Central,Jefatura De Gabinete De Ministros,Jefatura De Gabinete De Ministros,Jefatura De Gabinete De Ministros,Consejo Social,Acciones Del Consejo Social,Servicios Sociales,Promoción Y Acción Social,Bienes De Consumo,Bienes De Consumo,0.0,495494.0,495491.96,3037116.63,3037104.13,Fiscal
2023,4,Administracion Central,Jefatura De Gabinete De Ministros,Jefatura De Gabinete De Ministros,Jefatura De Gabinete De Ministros,Consejo Social,Acciones Del Consejo Social,Servicios Sociales,Promoción Y Acción Social,Servicios No Personales,Servicios No Personales,0.0,56891102.0,56891097.1,348712420.72,348712390.69,Fiscal
2023,4,Administracion Central,Jefatura De Gabinete De Ministros,Jefatura De Gabinete De Ministros,Jefatura De Gabinete De Ministros,Jefatura De Gabinete De Ministros,Actividades Centrales,Administración Gubernamental,Dirección Ejecutiva,Gastos En Personal,Remuneraciones Al Personal,639852996.0,814220392.0,814220373.66,4990741151.34,4990741038.92,Fiscal
2023,4,Administracion Central,Jefatura De Gabinete De Ministros,Jefatura De Gabinete De Ministros,Jefatura De Gabinete De Ministros,Jefatura De Gabinete De Ministros,Actividades Centrales,Administración Gubernamental,Dirección Ejecutiva,Bienes De Consumo,Bienes De Consumo,6024823.0,5839928.0,5831706.11,35795675.57,35745279.72,Fiscal
2023,4,Administracion Central,Jefatura De Gabinete De Ministros,Jefatura De Gabinete De Ministros,Jefatura De Gabinete De Ministros,Jefatura De Gabinete De Ministros,Actividades Centrales,Administración Gubernamental,Dirección Ejecutiva,Servicios No Personales,Servicios No Personales,2063266122.0,4773382072.0,4767797418.57,29258312088.3,29224081111.08,Fiscal
2023,4,Administracion Central,Jefatura De Gabinete De Ministros,Jefatura De Gabinete De Ministros,Jefatura De Gabinete De Ministros,Jefatura De Gabinete De Ministros,Actividades Centrales,Administración Gubernamental,Dirección Ejecutiva,Bienes De Uso,Maquinaria Y Equipo,8688731.0,9460577.0,9460576.72,57988342.48,57988340.77,Fiscal
2023,4,Administracion Central,Jefatura De Gabinete De Ministros,Jefatura De Gabinete De Ministros,Jefatura De Gabinete De Ministros,Jefatura De Gabinete De Ministros,Actividades Centrales,Administración Gubernamental,Control De La Gestión,Gastos En Personal,Remuneraciones Al Personal,54981944.0,54595180.0,54595176.1,334639630.95,334639607.04,Fiscal
2023,4,Administracion Central,Jefatura De Gabinete De Ministros,Jefatura De Gabinete De Ministros,Jefatura De Gabinete De Ministros,Jefatura De Gabinete De Ministros,Actividades Centrales,Administración Gubernamental,Control De La Gestión,Bienes De Consumo,Bienes De Consumo,623906.0,126206.0,126205.05,773576.15,773570.33,Fiscal
2023,4,Administracion Central,Jefatura De Gabinete De Ministros,Jefatura De Gabinete De Ministros,Jefatura De Gabinete De Ministros,Jefatura De Gabinete De Ministros,Actividades Centrales,Administración Gubernamental,Control De La Gestión,Servicios No Personales,Servicios No Personales,6343189.0,11576508.0,11576508.0,70957882.45,70957882.45,Fiscal
2023,4,Administracion Central,Jefatura De Gabinete De Ministros,Jefatura De Gabinete De Ministros,Jefatura De Gabinete De Ministros,Jefatura De Gabinete De Ministros,Actividades Centrales,Administración Gubernamental,Control De La Gestión,Bienes De Uso,Maquinaria Y Equipo,827498.0,19074.0,19073.07,116913.55,116907.85,Fiscal
2023,4,Administracion Central,Jefatura De Gabinete De Ministros,Jefatura De Gabinete De Ministros,Jefatura De Gabinete De Ministros,Jefatura De Gabinete De Ministros,Actividades Centrales,Servicios De Seguridad,Seguridad Interior,Servicios No Personales,Servicios No Personales,2025435429.0,4245733629.0,4245733628.99,26024105694.32,26024105694.26,Fiscal
2023,4,Administracion Central,Jefatura De Gabinete De Ministros,Jefatura De Gabinete De Ministros,Jefatura De Gabinete De Ministros,Jefatura De Gabinete De Ministros,Actividades Centrales,Administración Gubernamental,Dirección Ejecutiva,Servicios No Personales,Servicios No Personales,0.0,240848449.0,240743122.67,1476273841.17,1475628246.38,Fiscal
2023,4,Administracion Central,Jefatura De Gabinete De Ministros,Jefatura De Gabinete De Ministros,Jefatura De Gabinete De Ministros,Sec.Transf.Cultural,Actividades Comunes,Servicios Sociales,Cultura,Gastos En Personal,Remuneraciones Al Personal,107265105.0,234318905.0,234318892.17,1436251183.6,1436251104.96,Fiscal
2023,4,Administracion Central,Jefatura De Gabinete De Ministros,Jefatura De Gabinete De Ministros,Jefatura De Gabinete De Ministros,Sec.Transf.Cultural,Actividades Comunes,Servicios Sociales,Cultura,Bienes De Consumo,Bienes De Consumo,11234433.0,10001586.0,10001576.53,61304442.04,61304383.99,Fiscal
2023,4,Administracion Central,Jefatura De Gabinete De Ministros,Jefatura De Gabinete De Ministros,Jefatura De Gabinete De Ministros,Sec.Transf.Cultural,Actividades Comunes,Servicios Sociales,Cultura,Servicios No Personales,Servicios No Personales,393742940.0,494114060.0,494114055.81,3028658330.01,3028658304.33,Fiscal
2023,4,Administracion Central,Jefatura De Gabinete De Ministros,Jefatura De Gabinete De Ministros,Jefatura De Gabinete De Ministros,Sec.Transf.Cultural,Actividades Comunes,Servicios Sociales,Cultura,Bienes De Uso,Maquinaria Y Equipo,0.0,27572570.0,27572568.72,169005297.7,169005289.86,Fiscal
2023,4,Administracion Central,Jefatura De Gabinete De Ministros,Jefatura De Gabinete De Ministros,Jefatura De Gabinete De Ministros,Sec.Transf.Cultural,Actividades Comunes,Servicios Sociales,Salud,Servicios No Personales,Servicios No Personales,0.0,409934426.0,408870434.0,2512681614.57,2506159905.33,Fiscal
2023,4,Administracion Central,Jefatura De Gabinete De Ministros,Jefatura De Gabinete De Ministros,Jefatura De Gabinete De Ministros,Sec.Transf.Cultural,Funcion Publica,Servicios Sociales,Cultura,Gastos En Personal,Remuneraciones Al Personal,99411716.0,96523414.0,96523406.73,591637570.18,591637525.62,Fiscal
2023,4,Administracion Central,Jefatura De Gabinete De Ministros,Jefatura De Gabinete De Ministros,Jefatura De Gabinete De Ministros,Sec.Transf.Cultural,Funcion Publica,Servicios Sociales,Cultura,Bienes De Consumo,Bienes De Consumo,3516866.0,2061446.0,2061441.63,12635575.68,12635548.89,Fiscal
2023,4,Administracion Central,Jefatura De Gabinete De Ministros,Jefatura De Gabinete De Ministros,Jefatura De Gabinete De Ministros,Sec.Transf.Cultural,Funcion Publica,Servicios Sociales,Cultura,Servicios No Personales,Servicios No Personales,47352785.0,89165028.0,89165024.66,546534548.72,546534528.25,Fiscal
2023,4,Administracion Central,Jefatura De Gabinete De Ministros,Jefatura De Gabinete De Ministros,Jefatura De Gabinete De Ministros,Sec.Transf.Cultural,Cambio Cultural,Servicios Sociales,Cultura,Gastos En Personal,Remuneraciones Al Personal,77248027.0,111102455.0,111102446.33,680999394.8,680999341.65,Fiscal
2023,4,Administracion Central,Jefatura De Gabinete De Ministros,Jefatura De Gabinete De Ministros,Jefatura De Gabinete De Ministros,Sec.Transf.Cultural,Cambio Cultural,Servicios Sociales,Cultura,Bienes De Consumo,Bienes De Consumo,1875662.0,1940017.0,1940013.35,11891280.02,11891257.64,Fiscal
2023,4,Administracion Central,Jefatura De Gabinete De Ministros,Jefatura De Gabinete De Ministros,Jefatura De Gabinete De Ministros,Sec.Transf.Cultural,Cambio Cultural,Servicios Sociales,Cultura,Servicios No Personales,Servicios No Personales,25887314.0,44357896.0,44357895.46,271890484.6,271890481.29,Fiscal
2023,4,Administracion Central,Jefatura De Gabinete De Ministros,Jefatura De Gabinete De Ministros,Jefatura De Gabinete De Ministros,Sec.De Innov.Transf.,Actividades Comunes,Administración Gubernamental,Dirección Ejecutiva,Gastos En Personal,Remuneraciones Al Personal,106272667.0,208834541.0,208834527.64,1280045486.25,1280045404.36,Fiscal
2023,4,Administracion Central,Jefatura De Gabinete De Ministros,Jefatura De Gabinete De Ministros,Jefatura De Gabinete De Ministros,Sec.De Innov.Transf.,Actividades Comunes,Administración Gubernamental,Dirección Ejecutiva,Bienes De Consumo,Bienes De Consumo,8382975.0,3530406.0,3530400.81,21639524.97,21639493.16,Fiscal
2023,4,Administracion Central,Jefatura De Gabinete De Ministros,Jefatura De Gabinete De Ministros,Jefatura De Gabinete De Ministros,Sec.De Innov.Transf.,Actividades Comunes,Administración Gubernamental,Dirección Ejecutiva,Servicios No Personales,Servicios No Personales,557566193.0,782416006.0,779745778.35,4795797055.66,4779429969.86,Fiscal
2023,4,Administracion Central,Jefatura De Gabinete De Ministros,Jefatura De Gabinete De Ministros,Jefatura De Gabinete De Ministros,Sec.De Innov.Transf.,Actividades Comunes,Administración Gubernamental,Dirección Ejecutiva,Bienes De Uso,Maquinaria Y Equipo,21432549.0,42548000.0,42548000.0,260796777.62,260796777.62,Fiscal
2023,4,Administracion Central,Jefatura De Gabinete De Ministros,Jefatura De Gabinete De Ministros,Jefatura De Gabinete De Ministros,Sec.De Innov.Transf.,Gestion Documental Y Eficiencia Administrativa,Administración Gubernamental,Dirección Ejecutiva,Gastos En Personal,Remuneraciones Al Personal,199143429.0,302170125.0,302170113.07,1852143341.48,1852143268.36,Fiscal
2023,4,Administracion Central,Jefatura De Gabinete De Ministros,Jefatura De Gabinete De Ministros,Jefatura De Gabinete De Ministros,Sec.De Innov.Transf.,Gestion Documental Y Eficiencia Administrativa,Administración Gubernamental,Dirección Ejecutiva,Bienes De Consumo,Bienes De Consumo,2586915.0,2722870.0,2722866.66,16689755.61,16689735.14,Fiscal
2023,4,Administracion Central,Jefatura De Gabinete De Ministros,Jefatura De Gabinete De Ministros,Jefatura De Gabinete De Ministros,Sec.De Innov.Transf.,Gestion Documental Y Eficiencia Administrativa,Administración Gubernamental,Dirección Ejecutiva,Servicios No Personales,Servicios No Personales,290839716.0,435149512.0,435149511.8,2667236779.95,2667236778.72,Fiscal
2023,4,Administracion Central,Jefatura De Gabinete De Ministros,Jefatura De Gabinete De Ministros,Jefatura De Gabinete De Ministros,Sec.De Innov.Transf.,Gestion Documental Y Eficiencia Administrativa,Administración Gubernamental,Dirección Ejecutiva,Servicios No Personales,Servicios No Personales,594413992.0,1426099905.0,1426099900.3,8741239536.29,8741239507.48,Fiscal
2023,4,Administracion Central,Jefatura De Gabinete De Ministros,Jefatura De Gabinete De Ministros,Jefatura De Gabinete De Ministros,Subs.Pol.Públ.Bás.Evidencias,Politicas Publicas Basadas En Evidencia,Administración Gubernamental,Dirección Ejecutiva,Gastos En Personal,Remuneraciones Al Personal,184544134.0,209237883.0,209237860.24,1282517759.77,1282517620.26,Fiscal
2023,4,Administracion Central,Jefatura De Gabinete De Ministros,Jefatura De Gabinete De Ministros,Jefatura De Gabinete De Ministros,Subs.Pol.Públ.Bás.Evidencias,Politicas Publicas Basadas En Evidencia,Administración Gubernamental,Dirección Ejecutiva,Bienes De Consumo,Bienes De Consumo,2802491.0,1547305.0,1547303.64,9484162.78,9484154.44,Fiscal
2023,4,Administracion Central,Jefatura De Gabinete De Ministros,Jefatura De Gabinete De Ministros,Jefatura De Gabinete De Ministros,Subs.Pol.Públ.Bás.Evidencias,Politicas Publicas Basadas En Evidencia,Administración Gubernamental,Dirección Ejecutiva,Servicios No Personales,Servicios No Personales,161864894.0,213584007.0,213584007.0,1309157205.44,1309157205.44,Fiscal
2023,4,Administracion Central,Jefatura De Gabinete De Ministros,Jefatura De Gabinete De Ministros,Jefatura De Gabinete De Ministros,Subs.Pol.Públ.Bás.Evidencias,Politicas Publicas Basadas En Evidencia,Administración Gubernamental,Dirección Ejecutiva,Servicios No Personales,Servicios No Personales,414425820.0,585691154.0,585691153.27,3589977569.91,3589977565.44,Fiscal
2023,4,Administracion Central,Jefatura De Gabinete De Ministros,Jefatura De Gabinete De Ministros,Jefatura De Gabinete De Ministros,Ss.Experiencia Digital,Experiencia Digital,Administración Gubernamental,Dirección Ejecutiva,Gastos En Personal,Remuneraciones Al Personal,192246108.0,277661901.0,277661886.63,1701920867.0,1701920778.92,Fiscal
2023,4,Administracion Central,Jefatura De Gabinete De Ministros,Jefatura De Gabinete De Ministros,Jefatura De Gabinete De Ministros,Ss.Experiencia Digital,Experiencia Digital,Administración Gubernamental,Dirección Ejecutiva,Bienes De Consumo,Bienes De Consumo,3233644.0,2663567.0,2663561.2,16326259.53,16326223.98,Fiscal
2023,4,Administracion Central,Jefatura De Gabinete De Ministros,Jefatura De Gabinete De Ministros,Jefatura De Gabinete De Ministros,Ss.Experiencia Digital,Experiencia Digital,Administración Gubernamental,Dirección Ejecutiva,Servicios No Personales,Servicios No Personales,242267747.0,645817434.0,641217431.84,3958519923.82,3930324339.06,Fiscal
2023,4,Administracion Central,Jefatura De Gabinete De Ministros,Jefatura De Gabinete De Ministros,Jefatura De Gabinete De Ministros,Ss.Experiencia Digital,Experiencia Digital,Administración Gubernamental,Dirección Ejecutiva,Servicios No Personales,Servicios No Personales,237887678.0,1120785803.0,1120785799.11,6869825275.6,6869825251.75,Fiscal
2023,4,Administracion Central,Jefatura De Gabinete De Ministros,Jefatura De Gabinete De Ministros,Jefatura De Gabinete De Ministros,Ss.Cudad Inteligente,Ciudad Inteligente,Administración Gubernamental,Dirección Ejecutiva,Gastos En Personal,Remuneraciones Al Personal,135055912.0,180167125.0,180167109.26,1104329360.56,1104329264.09,Fiscal
2023,4,Administracion Central,Jefatura De Gabinete De Ministros,Jefatura De Gabinete De Ministros,Jefatura De Gabinete De Ministros,Ss.Cudad Inteligente,Ciudad Inteligente,Administración Gubernamental,Dirección Ejecutiva,Bienes De Consumo,Bienes De Consumo,2802491.0,2449093.0,2449090.62,15011647.14,15011632.55,Fiscal
2023,4,Administracion Central,Jefatura De Gabinete De Ministros,Jefatura De Gabinete De Ministros,Jefatura De Gabinete De Ministros,Ss.Cudad Inteligente,Ciudad Inteligente,Administración Gubernamental,Dirección Ejecutiva,Servicios No Personales,Servicios No Personales,115617239.0,210644079.0,210644077.71,1291136998.88,1291136990.97,Fiscal
2023,4,Administracion Central,Jefatura De Gabinete De Ministros,Jefatura De Gabinete De Ministros,Jefatura De Gabinete De Ministros,Ss.Cudad Inteligente,Ciudad Inteligente,Administración Gubernamental,Dirección Ejecutiva,Servicios No Personales,Servicios No Personales,0.0,34984089.0,34984089.0,214433996.41,214433996.41,Fiscal
2023,4,Administracion Central,Jefatura De Gabinete De Ministros,Jefatura De Gabinete De Ministros,Jefatura De Gabinete De Ministros,Ss.Cudad Inteligente,Gobierno E Identidad Digital,Administración Gubernamental,Dirección Ejecutiva,Gastos En Personal,Remuneraciones Al Personal,16138260.0,22001443.0,22001440.1,134857230.36,134857212.59,Fiscal
2023,4,Administracion Central,Jefatura De Gabinete De Ministros,Jefatura De Gabinete De Ministros,Jefatura De Gabinete De Ministros,Ss.Cudad Inteligente,Gobierno E Identidad Digital,Administración Gubernamental,Dirección Ejecutiva,Servicios No Personales,Servicios No Personales,382635179.0,1170944597.0,1170944594.41,7177272202.47,7177272186.6,Fiscal
2023,4,Administracion Central,Jefatura De Gabinete De Ministros,Jefatura De Gabinete De Ministros,Jefatura De Gabinete De Ministros,Sec.At.Ciud.Y Gest. Comunal,Ctividades Comunes,Administración Gubernamental,Dirección Ejecutiva,Servicios No Personales,Servicios No Personales,75069395.0,0.0,0.0,0.0,0.0,Fiscal
2023,4,Administracion Central,Jefatura De Gabinete De Ministros,Jefatura De Gabinete De Ministros,Jefatura De Gabinete De Ministros,Sec.At.Ciud.Y Gest. Comunal,Fondo De Emergencia Para Subsidios Por Inundaciones - Ley 1575,Servicios Sociales,Promoción Y Acción Social,Transferencias,Al Sector Privado,1288421511.0,0.0,0.0,0.0,0.0,Fiscal
2023,4,Administracion Central,Jefatura De Gabinete De Ministros,Jefatura De Gabinete De Ministros,Jefatura De Gabinete De Ministros,Ss.Servs.Al Ciudadano,Defensa Y Proteccion Al Consumidor,Servicios Sociales,Promoción Y Acción Social,Servicios No Personales,Servicios No Personales,870956.0,7161563.0,7161561.81,43896600.38,43896593.09,Fiscal
2023,4,Administracion Central,Jefatura De Gabinete De Ministros,Jefatura De Gabinete De Ministros,Jefatura De Gabinete De Ministros,Ss.Servs.Al Ciudadano,Servicios Mortuorios,Servicios Sociales,Servicios Urbanos,Servicios No Personales,Servicios No Personales,112263332.0,0.0,0.0,0.0,0.0,Fiscal
2023,4,Administracion Central,Jefatura De Gabinete De Ministros,Jefatura De Gabinete De Ministros,Jefatura De Gabinete De Ministros,Ss.Servs.Al Ciudadano,Habilitacion De Conductores,Servicios Económicos,Transporte,Servicios No Personales,Servicios No Personales,325750.0,0.0,0.0,0.0,0.0,Fiscal
2023,4,Administracion Central,Jefatura De Gabinete De Ministros,Jefatura De Gabinete De Ministros,Jefatura De Gabinete De Ministros,Sec.Desarrollo Urbano,Actividades Comunes,Servicios Sociales,Vivienda Y Urbanismo,Gastos En Personal,Remuneraciones Al Personal,89756820.0,187257325.0,187257310.78,1147788543.43,1147788456.27,Fiscal
2023,4,Administracion Central,Jefatura De Gabinete De Ministros,Jefatura De Gabinete De Ministros,Jefatura De Gabinete De Ministros,Sec.Desarrollo Urbano,Actividades Comunes,Servicios Sociales,Vivienda Y Urbanismo,Bienes De Consumo,Bienes De Consumo,1115946.0,204187.0,204185.62,1251558.51,1251550.05,Fiscal
2023,4,Administracion Central,Jefatura De Gabinete De Ministros,Jefatura De Gabinete De Ministros,Jefatura De Gabinete De Ministros,Sec.Desarrollo Urbano,Actividades Comunes,Servicios Sociales,Vivienda Y Urbanismo,Servicios No Personales,Servicios No Personales,183049059.0,286400604.0,286400603.2,1755484502.96,1755484498.06,Fiscal
2023,4,Administracion Central,Jefatura De Gabinete De Ministros,Jefatura De Gabinete De Ministros,Jefatura De Gabinete De Ministros,Sec.Desarrollo Urbano,Actividades Comunes,Servicios Sociales,Vivienda Y Urbanismo,Bienes De Uso,Maquinaria Y Equipo,1064210.0,0.0,0.0,0.0,0.0,Fiscal
2023,4,Administracion Central,Jefatura De Gabinete De Ministros,Jefatura De Gabinete De Ministros,Jefatura De Gabinete De Ministros,Dg.Diseño E Implementación,Diseño E Implementacion De Mejoras Para La Movilidad,Servicios Económicos,Transporte,Gastos En Personal,Remuneraciones Al Personal,364136176.0,513447844.0,513447826.16,3147164219.04,3147164109.69,Fiscal
2023,4,Administracion Central,Jefatura De Gabinete De Ministros,Jefatura De Gabinete De Ministros,Jefatura De Gabinete De Ministros,Dg.Diseño E Implementación,Diseño E Implementacion De Mejoras Para La Movilidad,Servicios Económicos,Transporte,Bienes De Consumo,Bienes De Consumo,3887242.0,4772035.0,4772030.15,29250055.25,29250025.52,Fiscal
2023,4,Administracion Central,Jefatura De Gabinete De Ministros,Jefatura De Gabinete De Ministros,Jefatura De Gabinete De Ministros,Dg.Diseño E Implementación,Diseño E Implementacion De Mejoras Para La Movilidad,Servicios Económicos,Transporte,Servicios No Personales,Servicios No Personales,169616846.0,257493643.0,250193565.15,1578300092.89,1533554469.6,Fiscal
2023,4,Administracion Central,Jefatura De Gabinete De Ministros,Jefatura De Gabinete De Ministros,Jefatura De Gabinete De Ministros,Dg.Diseño E Implementación,Diseño E Implementacion De Mejoras Para La Movilidad,Servicios Económicos,Transporte,Bienes De Uso,Maquinaria Y Equipo,0.0,4147635.0,4147633.94,25422812.89,25422806.39,Fiscal
2023,4,Administracion Central,Jefatura De Gabinete De Ministros,Jefatura De Gabinete De Ministros,Jefatura De Gabinete De Ministros,Dg.Planif.Uso Y Evaluación,Planeamiento Del Transito Y Transporte Publico Y Privado De Pasajeros Y Cargas,Servicios Económicos,Transporte,Gastos En Personal,Remuneraciones Al Personal,95013959.0,126320306.0,126320287.32,774276787.46,774276672.96,Fiscal
2023,4,Administracion Central,Jefatura De Gabinete De Ministros,Jefatura De Gabinete De Ministros,Jefatura De Gabinete De Ministros,Dg.Planif.Uso Y Evaluación,Planeamiento Del Transito Y Transporte Publico Y Privado De Pasajeros Y Cargas,Servicios Económicos,Transporte,Bienes De Consumo,Bienes De Consumo,1171054.0,40104.0,40103.85,245816.35,245815.43,Fiscal
2023,4,Administracion Central,Jefatura De Gabinete De Ministros,Jefatura De Gabinete De Ministros,Jefatura De Gabinete De Ministros,Dg.Planif.Uso Y Evaluación,Planeamiento Del Transito Y Transporte Publico Y Privado De Pasajeros Y Cargas,Servicios Económicos,Transporte,Servicios No Personales,Servicios No Personales,31409112.0,39375735.0,39276088.98,241352467.91,240741690.41,Fiscal
2023,4,Administracion Central,Jefatura De Gabinete De Ministros,Jefatura De Gabinete De Ministros,Jefatura De Gabinete De Ministros,Dg.Planif.Uso Y Evaluación,Planeamiento Del Transito Y Transporte Publico Y Privado De Pasajeros Y Cargas,Servicios Económicos,Transporte,Bienes De Uso,Maquinaria Y Equipo,0.0,88253.0,88252.9,540944.3,540943.69,Fiscal
2023,4,Administracion Central,Jefatura De Gabinete De Ministros,Jefatura De Gabinete De Ministros,Jefatura De Gabinete De Ministros,Dg.Planif.Uso Y Evaluación,Planeamiento Del Transito Y Transporte Publico Y Privado De Pasajeros Y Cargas,Servicios Económicos,Transporte,Servicios No Personales,Servicios No Personales,8242323.0,0.0,0.0,0.0,0.0,Fiscal
2023,4,Administracion Central,Jefatura De Gabinete De Ministros,Jefatura De Gabinete De Ministros,Jefatura De Gabinete De Ministros,Dg.Cuerpo De Agtes Tránsito,Ordenamiento Y Control De Transito Y Seguridad Vial,Servicios De Seguridad,Seguridad Interior,Gastos En Personal,Remuneraciones Al Personal,2892363487.0,3878387146.0,3878387132.61,23772465686.87,23772465604.79,Fiscal
2023,4,Administracion Central,Jefatura De Gabinete De Ministros,Jefatura De Gabinete De Ministros,Jefatura De Gabinete De Ministros,Dg.Cuerpo De Agtes Tránsito,Ordenamiento Y Control De Transito Y Seguridad Vial,Servicios De Seguridad,Seguridad Interior,Bienes De Consumo,Bienes De Consumo,109271752.0,483485095.0,483445028.59,2963508385.92,2963262799.97,Fiscal
2023,4,Administracion Central,Jefatura De Gabinete De Ministros,Jefatura De Gabinete De Ministros,Jefatura De Gabinete De Ministros,Dg.Cuerpo De Agtes Tránsito,Ordenamiento Y Control De Transito Y Seguridad Vial,Servicios De Seguridad,Seguridad Interior,Servicios No Personales,Servicios No Personales,1708761427.0,2457679031.0,2437371518.48,15064274976.79,14939800645.99,Fiscal
2023,4,Administracion Central,Jefatura De Gabinete De Ministros,Jefatura De Gabinete De Ministros,Jefatura De Gabinete De Ministros,Dg.Cuerpo De Agtes Tránsito,Ordenamiento Y Control De Transito Y Seguridad Vial,Servicios De Seguridad,Seguridad Interior,Bienes De Uso,Maquinaria Y Equipo,0.0,112785917.0,112785914.65,691318128.11,691318113.7,Fiscal
2023,4,Administracion Central,Jefatura De Gabinete De Ministros,Jefatura De Gabinete De Ministros,Jefatura De Gabinete De Ministros,Dg.Cuerpo De Agtes Tránsito,Ordenamiento Y Control De Transito Y Seguridad Vial,Servicios De Seguridad,Seguridad Interior,Bienes De Uso,Construcciones Del Dominio Privado,0.0,2301218.0,2301217.52,14105251.46,14105248.52,Fiscal
2023,4,Administracion Central,Jefatura De Gabinete De Ministros,Jefatura De Gabinete De Ministros,Jefatura De Gabinete De Ministros,Dg.Cuerpo De Agtes Tránsito,Ordenamiento Y Control De Transito Y Seguridad Vial,Servicios De Seguridad,Seguridad Interior,Servicios No Personales,Servicios No Personales,0.0,34709878.0,34709877.64,212753227.74,212753225.54,Fiscal
2023,4,Administracion Central,Jefatura De Gabinete De Ministros,Jefatura De Gabinete De Ministros,Jefatura De Gabinete De Ministros,Dg.Cuerpo De Agtes Tránsito,Ordenamiento Y Control De Transito Y Seguridad Vial,Servicios De Seguridad,Seguridad Interior,Bienes De Uso,Bienes De Uso,0.0,19663945.0,19663944.75,120529601.66,120529600.13,Fiscal
2023,4,Administracion Central,Jefatura De Gabinete De Ministros,Jefatura De Gabinete De Ministros,Jefatura De Gabinete De Ministros,Dg.Cuerpo De Agtes Tránsito,Ordenamiento Y Control De Transito Y Seguridad Vial,Servicios De Seguridad,Seguridad Interior,Activos Financieros,Activos Financieros,0.0,4933487.0,4933486.18,30239670.77,30239665.75,Fiscal
2023,4,Administracion Central,Jefatura De Gabinete De Ministros,Jefatura De Gabinete De Ministros,Jefatura De Gabinete De Ministros,Dg Gest..Servs De Movilidad,Sistema De Estacionamiento Medido,Servicios Económicos,Transporte,Servicios No Personales,Servicios No Personales,100639499.0,66651026.0,66455588.88,408535602.28,407337675.92,Fiscal
2023,4,Administracion Central,Jefatura De Gabinete De Ministros,Jefatura De Gabinete De Ministros,Jefatura De Gabinete De Ministros,Dg Gest..Servs De Movilidad,Sistema De Estacionamiento Medido,Servicios Económicos,Transporte,Bienes De Uso,Maquinaria Y Equipo,15652784.0,66327752.0,66327750.51,406554103.33,406554094.2,Fiscal
2023,4,Administracion Central,Jefatura De Gabinete De Ministros,Jefatura De Gabinete De Ministros,Jefatura De Gabinete De Ministros,Dg Gest..Servs De Movilidad,Sistema De Estacionamiento Medido,Servicios Económicos,Transporte,Bienes De Uso,Construcciones Del Dominio Público,11752850.0,0.0,0.0,0.0,0.0,Fiscal
2023,4,Administracion Central,Jefatura De Gabinete De Ministros,Jefatura De Gabinete De Ministros,Jefatura De Gabinete De Ministros,Dg Gest..Servs De Movilidad,Sistema De Gestion De Acarreo,Servicios Económicos,Transporte,Servicios No Personales,Servicios No Personales,4403739366.0,37222650.0,37222650.0,228155193.53,228155193.53,Fiscal
2023,4,Administracion Central,Jefatura De Gabinete De Ministros,Jefatura De Gabinete De Ministros,Jefatura De Gabinete De Ministros,Dg Gest..Servs De Movilidad,Sistema De Gestion De Acarreo,Servicios Económicos,Transporte,Bienes De Uso,Maquinaria Y Equipo,25021546.0,429095980.0,429095980.0,2630131824.63,2630131824.63,Fiscal
2023,4,Administracion Central,Jefatura De Gabinete De Ministros,Jefatura De Gabinete De Ministros,Jefatura De Gabinete De Ministros,Dg Gest..Servs De Movilidad,Sistema De Gestion De Acarreo,Servicios Económicos,Transporte,Transferencias,Al Sector Privado,1378298110.0,0.0,0.0,0.0,0.0,Fiscal
2023,4,Administracion Central,Jefatura De Gabinete De Ministros,Jefatura De Gabinete De Ministros,Jefatura De Gabinete De Ministros,Dg Gest..Servs De Movilidad,Sistema De Gestion De Acarreo,Servicios Económicos,Transporte,Transferencias,Al Sector Público,0.0,3100000000.0,3100000000.0,19001363416.05,19001363416.05,Fiscal
2023,4,Administracion Central,Jefatura De Gabinete De Ministros,Jefatura De Gabinete De Ministros,Jefatura De Gabinete De Ministros,Dg Gest..Servs De Movilidad,Sistema De Gestion De Acarreo,Servicios Económicos,Transporte,Transferencias,Al Sector Público,0.0,237807500.0,237807500.0,1457634429.21,1457634429.21,Fiscal
2023,4,Administracion Central,Jefatura De Gabinete De Ministros,Jefatura De Gabinete De Ministros,Jefatura De Gabinete De Ministros,Dg Gest..Servs De Movilidad,Sistema De Gestion De Acarreo,Servicios Económicos,Transporte,Activos Financieros,Adelanto A Proveedores Y Contratistas,1363396866.0,0.0,0.0,0.0,0.0,Fiscal
2023,4,Administracion Central,Jefatura De Gabinete De Ministros,Jefatura De Gabinete De Ministros,Jefatura De Gabinete De Ministros,Dg Gest..Servs De Movilidad,Sistema De Gestion De Acarreo,Servicios Económicos,Transporte,Bienes De Uso,Construcciones Del Dominio Público,282036604.0,0.0,0.0,0.0,0.0,Fiscal
2023,4,Administracion Central,Jefatura De Gabinete De Ministros,Jefatura De Gabinete De Ministros,Jefatura De Gabinete De Ministros,Dg Gest..Servs De Movilidad,Micromovilidad,Servicios Económicos,Transporte,Gastos En Personal,Remuneraciones Al Personal,68639581.0,113291323.0,113291318.12,694416000.07,694415970.16,Fiscal
2023,4,Administracion Central,Jefatura De Gabinete De Ministros,Jefatura De Gabinete De Ministros,Jefatura De Gabinete De Ministros,Dg Gest..Servs De Movilidad,Micromovilidad,Servicios Económicos,Transporte,Bienes De Consumo,Bienes De Consumo,153701.0,0.0,0.0,0.0,0.0,Fiscal
2023,4,Administracion Central,Jefatura De Gabinete De Ministros,Jefatura De Gabinete De Ministros,Jefatura De Gabinete De Ministros,Dg Gest..Servs De Movilidad,Micromovilidad,Servicios Económicos,Transporte,Servicios No Personales,Servicios No Personales,814668153.0,1180919127.0,1177919189.31,7238410805.51,7220022771.23,Fiscal
2023,4,Administracion Central,Jefatura De Gabinete De Ministros,Jefatura De Gabinete De Ministros,Jefatura De Gabinete De Ministros,Dg Gest..Servs De Movilidad,Micromovilidad,Servicios Económicos,Transporte,Bienes De Uso,Bienes De Uso,4440907.0,4430193.0,4430192.05,27154744.26,27154738.43,Fiscal
2023,4,Administracion Central,Jefatura De Gabinete De Ministros,Jefatura De Gabinete De Ministros,Jefatura De Gabinete De Ministros,Dg Gest..Servs De Movilidad,Regulacion Y Operacion Servicios De Transporte,Servicios Económicos,Transporte,Gastos En Personal,Remuneraciones Al Personal,276803345.0,457753115.0,457753106.48,2805784933.21,2805784880.98,Fiscal
2023,4,Administracion Central,Jefatura De Gabinete De Ministros,Jefatura De Gabinete De Ministros,Jefatura De Gabinete De Ministros,Dg Gest..Servs De Movilidad,Regulacion Y Operacion Servicios De Transporte,Servicios Económicos,Transporte,Bienes De Consumo,Bienes De Consumo,2695048.0,1447948.0,1447944.58,8875156.82,8875135.86,Fiscal
2023,4,Administracion Central,Jefatura De Gabinete De Ministros,Jefatura De Gabinete De Ministros,Jefatura De Gabinete De Ministros,Dg Gest..Servs De Movilidad,Regulacion Y Operacion Servicios De Transporte,Servicios Económicos,Transporte,Servicios No Personales,Servicios No Personales,795606029.0,489528353.0,489528345.54,3000550367.04,3000550321.31,Fiscal
2023,4,Administracion Central,Jefatura De Gabinete De Ministros,Jefatura De Gabinete De Ministros,Jefatura De Gabinete De Ministros,Dg Gest..Servs De Movilidad,Regulacion Y Operacion Servicios De Transporte,Servicios Económicos,Transporte,Bienes De Uso,Maquinaria Y Equipo,0.0,417290.0,417289.52,2557767.4,2557764.46,Fiscal
2023,4,Administracion Central,Jefatura De Gabinete De Ministros,Jefatura De Gabinete De Ministros,Jefatura De Gabinete De Ministros,Dg Gest..Servs De Movilidad,Regulacion Y Operacion Servicios De Transporte,Servicios Económicos,Transporte,Transferencias,Al Sector Privado,371347054.0,190400000.0,190400000.0,1167051482.07,1167051482.07,Fiscal
2023,4,Administracion Central,Jefatura De Gabinete De Ministros,Jefatura De Gabinete De Ministros,Jefatura De Gabinete De Ministros,Dg Gest..Servs De Movilidad,Regulacion Y Operacion Servicios De Transporte,Servicios Económicos,Transporte,Activos Financieros,Adelanto A Proveedores Y Contratistas,0.0,1300000.0,0.0,7968313.69,0.0,Fiscal
2023,4,Administracion Central,Jefatura De Gabinete De Ministros,Jefatura De Gabinete De Ministros,Jefatura De Gabinete De Ministros,Dg Gest..Servs De Movilidad,Regulacion Y Operacion Servicios De Transporte,Servicios Económicos,Transporte,Servicios No Personales,Servicios No Personales,39892030.0,26226908.0,26226764.56,160757100.06,160756220.85,Fiscal
2023,4,Administracion Central,Jefatura De Gabinete De Ministros,Jefatura De Gabinete De Ministros,Jefatura De Gabinete De Ministros,Upe Infra De La Movilidad,Señalizacion Luminosa,Servicios Económicos,Transporte,Servicios No Personales,Servicios No Personales,0.0,986040.0,0.0,6043904.64,0.0,Fiscal
2023,4,Administracion Central,Jefatura De Gabinete De Ministros,Jefatura De Gabinete De Ministros,Jefatura De Gabinete De Ministros,Upe Infra De La Movilidad,Señalizacion Luminosa,Servicios Económicos,Transporte,Bienes De Uso,Construcciones Del Dominio Público,3387603562.0,5365420646.0,5365420515.17,32887195991.82,32887195189.9,Fiscal
2023,4,Administracion Central,Jefatura De Gabinete De Ministros,Jefatura De Gabinete De Ministros,Jefatura De Gabinete De Ministros,Upe Infra De La Movilidad,Señalizacion Luminosa,Servicios Económicos,Transporte,Bienes De Consumo,Bienes De Consumo,5075330.0,4627352.0,4627346.06,28363224.84,28363188.43,Fiscal
2023,4,Administracion Central,Jefatura De Gabinete De Ministros,Jefatura De Gabinete De Ministros,Jefatura De Gabinete De Ministros,Upe Infra De La Movilidad,Señalizacion Luminosa,Servicios Económicos,Transporte,Servicios No Personales,Servicios No Personales,273306084.0,457521055.0,457501776.34,2804362527.92,2804244359.91,Fiscal
2023,4,Administracion Central,Jefatura De Gabinete De Ministros,Jefatura De Gabinete De Ministros,Jefatura De Gabinete De Ministros,Upe Infra De La Movilidad,Señalizacion Luminosa,Servicios Económicos,Transporte,Bienes De Uso,Bienes De Uso,7612982.0,142072.0,142071.69,870826.36,870824.46,Fiscal
2023,4,Administracion Central,Jefatura De Gabinete De Ministros,Jefatura De Gabinete De Ministros,Jefatura De Gabinete De Ministros,Upe Infra De La Movilidad,Señalamiento Vial,Servicios Económicos,Transporte,Bienes De Consumo,Bienes De Consumo,3610584.0,3567007.0,3567002.16,21863869.78,21863840.11,Fiscal
2023,4,Administracion Central,Jefatura De Gabinete De Ministros,Jefatura De Gabinete De Ministros,Jefatura De Gabinete De Ministros,Upe Infra De La Movilidad,Señalamiento Vial,Servicios Económicos,Transporte,Servicios No Personales,Servicios No Personales,0.0,46381734.0,45179308.95,284295543.1,276925312.34,Fiscal
2023,4,Administracion Central,Jefatura De Gabinete De Ministros,Jefatura De Gabinete De Ministros,Jefatura De Gabinete De Ministros,Upe Infra De La Movilidad,Señalamiento Vial,Servicios Económicos,Transporte,Bienes De Uso,Construcciones Del Dominio Público,357659145.0,357304496.0,357304489.42,2190087928.61,2190087888.28,Fiscal
2023,4,Administracion Central,Jefatura De Gabinete De Ministros,Jefatura De Gabinete De Ministros,Jefatura De Gabinete De Ministros,Upe Infra De La Movilidad,Señalamiento Vial,Servicios Económicos,Transporte,Bienes De Uso,Bienes De Uso,3806491.0,95945856.0,91199146.0,588097444.55,559002618.19,Fiscal
2023,4,Administracion Central,Jefatura De Gabinete De Ministros,Jefatura De Gabinete De Ministros,Jefatura De Gabinete De Ministros,Upe Infra De La Movilidad,Demarcacion Horizontal,Servicios Económicos,Transporte,Bienes De Uso,Construcciones Del Dominio Público,460533367.0,438015.0,438014.53,2684800.71,2684797.83,Fiscal
2023,4,Administracion Central,Jefatura De Gabinete De Ministros,Jefatura De Gabinete De Ministros,Jefatura De Gabinete De Ministros,Upe Infra De La Movilidad,Demarcacion Horizontal,Servicios Económicos,Transporte,Bienes De Consumo,Bienes De Consumo,1015042.0,944768.0,944766.78,5790929.07,5790921.59,Fiscal
2023,4,Administracion Central,Jefatura De Gabinete De Ministros,Jefatura De Gabinete De Ministros,Jefatura De Gabinete De Ministros,Upe Infra De La Movilidad,Demarcacion Horizontal,Servicios Económicos,Transporte,Servicios No Personales,Servicios No Personales,0.0,1291947878.0,1291947877.64,7918958433.7,7918958431.49,Fiscal
2023,4,Administracion Central,Jefatura De Gabinete De Ministros,Jefatura De Gabinete De Ministros,Jefatura De Gabinete De Ministros,Upe Infra De La Movilidad,Demarcacion Horizontal,Servicios Económicos,Transporte,Bienes De Uso,Bienes De Uso,1903246.0,0.0,0.0,0.0,0.0,Fiscal
2023,4,Administracion Central,Jefatura De Gabinete De Ministros,Jefatura De Gabinete De Ministros,Jefatura De Gabinete De Ministros,Upe Infra De La Movilidad,Infraestructura De La Movilidad,Servicios Económicos,Transporte,Gastos En Personal,Remuneraciones Al Personal,179058645.0,266227112.0,266227103.06,1631831647.2,1631831592.4,Fiscal
2023,4,Administracion Central,Jefatura De Gabinete De Ministros,Jefatura De Gabinete De Ministros,Jefatura De Gabinete De Ministros,Upe Infra De La Movilidad,Infraestructura De La Movilidad,Servicios Económicos,Transporte,Bienes De Consumo,Bienes De Consumo,5682859.0,3472143.0,3472135.45,21282403.54,21282357.26,Fiscal
2023,4,Administracion Central,Jefatura De Gabinete De Ministros,Jefatura De Gabinete De Ministros,Jefatura De Gabinete De Ministros,Upe Infra De La Movilidad,Infraestructura De La Movilidad,Servicios Económicos,Transporte,Servicios No Personales,Servicios No Personales,1106577456.0,2341770237.0,2341301258.2,14353815261.33,14350940668.88,Fiscal
2023,4,Administracion Central,Jefatura De Gabinete De Ministros,Jefatura De Gabinete De Ministros,Jefatura De Gabinete De Ministros,Sec.Transp.Obras Públicas,Actividades Comunes,Servicios Económicos,Transporte,Gastos En Personal,Remuneraciones Al Personal,101925725.0,187010023.0,187010009.39,1146272712.73,1146272629.31,Fiscal
2023,4,Administracion Central,Jefatura De Gabinete De Ministros,Jefatura De Gabinete De Ministros,Jefatura De Gabinete De Ministros,Sec.Transp.Obras Públicas,Actividades Comunes,Servicios Económicos,Transporte,Bienes De Consumo,Bienes De Consumo,2830044.0,2672025.0,2672018.77,16378102.61,16378064.42,Fiscal
2023,4,Administracion Central,Jefatura De Gabinete De Ministros,Jefatura De Gabinete De Ministros,Jefatura De Gabinete De Ministros,Sec.Transp.Obras Públicas,Actividades Comunes,Servicios Económicos,Transporte,Servicios No Personales,Servicios No Personales,1084620286.0,1465796816.0,1465730811.77,8984560643.52,8984156072.43,Fiscal
2023,4,Administracion Central,Jefatura De Gabinete De Ministros,Jefatura De Gabinete De Ministros,Jefatura De Gabinete De Ministros,Sec.Transp.Obras Públicas,Actividades Comunes,Servicios Económicos,Transporte,Bienes De Uso,Maquinaria Y Equipo,0.0,12724857.0,12724856.05,77996655.57,77996649.75,Fiscal
2023,4,Administracion Central,Jefatura De Gabinete De Ministros,Jefatura De Gabinete De Ministros,Jefatura De Gabinete De Ministros,Sec.Transp.Obras Públicas,Actividades Comunes,Servicios Sociales,Promoción Y Acción Social,Transferencias,Al Sector Público,0.0,37200000000.0,37200000000.0,228016360992.62,228016360992.62,Fiscal
2023,4,Administracion Central,Jefatura De Gabinete De Ministros,Jefatura De Gabinete De Ministros,Jefatura De Gabinete De Ministros,Sec.Transp.Obras Públicas,Actividades Comunes,Servicios Económicos,Transporte,Bienes De Uso,Construcciones Del Dominio Privado,0.0,453988430.0,453988429.29,2782709401.65,2782709397.3,Fiscal
2023,4,Administracion Central,Jefatura De Gabinete De Ministros,Jefatura De Gabinete De Ministros,Jefatura De Gabinete De Ministros,Ss.Gestión De La Movilidad,Coordinacion Gestion De La Movilidad,Servicios Económicos,Transporte,Gastos En Personal,Remuneraciones Al Personal,71669275.0,110071035.0,110071025.83,674677334.71,674677278.51,Fiscal
2023,4,Administracion Central,Jefatura De Gabinete De Ministros,Jefatura De Gabinete De Ministros,Jefatura De Gabinete De Ministros,Ss.Gestión De La Movilidad,Coordinacion Gestion De La Movilidad,Servicios Económicos,Transporte,Bienes De Consumo,Bienes De Consumo,975876.0,894011.0,894008.74,5479815.45,5479801.6,Fiscal
2023,4,Administracion Central,Jefatura De Gabinete De Ministros,Jefatura De Gabinete De Ministros,Jefatura De Gabinete De Ministros,Ss.Gestión De La Movilidad,Coordinacion Gestion De La Movilidad,Servicios Económicos,Transporte,Servicios No Personales,Servicios No Personales,129074778.0,179330738.0,177782298.97,1099202749.81,1089711636.02,Fiscal
2023,4,Administracion Central,Jefatura De Gabinete De Ministros,Jefatura De Gabinete De Ministros,Jefatura De Gabinete De Ministros,Ss.Gestión De La Movilidad,Coordinacion Gestion De La Movilidad,Servicios Económicos,Transporte,Bienes De Uso,Maquinaria Y Equipo,0.0,736097.0,736095.61,4511886.0,4511877.48,Fiscal
2023,4,Administracion Central,Jefatura De Gabinete De Ministros,Jefatura De Gabinete De Ministros,Jefatura De Gabinete De Ministros,Ss.Planif. De La Movilidad,Coordinacion Planificacion De La Movilidad,Servicios Económicos,Transporte,Gastos En Personal,Remuneraciones Al Personal,96768060.0,131782177.0,131782163.35,807755173.2,807755089.54,Fiscal
2023,4,Administracion Central,Jefatura De Gabinete De Ministros,Jefatura De Gabinete De Ministros,Jefatura De Gabinete De Ministros,Ss.Planif. De La Movilidad,Coordinacion Planificacion De La Movilidad,Servicios Económicos,Transporte,Bienes De Consumo,Bienes De Consumo,1561407.0,1075373.0,1075367.98,6591468.77,6591438.0,Fiscal
2023,4,Administracion Central,Jefatura De Gabinete De Ministros,Jefatura De Gabinete De Ministros,Jefatura De Gabinete De Ministros,Ss.Planif. De La Movilidad,Coordinacion Planificacion De La Movilidad,Servicios Económicos,Transporte,Servicios No Personales,Servicios No Personales,140252153.0,142928212.0,142928209.95,876074483.43,876074470.86,Fiscal
2023,4,Administracion Central,Jefatura De Gabinete De Ministros,Jefatura De Gabinete De Ministros,Jefatura De Gabinete De Ministros,Ss.Planif. De La Movilidad,Coordinacion Planificacion De La Movilidad,Servicios Económicos,Transporte,Bienes De Uso,Maquinaria Y Equipo,0.0,3260544.0,3260543.8,19985413.38,19985412.15,Fiscal
2023,4,Administracion Central,Jefatura De Gabinete De Ministros,Jefatura De Gabinete De Ministros,Jefatura De Gabinete De Ministros,Consejo Del Pl.Urb.Ambiental,Instrumentacion Y Seguimiento Del Plan Urbano Ambiental,Servicios Sociales,Vivienda Y Urbanismo,Bienes De Consumo,Bienes De Consumo,313888.0,313452.0,313449.1,1921295.28,1921277.5,Fiscal
2023,4,Administracion Central,Jefatura De Gabinete De Ministros,Jefatura De Gabinete De Ministros,Jefatura De Gabinete De Ministros,Consejo Del Pl.Urb.Ambiental,Instrumentacion Y Seguimiento Del Plan Urbano Ambiental,Servicios Sociales,Vivienda Y Urbanismo,Servicios No Personales,Servicios No Personales,40014.0,0.0,0.0,0.0,0.0,Fiscal
2023,4,Administracion Central,Jefatura De Gabinete De Ministros,Jefatura De Gabinete De Ministros,Jefatura De Gabinete De Ministros,Consejo Del Pl.Urb.Ambiental,Difusion Y Capacitacion Del Plan Urbano Ambiental,Servicios Sociales,Vivienda Y Urbanismo,Gastos En Personal,Remuneraciones Al Personal,93980190.0,110044307.0,110044300.07,674513506.19,674513463.71,Fiscal
2023,4,Administracion Central,Jefatura De Gabinete De Ministros,Jefatura De Gabinete De Ministros,Jefatura De Gabinete De Ministros,Consejo Del Pl.Urb.Ambiental,Difusion Y Capacitacion Del Plan Urbano Ambiental,Servicios Sociales,Vivienda Y Urbanismo,Bienes De Consumo,Bienes De Consumo,483154.0,481762.0,481757.76,2952946.72,2952920.73,Fiscal
2023,4,Administracion Central,Jefatura De Gabinete De Ministros,Jefatura De Gabinete De Ministros,Jefatura De Gabinete De Ministros,Consejo Del Pl.Urb.Ambiental,Difusion Y Capacitacion Del Plan Urbano Ambiental,Servicios Sociales,Vivienda Y Urbanismo,Servicios No Personales,Servicios No Personales,15975832.0,14726094.0,14726094.0,90263181.87,90263181.87,Fiscal
2023,4,Administracion Central,Jefatura De Gabinete De Ministros,Jefatura De Gabinete De Ministros,Jefatura De Gabinete De Ministros,Consejo Del Pl.Urb.Ambiental,Difusion Y Capacitacion Del Plan Urbano Ambiental,Servicios Sociales,Vivienda Y Urbanismo,Bienes De Uso,Maquinaria Y Equipo,119298.0,95366.0,95365.35,584543.23,584539.25,Fiscal
2023,4,Administracion Central,Jefatura De Gabinete De Ministros,Jefatura De Gabinete De Ministros,Jefatura De Gabinete De Ministros,Dg.Planeamiento Urbano,Planificacion Y Desarrollo Del Espacio Urbano,Servicios Sociales,Vivienda Y Urbanismo,Gastos En Personal,Remuneraciones Al Personal,125595159.0,187489034.0,187489023.34,1149208797.28,1149208731.94,Fiscal
2023,4,Administracion Central,Jefatura De Gabinete De Ministros,Jefatura De Gabinete De Ministros,Jefatura De Gabinete De Ministros,Dg.Planeamiento Urbano,Planificacion Y Desarrollo Del Espacio Urbano,Servicios Sociales,Vivienda Y Urbanismo,Bienes De Consumo,Bienes De Consumo,688000.0,571503.0,571499.56,3503011.68,3502990.59,Fiscal
2023,4,Administracion Central,Jefatura De Gabinete De Ministros,Jefatura De Gabinete De Ministros,Jefatura De Gabinete De Ministros,Dg.Planeamiento Urbano,Planificacion Y Desarrollo Del Espacio Urbano,Servicios Sociales,Vivienda Y Urbanismo,Servicios No Personales,Servicios No Personales,63838115.0,82162820.0,82162819.01,503614710.36,503614704.29,Fiscal
2023,4,Administracion Central,Jefatura De Gabinete De Ministros,Jefatura De Gabinete De Ministros,Jefatura De Gabinete De Ministros,Dg.Planeamiento Urbano,Planificacion Y Desarrollo Del Espacio Urbano,Servicios Sociales,Vivienda Y Urbanismo,Bienes De Uso,Maquinaria Y Equipo,206874.0,611170.0,611169.5,3746149.44,3746146.38,Fiscal
2023,4,Administracion Central,Jefatura De Gabinete De Ministros,Jefatura De Gabinete De Ministros,Jefatura De Gabinete De Ministros,Subterráneos De Bs.As.,Subterraneos De Buenos Aires,Servicios Económicos,Transporte,Transferencias,Al Sector Público,2004059119.0,3165700000.0,3165700000.0,19404069731.03,19404069731.03,Fiscal
2023,4,Administracion Central,Jefatura De Gabinete De Ministros,Jefatura De Gabinete De Ministros,Jefatura De Gabinete De Ministros,Subterráneos De Bs.As.,Subterraneos De Buenos Aires,Servicios Sociales,Promoción Y Acción Social,Transferencias,Al Sector Público,54560671577.0,82649731886.0,82649731885.19,506599223162.94,506599223157.98,Fiscal
2023,4,Administracion Central,Jefatura De Gabinete De Ministros,Jefatura De Gabinete De Ministros,Jefatura De Gabinete De Ministros,Subterráneos De Bs.As.,Subterraneos De Buenos Aires,Servicios De Seguridad,Seguridad Interior,Servicios No Personales,Servicios No Personales,2481913501.0,3323952713.0,3323952712.79,20374075315.32,20374075314.03,Fiscal
2023,4,Administracion Central,Jefatura De Gabinete De Ministros,Jefatura De Gabinete De Ministros,Jefatura De Gabinete De Ministros,Subterráneos De Bs.As.,Subterraneos De Buenos Aires,Servicios Económicos,Transporte,Servicios No Personales,Servicios No Personales,0.0,163987238.0,163987236.57,1005155195.11,1005155186.34,Fiscal
2023,4,Administracion Central,Jefatura De Gabinete De Ministros,Jefatura De Gabinete De Ministros,Jefatura De Gabinete De Ministros,Subterráneos De Bs.As.,Subterraneos De Buenos Aires,Servicios Económicos,Transporte,Transferencias,Transferencias,8591817550.0,13516786422.0,13516786421.48,82850764845.67,82850764842.48,Fiscal
2023,4,Administracion Central,Jefatura De Gabinete De Ministros,Jefatura De Gabinete De Ministros,Jefatura De Gabinete De Ministros,Ss.De Obras,Actividades Comunes,Servicios Sociales,Vivienda Y Urbanismo,Gastos En Personal,Remuneraciones Al Personal,99694000.0,135826125.0,135826116.19,832542439.52,832542385.52,Fiscal
2023,4,Administracion Central,Jefatura De Gabinete De Ministros,Jefatura De Gabinete De Ministros,Jefatura De Gabinete De Ministros,Ss.De Obras,Actividades Comunes,Servicios Sociales,Vivienda Y Urbanismo,Bienes De Consumo,Bienes De Consumo,1765705.0,729160.0,691196.69,4469365.85,4236670.81,Fiscal
2023,4,Administracion Central,Jefatura De Gabinete De Ministros,Jefatura De Gabinete De Ministros,Jefatura De Gabinete De Ministros,Ss.De Obras,Actividades Comunes,Servicios Sociales,Vivienda Y Urbanismo,Servicios No Personales,Servicios No Personales,72278869.0,123667857.0,123667856.14,758018675.4,758018670.13,Fiscal
2023,4,Administracion Central,Jefatura De Gabinete De Ministros,Jefatura De Gabinete De Ministros,Jefatura De Gabinete De Ministros,Ss.De Obras,Actividades Comunes,Servicios Sociales,Vivienda Y Urbanismo,Bienes De Uso,Maquinaria Y Equipo,0.0,780308.0,780307.42,4782876.09,4782872.54,Fiscal
2023,4,Administracion Central,Jefatura De Gabinete De Ministros,Jefatura De Gabinete De Ministros,Jefatura De Gabinete De Ministros,Ss.De Obras,Actividades Comunes,Servicios Sociales,Vivienda Y Urbanismo,Transferencias,Al Sector Público,2521017.0,2892137.0,2892136.56,17727272.96,17727270.27,Fiscal
2023,4,Administracion Central,Jefatura De Gabinete De Ministros,Jefatura De Gabinete De Ministros,Jefatura De Gabinete De Ministros,Ss.De Obras,Actividades Comunes,Servicios Sociales,Vivienda Y Urbanismo,Servicios No Personales,Servicios No Personales,0.0,4797400.0,3561600.0,29405529.31,21830727.72,Fiscal
2023,4,Administracion Central,Jefatura De Gabinete De Ministros,Jefatura De Gabinete De Ministros,Jefatura De Gabinete De Ministros,Ss.De Obras,Actividades Comunes,Servicios Sociales,Vivienda Y Urbanismo,Bienes De Uso,Construcciones Del Dominio Privado,0.0,2107980.0,2107979.78,12920804.53,12920803.18,Fiscal
2023,4,Administracion Central,Jefatura De Gabinete De Ministros,Jefatura De Gabinete De Ministros,Jefatura De Gabinete De Ministros,Dg.Ingeniería Y Arquitectura,Obras De Ingenieria Y Arquitectura,Servicios Sociales,Vivienda Y Urbanismo,Gastos En Personal,Remuneraciones Al Personal,121936813.0,160481974.0,160481962.3,983669777.32,983669705.61,Fiscal
2023,4,Administracion Central,Jefatura De Gabinete De Ministros,Jefatura De Gabinete De Ministros,Jefatura De Gabinete De Ministros,Dg.Ingeniería Y Arquitectura,Obras De Ingenieria Y Arquitectura,Servicios Sociales,Vivienda Y Urbanismo,Bienes De Consumo,Bienes De Consumo,1236925.0,306828.0,306826.69,1880693.66,1880685.63,Fiscal
2023,4,Administracion Central,Jefatura De Gabinete De Ministros,Jefatura De Gabinete De Ministros,Jefatura De Gabinete De Ministros,Dg.Ingeniería Y Arquitectura,Obras De Ingenieria Y Arquitectura,Servicios Sociales,Vivienda Y Urbanismo,Servicios No Personales,Servicios No Personales,64569962.0,135205213.0,135205210.6,828736576.76,828736562.05,Fiscal
2023,4,Administracion Central,Jefatura De Gabinete De Ministros,Jefatura De Gabinete De Ministros,Jefatura De Gabinete De Ministros,Dg.Ingeniería Y Arquitectura,Obras De Ingenieria Y Arquitectura,Servicios Sociales,Vivienda Y Urbanismo,Bienes De Uso,Construcciones Del Dominio Privado,401322367.0,3815796198.0,3815796193.44,23388816219.29,23388816191.34,Fiscal
2023,4,Administracion Central,Jefatura De Gabinete De Ministros,Jefatura De Gabinete De Ministros,Jefatura De Gabinete De Ministros,Dg.Ingeniería Y Arquitectura,Obras De Ingenieria Y Arquitectura,Servicios Sociales,Vivienda Y Urbanismo,Servicios No Personales,Servicios No Personales,8597595.0,1178852280.0,1178852277.3,7225742124.56,7225742108.01,Fiscal
2023,4,Administracion Central,Jefatura De Gabinete De Ministros,Jefatura De Gabinete De Ministros,Jefatura De Gabinete De Ministros,Dg.Ingeniería Y Arquitectura,Obras De Ingenieria Y Arquitectura,Servicios Sociales,Vivienda Y Urbanismo,Bienes De Uso,Construcciones Del Dominio Público,370815707.0,2184729657.0,2184083270.5,13391239412.41,13387277404.42,Fiscal
2023,4,Administracion Central,Jefatura De Gabinete De Ministros,Jefatura De Gabinete De Ministros,Jefatura De Gabinete De Ministros,Dg.Ingeniería Y Arquitectura,Obras De Ingenieria Y Arquitectura,Servicios Sociales,Vivienda Y Urbanismo,Activos Financieros,Activos Financieros,1327717933.0,668097811.0,668097808.22,4095086872.35,4095086855.31,Fiscal
2023,4,Administracion Central,Jefatura De Gabinete De Ministros,Jefatura De Gabinete De Ministros,Jefatura De Gabinete De Ministros,Dg.Ingeniería Y Arquitectura,Obras De Ingenieria Y Arquitectura,Servicios De Seguridad,Seguridad Interior,Bienes De Uso,Construcciones Del Dominio Privado,300169408.0,588534340.0,588534336.57,3607404799.09,3607404778.06,Fiscal
2023,4,Administracion Central,Jefatura De Gabinete De Ministros,Jefatura De Gabinete De Ministros,Jefatura De Gabinete De Ministros,Dg.Ingeniería Y Arquitectura,Obras De Ingenieria Y Arquitectura,Servicios De Seguridad,Seguridad Interior,Activos Financieros,Activos Financieros,3357326.0,37553021.0,37553020.53,230180193.35,230180190.47,Fiscal
2023,4,Administracion Central,Jefatura De Gabinete De Ministros,Jefatura De Gabinete De Ministros,Jefatura De Gabinete De Ministros,Dg.Infraest.Urbana,Obras De Infraestructura Urbana,Servicios Sociales,Vivienda Y Urbanismo,Gastos En Personal,Remuneraciones Al Personal,94772171.0,134653768.0,134653758.27,825356510.04,825356450.4,Fiscal
2023,4,Administracion Central,Jefatura De Gabinete De Ministros,Jefatura De Gabinete De Ministros,Jefatura De Gabinete De Ministros,Dg.Infraest.Urbana,Obras De Infraestructura Urbana,Servicios Sociales,Vivienda Y Urbanismo,Bienes De Consumo,Bienes De Consumo,1486455.0,418081.0,418071.89,2562615.81,2562559.97,Fiscal
2023,4,Administracion Central,Jefatura De Gabinete De Ministros,Jefatura De Gabinete De Ministros,Jefatura De Gabinete De Ministros,Dg.Infraest.Urbana,Obras De Infraestructura Urbana,Servicios Sociales,Vivienda Y Urbanismo,Servicios No Personales,Servicios No Personales,44721370.0,105935896.0,105935895.49,649331115.71,649331112.58,Fiscal
2023,4,Administracion Central,Jefatura De Gabinete De Ministros,Jefatura De Gabinete De Ministros,Jefatura De Gabinete De Ministros,Dg.Infraest.Urbana,Obras De Infraestructura Urbana,Servicios Sociales,Vivienda Y Urbanismo,Bienes De Uso,Maquinaria Y Equipo,0.0,45999.0,45999.0,281949.59,281949.59,Fiscal
2023,4,Administracion Central,Jefatura De Gabinete De Ministros,Jefatura De Gabinete De Ministros,Jefatura De Gabinete De Ministros,Dg.Infraest.Urbana,Obras De Infraestructura Urbana,Servicios Sociales,Vivienda Y Urbanismo,Bienes De Uso,Construcciones Del Dominio Privado,0.0,256831196.0,256831194.66,1574239642.51,1574239634.29,Fiscal
2023,4,Administracion Central,Jefatura De Gabinete De Ministros,Jefatura De Gabinete De Ministros,Jefatura De Gabinete De Ministros,Dg.Infraest.Urbana,Obras De Infraestructura Urbana,Servicios Sociales,Vivienda Y Urbanismo,Servicios No Personales,Servicios No Personales,0.0,9416345.0,9416344.84,57717223.68,57717222.7,Fiscal
2023,4,Administracion Central,Jefatura De Gabinete De Ministros,Jefatura De Gabinete De Ministros,Jefatura De Gabinete De Ministros,Dg.Infraest.Urbana,Obras De Infraestructura Urbana,Servicios Sociales,Vivienda Y Urbanismo,Bienes De Uso,Construcciones Del Dominio Público,1859018612.0,5608450972.0,5608450968.41,34376843587.12,34376843565.12,Fiscal
2023,4,Administracion Central,Jefatura De Gabinete De Ministros,Jefatura De Gabinete De Ministros,Jefatura De Gabinete De Ministros,Dg.Infraest.Urbana,Obras De Infraestructura Urbana,Servicios Sociales,Vivienda Y Urbanismo,Activos Financieros,Activos Financieros,0.0,317509217.0,317509215.12,1946163877.47,1946163865.95,Fiscal
2023,4,Administracion Central,Jefatura De Gabinete De Ministros,Jefatura De Gabinete De Ministros,Jefatura De Gabinete De Ministros,Dg.Infraest.Urbana,Programa De Gestion De Riesgo Hidrico (P.G.R.H),Servicios Sociales,Agua Potable Y Alcantarillado,Servicios No Personales,Servicios No Personales,469046020.0,1365735929.0,1182673962.67,8371240231.38,7249167021.74,Fiscal
2023,4,Administracion Central,Jefatura De Gabinete De Ministros,Jefatura De Gabinete De Ministros,Jefatura De Gabinete De Ministros,Dg.Infraest.Urbana,Programa De Gestion De Riesgo Hidrico (P.G.R.H),Servicios Sociales,Agua Potable Y Alcantarillado,Bienes De Uso,Bienes De Uso,0.0,65463964.0,54463984.0,401259538.91,333835468.73,Fiscal
2023,4,Administracion Central,Jefatura De Gabinete De Ministros,Jefatura De Gabinete De Ministros,Jefatura De Gabinete De Ministros,Dg.Infraest.Urbana,Programa De Gestion De Riesgo Hidrico (P.G.R.H),Servicios Sociales,Agua Potable Y Alcantarillado,Bienes De Uso,Construcciones Del Dominio Público,7388618096.0,5679748559.0,5674882046.63,34813860155.28,34784031003.63,Fiscal
2023,4,Administracion Central,Jefatura De Gabinete De Ministros,Jefatura De Gabinete De Ministros,Jefatura De Gabinete De Ministros,Dg.Infraest.Urbana,Programa De Gestion De Riesgo Hidrico (P.G.R.H),Servicios Sociales,Agua Potable Y Alcantarillado,Activos Financieros,Activos Financieros,0.0,106147670.0,106147118.92,650629178.53,650625800.7,Fiscal
2023,4,Administracion Central,Jefatura De Gabinete De Ministros,Jefatura De Gabinete De Ministros,Jefatura De Gabinete De Ministros,Dg.Infraest.Urbana,Desarrollo De La Infraestructura De La Red Pluvial,Servicios Sociales,Agua Potable Y Alcantarillado,Gastos En Personal,Remuneraciones Al Personal,45606537.0,66747090.0,66747086.22,409124423.89,409124400.72,Fiscal
2023,4,Administracion Central,Jefatura De Gabinete De Ministros,Jefatura De Gabinete De Ministros,Jefatura De Gabinete De Ministros,Dg.Infraest.Urbana,Desarrollo De La Infraestructura De La Red Pluvial,Servicios Sociales,Agua Potable Y Alcantarillado,Bienes De Consumo,Bienes De Consumo,30252.0,0.0,0.0,0.0,0.0,Fiscal
2023,4,Administracion Central,Jefatura De Gabinete De Ministros,Jefatura De Gabinete De Ministros,Jefatura De Gabinete De Ministros,Dg.Infraest.Urbana,Desarrollo De La Infraestructura De La Red Pluvial,Servicios Sociales,Agua Potable Y Alcantarillado,Servicios No Personales,Servicios No Personales,34433245.0,10089575.0,10089574.06,61843768.16,61843762.4,Fiscal
2023,4,Administracion Central,Jefatura De Gabinete De Ministros,Jefatura De Gabinete De Ministros,Jefatura De Gabinete De Ministros,Dg.Infraest.Urbana,Desarrollo De La Infraestructura De La Red Pluvial,Servicios Sociales,Agua Potable Y Alcantarillado,Bienes De Uso,Construcciones Del Dominio Público,0.0,1248085.0,1248084.57,7650102.15,7650099.51,Fiscal
2023,4,Administracion Central,Jefatura De Gabinete De Ministros,Jefatura De Gabinete De Ministros,Jefatura De Gabinete De Ministros,Dg.Infraest.Urbana,Desarrollo De La Infraestructura De La Red Pluvial,Servicios Sociales,Agua Potable Y Alcantarillado,Servicios No Personales,Servicios No Personales,0.0,13120030.0,13120030.0,80418857.44,80418857.44,Fiscal
2023,4,Administracion Central,Jefatura De Gabinete De Ministros,Jefatura De Gabinete De Ministros,Jefatura De Gabinete De Ministros,Dg.Infra.Transporte,Infraestructura De Sistemas De Transporte,Servicios Económicos,Transporte,Gastos En Personal,Remuneraciones Al Personal,54710523.0,85681216.0,85681208.55,525180620.37,525180574.7,Fiscal
2023,4,Administracion Central,Jefatura De Gabinete De Ministros,Jefatura De Gabinete De Ministros,Jefatura De Gabinete De Ministros,Dg.Infra.Transporte,Infraestructura De Sistemas De Transporte,Servicios Económicos,Transporte,Bienes De Consumo,Bienes De Consumo,661032.0,274594.0,274589.63,1683116.25,1683089.47,Fiscal
2023,4,Administracion Central,Jefatura De Gabinete De Ministros,Jefatura De Gabinete De Ministros,Jefatura De Gabinete De Ministros,Dg.Infra.Transporte,Infraestructura De Sistemas De Transporte,Servicios Económicos,Transporte,Servicios No Personales,Servicios No Personales,62238313.0,140211482.0,140211481.14,859422362.77,859422357.5,Fiscal
2023,4,Administracion Central,Jefatura De Gabinete De Ministros,Jefatura De Gabinete De Ministros,Jefatura De Gabinete De Ministros,Dg.Infra.Transporte,Infraestructura De Sistemas De Transporte,Servicios Económicos,Transporte,Bienes De Uso,Maquinaria Y Equipo,0.0,29664.0,29663.24,181824.66,181820.0,Fiscal
2023,4,Administracion Central,Jefatura De Gabinete De Ministros,Jefatura De Gabinete De Ministros,Jefatura De Gabinete De Ministros,Dg.Infra.Transporte,Infraestructura De Sistemas De Transporte,Servicios Económicos,Transporte,Bienes De Uso,Construcciones Del Dominio Público,1719189962.0,2902887660.0,2902887656.05,17793168833.43,17793168809.22,Fiscal
2023,4,Administracion Central,Jefatura De Gabinete De Ministros,Jefatura De Gabinete De Ministros,Jefatura De Gabinete De Ministros,Dg.Infra.Transporte,Infraestructura De Sistemas De Transporte,Servicios Económicos,Transporte,Servicios No Personales,Servicios No Personales,0.0,60442843.0,54461876.06,370482717.98,333822548.17,Fiscal
2023,4,Administracion Central,Jefatura De Gabinete De Ministros,Jefatura De Gabinete De Ministros,Jefatura De Gabinete De Ministros,Dg.Infra.Transporte,Infraestructura De Sistemas De Transporte,Servicios Económicos,Transporte,Activos Financieros,Activos Financieros,46466374.0,12695864.0,12695863.34,77818943.79,77818939.74,Fiscal
2023,4,Administracion Central,Jefatura De Gabinete De Ministros,Jefatura De Gabinete De Ministros,Jefatura De Gabinete De Ministros,Dg.Infra.Transporte,Infraestructura De Sistemas De Transporte,Servicios Económicos,Transporte,Bienes De Uso,Construcciones Del Dominio Privado,0.0,82398804.0,82398803.24,505061167.69,505061163.04,Fiscal
2023,4,Administracion Central,Jefatura De Gabinete De Ministros,Jefatura De Gabinete De Ministros,Jefatura De Gabinete De Ministros,Dg.Antropología Urbana,Informacion Y Diagnostico Territorial,Servicios Sociales,Vivienda Y Urbanismo,Gastos En Personal,Remuneraciones Al Personal,34963620.0,51102229.0,51102223.11,313229685.35,313229649.25,Fiscal
2023,4,Administracion Central,Jefatura De Gabinete De Ministros,Jefatura De Gabinete De Ministros,Jefatura De Gabinete De Ministros,Dg.Antropología Urbana,Informacion Y Diagnostico Territorial,Servicios Sociales,Vivienda Y Urbanismo,Bienes De Consumo,Bienes De Consumo,264804.0,28083.0,28082.8,172133.96,172132.74,Fiscal
2023,4,Administracion Central,Jefatura De Gabinete De Ministros,Jefatura De Gabinete De Ministros,Jefatura De Gabinete De Ministros,Dg.Antropología Urbana,Informacion Y Diagnostico Territorial,Servicios Sociales,Vivienda Y Urbanismo,Bienes De Uso,Maquinaria Y Equipo,303416.0,301610.0,301608.15,1848710.07,1848698.73,Fiscal
2023,4,Administracion Central,Jefatura De Gabinete De Ministros,Jefatura De Gabinete De Ministros,Jefatura De Gabinete De Ministros,Dg.Antropología Urbana,Informacion Y Diagnostico Territorial,Servicios Sociales,Vivienda Y Urbanismo,Servicios No Personales,Servicios No Personales,35568.0,0.0,0.0,0.0,0.0,Fiscal
2023,4,Administracion Central,Jefatura De Gabinete De Ministros,Jefatura De Gabinete De Ministros,Jefatura De Gabinete De Ministros,Dg.Antropología Urbana,Informacion Y Diagnostico Territorial,Servicios Sociales,Vivienda Y Urbanismo,Servicios No Personales,Servicios No Personales,2458722.0,0.0,0.0,0.0,0.0,Fiscal
2023,4,Administracion Central,Jefatura De Gabinete De Ministros,Jefatura De Gabinete De Ministros,Jefatura De Gabinete De Ministros,Dg.Antropología Urbana,Antropologia Urbana,Servicios Sociales,Vivienda Y Urbanismo,Gastos En Personal,Remuneraciones Al Personal,57587916.0,92083731.0,92083722.17,564424657.24,564424603.11,Fiscal
2023,4,Administracion Central,Jefatura De Gabinete De Ministros,Jefatura De Gabinete De Ministros,Jefatura De Gabinete De Ministros,Dg.Antropología Urbana,Antropologia Urbana,Servicios Sociales,Vivienda Y Urbanismo,Bienes De Consumo,Bienes De Consumo,901729.0,447141.0,447137.72,2740738.27,2740718.17,Fiscal
2023,4,Administracion Central,Jefatura De Gabinete De Ministros,Jefatura De Gabinete De Ministros,Jefatura De Gabinete De Ministros,Dg.Antropología Urbana,Antropologia Urbana,Servicios Sociales,Vivienda Y Urbanismo,Servicios No Personales,Servicios No Personales,109733528.0,157163628.0,157163625.04,963330068.2,963330050.05,Fiscal
2023,4,Administracion Central,Jefatura De Gabinete De Ministros,Jefatura De Gabinete De Ministros,Jefatura De Gabinete De Ministros,Dg.Antropología Urbana,Antropologia Urbana,Servicios Sociales,Vivienda Y Urbanismo,Bienes De Uso,Maquinaria Y Equipo,82750.0,581840.0,581839.28,3566372.03,3566367.62,Fiscal
2023,4,Administracion Central,Jefatura De Gabinete De Ministros,Jefatura De Gabinete De Ministros,Jefatura De Gabinete De Ministros,Dg.Antropología Urbana,Antropologia Urbana,Servicios Sociales,Vivienda Y Urbanismo,Bienes De Uso,Activos Intangibles,46202.0,0.0,0.0,0.0,0.0,Fiscal
2023,4,Administracion Central,Jefatura De Gabinete De Ministros,Jefatura De Gabinete De Ministros,Jefatura De Gabinete De Ministros,Dg.Proyec.De Arquitectura,Proyectos De Arquitectura,Servicios Sociales,Vivienda Y Urbanismo,Gastos En Personal,Remuneraciones Al Personal,64705074.0,104591157.0,104591147.88,641088575.57,641088519.67,Fiscal
2023,4,Administracion Central,Jefatura De Gabinete De Ministros,Jefatura De Gabinete De Ministros,Jefatura De Gabinete De Ministros,Dg.Proyec.De Arquitectura,Proyectos De Arquitectura,Servicios Sociales,Vivienda Y Urbanismo,Bienes De Consumo,Bienes De Consumo,749596.0,207558.0,207556.11,1272220.96,1272209.38,Fiscal
2023,4,Administracion Central,Jefatura De Gabinete De Ministros,Jefatura De Gabinete De Ministros,Jefatura De Gabinete De Ministros,Dg.Proyec.De Arquitectura,Proyectos De Arquitectura,Servicios Sociales,Vivienda Y Urbanismo,Servicios No Personales,Servicios No Personales,65365970.0,71427351.0,71427351.0,437811952.97,437811952.97,Fiscal
2023,4,Administracion Central,Jefatura De Gabinete De Ministros,Jefatura De Gabinete De Ministros,Jefatura De Gabinete De Ministros,Dg.Proyec.De Arquitectura,Proyectos De Arquitectura,Servicios Sociales,Vivienda Y Urbanismo,Bienes De Uso,Maquinaria Y Equipo,275833.0,190807.0,190806.5,1169546.18,1169543.11,Fiscal
2023,4,Administracion Central,Jefatura De Gabinete De Ministros,Jefatura De Gabinete De Ministros,Jefatura De Gabinete De Ministros,Dg.Proyec.De Arquitectura,Proyectos De Arquitectura,Servicios Sociales,Vivienda Y Urbanismo,Bienes De Uso,Construcciones Del Dominio Público,1835146352.0,1416831242.0,1416831240.54,8684427525.31,8684427516.36,Fiscal
2023,4,Administracion Central,Jefatura De Gabinete De Ministros,Jefatura De Gabinete De Ministros,Jefatura De Gabinete De Ministros,Dg.Proyec.De Arquitectura,Proyectos De Arquitectura,Servicios Sociales,Vivienda Y Urbanismo,Activos Financieros,Activos Financieros,155547854.0,0.0,0.0,0.0,0.0,Fiscal
2023,4,Administracion Central,Jefatura De Gabinete De Ministros,Jefatura De Gabinete De Ministros,Jefatura De Gabinete De Ministros,Dg.Proyec.De Arquitectura,Proyectos De Arquitectura,Servicios Sociales,Vivienda Y Urbanismo,Bienes De Uso,Construcciones Del Dominio Privado,86242079.0,139827661.0,139827660.34,857069742.67,857069738.62,Fiscal
2023,4,Administracion Central,Jefatura De Gabinete De Ministros,Jefatura De Gabinete De Ministros,Jefatura De Gabinete De Ministros,Dg.Proyec.De Arquitectura,Proyectos De Arquitectura,Servicios Sociales,Vivienda Y Urbanismo,Bienes De Uso,Bienes De Uso,0.0,450000000.0,450000000.0,2758262431.36,2758262431.36,Fiscal
2023,4,Administracion Central,Jefatura De Gabinete De Ministros,Jefatura De Gabinete De Ministros,Jefatura De Gabinete De Ministros,Subsecretaria De Gestion Comunal,Coordinacion Y Gestion Comunal,Administración Gubernamental,Dirección Ejecutiva,Servicios No Personales,Servicios No Personales,443240.0,0.0,0.0,0.0,0.0,Fiscal
2023,4,Administracion Central,Jefatura De Gabinete De Ministros,Jefatura De Gabinete De Ministros,Jefatura De Gabinete De Ministros,Subsecretaria De Gestion Comunal,Cuidado Y Puesta En Valor De Espacios Verdes Y Arbolado Publico,Servicios Económicos,Ecología,Servicios No Personales,Servicios No Personales,310565983.0,0.0,0.0,0.0,0.0,Fiscal
2023,4,Administracion Central,Jefatura De Gabinete De Ministros,Jefatura De Gabinete De Ministros,Jefatura De Gabinete De Ministros,Subsecretaria De Gestion Comunal,Desarrollo Comunal,Servicios Sociales,Servicios Urbanos,Servicios No Personales,Servicios No Personales,27567591.0,0.0,0.0,0.0,0.0,Fiscal
2023,4,Administracion Central,Jefatura De Gabinete De Ministros,Jefatura De Gabinete De Ministros,Jefatura De Gabinete De Ministros,Organo Garante Del Derecho De Acceso A La Información,Garantias Al Derecho De Acceso A La Informacion,Administración Gubernamental,Control De La Gestión,Gastos En Personal,Remuneraciones Al Personal,24968655.0,26001033.0,26001027.22,159372605.56,159372570.13,Fiscal
2023,4,Administracion Central,Jefatura De Gabinete De Ministros,Jefatura De Gabinete De Ministros,Jefatura De Gabinete De Ministros,Organo Garante Del Derecho De Acceso A La Información,Garantias Al Derecho De Acceso A La Informacion,Administración Gubernamental,Control De La Gestión,Bienes De Consumo,Bienes De Consumo,491776.0,232947.0,232942.96,1427842.13,1427817.37,Fiscal
2023,4,Administracion Central,Jefatura De Gabinete De Ministros,Jefatura De Gabinete De Ministros,Jefatura De Gabinete De Ministros,Organo Garante Del Derecho De Acceso A La Información,Garantias Al Derecho De Acceso A La Informacion,Administración Gubernamental,Control De La Gestión,Servicios No Personales,Servicios No Personales,24042277.0,30032596.0,30032596.0,184083958.36,184083958.36,Fiscal
2023,4,Administracion Central,Jefatura De Gabinete De Ministros,Jefatura De Gabinete De Ministros,Jefatura De Gabinete De Ministros,Organo Garante Del Derecho De Acceso A La Información,Garantias Al Derecho De Acceso A La Informacion,Administración Gubernamental,Control De La Gestión,Bienes De Uso,Maquinaria Y Equipo,965415.0,916869.0,916868.77,5619922.93,5619921.52,Fiscal
2023,4,Administracion Central,Jefatura De Gabinete De Ministros,Jefatura De Gabinete De Ministros,Jefatura De Gabinete De Ministros,Subsecretaria De Gestion Urbana,Actividades Comunes,Servicios Sociales,Vivienda Y Urbanismo,Gastos En Personal,Remuneraciones Al Personal,109215672.0,146136607.0,146136598.14,895740250.97,895740196.66,Fiscal
2023,4,Administracion Central,Jefatura De Gabinete De Ministros,Jefatura De Gabinete De Ministros,Jefatura De Gabinete De Ministros,Subsecretaria De Gestion Urbana,Actividades Comunes,Servicios Sociales,Vivienda Y Urbanismo,Bienes De Consumo,Bienes De Consumo,824794.0,65123.0,65122.06,399169.61,399163.85,Fiscal
2023,4,Administracion Central,Jefatura De Gabinete De Ministros,Jefatura De Gabinete De Ministros,Jefatura De Gabinete De Ministros,Subsecretaria De Gestion Urbana,Actividades Comunes,Servicios Sociales,Vivienda Y Urbanismo,Servicios No Personales,Servicios No Personales,78102003.0,48771251.0,48771251.0,298942020.81,298942020.81,Fiscal
2023,4,Administracion Central,Jefatura De Gabinete De Ministros,Jefatura De Gabinete De Ministros,Jefatura De Gabinete De Ministros,Subsecretaria De Gestion Urbana,Actividades Comunes,Servicios Sociales,Vivienda Y Urbanismo,Bienes De Uso,Maquinaria Y Equipo,455123.0,0.0,0.0,0.0,0.0,Fiscal
2023,4,Administracion Central,Jefatura De Gabinete De Ministros,Jefatura De Gabinete De Ministros,Jefatura De Gabinete De Ministros,Subsecretaria De Gestion Urbana,Catastro,Servicios Sociales,Vivienda Y Urbanismo,Gastos En Personal,Remuneraciones Al Personal,505196121.0,668246797.0,668246792.0,4096000077.87,4096000047.23,Fiscal
2023,4,Administracion Central,Jefatura De Gabinete De Ministros,Jefatura De Gabinete De Ministros,Jefatura De Gabinete De Ministros,Subsecretaria De Gestion Urbana,Catastro,Servicios Sociales,Vivienda Y Urbanismo,Bienes De Consumo,Bienes De Consumo,265782.0,540254.0,540250.01,3311471.8,3311447.35,Fiscal
2023,4,Administracion Central,Jefatura De Gabinete De Ministros,Jefatura De Gabinete De Ministros,Jefatura De Gabinete De Ministros,Subsecretaria De Gestion Urbana,Catastro,Servicios Sociales,Vivienda Y Urbanismo,Servicios No Personales,Servicios No Personales,145360177.0,241860963.0,241860963.0,1482480017.46,1482480017.46,Fiscal
2023,4,Administracion Central,Jefatura De Gabinete De Ministros,Jefatura De Gabinete De Ministros,Jefatura De Gabinete De Ministros,Subsecretaria De Gestion Urbana,Catastro,Servicios Sociales,Vivienda Y Urbanismo,Bienes De Uso,Maquinaria Y Equipo,96541.0,95700.0,95700.0,586590.48,586590.48,Fiscal
2023,4,Administracion Central,Jefatura De Gabinete De Ministros,Jefatura De Gabinete De Ministros,Jefatura De Gabinete De Ministros,Subsecretaria De Gestion Urbana,Catastro,Servicios Sociales,Vivienda Y Urbanismo,Transferencias,Al Sector Público,320113.0,600000.0,600000.0,3677683.24,3677683.24,Fiscal
2023,4,Administracion Central,Jefatura De Gabinete De Ministros,Jefatura De Gabinete De Ministros,Jefatura De Gabinete De Ministros,Subsecretaria De Gestion Urbana,Catastro,Servicios Sociales,Vivienda Y Urbanismo,Servicios No Personales,Servicios No Personales,143670652.0,48000000.0,48000000.0,294214659.35,294214659.35,Fiscal
2023,4,Administracion Central,Jefatura De Gabinete De Ministros,Jefatura De Gabinete De Ministros,Jefatura De Gabinete De Ministros,Subsecretaria De Gestion Urbana,Catastro,Servicios Sociales,Vivienda Y Urbanismo,Bienes De Uso,Bienes De Uso,0.0,317575297.0,317575296.17,1946568912.99,1946568907.9,Fiscal
2023,4,Administracion Central,Jefatura De Gabinete De Ministros,Jefatura De Gabinete De Ministros,Jefatura De Gabinete De Ministros,Subsecretaria De Gestion Urbana,Registro De Obras E Instalaciones,Servicios Sociales,Vivienda Y Urbanismo,Gastos En Personal,Remuneraciones Al Personal,373027310.0,468173287.0,468173274.73,2869655086.44,2869655011.23,Fiscal
2023,4,Administracion Central,Jefatura De Gabinete De Ministros,Jefatura De Gabinete De Ministros,Jefatura De Gabinete De Ministros,Subsecretaria De Gestion Urbana,Registro De Obras E Instalaciones,Servicios Sociales,Vivienda Y Urbanismo,Bienes De Consumo,Bienes De Consumo,272095.0,209258.0,209256.13,1282641.07,1282629.6,Fiscal
2023,4,Administracion Central,Jefatura De Gabinete De Ministros,Jefatura De Gabinete De Ministros,Jefatura De Gabinete De Ministros,Subsecretaria De Gestion Urbana,Registro De Obras E Instalaciones,Servicios Sociales,Vivienda Y Urbanismo,Servicios No Personales,Servicios No Personales,202738.0,235097.0,235097.0,1441020.5,1441020.5,Fiscal
2023,4,Administracion Central,Jefatura De Gabinete De Ministros,Jefatura De Gabinete De Ministros,Jefatura De Gabinete De Ministros,Subsecretaria De Gestion Urbana,Registro De Obras E Instalaciones,Servicios Sociales,Vivienda Y Urbanismo,Bienes De Uso,Maquinaria Y Equipo,179291.0,88536.0,88535.3,542678.94,542674.65,Fiscal
2023,4,Administracion Central,Jefatura De Gabinete De Ministros,Jefatura De Gabinete De Ministros,Jefatura De Gabinete De Ministros,Subsecretaria De Gestion Urbana,Aplicacion De Normas Referidas Al Planeamiento Urbano,Servicios Sociales,Vivienda Y Urbanismo,Gastos En Personal,Remuneraciones Al Personal,157688650.0,208648551.0,208648535.07,1278905465.74,1278905368.09,Fiscal
2023,4,Administracion Central,Jefatura De Gabinete De Ministros,Jefatura De Gabinete De Ministros,Jefatura De Gabinete De Ministros,Subsecretaria De Gestion Urbana,Aplicacion De Normas Referidas Al Planeamiento Urbano,Servicios Sociales,Vivienda Y Urbanismo,Bienes De Consumo,Bienes De Consumo,698022.0,218412.0,218302.68,1338750.25,1338080.18,Fiscal
2023,4,Administracion Central,Jefatura De Gabinete De Ministros,Jefatura De Gabinete De Ministros,Jefatura De Gabinete De Ministros,Subsecretaria De Gestion Urbana,Aplicacion De Normas Referidas Al Planeamiento Urbano,Servicios Sociales,Vivienda Y Urbanismo,Servicios No Personales,Servicios No Personales,48997416.0,73971949.0,73971949.0,453408995.34,453408995.34,Fiscal
2023,4,Administracion Central,Jefatura De Gabinete De Ministros,Jefatura De Gabinete De Ministros,Jefatura De Gabinete De Ministros,Subsecretaria De Gestion Urbana,Aplicacion De Normas Referidas Al Planeamiento Urbano,Servicios Sociales,Vivienda Y Urbanismo,Bienes De Uso,Maquinaria Y Equipo,96541.0,0.0,0.0,0.0,0.0,Fiscal
2023,4,Administracion Central,Jefatura De Gabinete De Ministros,Jefatura De Gabinete De Ministros,Jefatura De Gabinete De Ministros,Subsecretaria De Gestion Urbana,Aplicacion De Normas Referidas Al Planeamiento Urbano,Servicios Sociales,Vivienda Y Urbanismo,Servicios No Personales,Servicios No Personales,7027369.0,0.0,0.0,0.0,0.0,Fiscal
2023,4,Administracion Central,Jefatura De Gabinete De Ministros,Jefatura De Gabinete De Ministros,Jefatura De Gabinete De Ministros,Sec.Planificacion Evaluacion Y Coordinacion De Gestion,"Planificacion, Evaluacion Y Coordinacion De Gestion",Administración Gubernamental,Dirección Ejecutiva,Gastos En Personal,Remuneraciones Al Personal,361571322.0,416155974.0,416155945.05,2550816419.27,2550816241.82,Fiscal
2023,4,Administracion Central,Jefatura De Gabinete De Ministros,Jefatura De Gabinete De Ministros,Jefatura De Gabinete De Ministros,Sec.Planificacion Evaluacion Y Coordinacion De Gestion,"Planificacion, Evaluacion Y Coordinacion De Gestion",Administración Gubernamental,Dirección Ejecutiva,Bienes De Consumo,Bienes De Consumo,5486377.0,5471127.0,5471118.44,33535120.14,33535067.67,Fiscal
2023,4,Administracion Central,Jefatura De Gabinete De Ministros,Jefatura De Gabinete De Ministros,Jefatura De Gabinete De Ministros,Sec.Planificacion Evaluacion Y Coordinacion De Gestion,"Planificacion, Evaluacion Y Coordinacion De Gestion",Administración Gubernamental,Dirección Ejecutiva,Servicios No Personales,Servicios No Personales,304614208.0,404496721.0,404335665.49,2479351353.65,2478364168.4,Fiscal
2023,4,Administracion Central,Jefatura De Gabinete De Ministros,Jefatura De Gabinete De Ministros,Jefatura De Gabinete De Ministros,Sec.Planificacion Evaluacion Y Coordinacion De Gestion,"Planificacion, Evaluacion Y Coordinacion De Gestion",Administración Gubernamental,Dirección Ejecutiva,Bienes De Uso,Maquinaria Y Equipo,3638181.0,28745955.0,28745953.24,176197528.29,176197517.5,Fiscal
2023,4,Organismos Descentralizados,Jefatura De Gabinete De Ministros,Jefatura De Gabinete De Ministros,Agencia Sistemas De Informacion,Dir.Gral. De Infraestructura,Infraestructura Informatica,Administración Gubernamental,Dirección Ejecutiva,Gastos En Personal,Remuneraciones Al Personal,684426729.0,961075507.0,961075490.87,5890885477.02,5890885378.16,Fiscal
2023,4,Organismos Descentralizados,Jefatura De Gabinete De Ministros,Jefatura De Gabinete De Ministros,Agencia Sistemas De Informacion,Dir.Gral. De Infraestructura,Infraestructura Informatica,Administración Gubernamental,Dirección Ejecutiva,Bienes De Consumo,Bienes De Consumo,1212685.0,3291501.0,3291496.45,20175163.45,20175135.56,Fiscal
2023,4,Organismos Descentralizados,Jefatura De Gabinete De Ministros,Jefatura De Gabinete De Ministros,Agencia Sistemas De Informacion,Dir.Gral. De Infraestructura,Infraestructura Informatica,Administración Gubernamental,Dirección Ejecutiva,Servicios No Personales,Servicios No Personales,2418653588.0,2795129459.0,2795129455.54,17132667950.12,17132667928.91,Fiscal
2023,4,Organismos Descentralizados,Jefatura De Gabinete De Ministros,Jefatura De Gabinete De Ministros,Agencia Sistemas De Informacion,Dir.Gral. De Infraestructura,Infraestructura Informatica,Administración Gubernamental,Dirección Ejecutiva,Bienes De Uso,Maquinaria Y Equipo,45337515.0,13247035.0,13241027.58,81197331.04,81160508.73,Fiscal
2023,4,Organismos Descentralizados,Jefatura De Gabinete De Ministros,Jefatura De Gabinete De Ministros,Agencia Sistemas De Informacion,Dir.Gral. De Infraestructura,Infraestructura Informatica,Administración Gubernamental,Dirección Ejecutiva,Bienes De Uso,Bienes De Uso,850322315.0,1005890892.0,1005890891.43,6165580127.67,6165580124.18,Fiscal
2023,4,Organismos Descentralizados,Jefatura De Gabinete De Ministros,Jefatura De Gabinete De Ministros,Agencia Sistemas De Informacion,Dir.Gral. De Infraestructura,Infraestructura Informatica,Administración Gubernamental,Dirección Ejecutiva,Servicios No Personales,Servicios No Personales,1955446978.0,2046145824.0,2046145819.65,12541793678.73,12541793652.07,Fiscal
2023,4,Organismos Descentralizados,Jefatura De Gabinete De Ministros,Jefatura De Gabinete De Ministros,Agencia Sistemas De Informacion,Dir.Gral.De Integración De Sistemas,Desarrollo Y Calidad De Aplicaciones,Administración Gubernamental,Dirección Ejecutiva,Gastos En Personal,Remuneraciones Al Personal,385834383.0,641973330.0,641973311.14,3934957595.72,3934957480.12,Fiscal
2023,4,Organismos Descentralizados,Jefatura De Gabinete De Ministros,Jefatura De Gabinete De Ministros,Agencia Sistemas De Informacion,Dir.Gral.De Integración De Sistemas,Desarrollo Y Calidad De Aplicaciones,Administración Gubernamental,Dirección Ejecutiva,Bienes De Consumo,Bienes De Consumo,606343.0,652815.0,647411.91,4001411.31,3968293.22,Fiscal
2023,4,Organismos Descentralizados,Jefatura De Gabinete De Ministros,Jefatura De Gabinete De Ministros,Agencia Sistemas De Informacion,Dir.Gral.De Integración De Sistemas,Desarrollo Y Calidad De Aplicaciones,Administración Gubernamental,Dirección Ejecutiva,Servicios No Personales,Servicios No Personales,1059926161.0,1724080367.0,1724072396.91,10567702455.43,10567653602.99,Fiscal
2023,4,Organismos Descentralizados,Jefatura De Gabinete De Ministros,Jefatura De Gabinete De Ministros,Agencia Sistemas De Informacion,Dir.Gral.De Integración De Sistemas,Desarrollo Y Calidad De Aplicaciones,Administración Gubernamental,Dirección Ejecutiva,Bienes De Uso,Maquinaria Y Equipo,0.0,4501792.0,4501791.05,27593608.33,27593602.5,Fiscal
2023,4,Organismos Descentralizados,Jefatura De Gabinete De Ministros,Jefatura De Gabinete De Ministros,Agencia Sistemas De Informacion,Dir.Gral.De Integración De Sistemas,Desarrollo Y Calidad De Aplicaciones,Administración Gubernamental,Dirección Ejecutiva,Servicios No Personales,Servicios No Personales,0.0,104173630.0,104173628.13,638529355.48,638529344.02,Fiscal
2023,4,Organismos Descentralizados,Jefatura De Gabinete De Ministros,Jefatura De Gabinete De Ministros,Agencia Sistemas De Informacion,Dir.Gral.De Integración De Sistemas,Desarrollo Y Calidad De Aplicaciones,Administración Gubernamental,Dirección Ejecutiva,Bienes De Uso,Bienes De Uso,12688305.0,0.0,0.0,0.0,0.0,Fiscal
2023,4,Organismos Descentralizados,Jefatura De Gabinete De Ministros,Jefatura De Gabinete De Ministros,Agencia Sistemas De Informacion,Coordinación General Servicios,Estandarizacion De Aplicacion Y Tecnologia,Administración Gubernamental,Dirección Ejecutiva,Gastos En Personal,Remuneraciones Al Personal,202515278.0,363360693.0,363360685.32,2227209218.97,2227209171.89,Fiscal
2023,4,Organismos Descentralizados,Jefatura De Gabinete De Ministros,Jefatura De Gabinete De Ministros,Agencia Sistemas De Informacion,Coordinación General Servicios,Estandarizacion De Aplicacion Y Tecnologia,Administración Gubernamental,Dirección Ejecutiva,Bienes De Consumo,Bienes De Consumo,606342.0,874207.0,874206.11,5358427.39,5358421.93,Fiscal
2023,4,Organismos Descentralizados,Jefatura De Gabinete De Ministros,Jefatura De Gabinete De Ministros,Agencia Sistemas De Informacion,Coordinación General Servicios,Estandarizacion De Aplicacion Y Tecnologia,Administración Gubernamental,Dirección Ejecutiva,Servicios No Personales,Servicios No Personales,21989096.0,24689984.0,24689983.23,151336567.33,151336562.61,Fiscal
2023,4,Organismos Descentralizados,Jefatura De Gabinete De Ministros,Jefatura De Gabinete De Ministros,Agencia Sistemas De Informacion,Coordinación General Servicios,Estandarizacion De Aplicacion Y Tecnologia,Administración Gubernamental,Dirección Ejecutiva,Bienes De Uso,Maquinaria Y Equipo,0.0,6553738.0,6553737.34,40170954.02,40170949.98,Fiscal
2023,4,Organismos Descentralizados,Jefatura De Gabinete De Ministros,Jefatura De Gabinete De Ministros,Agencia Sistemas De Informacion,Direccion General De Seguridad Informatica,Seguridad Informatica,Administración Gubernamental,Dirección Ejecutiva,Gastos En Personal,Remuneraciones Al Personal,170126655.0,288358643.0,288358632.45,1767486248.32,1767486183.66,Fiscal
2023,4,Organismos Descentralizados,Jefatura De Gabinete De Ministros,Jefatura De Gabinete De Ministros,Agencia Sistemas De Informacion,Direccion General De Seguridad Informatica,Seguridad Informatica,Administración Gubernamental,Dirección Ejecutiva,Bienes De Consumo,Bienes De Consumo,606342.0,704009.0,704008.79,4315203.5,4315202.22,Fiscal
2023,4,Organismos Descentralizados,Jefatura De Gabinete De Ministros,Jefatura De Gabinete De Ministros,Agencia Sistemas De Informacion,Direccion General De Seguridad Informatica,Seguridad Informatica,Administración Gubernamental,Dirección Ejecutiva,Servicios No Personales,Servicios No Personales,928322577.0,1478438510.0,1478438509.27,9062047553.81,9062047549.33,Fiscal
2023,4,Organismos Descentralizados,Jefatura De Gabinete De Ministros,Jefatura De Gabinete De Ministros,Agencia Sistemas De Informacion,Direccion General De Seguridad Informatica,Seguridad Informatica,Administración Gubernamental,Dirección Ejecutiva,Bienes De Uso,Maquinaria Y Equipo,107764127.0,427905425.0,427905425.0,2622834351.01,2622834351.01,Fiscal
2023,4,Organismos Descentralizados,Jefatura De Gabinete De Ministros,Jefatura De Gabinete De Ministros,Agencia Sistemas De Informacion,Direccion General De Seguridad Informatica,Seguridad Informatica,Administración Gubernamental,Dirección Ejecutiva,Bienes De Uso,Activos Intangibles,7818970.0,5142247.0,5142246.24,31519259.36,31519254.7,Fiscal
2023,4,Organismos Descentralizados,Jefatura De Gabinete De Ministros,Jefatura De Gabinete De Ministros,Agencia Sistemas De Informacion,Direccion General De Seguridad Informatica,Seguridad Informatica,Administración Gubernamental,Dirección Ejecutiva,Servicios No Personales,Servicios No Personales,30356769.0,1179009994.0,1179009992.2,7226708828.11,7226708817.08,Fiscal
2023,4,Organismos Descentralizados,Jefatura De Gabinete De Ministros,Jefatura De Gabinete De Ministros,Agencia Sistemas De Informacion,Agencia Sistemas De Informacion,Actividades Comunes,Administración Gubernamental,Dirección Ejecutiva,Gastos En Personal,Remuneraciones Al Personal,187644918.0,351964744.0,351964735.38,2157358067.87,2157358015.03,Fiscal
2023,4,Organismos Descentralizados,Jefatura De Gabinete De Ministros,Jefatura De Gabinete De Ministros,Agencia Sistemas De Informacion,Agencia Sistemas De Informacion,Actividades Comunes,Administración Gubernamental,Dirección Ejecutiva,Bienes De Consumo,Bienes De Consumo,4123123.0,4213482.0,4213476.67,25826420.24,25826387.57,Fiscal
2023,4,Organismos Descentralizados,Jefatura De Gabinete De Ministros,Jefatura De Gabinete De Ministros,Agencia Sistemas De Informacion,Agencia Sistemas De Informacion,Actividades Comunes,Administración Gubernamental,Dirección Ejecutiva,Servicios No Personales,Servicios No Personales,1045410937.0,1981403867.0,1981386844.59,12144959661.56,12144855323.17,Fiscal
2023,4,Organismos Descentralizados,Jefatura De Gabinete De Ministros,Jefatura De Gabinete De Ministros,Agencia Sistemas De Informacion,Agencia Sistemas De Informacion,Actividades Comunes,Administración Gubernamental,Dirección Ejecutiva,Bienes De Uso,Maquinaria Y Equipo,46913820.0,8412176.0,8412174.45,51562197.84,51562188.34,Fiscal
2023,4,Organismos Descentralizados,Jefatura De Gabinete De Ministros,Jefatura De Gabinete De Ministros,Agencia Sistemas De Informacion,Agencia Sistemas De Informacion,Actividades Comunes,Administración Gubernamental,Control De La Gestión,Gastos En Personal,Remuneraciones Al Personal,24068703.0,54930314.0,54930311.82,336693825.44,336693812.08,Fiscal
2023,4,Organismos Descentralizados,Jefatura De Gabinete De Ministros,Jefatura De Gabinete De Ministros,Agencia Sistemas De Informacion,Agencia Sistemas De Informacion,Actividades Comunes,Administración Gubernamental,Control De La Gestión,Bienes De Consumo,Bienes De Consumo,485074.0,282595.0,282593.29,1732158.16,1732147.68,Fiscal
2023,4,Organismos Descentralizados,Jefatura De Gabinete De Ministros,Jefatura De Gabinete De Ministros,Agencia Sistemas De Informacion,Agencia Sistemas De Informacion,Actividades Comunes,Administración Gubernamental,Control De La Gestión,Servicios No Personales,Servicios No Personales,4126158.0,5169371.0,5169370.49,31685515.16,31685512.04,Fiscal
2023,4,Administracion Central,Ministerio De Justicia Y Seguridad,Ministerio De Justicia Y Seguridad,Ministerio De Justicia Y Seguridad,"Secretaría De Administración, Justicia Y Soporte Operativo De Seguridad",Actividades Comunes,Servicios De Seguridad,Seguridad Interior,Gastos En Personal,Remuneraciones Al Personal,0.0,4894165.0,4894162.05,29998647.67,29998629.59,Fiscal
2023,4,Administracion Central,Ministerio De Justicia Y Seguridad,Ministerio De Justicia Y Seguridad,Ministerio De Justicia Y Seguridad,"Secretaría De Administración, Justicia Y Soporte Operativo De Seguridad",Soporte Operativo De Seguridad,Servicios De Seguridad,Seguridad Interior,Gastos En Personal,Remuneraciones Al Personal,0.0,6426170.0,6426168.21,39389029.53,39389018.56,Fiscal
2023,4,Administracion Central,Ministerio De Justicia Y Seguridad,Ministerio De Justicia Y Seguridad,Ministerio De Justicia Y Seguridad,Dir.Gral.Guardia De Auxilio Y Emergencias,Intervenciones En Emergencias En Via Publica,Servicios De Seguridad,Seguridad Interior,Gastos En Personal,Remuneraciones Al Personal,703253988.0,1039951656.0,1039951637.06,6374354629.28,6374354513.19,Fiscal
2023,4,Administracion Central,Ministerio De Justicia Y Seguridad,Ministerio De Justicia Y Seguridad,Ministerio De Justicia Y Seguridad,Dir.Gral.Guardia De Auxilio Y Emergencias,Intervenciones En Emergencias En Via Publica,Servicios De Seguridad,Seguridad Interior,Bienes De Consumo,Bienes De Consumo,15196324.0,16647736.0,16401556.88,102041832.84,100532884.8,Fiscal
2023,4,Administracion Central,Ministerio De Justicia Y Seguridad,Ministerio De Justicia Y Seguridad,Ministerio De Justicia Y Seguridad,Dir.Gral.Guardia De Auxilio Y Emergencias,Intervenciones En Emergencias En Via Publica,Servicios De Seguridad,Seguridad Interior,Servicios No Personales,Servicios No Personales,20833006.0,57064993.0,57064989.01,349778280.75,349778256.29,Fiscal
2023,4,Administracion Central,Ministerio De Justicia Y Seguridad,Ministerio De Justicia Y Seguridad,Ministerio De Justicia Y Seguridad,Dir.Gral.Guardia De Auxilio Y Emergencias,Intervenciones En Emergencias En Via Publica,Servicios De Seguridad,Seguridad Interior,Bienes De Uso,Maquinaria Y Equipo,4258214.0,4229478.0,4229477.23,25924467.27,25924462.55,Fiscal
2023,4,Administracion Central,Ministerio De Justicia Y Seguridad,Ministerio De Justicia Y Seguridad,Ministerio De Justicia Y Seguridad,Dir.Gral.De Defensa Civil,Planificacion Y Control Defensa Civil,Servicios De Seguridad,Seguridad Interior,Gastos En Personal,Remuneraciones Al Personal,507465917.0,725540383.0,725540358.69,4447179513.03,4447179364.03,Fiscal
2023,4,Administracion Central,Ministerio De Justicia Y Seguridad,Ministerio De Justicia Y Seguridad,Ministerio De Justicia Y Seguridad,Dir.Gral.De Defensa Civil,Planificacion Y Control Defensa Civil,Servicios De Seguridad,Seguridad Interior,Bienes De Consumo,Bienes De Consumo,7677433.0,7765784.0,7765774.71,47600156.13,47600099.18,Fiscal
2023,4,Administracion Central,Ministerio De Justicia Y Seguridad,Ministerio De Justicia Y Seguridad,Ministerio De Justicia Y Seguridad,Dir.Gral.De Defensa Civil,Planificacion Y Control Defensa Civil,Servicios De Seguridad,Seguridad Interior,Servicios No Personales,Servicios No Personales,61461828.0,78082459.0,69013940.81,478604251.57,423019022.61,Fiscal
2023,4,Administracion Central,Ministerio De Justicia Y Seguridad,Ministerio De Justicia Y Seguridad,Ministerio De Justicia Y Seguridad,Dir.Gral.De Defensa Civil,Planificacion Y Control Defensa Civil,Servicios De Seguridad,Seguridad Interior,Bienes De Uso,Maquinaria Y Equipo,2145236.0,3338356.0,3338354.58,20462359.86,20462351.16,Fiscal
2023,4,Administracion Central,Ministerio De Justicia Y Seguridad,Ministerio De Justicia Y Seguridad,Ministerio De Justicia Y Seguridad,Dir.Gral.De Defensa Civil,Planificacion Y Control Defensa Civil,Servicios De Seguridad,Seguridad Interior,Transferencias,Al Sector Privado,61812233.0,99265591.0,99265590.4,608445667.52,608445663.84,Fiscal
2023,4,Administracion Central,Ministerio De Justicia Y Seguridad,Ministerio De Justicia Y Seguridad,Ministerio De Justicia Y Seguridad,Direccion General Planeamiento De Emergencia Y Coordinacion De Bomberos,Planeamiento De Emergencia Y Coordinacion De Bomberos,Servicios De Seguridad,Seguridad Interior,Gastos En Personal,Remuneraciones Al Personal,31598790.0,42339288.0,42339280.81,259517483.25,259517439.18,Fiscal
2023,4,Administracion Central,Ministerio De Justicia Y Seguridad,Ministerio De Justicia Y Seguridad,Ministerio De Justicia Y Seguridad,Direccion General Planeamiento De Emergencia Y Coordinacion De Bomberos,Planeamiento De Emergencia Y Coordinacion De Bomberos,Servicios De Seguridad,Seguridad Interior,Bienes De Consumo,Bienes De Consumo,566972.0,420191.0,398629.84,2575549.0,2443390.47,Fiscal
2023,4,Administracion Central,Ministerio De Justicia Y Seguridad,Ministerio De Justicia Y Seguridad,Ministerio De Justicia Y Seguridad,Direccion General Planeamiento De Emergencia Y Coordinacion De Bomberos,Planeamiento De Emergencia Y Coordinacion De Bomberos,Servicios De Seguridad,Seguridad Interior,Servicios No Personales,Servicios No Personales,4160614.0,8139870.0,8139870.0,49893105.82,49893105.82,Fiscal
2023,4,Administracion Central,Ministerio De Justicia Y Seguridad,Ministerio De Justicia Y Seguridad,Ministerio De Justicia Y Seguridad,Direccion General Planeamiento De Emergencia Y Coordinacion De Bomberos,Planeamiento De Emergencia Y Coordinacion De Bomberos,Servicios De Seguridad,Seguridad Interior,Bienes De Uso,Maquinaria Y Equipo,236431.0,0.0,0.0,0.0,0.0,Fiscal
2023,4,Administracion Central,Ministerio De Justicia Y Seguridad,Ministerio De Justicia Y Seguridad,Ministerio De Justicia Y Seguridad,Ministerio De Justicia Y Seguridad,Actividades Centrales,Servicios De Seguridad,Seguridad Interior,Gastos En Personal,Remuneraciones Al Personal,1112388540.0,1857005211.0,1857005191.17,11382461574.1,11382461452.55,Fiscal
2023,4,Administracion Central,Ministerio De Justicia Y Seguridad,Ministerio De Justicia Y Seguridad,Ministerio De Justicia Y Seguridad,Ministerio De Justicia Y Seguridad,Actividades Centrales,Servicios De Seguridad,Seguridad Interior,Bienes De Consumo,Bienes De Consumo,9567561.0,17009560.0,16717917.39,104259622.94,102472007.71,Fiscal
2023,4,Administracion Central,Ministerio De Justicia Y Seguridad,Ministerio De Justicia Y Seguridad,Ministerio De Justicia Y Seguridad,Ministerio De Justicia Y Seguridad,Actividades Centrales,Servicios De Seguridad,Seguridad Interior,Servicios No Personales,Servicios No Personales,1419467644.0,2795140711.0,2784506574.45,17132736918.94,17067555275.97,Fiscal
2023,4,Administracion Central,Ministerio De Justicia Y Seguridad,Ministerio De Justicia Y Seguridad,Ministerio De Justicia Y Seguridad,Ministerio De Justicia Y Seguridad,Actividades Centrales,Servicios De Seguridad,Seguridad Interior,Bienes De Uso,Maquinaria Y Equipo,5957599.0,1774464.0,1774463.3,10876527.53,10876523.24,Fiscal
2023,4,Administracion Central,Ministerio De Justicia Y Seguridad,Ministerio De Justicia Y Seguridad,Ministerio De Justicia Y Seguridad,Ministerio De Justicia Y Seguridad,Actividades Centrales,Administración Gubernamental,Control De La Gestión,Gastos En Personal,Remuneraciones Al Personal,42121190.0,63361305.0,63361303.47,388371349.3,388371339.92,Fiscal
2023,4,Administracion Central,Ministerio De Justicia Y Seguridad,Ministerio De Justicia Y Seguridad,Ministerio De Justicia Y Seguridad,Ministerio De Justicia Y Seguridad,Actividades Centrales,Administración Gubernamental,Control De La Gestión,Bienes De Consumo,Bienes De Consumo,381826.0,249532.0,249529.53,1529499.42,1529484.28,Fiscal
2023,4,Administracion Central,Ministerio De Justicia Y Seguridad,Ministerio De Justicia Y Seguridad,Ministerio De Justicia Y Seguridad,Ministerio De Justicia Y Seguridad,Actividades Centrales,Administración Gubernamental,Control De La Gestión,Servicios No Personales,Servicios No Personales,12976845.0,11599581.0,11599581.0,71099307.76,71099307.76,Fiscal
2023,4,Administracion Central,Ministerio De Justicia Y Seguridad,Ministerio De Justicia Y Seguridad,Ministerio De Justicia Y Seguridad,Ministerio De Justicia Y Seguridad,Actividades Centrales,Administración Gubernamental,Control De La Gestión,Bienes De Uso,Maquinaria Y Equipo,264799.0,0.0,0.0,0.0,0.0,Fiscal
2023,4,Administracion Central,Ministerio De Justicia Y Seguridad,Ministerio De Justicia Y Seguridad,Ministerio De Justicia Y Seguridad,Ministerio De Justicia Y Seguridad,Lineamientos Del Ministerio De Justicia Y Seguridad,Servicios De Seguridad,Seguridad Interior,Gastos En Personal,Remuneraciones Al Personal,45860443.0,62674629.0,62674624.76,384162387.93,384162361.94,Fiscal
2023,4,Administracion Central,Ministerio De Justicia Y Seguridad,Ministerio De Justicia Y Seguridad,Ministerio De Justicia Y Seguridad,Ministerio De Justicia Y Seguridad,Lineamientos Del Ministerio De Justicia Y Seguridad,Servicios De Seguridad,Seguridad Interior,Bienes De Consumo,Bienes De Consumo,750165.0,556175.0,556173.1,3409059.13,3409047.48,Fiscal
2023,4,Administracion Central,Ministerio De Justicia Y Seguridad,Ministerio De Justicia Y Seguridad,Ministerio De Justicia Y Seguridad,Ministerio De Justicia Y Seguridad,Lineamientos Del Ministerio De Justicia Y Seguridad,Servicios De Seguridad,Seguridad Interior,Servicios No Personales,Servicios No Personales,48774678.0,50188781.0,50188781.0,307630731.35,307630731.35,Fiscal
2023,4,Administracion Central,Ministerio De Justicia Y Seguridad,Ministerio De Justicia Y Seguridad,Ministerio De Justicia Y Seguridad,Ministerio De Justicia Y Seguridad,Lineamientos Del Ministerio De Justicia Y Seguridad,Servicios De Seguridad,Seguridad Interior,Bienes De Uso,Maquinaria Y Equipo,424782.0,475031.0,475030.78,2911689.25,2911687.9,Fiscal
2023,4,Administracion Central,Ministerio De Justicia Y Seguridad,Ministerio De Justicia Y Seguridad,Ministerio De Justicia Y Seguridad,Dirección General De Logística,Apoyo Logistico En Emergencias,Servicios De Seguridad,Seguridad Interior,Gastos En Personal,Remuneraciones Al Personal,291733430.0,450831776.0,450831763.45,2763360779.12,2763360702.2,Fiscal
2023,4,Administracion Central,Ministerio De Justicia Y Seguridad,Ministerio De Justicia Y Seguridad,Ministerio De Justicia Y Seguridad,Dirección General De Logística,Apoyo Logistico En Emergencias,Servicios De Seguridad,Seguridad Interior,Bienes De Consumo,Bienes De Consumo,9734336.0,10886067.0,10886059.56,66725843.63,66725798.02,Fiscal
2023,4,Administracion Central,Ministerio De Justicia Y Seguridad,Ministerio De Justicia Y Seguridad,Ministerio De Justicia Y Seguridad,Dirección General De Logística,Apoyo Logistico En Emergencias,Servicios De Seguridad,Seguridad Interior,Servicios No Personales,Servicios No Personales,19317787.0,15109795.0,15059791.7,92615066.43,92308572.6,Fiscal
2023,4,Administracion Central,Ministerio De Justicia Y Seguridad,Ministerio De Justicia Y Seguridad,Ministerio De Justicia Y Seguridad,Dirección General De Logística,Apoyo Logistico En Emergencias,Servicios De Seguridad,Seguridad Interior,Bienes De Uso,Maquinaria Y Equipo,5806656.0,5773398.0,5693394.56,35387881.79,34897502.94,Fiscal
2023,4,Administracion Central,Ministerio De Justicia Y Seguridad,Ministerio De Justicia Y Seguridad,Ministerio De Justicia Y Seguridad,Subsecretaria De Emergencias,Actividades Comunes,Servicios De Seguridad,Seguridad Interior,Gastos En Personal,Remuneraciones Al Personal,297838774.0,462234644.0,462234628.41,2833254340.04,2833254244.48,Fiscal
2023,4,Administracion Central,Ministerio De Justicia Y Seguridad,Ministerio De Justicia Y Seguridad,Ministerio De Justicia Y Seguridad,Subsecretaria De Emergencias,Actividades Comunes,Servicios De Seguridad,Seguridad Interior,Bienes De Consumo,Bienes De Consumo,7662574.0,2951070.0,2951066.0,18088501.14,18088476.62,Fiscal
2023,4,Administracion Central,Ministerio De Justicia Y Seguridad,Ministerio De Justicia Y Seguridad,Ministerio De Justicia Y Seguridad,Subsecretaria De Emergencias,Actividades Comunes,Servicios De Seguridad,Seguridad Interior,Servicios No Personales,Servicios No Personales,178315964.0,158889846.0,158778134.58,973910873.21,973226141.19,Fiscal
2023,4,Administracion Central,Ministerio De Justicia Y Seguridad,Ministerio De Justicia Y Seguridad,Ministerio De Justicia Y Seguridad,Subsecretaria De Emergencias,Actividades Comunes,Servicios De Seguridad,Seguridad Interior,Bienes De Uso,Maquinaria Y Equipo,3548513.0,3599000.0,3598998.63,22059969.98,22059961.58,Fiscal
2023,4,Administracion Central,Ministerio De Justicia Y Seguridad,Ministerio De Justicia Y Seguridad,Ministerio De Justicia Y Seguridad,Subsecretaria De Emergencias,Actividades Comunes,Servicios De Seguridad,Seguridad Interior,Servicios No Personales,Servicios No Personales,22154285.0,11876254.0,11876253.5,72795167.19,72795164.12,Fiscal
2023,4,Administracion Central,Ministerio De Justicia Y Seguridad,Ministerio De Justicia Y Seguridad,Ministerio De Justicia Y Seguridad,Subsecretaria De Justicia,Actividades Comunes,Administración Gubernamental,Judicial,Gastos En Personal,Remuneraciones Al Personal,88718387.0,115788554.0,115788543.63,709722707.73,709722644.17,Fiscal
2023,4,Administracion Central,Ministerio De Justicia Y Seguridad,Ministerio De Justicia Y Seguridad,Ministerio De Justicia Y Seguridad,Subsecretaria De Justicia,Actividades Comunes,Administración Gubernamental,Judicial,Bienes De Consumo,Bienes De Consumo,2065061.0,1563461.0,1561206.65,9583190.53,9569372.56,Fiscal
2023,4,Administracion Central,Ministerio De Justicia Y Seguridad,Ministerio De Justicia Y Seguridad,Ministerio De Justicia Y Seguridad,Subsecretaria De Justicia,Actividades Comunes,Administración Gubernamental,Judicial,Servicios No Personales,Servicios No Personales,555222996.0,280431710.0,271676729.35,1718898333.9,1665234924.54,Fiscal
2023,4,Administracion Central,Ministerio De Justicia Y Seguridad,Ministerio De Justicia Y Seguridad,Ministerio De Justicia Y Seguridad,Subsecretaria De Justicia,Actividades Comunes,Administración Gubernamental,Judicial,Bienes De Uso,Maquinaria Y Equipo,3403775.0,0.0,0.0,0.0,0.0,Fiscal
2023,4,Administracion Central,Ministerio De Justicia Y Seguridad,Ministerio De Justicia Y Seguridad,Ministerio De Justicia Y Seguridad,Subsecretaria De Justicia,Acciones De La Subsecretaria De Justicia,Administración Gubernamental,Judicial,Gastos En Personal,Remuneraciones Al Personal,77657924.0,126564305.0,126564292.45,775772372.52,775772295.59,Fiscal
2023,4,Administracion Central,Ministerio De Justicia Y Seguridad,Ministerio De Justicia Y Seguridad,Ministerio De Justicia Y Seguridad,Subsecretaria De Justicia,Acciones De La Subsecretaria De Justicia,Administración Gubernamental,Judicial,Bienes De Consumo,Bienes De Consumo,1137889.0,370967.0,242598.07,2273831.87,1486998.09,Fiscal
2023,4,Administracion Central,Ministerio De Justicia Y Seguridad,Ministerio De Justicia Y Seguridad,Ministerio De Justicia Y Seguridad,Subsecretaria De Justicia,Acciones De La Subsecretaria De Justicia,Administración Gubernamental,Judicial,Servicios No Personales,Servicios No Personales,1177404.0,547849.0,547848.1,3358025.14,3358019.63,Fiscal
2023,4,Administracion Central,Ministerio De Justicia Y Seguridad,Ministerio De Justicia Y Seguridad,Ministerio De Justicia Y Seguridad,"Dir.Gral Justicia, Registros Y Mediacion",Mediacion Vecinal,Administración Gubernamental,Judicial,Gastos En Personal,Remuneraciones Al Personal,140307661.0,214418051.0,214418038.47,1314269454.84,1314269378.04,Fiscal
2023,4,Administracion Central,Ministerio De Justicia Y Seguridad,Ministerio De Justicia Y Seguridad,Ministerio De Justicia Y Seguridad,"Dir.Gral Justicia, Registros Y Mediacion",Mediacion Vecinal,Administración Gubernamental,Judicial,Bienes De Consumo,Bienes De Consumo,473786.0,436460.0,436456.81,2675269.38,2675249.83,Fiscal
2023,4,Administracion Central,Ministerio De Justicia Y Seguridad,Ministerio De Justicia Y Seguridad,Ministerio De Justicia Y Seguridad,"Dir.Gral Justicia, Registros Y Mediacion",Mediacion Vecinal,Administración Gubernamental,Judicial,Servicios No Personales,Servicios No Personales,5534527.0,3983603.0,3977134.24,24417383.33,24377733.24,Fiscal
2023,4,Administracion Central,Ministerio De Justicia Y Seguridad,Ministerio De Justicia Y Seguridad,Ministerio De Justicia Y Seguridad,"Dir.Gral Justicia, Registros Y Mediacion",Mediacion Vecinal,Administración Gubernamental,Judicial,Bienes De Uso,Maquinaria Y Equipo,68958.0,0.0,0.0,0.0,0.0,Fiscal
2023,4,Administracion Central,Ministerio De Justicia Y Seguridad,Ministerio De Justicia Y Seguridad,Ministerio De Justicia Y Seguridad,"Dir.Gral Justicia, Registros Y Mediacion",Registros,Administración Gubernamental,Judicial,Gastos En Personal,Remuneraciones Al Personal,6769099.0,9799666.0,9799658.28,60066779.04,60066731.72,Fiscal
2023,4,Administracion Central,Ministerio De Justicia Y Seguridad,Ministerio De Justicia Y Seguridad,Ministerio De Justicia Y Seguridad,"Dir.Gral Justicia, Registros Y Mediacion",Registros,Administración Gubernamental,Judicial,Bienes De Consumo,Bienes De Consumo,178101.0,121098.0,121097.54,742266.81,742263.99,Fiscal
2023,4,Administracion Central,Ministerio De Justicia Y Seguridad,Ministerio De Justicia Y Seguridad,Ministerio De Justicia Y Seguridad,"Dir.Gral Justicia, Registros Y Mediacion",Registros,Administración Gubernamental,Judicial,Servicios No Personales,Servicios No Personales,47034.0,0.0,0.0,0.0,0.0,Fiscal
2023,4,Administracion Central,Ministerio De Justicia Y Seguridad,Ministerio De Justicia Y Seguridad,Ministerio De Justicia Y Seguridad,"Dir.Gral Justicia, Registros Y Mediacion",Administracion Ex Cassaba,Servicios Sociales,Promoción Y Acción Social,Gastos En Personal,Remuneraciones Al Personal,31302248.0,44976549.0,44976546.32,275682500.89,275682484.46,Fiscal
2023,4,Administracion Central,Ministerio De Justicia Y Seguridad,Ministerio De Justicia Y Seguridad,Ministerio De Justicia Y Seguridad,"Dir.Gral Justicia, Registros Y Mediacion",Administracion Ex Cassaba,Servicios Sociales,Promoción Y Acción Social,Transferencias,Al Sector Privado,28603867.0,37649793.0,37649792.68,230773354.62,230773352.66,Fiscal
2023,4,Administracion Central,Ministerio De Justicia Y Seguridad,Ministerio De Justicia Y Seguridad,Ministerio De Justicia Y Seguridad,"Dir.Gral Justicia, Registros Y Mediacion",Registro De Deudores Alimentarios,Administración Gubernamental,Judicial,Gastos En Personal,Remuneraciones Al Personal,15353125.0,22940300.0,22940294.77,140611928.12,140611896.06,Fiscal
2023,4,Administracion Central,Ministerio De Justicia Y Seguridad,Ministerio De Justicia Y Seguridad,Ministerio De Justicia Y Seguridad,"Dir.Gral Justicia, Registros Y Mediacion",Registro De Deudores Alimentarios,Administración Gubernamental,Judicial,Bienes De Consumo,Bienes De Consumo,134016.0,124365.0,124362.76,762291.79,762278.06,Fiscal
2023,4,Administracion Central,Ministerio De Justicia Y Seguridad,Ministerio De Justicia Y Seguridad,Ministerio De Justicia Y Seguridad,"Dir.Gral Justicia, Registros Y Mediacion",Registro De Deudores Alimentarios,Administración Gubernamental,Judicial,Servicios No Personales,Servicios No Personales,48972.0,0.0,0.0,0.0,0.0,Fiscal
2023,4,Administracion Central,Ministerio De Justicia Y Seguridad,Ministerio De Justicia Y Seguridad,Ministerio De Justicia Y Seguridad,Dir.Gral Administracion De Infracciones,Administracion De Infracciones En La Ciudad,Administración Gubernamental,Judicial,Gastos En Personal,Remuneraciones Al Personal,3565654607.0,4733456086.0,4733456062.79,29013586872.26,29013586730.0,Fiscal
2023,4,Administracion Central,Ministerio De Justicia Y Seguridad,Ministerio De Justicia Y Seguridad,Ministerio De Justicia Y Seguridad,Dir.Gral Administracion De Infracciones,Administracion De Infracciones En La Ciudad,Administración Gubernamental,Judicial,Bienes De Consumo,Bienes De Consumo,1075988.0,854110.0,647279.18,5235243.39,3967479.66,Fiscal
2023,4,Administracion Central,Ministerio De Justicia Y Seguridad,Ministerio De Justicia Y Seguridad,Ministerio De Justicia Y Seguridad,Dir.Gral Administracion De Infracciones,Administracion De Infracciones En La Ciudad,Administración Gubernamental,Judicial,Servicios No Personales,Servicios No Personales,4057077102.0,4222570154.0,4211100785.06,25882125821.27,25811824644.69,Fiscal
2023,4,Administracion Central,Ministerio De Justicia Y Seguridad,Ministerio De Justicia Y Seguridad,Ministerio De Justicia Y Seguridad,Dir.Gral Administracion De Infracciones,Administracion De Infracciones En La Ciudad,Administración Gubernamental,Judicial,Bienes De Uso,Maquinaria Y Equipo,68958.0,36295578.0,36295577.06,222472731.6,222472725.84,Fiscal
2023,4,Administracion Central,Ministerio De Justicia Y Seguridad,Ministerio De Justicia Y Seguridad,Ministerio De Justicia Y Seguridad,Dg.Violencia De Género,Violencia De Genero,Servicios De Seguridad,Seguridad Interior,Gastos En Personal,Remuneraciones Al Personal,26549570.0,35210277.0,35210272.2,215820409.44,215820380.02,Fiscal
2023,4,Administracion Central,Ministerio De Justicia Y Seguridad,Ministerio De Justicia Y Seguridad,Ministerio De Justicia Y Seguridad,Dg.Violencia De Género,Violencia De Genero,Servicios De Seguridad,Seguridad Interior,Bienes De Consumo,Bienes De Consumo,796524.0,854199.0,852319.07,5235788.91,5224265.93,Fiscal
2023,4,Administracion Central,Ministerio De Justicia Y Seguridad,Ministerio De Justicia Y Seguridad,Ministerio De Justicia Y Seguridad,Dg.Violencia De Género,Violencia De Genero,Servicios De Seguridad,Seguridad Interior,Servicios No Personales,Servicios No Personales,336242.0,6122834.0,6122834.0,37529739.99,37529739.99,Fiscal
2023,4,Administracion Central,Ministerio De Justicia Y Seguridad,Ministerio De Justicia Y Seguridad,Ministerio De Justicia Y Seguridad,Dg.Violencia De Género,Violencia De Genero,Servicios De Seguridad,Seguridad Interior,Bienes De Uso,Maquinaria Y Equipo,68958.0,0.0,0.0,0.0,0.0,Fiscal
2023,4,Organismos Descentralizados,Ministerio De Justicia Y Seguridad,Ministerio De Justicia Y Seguridad,Agencia Gubernamental De Control,Agencia Gubernamental De Control,Actividades Comunes,Servicios De Seguridad,Seguridad Interior,Gastos En Personal,Remuneraciones Al Personal,852851746.0,1649168122.0,1649168092.27,10108529942.03,10108529759.8,Fiscal
2023,4,Organismos Descentralizados,Ministerio De Justicia Y Seguridad,Ministerio De Justicia Y Seguridad,Agencia Gubernamental De Control,Agencia Gubernamental De Control,Actividades Comunes,Servicios De Seguridad,Seguridad Interior,Bienes De Consumo,Bienes De Consumo,5040239.0,8467883.0,7967867.2,51903652.34,48838819.46,Fiscal
2023,4,Organismos Descentralizados,Ministerio De Justicia Y Seguridad,Ministerio De Justicia Y Seguridad,Agencia Gubernamental De Control,Agencia Gubernamental De Control,Actividades Comunes,Servicios De Seguridad,Seguridad Interior,Servicios No Personales,Servicios No Personales,1001030376.0,1290804505.0,1161556335.49,7911950160.83,7119727115.76,Fiscal
2023,4,Organismos Descentralizados,Ministerio De Justicia Y Seguridad,Ministerio De Justicia Y Seguridad,Agencia Gubernamental De Control,Agencia Gubernamental De Control,Actividades Comunes,Servicios De Seguridad,Seguridad Interior,Bienes De Uso,Maquinaria Y Equipo,21063837.0,162529388.0,144690427.65,996219344.25,886875935.03,Fiscal
2023,4,Organismos Descentralizados,Ministerio De Justicia Y Seguridad,Ministerio De Justicia Y Seguridad,Agencia Gubernamental De Control,Agencia Gubernamental De Control,Actividades Comunes,Administración Gubernamental,Control De La Gestión,Gastos En Personal,Remuneraciones Al Personal,24426472.0,51399566.0,51399561.57,315052204.19,315052177.04,Fiscal
2023,4,Organismos Descentralizados,Ministerio De Justicia Y Seguridad,Ministerio De Justicia Y Seguridad,Agencia Gubernamental De Control,Agencia Gubernamental De Control,Actividades Comunes,Administración Gubernamental,Control De La Gestión,Bienes De Consumo,Bienes De Consumo,1170603.0,650807.0,650805.18,3989103.33,3989092.17,Fiscal
2023,4,Organismos Descentralizados,Ministerio De Justicia Y Seguridad,Ministerio De Justicia Y Seguridad,Agencia Gubernamental De Control,Agencia Gubernamental De Control,Actividades Comunes,Administración Gubernamental,Control De La Gestión,Servicios No Personales,Servicios No Personales,11192619.0,13765879.0,13765879.0,84377570.85,84377570.85,Fiscal
2023,4,Organismos Descentralizados,Ministerio De Justicia Y Seguridad,Ministerio De Justicia Y Seguridad,Agencia Gubernamental De Control,Agencia Gubernamental De Control,Actividades Comunes,Servicios De Seguridad,Seguridad Interior,Bienes De Uso,Activos Intangibles,277804034.0,106649962.0,106649959.71,653707963.31,653707949.28,Fiscal
2023,4,Organismos Descentralizados,Ministerio De Justicia Y Seguridad,Ministerio De Justicia Y Seguridad,Agencia Gubernamental De Control,Agencia Gubernamental De Control,Actividades Comunes,Servicios De Seguridad,Seguridad Interior,Bienes De Uso,Bienes De Uso,0.0,280112562.0,270898182.0,1716942125.15,1660462840.3,Fiscal
2023,4,Organismos Descentralizados,Ministerio De Justicia Y Seguridad,Ministerio De Justicia Y Seguridad,Agencia Gubernamental De Control,Agencia Gubernamental De Control,Capacitacion Manipulacion De Alimentos,Servicios De Seguridad,Seguridad Interior,Gastos En Personal,Remuneraciones Al Personal,29770786.0,53285651.0,53285646.08,326612909.52,326612879.36,Fiscal
2023,4,Organismos Descentralizados,Ministerio De Justicia Y Seguridad,Ministerio De Justicia Y Seguridad,Agencia Gubernamental De Control,Agencia Gubernamental De Control,Capacitacion Manipulacion De Alimentos,Servicios De Seguridad,Seguridad Interior,Bienes De Consumo,Bienes De Consumo,87495.0,0.0,0.0,0.0,0.0,Fiscal
2023,4,Organismos Descentralizados,Ministerio De Justicia Y Seguridad,Ministerio De Justicia Y Seguridad,Agencia Gubernamental De Control,Agencia Gubernamental De Control,Capacitacion Manipulacion De Alimentos,Servicios De Seguridad,Seguridad Interior,Bienes De Uso,Maquinaria Y Equipo,42405.0,0.0,0.0,0.0,0.0,Fiscal
2023,4,Organismos Descentralizados,Ministerio De Justicia Y Seguridad,Ministerio De Justicia Y Seguridad,Agencia Gubernamental De Control,Dir.Gral Fiscalizacion Y Control,Fiscalizacion De Actividades Comerciales,Servicios De Seguridad,Seguridad Interior,Gastos En Personal,Remuneraciones Al Personal,1389150670.0,2700657753.0,2700657734.05,16553606266.82,16553606150.66,Fiscal
2023,4,Organismos Descentralizados,Ministerio De Justicia Y Seguridad,Ministerio De Justicia Y Seguridad,Agencia Gubernamental De Control,Dir.Gral Fiscalizacion Y Control,Fiscalizacion De Actividades Comerciales,Servicios De Seguridad,Seguridad Interior,Bienes De Consumo,Bienes De Consumo,9200804.0,1654656.0,1654655.32,10142167.74,10142163.57,Fiscal
2023,4,Organismos Descentralizados,Ministerio De Justicia Y Seguridad,Ministerio De Justicia Y Seguridad,Agencia Gubernamental De Control,Dir.Gral Fiscalizacion Y Control,Fiscalizacion De Actividades Comerciales,Servicios De Seguridad,Seguridad Interior,Servicios No Personales,Servicios No Personales,396448761.0,494712778.0,494712778.0,3032328155.27,3032328155.27,Fiscal
2023,4,Organismos Descentralizados,Ministerio De Justicia Y Seguridad,Ministerio De Justicia Y Seguridad,Agencia Gubernamental De Control,Dir.Gral Fiscalizacion Y Control,Fiscalizacion De Actividades Comerciales,Servicios De Seguridad,Seguridad Interior,Servicios No Personales,Servicios No Personales,888276682.0,1790094715.0,1741074380.02,10972335557.7,10671866783.59,Fiscal
2023,4,Organismos Descentralizados,Ministerio De Justicia Y Seguridad,Ministerio De Justicia Y Seguridad,Agencia Gubernamental De Control,Direccion General Higiene Y Seguridad Alimentaria,Fiscalizacion De Establecimientos Y Alimentos,Servicios De Seguridad,Seguridad Interior,Gastos En Personal,Remuneraciones Al Personal,411893023.0,751327860.0,751327839.28,4605243133.05,4605243006.05,Fiscal
2023,4,Organismos Descentralizados,Ministerio De Justicia Y Seguridad,Ministerio De Justicia Y Seguridad,Agencia Gubernamental De Control,Direccion General Higiene Y Seguridad Alimentaria,Fiscalizacion De Establecimientos Y Alimentos,Servicios De Seguridad,Seguridad Interior,Bienes De Consumo,Bienes De Consumo,3316916.0,3342792.0,579720.69,20489550.2,3553381.78,Fiscal
2023,4,Organismos Descentralizados,Ministerio De Justicia Y Seguridad,Ministerio De Justicia Y Seguridad,Agencia Gubernamental De Control,Direccion General Higiene Y Seguridad Alimentaria,Fiscalizacion De Establecimientos Y Alimentos,Servicios De Seguridad,Seguridad Interior,Servicios No Personales,Servicios No Personales,31330674.0,42211119.0,42211117.43,258731874.94,258731865.32,Fiscal
2023,4,Organismos Descentralizados,Ministerio De Justicia Y Seguridad,Ministerio De Justicia Y Seguridad,Agencia Gubernamental De Control,Direccion General Higiene Y Seguridad Alimentaria,Analisis E Investigacion,Servicios De Seguridad,Seguridad Interior,Gastos En Personal,Remuneraciones Al Personal,34377962.0,64927886.0,64927880.99,397973663.78,397973633.07,Fiscal
2023,4,Organismos Descentralizados,Ministerio De Justicia Y Seguridad,Ministerio De Justicia Y Seguridad,Agencia Gubernamental De Control,Direccion General Higiene Y Seguridad Alimentaria,Analisis E Investigacion,Servicios De Seguridad,Seguridad Interior,Bienes De Consumo,Bienes De Consumo,10990324.0,17263397.0,13736792.47,105815509.74,84199285.77,Fiscal
2023,4,Organismos Descentralizados,Ministerio De Justicia Y Seguridad,Ministerio De Justicia Y Seguridad,Agencia Gubernamental De Control,Direccion General Higiene Y Seguridad Alimentaria,Analisis E Investigacion,Servicios De Seguridad,Seguridad Interior,Servicios No Personales,Servicios No Personales,4635431.0,5028727.0,5028726.2,30823441.69,30823436.79,Fiscal
2023,4,Organismos Descentralizados,Ministerio De Justicia Y Seguridad,Ministerio De Justicia Y Seguridad,Agencia Gubernamental De Control,Direccion General Higiene Y Seguridad Alimentaria,Analisis E Investigacion,Servicios De Seguridad,Seguridad Interior,Bienes De Uso,Maquinaria Y Equipo,2684972.0,3190396.0,3190395.6,19555443.17,19555440.72,Fiscal
2023,4,Organismos Descentralizados,Ministerio De Justicia Y Seguridad,Ministerio De Justicia Y Seguridad,Agencia Gubernamental De Control,Direccion General Higiene Y Seguridad Alimentaria,Registro De Establecimientos Y Productos,Servicios De Seguridad,Seguridad Interior,Gastos En Personal,Remuneraciones Al Personal,24684505.0,48458201.0,48458198.1,297023189.58,297023171.8,Fiscal
2023,4,Organismos Descentralizados,Ministerio De Justicia Y Seguridad,Ministerio De Justicia Y Seguridad,Agencia Gubernamental De Control,Direccion General Higiene Y Seguridad Alimentaria,Registro De Establecimientos Y Productos,Servicios De Seguridad,Seguridad Interior,Bienes De Consumo,Bienes De Consumo,490319.0,315912.0,315909.37,1936373.78,1936357.66,Fiscal
2023,4,Organismos Descentralizados,Ministerio De Justicia Y Seguridad,Ministerio De Justicia Y Seguridad,Agencia Gubernamental De Control,Direccion General Higiene Y Seguridad Alimentaria,Registro De Establecimientos Y Productos,Servicios De Seguridad,Seguridad Interior,Servicios No Personales,Servicios No Personales,30645.0,0.0,0.0,0.0,0.0,Fiscal
2023,4,Organismos Descentralizados,Ministerio De Justicia Y Seguridad,Ministerio De Justicia Y Seguridad,Agencia Gubernamental De Control,Direccion General De Habilitaciones Y Permisos,Gestion De Habilitaciones Y Permisos,Servicios De Seguridad,Seguridad Interior,Gastos En Personal,Remuneraciones Al Personal,326210695.0,620284818.0,620284800.14,3802018467.19,3802018357.71,Fiscal
2023,4,Organismos Descentralizados,Ministerio De Justicia Y Seguridad,Ministerio De Justicia Y Seguridad,Agencia Gubernamental De Control,Direccion General De Habilitaciones Y Permisos,Gestion De Habilitaciones Y Permisos,Servicios De Seguridad,Seguridad Interior,Bienes De Consumo,Bienes De Consumo,1347813.0,520152.0,520150.05,3188257.16,3188245.2,Fiscal
2023,4,Organismos Descentralizados,Ministerio De Justicia Y Seguridad,Ministerio De Justicia Y Seguridad,Agencia Gubernamental De Control,Direccion General De Habilitaciones Y Permisos,Gestion De Habilitaciones Y Permisos,Servicios De Seguridad,Seguridad Interior,Servicios No Personales,Servicios No Personales,42010960.0,57522203.0,57522203.0,352580736.68,352580736.68,Fiscal
2023,4,Organismos Descentralizados,Ministerio De Justicia Y Seguridad,Ministerio De Justicia Y Seguridad,Agencia Gubernamental De Control,Direccion General De Habilitaciones Y Permisos,Gestion De Habilitaciones Y Permisos,Servicios De Seguridad,Seguridad Interior,Bienes De Uso,Maquinaria Y Equipo,11229.0,0.0,0.0,0.0,0.0,Fiscal
2023,4,Organismos Descentralizados,Ministerio De Justicia Y Seguridad,Ministerio De Justicia Y Seguridad,Agencia Gubernamental De Control,Direccion General De Fiscalizacion Y Control De Obras,Fiscalizacion De Obras E Instalaciones Complementarias,Servicios De Seguridad,Seguridad Interior,Gastos En Personal,Remuneraciones Al Personal,531594937.0,993777049.0,993777022.0,6091328665.35,6091328499.85,Fiscal
2023,4,Organismos Descentralizados,Ministerio De Justicia Y Seguridad,Ministerio De Justicia Y Seguridad,Agencia Gubernamental De Control,Direccion General De Fiscalizacion Y Control De Obras,Fiscalizacion De Obras E Instalaciones Complementarias,Servicios De Seguridad,Seguridad Interior,Bienes De Consumo,Bienes De Consumo,1103219.0,1670055.0,1670054.06,10236555.48,10236549.72,Fiscal
2023,4,Organismos Descentralizados,Ministerio De Justicia Y Seguridad,Ministerio De Justicia Y Seguridad,Agencia Gubernamental De Control,Direccion General De Fiscalizacion Y Control De Obras,Fiscalizacion De Obras E Instalaciones Complementarias,Servicios De Seguridad,Seguridad Interior,Servicios No Personales,Servicios No Personales,42634930.0,54138971.0,54138971.0,331843310.63,331843310.63,Fiscal
2023,4,Organismos Descentralizados,Ministerio De Justicia Y Seguridad,Ministerio De Justicia Y Seguridad,Registro Publico Comercio Y Contralor Personas Juridicas,Registro Publico Comercio Y Contralor Pers.Jur,Registro Publico De Comercio Y Contralor De Personas Juridicas,Administración Gubernamental,Control De La Gestión,Gastos En Personal,Remuneraciones Al Personal,12844489.0,16173580.0,16173577.98,99135506.88,99135494.5,Fiscal
2023,4,Organismos Descentralizados,Ministerio De Justicia Y Seguridad,Ministerio De Justicia Y Seguridad,Instituto De Gestión Electoral,Instituto De Gestión Electoral,Gestion Electoral,Administración Gubernamental,Dirección Ejecutiva,Gastos En Personal,Remuneraciones Al Personal,0.0,126230675.0,126230665.71,773727396.75,773727339.81,Fiscal
2023,4,Organismos Descentralizados,Ministerio De Justicia Y Seguridad,Ministerio De Justicia Y Seguridad,Instituto De Gestión Electoral,Instituto De Gestión Electoral,Gestion Electoral,Administración Gubernamental,Dirección Ejecutiva,Bienes De Consumo,Bienes De Consumo,0.0,4080169.0,3939491.35,25009281.93,24147002.2,Fiscal
2023,4,Organismos Descentralizados,Ministerio De Justicia Y Seguridad,Ministerio De Justicia Y Seguridad,Instituto De Gestión Electoral,Instituto De Gestión Electoral,Gestion Electoral,Administración Gubernamental,Dirección Ejecutiva,Servicios No Personales,Servicios No Personales,0.0,8741076589.0,8741076584.6,53578184811.33,53578184784.36,Fiscal
2023,4,Organismos Descentralizados,Ministerio De Justicia Y Seguridad,Ministerio De Justicia Y Seguridad,Instituto De Gestión Electoral,Instituto De Gestión Electoral,Gestion Electoral,Administración Gubernamental,Dirección Ejecutiva,Bienes De Uso,Maquinaria Y Equipo,0.0,43278001.0,43277999.82,265271298.36,265271291.13,Fiscal
2023,4,Organismos Descentralizados,Ministerio De Justicia Y Seguridad,Ministerio De Justicia Y Seguridad,Instituto De Gestión Electoral,Instituto De Gestión Electoral,Gestion Electoral,Administración Gubernamental,Dirección Ejecutiva,Transferencias,Al Sector Privado,0.0,892160690.0,892160689.48,5468474031.03,5468474027.85,Fiscal
2023,4,Organismos Descentralizados,Ministerio De Justicia Y Seguridad,Ministerio De Justicia Y Seguridad,Instituto De Gestión Electoral,Instituto De Gestión Electoral,Gestion Electoral,Administración Gubernamental,Dirección Ejecutiva,Transferencias,Al Sector Público,0.0,971569063.0,961569063.0,5955205435.44,5893910714.74,Fiscal
2023,4,Organismos Descentralizados,Ministerio De Justicia Y Seguridad,Ministerio De Justicia Y Seguridad,Instituto De Gestión Electoral,Instituto De Gestión Electoral,Gestion Electoral,Administración Gubernamental,Dirección Ejecutiva,Activos Financieros,Adelanto A Proveedores Y Contratistas,0.0,815696438.0,815696437.5,4999788534.07,4999788531.01,Fiscal
2023,4,Administracion Central,Ministerio De Justicia Y Seguridad,Plan De Seguridad Publica,Plan De Seguridad Publica,Dirección General Cooperación E Intercambio De Información,Cooperacion E Intercambio De Informacion,Servicios De Seguridad,Seguridad Interior,Gastos En Personal,Remuneraciones Al Personal,29923741.0,32976819.0,32976814.15,202130491.01,202130461.28,Fiscal
2023,4,Administracion Central,Ministerio De Justicia Y Seguridad,Plan De Seguridad Publica,Plan De Seguridad Publica,Dirección General Cooperación E Intercambio De Información,Cooperacion E Intercambio De Informacion,Servicios De Seguridad,Seguridad Interior,Bienes De Consumo,Bienes De Consumo,2546450.0,0.0,0.0,0.0,0.0,Fiscal
2023,4,Administracion Central,Ministerio De Justicia Y Seguridad,Plan De Seguridad Publica,Plan De Seguridad Publica,Dirección General Cooperación E Intercambio De Información,Cooperacion E Intercambio De Informacion,Servicios De Seguridad,Seguridad Interior,Servicios No Personales,Servicios No Personales,1090472.0,0.0,0.0,0.0,0.0,Fiscal
2023,4,Administracion Central,Ministerio De Justicia Y Seguridad,Plan De Seguridad Publica,Plan De Seguridad Publica,Dirección General Cooperación E Intercambio De Información,Cooperacion E Intercambio De Informacion,Servicios De Seguridad,Seguridad Interior,Bienes De Uso,Maquinaria Y Equipo,253766.0,0.0,0.0,0.0,0.0,Fiscal
2023,4,Administracion Central,Ministerio De Justicia Y Seguridad,Plan De Seguridad Publica,Plan De Seguridad Publica,Dirección General Búsqueda De Personas,Busqueda De Personas,Servicios De Seguridad,Seguridad Interior,Gastos En Personal,Remuneraciones Al Personal,29923741.0,45107735.0,45107728.03,276486601.81,276486559.09,Fiscal
2023,4,Administracion Central,Ministerio De Justicia Y Seguridad,Plan De Seguridad Publica,Plan De Seguridad Publica,Dirección General Búsqueda De Personas,Busqueda De Personas,Servicios De Seguridad,Seguridad Interior,Bienes De Consumo,Bienes De Consumo,1914589.0,0.0,0.0,0.0,0.0,Fiscal
2023,4,Administracion Central,Ministerio De Justicia Y Seguridad,Plan De Seguridad Publica,Plan De Seguridad Publica,Dirección General Búsqueda De Personas,Busqueda De Personas,Servicios De Seguridad,Seguridad Interior,Servicios No Personales,Servicios No Personales,1068963.0,0.0,0.0,0.0,0.0,Fiscal
2023,4,Administracion Central,Ministerio De Justicia Y Seguridad,Plan De Seguridad Publica,Plan De Seguridad Publica,Dirección General Búsqueda De Personas,Busqueda De Personas,Servicios De Seguridad,Seguridad Interior,Bienes De Uso,Maquinaria Y Equipo,253766.0,0.0,0.0,0.0,0.0,Fiscal
2023,4,Administracion Central,Ministerio De Justicia Y Seguridad,Plan De Seguridad Publica,Plan De Seguridad Publica,Unidad Enlace Consejo De Seguridad Y Prevencion Del Delito,Unidad Enlace Consejo De Seguridad Y Prevencion Del Delito,Servicios De Seguridad,Seguridad Interior,Gastos En Personal,Remuneraciones Al Personal,39486135.0,61950389.0,61950380.84,379723179.08,379723129.07,Fiscal
2023,4,Administracion Central,Ministerio De Justicia Y Seguridad,Plan De Seguridad Publica,Plan De Seguridad Publica,Unidad Enlace Consejo De Seguridad Y Prevencion Del Delito,Unidad Enlace Consejo De Seguridad Y Prevencion Del Delito,Servicios De Seguridad,Seguridad Interior,Bienes De Consumo,Bienes De Consumo,3620329.0,1167108.0,1167108.0,7153755.89,7153755.89,Fiscal
2023,4,Administracion Central,Ministerio De Justicia Y Seguridad,Plan De Seguridad Publica,Plan De Seguridad Publica,Unidad Enlace Consejo De Seguridad Y Prevencion Del Delito,Unidad Enlace Consejo De Seguridad Y Prevencion Del Delito,Servicios De Seguridad,Seguridad Interior,Servicios No Personales,Servicios No Personales,43062886.0,27765848.0,27765848.0,170189989.81,170189989.81,Fiscal
2023,4,Administracion Central,Ministerio De Justicia Y Seguridad,Plan De Seguridad Publica,Plan De Seguridad Publica,Unidad Enlace Consejo De Seguridad Y Prevencion Del Delito,Unidad Enlace Consejo De Seguridad Y Prevencion Del Delito,Servicios De Seguridad,Seguridad Interior,Bienes De Uso,Maquinaria Y Equipo,183980.0,0.0,0.0,0.0,0.0,Fiscal
2023,4,Administracion Central,Ministerio De Justicia Y Seguridad,Plan De Seguridad Publica,Plan De Seguridad Publica,Subsecretaría De Prevención Y Vinculación Ciudadana En Seguridad,Prevencion Y Vinculacion Ciudadana En Seguridad,Servicios De Seguridad,Seguridad Interior,Gastos En Personal,Remuneraciones Al Personal,73591290.0,116608587.0,116608577.19,714749077.1,714749016.97,Fiscal
2023,4,Administracion Central,Ministerio De Justicia Y Seguridad,Plan De Seguridad Publica,Plan De Seguridad Publica,Subsecretaría De Prevención Y Vinculación Ciudadana En Seguridad,Prevencion Y Vinculacion Ciudadana En Seguridad,Servicios De Seguridad,Seguridad Interior,Bienes De Consumo,Bienes De Consumo,2283981.0,2583806.0,2583803.18,15837366.71,15837349.43,Fiscal
2023,4,Administracion Central,Ministerio De Justicia Y Seguridad,Plan De Seguridad Publica,Plan De Seguridad Publica,Subsecretaría De Prevención Y Vinculación Ciudadana En Seguridad,Prevencion Y Vinculacion Ciudadana En Seguridad,Servicios De Seguridad,Seguridad Interior,Servicios No Personales,Servicios No Personales,35358879.0,55698346.0,55698346.0,341401456.14,341401456.14,Fiscal
2023,4,Administracion Central,Ministerio De Justicia Y Seguridad,Plan De Seguridad Publica,Plan De Seguridad Publica,Subsecretaría De Prevención Y Vinculación Ciudadana En Seguridad,Prevencion Y Vinculacion Ciudadana En Seguridad,Servicios De Seguridad,Seguridad Interior,Bienes De Uso,Maquinaria Y Equipo,36824.0,0.0,0.0,0.0,0.0,Fiscal
2023,4,Administracion Central,Ministerio De Justicia Y Seguridad,Plan De Seguridad Publica,Plan De Seguridad Publica,Dirección General Coordinación Operativa Del Cuerpo De Agentes De Prevención,Coordinacion Operativa Del Cuerpo De Agentes De Prevencion,Servicios De Seguridad,Seguridad Interior,Gastos En Personal,Remuneraciones Al Personal,291758718.0,525939473.0,525939457.52,3223731310.1,3223731215.22,Fiscal
2023,4,Administracion Central,Ministerio De Justicia Y Seguridad,Plan De Seguridad Publica,Plan De Seguridad Publica,Dirección General Coordinación Operativa Del Cuerpo De Agentes De Prevención,Coordinacion Operativa Del Cuerpo De Agentes De Prevencion,Servicios De Seguridad,Seguridad Interior,Bienes De Consumo,Bienes De Consumo,11067695.0,1841215.0,1337562.99,11285675.92,8198554.99,Fiscal
2023,4,Administracion Central,Ministerio De Justicia Y Seguridad,Plan De Seguridad Publica,Plan De Seguridad Publica,Dirección General Coordinación Operativa Del Cuerpo De Agentes De Prevención,Coordinacion Operativa Del Cuerpo De Agentes De Prevencion,Servicios De Seguridad,Seguridad Interior,Servicios No Personales,Servicios No Personales,1087952255.0,2862414041.0,2808376005.9,17545086916.21,17213862289.36,Fiscal
2023,4,Administracion Central,Ministerio De Justicia Y Seguridad,Plan De Seguridad Publica,Plan De Seguridad Publica,Dirección General Coordinación Operativa Del Cuerpo De Agentes De Prevención,Coordinacion Operativa Del Cuerpo De Agentes De Prevencion,Servicios De Seguridad,Seguridad Interior,Bienes De Uso,Maquinaria Y Equipo,2098011.0,0.0,0.0,0.0,0.0,Fiscal
2023,4,Administracion Central,Ministerio De Justicia Y Seguridad,Plan De Seguridad Publica,Plan De Seguridad Publica,Subsecretaría De Seguridad Ciudadana Y Orden Público,Actividades Comunes,Servicios De Seguridad,Seguridad Interior,Gastos En Personal,Remuneraciones Al Personal,146033920.0,235690175.0,235690160.05,1444656344.76,1444656253.13,Fiscal
2023,4,Administracion Central,Ministerio De Justicia Y Seguridad,Plan De Seguridad Publica,Plan De Seguridad Publica,Subsecretaría De Seguridad Ciudadana Y Orden Público,Actividades Comunes,Servicios De Seguridad,Seguridad Interior,Bienes De Consumo,Bienes De Consumo,6619627.0,460590.0,460588.64,2823173.54,2823165.2,Fiscal
2023,4,Administracion Central,Ministerio De Justicia Y Seguridad,Plan De Seguridad Publica,Plan De Seguridad Publica,Subsecretaría De Seguridad Ciudadana Y Orden Público,Actividades Comunes,Servicios De Seguridad,Seguridad Interior,Servicios No Personales,Servicios No Personales,902444701.0,1196727600.0,1196727597.69,7335308399.23,7335308385.07,Fiscal
2023,4,Administracion Central,Ministerio De Justicia Y Seguridad,Plan De Seguridad Publica,Plan De Seguridad Publica,Subsecretaría De Seguridad Ciudadana Y Orden Público,Actividades Comunes,Servicios De Seguridad,Seguridad Interior,Bienes De Uso,Maquinaria Y Equipo,4169762.0,0.0,0.0,0.0,0.0,Fiscal
2023,4,Administracion Central,Ministerio De Justicia Y Seguridad,Plan De Seguridad Publica,Plan De Seguridad Publica,Direccion General Coordinacion Operativa,"Compactacion, Descontaminacion Y Disposicion Final De Automotores",Servicios De Seguridad,Seguridad Interior,Bienes De Consumo,Bienes De Consumo,81825.0,0.0,0.0,0.0,0.0,Fiscal
2023,4,Administracion Central,Ministerio De Justicia Y Seguridad,Plan De Seguridad Publica,Plan De Seguridad Publica,Direccion General Coordinacion Operativa,"Compactacion, Descontaminacion Y Disposicion Final De Automotores",Servicios De Seguridad,Seguridad Interior,Servicios No Personales,Servicios No Personales,11855174.0,0.0,0.0,0.0,0.0,Fiscal
2023,4,Administracion Central,Ministerio De Justicia Y Seguridad,Plan De Seguridad Publica,Plan De Seguridad Publica,Direccion General Coordinacion Operativa,"Compactacion, Descontaminacion Y Disposicion Final De Automotores",Servicios De Seguridad,Seguridad Interior,Bienes De Uso,Maquinaria Y Equipo,5569773.0,0.0,0.0,0.0,0.0,Fiscal
2023,4,Administracion Central,Ministerio De Justicia Y Seguridad,Plan De Seguridad Publica,Plan De Seguridad Publica,Direccion General Coordinacion Operativa,Coordinacion Operativa,Servicios De Seguridad,Seguridad Interior,Gastos En Personal,Remuneraciones Al Personal,52660840.0,102754110.0,102754099.6,629828447.29,629828383.54,Fiscal
2023,4,Administracion Central,Ministerio De Justicia Y Seguridad,Plan De Seguridad Publica,Plan De Seguridad Publica,Direccion General Coordinacion Operativa,Coordinacion Operativa,Servicios De Seguridad,Seguridad Interior,Bienes De Consumo,Bienes De Consumo,45642535.0,580407.0,580403.41,3557588.5,3557566.49,Fiscal
2023,4,Administracion Central,Ministerio De Justicia Y Seguridad,Plan De Seguridad Publica,Plan De Seguridad Publica,Direccion General Coordinacion Operativa,Coordinacion Operativa,Servicios De Seguridad,Seguridad Interior,Servicios No Personales,Servicios No Personales,3465540.0,217701.0,217700.0,1334392.2,1334386.07,Fiscal
2023,4,Administracion Central,Ministerio De Justicia Y Seguridad,Plan De Seguridad Publica,Plan De Seguridad Publica,Direccion General Coordinacion Operativa,Coordinacion Operativa,Servicios De Seguridad,Seguridad Interior,Bienes De Uso,Maquinaria Y Equipo,12881304.0,0.0,0.0,0.0,0.0,Fiscal
2023,4,Administracion Central,Ministerio De Justicia Y Seguridad,Plan De Seguridad Publica,Plan De Seguridad Publica,Direccion General Coordinacion Operativa,Registro Verificacion De Autopartes,Servicios De Seguridad,Seguridad Interior,Servicios No Personales,Servicios No Personales,179632791.0,178626467.0,178343969.0,1094885940.38,1093154376.78,Fiscal
2023,4,Administracion Central,Ministerio De Justicia Y Seguridad,Plan De Seguridad Publica,Plan De Seguridad Publica,Dg.Est.Criminal Y Mapa Del Delito,Informacion Y Estadistica Criminal,Servicios De Seguridad,Seguridad Interior,Gastos En Personal,Remuneraciones Al Personal,40574534.0,54680800.0,54680792.66,335164436.35,335164391.36,Fiscal
2023,4,Administracion Central,Ministerio De Justicia Y Seguridad,Plan De Seguridad Publica,Plan De Seguridad Publica,Dg.Est.Criminal Y Mapa Del Delito,Informacion Y Estadistica Criminal,Servicios De Seguridad,Seguridad Interior,Bienes De Consumo,Bienes De Consumo,3199434.0,759007.0,759006.5,4652312.21,4652309.14,Fiscal
2023,4,Administracion Central,Ministerio De Justicia Y Seguridad,Plan De Seguridad Publica,Plan De Seguridad Publica,Dg.Est.Criminal Y Mapa Del Delito,Informacion Y Estadistica Criminal,Servicios De Seguridad,Seguridad Interior,Servicios No Personales,Servicios No Personales,1535910.0,162900.0,162900.0,998491.0,998491.0,Fiscal
2023,4,Administracion Central,Ministerio De Justicia Y Seguridad,Plan De Seguridad Publica,Plan De Seguridad Publica,Dg.Est.Criminal Y Mapa Del Delito,Informacion Y Estadistica Criminal,Servicios De Seguridad,Seguridad Interior,Bienes De Uso,Maquinaria Y Equipo,91990.0,0.0,0.0,0.0,0.0,Fiscal
2023,4,Administracion Central,Ministerio De Justicia Y Seguridad,Plan De Seguridad Publica,Plan De Seguridad Publica,Dg.Seg. Comunal E Investig. Criminal,Investigacion Criminal,Servicios De Seguridad,Seguridad Interior,Gastos En Personal,Remuneraciones Al Personal,45088299.0,64889804.0,64889797.89,397740241.23,397740203.77,Fiscal
2023,4,Administracion Central,Ministerio De Justicia Y Seguridad,Plan De Seguridad Publica,Plan De Seguridad Publica,Dg.Seg. Comunal E Investig. Criminal,Investigacion Criminal,Servicios De Seguridad,Seguridad Interior,Bienes De Consumo,Bienes De Consumo,2633035.0,644344.0,644342.67,3949488.55,3949480.4,Fiscal
2023,4,Administracion Central,Ministerio De Justicia Y Seguridad,Plan De Seguridad Publica,Plan De Seguridad Publica,Dg.Seg. Comunal E Investig. Criminal,Investigacion Criminal,Servicios De Seguridad,Seguridad Interior,Servicios No Personales,Servicios No Personales,1598422.0,195500.0,195500.0,1198311.79,1198311.79,Fiscal
2023,4,Administracion Central,Ministerio De Justicia Y Seguridad,Plan De Seguridad Publica,Plan De Seguridad Publica,Dg.Seg. Comunal E Investig. Criminal,Investigacion Criminal,Servicios De Seguridad,Seguridad Interior,Bienes De Uso,Maquinaria Y Equipo,91673.0,0.0,0.0,0.0,0.0,Fiscal
2023,4,Administracion Central,Ministerio De Justicia Y Seguridad,Plan De Seguridad Publica,Plan De Seguridad Publica,Dg.Planificación Y Evaluación De Recursos,Planificacion De Seguridad Con Recursos No Policiales,Servicios De Seguridad,Seguridad Interior,Gastos En Personal,Remuneraciones Al Personal,37787698.0,56650539.0,56650531.12,347237896.53,347237848.23,Fiscal
2023,4,Administracion Central,Ministerio De Justicia Y Seguridad,Plan De Seguridad Publica,Plan De Seguridad Publica,Dg.Planificación Y Evaluación De Recursos,Planificacion De Seguridad Con Recursos No Policiales,Servicios De Seguridad,Seguridad Interior,Bienes De Consumo,Bienes De Consumo,957059.0,738165.0,738164.02,4524561.75,4524555.74,Fiscal
2023,4,Administracion Central,Ministerio De Justicia Y Seguridad,Plan De Seguridad Publica,Plan De Seguridad Publica,Dg.Planificación Y Evaluación De Recursos,Planificacion De Seguridad Con Recursos No Policiales,Servicios De Seguridad,Seguridad Interior,Servicios No Personales,Servicios No Personales,644042.0,174000.0,174000.0,1066528.14,1066528.14,Fiscal
2023,4,Administracion Central,Ministerio De Justicia Y Seguridad,Plan De Seguridad Publica,Plan De Seguridad Publica,Dg.Planificación Y Evaluación De Recursos,Planificacion De Seguridad Con Recursos No Policiales,Servicios De Seguridad,Seguridad Interior,Bienes De Uso,Maquinaria Y Equipo,26963.0,0.0,0.0,0.0,0.0,Fiscal
2023,4,Administracion Central,Ministerio De Justicia Y Seguridad,Plan De Seguridad Publica,Plan De Seguridad Publica,Dg.Art.Com.Y Part.Ciudad.Comisarías,Articulacion Comunal Y Participacion Ciudadana En Comisarias,Servicios De Seguridad,Seguridad Interior,Gastos En Personal,Remuneraciones Al Personal,30067524.0,60633331.0,60633324.38,371650308.86,371650268.28,Fiscal
2023,4,Administracion Central,Ministerio De Justicia Y Seguridad,Plan De Seguridad Publica,Plan De Seguridad Publica,Dg.Art.Com.Y Part.Ciudad.Comisarías,Articulacion Comunal Y Participacion Ciudadana En Comisarias,Servicios De Seguridad,Seguridad Interior,Bienes De Consumo,Bienes De Consumo,8879790.0,688409.0,688405.83,4219583.74,4219564.31,Fiscal
2023,4,Administracion Central,Ministerio De Justicia Y Seguridad,Plan De Seguridad Publica,Plan De Seguridad Publica,Dg.Art.Com.Y Part.Ciudad.Comisarías,Articulacion Comunal Y Participacion Ciudadana En Comisarias,Servicios De Seguridad,Seguridad Interior,Servicios No Personales,Servicios No Personales,16694119.0,12123011.0,12123011.0,74307657.33,74307657.33,Fiscal
2023,4,Administracion Central,Ministerio De Justicia Y Seguridad,Plan De Seguridad Publica,Plan De Seguridad Publica,Dg.Art.Com.Y Part.Ciudad.Comisarías,Articulacion Comunal Y Participacion Ciudadana En Comisarias,Servicios De Seguridad,Seguridad Interior,Bienes De Uso,Maquinaria Y Equipo,1563834.0,0.0,0.0,0.0,0.0,Fiscal
2023,4,Administracion Central,Ministerio De Justicia Y Seguridad,Plan De Seguridad Publica,Plan De Seguridad Publica,Dg.Orden Público Y Coor. De Agentes,Orden Publico Y Coordinacion De Agentes,Servicios De Seguridad,Seguridad Interior,Gastos En Personal,Remuneraciones Al Personal,333060401.0,599734099.0,599637874.05,3676053409.06,3675463600.92,Fiscal
2023,4,Administracion Central,Ministerio De Justicia Y Seguridad,Plan De Seguridad Publica,Plan De Seguridad Publica,Dg.Orden Público Y Coor. De Agentes,Orden Publico Y Coordinacion De Agentes,Servicios De Seguridad,Seguridad Interior,Bienes De Consumo,Bienes De Consumo,7190093.0,2619744.0,2619739.54,16057647.68,16057620.34,Fiscal
2023,4,Administracion Central,Ministerio De Justicia Y Seguridad,Plan De Seguridad Publica,Plan De Seguridad Publica,Dg.Orden Público Y Coor. De Agentes,Orden Publico Y Coordinacion De Agentes,Servicios De Seguridad,Seguridad Interior,Servicios No Personales,Servicios No Personales,4852924.0,324000.0,324000.0,1985948.95,1985948.95,Fiscal
2023,4,Administracion Central,Ministerio De Justicia Y Seguridad,Plan De Seguridad Publica,Plan De Seguridad Publica,Dg.Orden Público Y Coor. De Agentes,Orden Publico Y Coordinacion De Agentes,Servicios De Seguridad,Seguridad Interior,Bienes De Uso,Maquinaria Y Equipo,6658759.0,0.0,0.0,0.0,0.0,Fiscal
2023,4,Administracion Central,Ministerio De Justicia Y Seguridad,Plan De Seguridad Publica,Plan De Seguridad Publica,Subsecretaria De Gestion Administrativa,Gestion Administrativa,Servicios De Seguridad,Seguridad Interior,Gastos En Personal,Remuneraciones Al Personal,185091032.0,304724037.0,304724026.67,1867797473.76,1867797410.44,Fiscal
2023,4,Administracion Central,Ministerio De Justicia Y Seguridad,Plan De Seguridad Publica,Plan De Seguridad Publica,Subsecretaria De Gestion Administrativa,Gestion Administrativa,Servicios De Seguridad,Seguridad Interior,Bienes De Consumo,Bienes De Consumo,29282556.0,12382061.0,12382051.53,75895497.06,75895439.02,Fiscal
2023,4,Administracion Central,Ministerio De Justicia Y Seguridad,Plan De Seguridad Publica,Plan De Seguridad Publica,Subsecretaria De Gestion Administrativa,Gestion Administrativa,Servicios De Seguridad,Seguridad Interior,Servicios No Personales,Servicios No Personales,248257556.0,270134084.0,270134080.36,1655779322.95,1655779300.64,Fiscal
2023,4,Administracion Central,Ministerio De Justicia Y Seguridad,Plan De Seguridad Publica,Plan De Seguridad Publica,Subsecretaria De Gestion Administrativa,Gestion Administrativa,Servicios De Seguridad,Seguridad Interior,Bienes De Uso,Maquinaria Y Equipo,1998449.0,173892.0,173891.5,1065866.16,1065863.09,Fiscal
2023,4,Administracion Central,Ministerio De Justicia Y Seguridad,Plan De Seguridad Publica,Plan De Seguridad Publica,Subsecretaria De Gestion Administrativa,Policia De La Ciudad,Servicios De Seguridad,Seguridad Interior,Gastos En Personal,Remuneraciones Al Personal,167357598504.0,275548090761.0,275545719352.12,1688964326177.08,1688949790692.59,Fiscal
2023,4,Administracion Central,Ministerio De Justicia Y Seguridad,Plan De Seguridad Publica,Plan De Seguridad Publica,Subsecretaria De Gestion Administrativa,Policia De La Ciudad,Servicios De Seguridad,Seguridad Interior,Bienes De Consumo,Bienes De Consumo,9573609744.0,7119620274.0,7081520129.56,43639513616.31,43405979845.11,Fiscal
2023,4,Administracion Central,Ministerio De Justicia Y Seguridad,Plan De Seguridad Publica,Plan De Seguridad Publica,Subsecretaria De Gestion Administrativa,Policia De La Ciudad,Servicios De Seguridad,Seguridad Interior,Servicios No Personales,Servicios No Personales,17022797802.0,29669822452.0,29546344105.28,181860348032.32,181103490954.88,Fiscal
2023,4,Administracion Central,Ministerio De Justicia Y Seguridad,Plan De Seguridad Publica,Plan De Seguridad Publica,Subsecretaria De Gestion Administrativa,Policia De La Ciudad,Servicios De Seguridad,Seguridad Interior,Bienes De Uso,Maquinaria Y Equipo,35553291.0,22806728.0,22406944.23,139793202.28,137342738.82,Fiscal
2023,4,Administracion Central,Ministerio De Justicia Y Seguridad,Plan De Seguridad Publica,Plan De Seguridad Publica,Subsecretaria De Gestion Administrativa,Policia De La Ciudad,Servicios De Seguridad,Seguridad Interior,Bienes De Uso,Activos Intangibles,19026797.0,0.0,0.0,0.0,0.0,Fiscal
2023,4,Administracion Central,Ministerio De Justicia Y Seguridad,Plan De Seguridad Publica,Plan De Seguridad Publica,Subsecretaria De Gestion Administrativa,Policia De La Ciudad,Servicios De Seguridad,Seguridad Interior,Transferencias,Al Sector Privado,1187905244.0,4128277202.0,4128277201.47,25304159805.61,25304159802.37,Fiscal
2023,4,Administracion Central,Ministerio De Justicia Y Seguridad,Plan De Seguridad Publica,Plan De Seguridad Publica,Subsecretaria De Gestion Administrativa,Policia De La Ciudad,Servicios De Seguridad,Seguridad Interior,Bienes De Uso,Construcciones Del Dominio Privado,448795173.0,1525462367.0,1435996227.52,9350278971.9,8801898768.77,Fiscal
2023,4,Administracion Central,Ministerio De Justicia Y Seguridad,Plan De Seguridad Publica,Plan De Seguridad Publica,Subsecretaria De Gestion Administrativa,Policia De La Ciudad,Servicios De Seguridad,Seguridad Interior,Bienes De Uso,Bienes De Uso,24701922859.0,18324776970.0,18288115976.35,112321208620.99,112096496084.36,Fiscal
2023,4,Administracion Central,Ministerio De Justicia Y Seguridad,Plan De Seguridad Publica,Plan De Seguridad Publica,Subsecretaria De Gestion Administrativa,Policia De La Ciudad,Servicios De Seguridad,Seguridad Interior,Servicios No Personales,Servicios No Personales,16612291098.0,34332137724.0,34311782616.49,210437879272.15,210313113209.19,Fiscal
2023,4,Administracion Central,Ministerio De Justicia Y Seguridad,Plan De Seguridad Publica,Plan De Seguridad Publica,Ss.Seg.Com.E Investig Crim,Actividades Comunes,Servicios De Seguridad,Seguridad Interior,Gastos En Personal,Remuneraciones Al Personal,44384882.0,70517495.0,70517486.0,432235016.03,432234960.86,Fiscal
2023,4,Administracion Central,Ministerio De Justicia Y Seguridad,Plan De Seguridad Publica,Plan De Seguridad Publica,Ss.Seg.Com.E Investig Crim,Actividades Comunes,Servicios De Seguridad,Seguridad Interior,Bienes De Consumo,Bienes De Consumo,4953667.0,920621.0,920617.68,5642920.71,5642900.36,Fiscal
2023,4,Administracion Central,Ministerio De Justicia Y Seguridad,Plan De Seguridad Publica,Plan De Seguridad Publica,Ss.Seg.Com.E Investig Crim,Actividades Comunes,Servicios De Seguridad,Seguridad Interior,Servicios No Personales,Servicios No Personales,31740497.0,31296934.0,29582159.95,191833682.82,181323023.17,Fiscal
2023,4,Administracion Central,Ministerio De Justicia Y Seguridad,Plan De Seguridad Publica,Plan De Seguridad Publica,Ss.Seg.Com.E Investig Crim,Actividades Comunes,Servicios De Seguridad,Seguridad Interior,Bienes De Uso,Maquinaria Y Equipo,328944.0,5000.0,5000.0,30647.36,30647.36,Fiscal
2023,4,Administracion Central,Ministerio De Justicia Y Seguridad,Plan De Seguridad Publica,Plan De Seguridad Publica,Dg.Prev.Delito Y Exp.Ciu.Seguridad,Politicas De Prevencion Del Delito,Servicios De Seguridad,Seguridad Interior,Gastos En Personal,Remuneraciones Al Personal,38444253.0,59863262.0,59863256.13,366930192.43,366930156.45,Fiscal
2023,4,Administracion Central,Ministerio De Justicia Y Seguridad,Plan De Seguridad Publica,Plan De Seguridad Publica,Dg.Prev.Delito Y Exp.Ciu.Seguridad,Politicas De Prevencion Del Delito,Servicios De Seguridad,Seguridad Interior,Bienes De Consumo,Bienes De Consumo,2080809.0,350920.0,350919.35,2150954.34,2150950.35,Fiscal
2023,4,Administracion Central,Ministerio De Justicia Y Seguridad,Plan De Seguridad Publica,Plan De Seguridad Publica,Dg.Prev.Delito Y Exp.Ciu.Seguridad,Politicas De Prevencion Del Delito,Servicios De Seguridad,Seguridad Interior,Servicios No Personales,Servicios No Personales,2639218.0,0.0,0.0,0.0,0.0,Fiscal
2023,4,Administracion Central,Ministerio De Justicia Y Seguridad,Plan De Seguridad Publica,Plan De Seguridad Publica,Dg.Prev.Delito Y Exp.Ciu.Seguridad,Politicas De Prevencion Del Delito,Servicios De Seguridad,Seguridad Interior,Bienes De Uso,Maquinaria Y Equipo,36824.0,0.0,0.0,0.0,0.0,Fiscal
2023,4,Administracion Central,Ministerio De Justicia Y Seguridad,Plan De Seguridad Publica,Plan De Seguridad Publica,Ss.Part.Ciud.En Seguridad,Actividades Comunes,Servicios De Seguridad,Seguridad Interior,Gastos En Personal,Remuneraciones Al Personal,65355102.0,110520557.0,110520546.5,677432667.26,677432602.9,Fiscal
2023,4,Administracion Central,Ministerio De Justicia Y Seguridad,Plan De Seguridad Publica,Plan De Seguridad Publica,Ss.Part.Ciud.En Seguridad,Actividades Comunes,Servicios De Seguridad,Seguridad Interior,Bienes De Consumo,Bienes De Consumo,2638954.0,416083.0,261791.98,2550369.13,1604646.63,Fiscal
2023,4,Administracion Central,Ministerio De Justicia Y Seguridad,Plan De Seguridad Publica,Plan De Seguridad Publica,Ss.Part.Ciud.En Seguridad,Actividades Comunes,Servicios De Seguridad,Seguridad Interior,Servicios No Personales,Servicios No Personales,47938255.0,54021422.0,52967617.0,331122797.31,324663529.0,Fiscal
2023,4,Administracion Central,Ministerio De Justicia Y Seguridad,Plan De Seguridad Publica,Plan De Seguridad Publica,Ss.Part.Ciud.En Seguridad,Actividades Comunes,Servicios De Seguridad,Seguridad Interior,Bienes De Uso,Maquinaria Y Equipo,2266765.0,0.0,0.0,0.0,0.0,Fiscal
2023,4,Administracion Central,Ministerio De Justicia Y Seguridad,Plan De Seguridad Publica,Plan De Seguridad Publica,Dg.Seg.Priv.Custodia Bienes,Custodia Y Seguridad De Edificios Publicos,Servicios De Seguridad,Seguridad Interior,Bienes De Consumo,Bienes De Consumo,22933180.0,27245551.0,27245549.66,167000843.88,167000835.66,Fiscal
2023,4,Administracion Central,Ministerio De Justicia Y Seguridad,Plan De Seguridad Publica,Plan De Seguridad Publica,Dg.Seg.Priv.Custodia Bienes,Custodia Y Seguridad De Edificios Publicos,Servicios De Seguridad,Seguridad Interior,Servicios No Personales,Servicios No Personales,66120544.0,73148071.0,73148066.74,448359058.15,448359032.03,Fiscal
2023,4,Administracion Central,Ministerio De Justicia Y Seguridad,Plan De Seguridad Publica,Plan De Seguridad Publica,Dg.Seg.Priv.Custodia Bienes,Custodia Y Seguridad De Edificios Publicos,Servicios De Seguridad,Seguridad Interior,Bienes De Uso,Maquinaria Y Equipo,336763.0,0.0,0.0,0.0,0.0,Fiscal
2023,4,Administracion Central,Ministerio De Justicia Y Seguridad,Plan De Seguridad Publica,Plan De Seguridad Publica,Dg.Seg.Priv.Custodia Bienes,Custodia Y Seguridad De Edificios Publicos,Servicios De Seguridad,Seguridad Interior,Gastos En Personal,Remuneraciones Al Personal,904607975.0,1553427127.0,1553427116.01,9521688187.25,9521688119.89,Fiscal
2023,4,Administracion Central,Ministerio De Justicia Y Seguridad,Plan De Seguridad Publica,Plan De Seguridad Publica,Dg.Seg.Priv.Custodia Bienes,Control De Prestadores De Seguridad Privada,Servicios De Seguridad,Seguridad Interior,Gastos En Personal,Remuneraciones Al Personal,152757209.0,271116391.0,271116372.41,1661800346.27,1661800232.32,Fiscal
2023,4,Administracion Central,Ministerio De Justicia Y Seguridad,Plan De Seguridad Publica,Plan De Seguridad Publica,Dg.Seg.Priv.Custodia Bienes,Control De Prestadores De Seguridad Privada,Servicios De Seguridad,Seguridad Interior,Bienes De Consumo,Bienes De Consumo,16399207.0,7930522.0,7930518.26,48609913.1,48609890.17,Fiscal
2023,4,Administracion Central,Ministerio De Justicia Y Seguridad,Plan De Seguridad Publica,Plan De Seguridad Publica,Dg.Seg.Priv.Custodia Bienes,Control De Prestadores De Seguridad Privada,Servicios De Seguridad,Seguridad Interior,Servicios No Personales,Servicios No Personales,742060.0,170420.0,170420.0,1044584.63,1044584.63,Fiscal
2023,4,Administracion Central,Ministerio De Justicia Y Seguridad,Plan De Seguridad Publica,Plan De Seguridad Publica,Dg.Seg.Priv.Custodia Bienes,Control De Prestadores De Seguridad Privada,Servicios De Seguridad,Seguridad Interior,Bienes De Uso,Maquinaria Y Equipo,7010.0,0.0,0.0,0.0,0.0,Fiscal
2023,4,Administracion Central,Ministerio De Justicia Y Seguridad,Plan De Seguridad Publica,Plan De Seguridad Publica,Dg.Seg.Priv.Custodia Bienes,Control Y Fiscalizacion,Servicios De Seguridad,Seguridad Interior,Gastos En Personal,Remuneraciones Al Personal,61801392.0,108933085.0,108933078.32,667702301.97,667702261.03,Fiscal
2023,4,Administracion Central,Ministerio De Justicia Y Seguridad,Plan De Seguridad Publica,Plan De Seguridad Publica,Dg.Seg.Priv.Custodia Bienes,Control Y Fiscalizacion,Servicios De Seguridad,Seguridad Interior,Bienes De Consumo,Bienes De Consumo,831216.0,0.0,0.0,0.0,0.0,Fiscal
2023,4,Administracion Central,Ministerio De Justicia Y Seguridad,Plan De Seguridad Publica,Plan De Seguridad Publica,Dg.Seg.Priv.Custodia Bienes,Control Y Fiscalizacion,Servicios De Seguridad,Seguridad Interior,Servicios No Personales,Servicios No Personales,1255923.0,836000.0,836000.0,5124238.65,5124238.65,Fiscal
2023,4,Administracion Central,Ministerio De Justicia Y Seguridad,Plan De Seguridad Publica,Plan De Seguridad Publica,Dg.Seg.Priv.Custodia Bienes,Control Y Fiscalizacion,Servicios De Seguridad,Seguridad Interior,Bienes De Uso,Maquinaria Y Equipo,3067260.0,0.0,0.0,0.0,0.0,Fiscal
2023,4,Administracion Central,Ministerio De Justicia Y Seguridad,Plan De Seguridad Publica,Plan De Seguridad Publica,Dirección General Coordinación Operativa De Detenidos,Detenidos En El Sistema De Caba,Servicios De Seguridad,Seguridad Interior,Bienes De Consumo,Bienes De Consumo,1243446.0,619711.0,619707.6,3798501.27,3798480.43,Fiscal
2023,4,Administracion Central,Ministerio De Justicia Y Seguridad,Plan De Seguridad Publica,Plan De Seguridad Publica,Dirección General Coordinación Operativa De Detenidos,Detenidos En El Sistema De Caba,Servicios De Seguridad,Seguridad Interior,Servicios No Personales,Servicios No Personales,1155037.0,0.0,0.0,0.0,0.0,Fiscal
2023,4,Administracion Central,Ministerio De Justicia Y Seguridad,Plan De Seguridad Publica,Plan De Seguridad Publica,Dirección General Coordinación Operativa De Detenidos,Detenidos En El Sistema De Caba,Servicios De Seguridad,Seguridad Interior,Gastos En Personal,Remuneraciones Al Personal,22636013.0,32991473.0,32991469.1,202220312.29,202220288.39,Fiscal
2023,4,Administracion Central,Ministerio De Justicia Y Seguridad,Plan De Seguridad Publica,Plan De Seguridad Publica,Dirección General Coordinación Operativa De Detenidos,Detenidos En El Sistema De Caba,Servicios De Seguridad,Seguridad Interior,Bienes De Uso,Maquinaria Y Equipo,253766.0,0.0,0.0,0.0,0.0,Fiscal
2023,4,Administracion Central,Ministerio De Justicia Y Seguridad,Plan De Seguridad Publica,Plan De Seguridad Publica,Subsecretaria De Coordinacion De Asuntos Estrategicos,Coordinacion General Y Planificacion Estrategica,Servicios De Seguridad,Seguridad Interior,Gastos En Personal,Remuneraciones Al Personal,36379818.0,61175104.0,61175099.07,374971091.33,374971061.11,Fiscal
2023,4,Administracion Central,Ministerio De Justicia Y Seguridad,Plan De Seguridad Publica,Plan De Seguridad Publica,Subsecretaria De Coordinacion De Asuntos Estrategicos,Coordinacion General Y Planificacion Estrategica,Servicios De Seguridad,Seguridad Interior,Bienes De Consumo,Bienes De Consumo,3765038.0,1028342.0,1028337.6,6303193.57,6303166.6,Fiscal
2023,4,Administracion Central,Ministerio De Justicia Y Seguridad,Plan De Seguridad Publica,Plan De Seguridad Publica,Subsecretaria De Coordinacion De Asuntos Estrategicos,Coordinacion General Y Planificacion Estrategica,Servicios De Seguridad,Seguridad Interior,Servicios No Personales,Servicios No Personales,4452725.0,190203.0,190202.32,1165843.98,1165839.81,Fiscal
2023,4,Administracion Central,Ministerio De Justicia Y Seguridad,Plan De Seguridad Publica,Plan De Seguridad Publica,Subsecretaria De Coordinacion De Asuntos Estrategicos,Coordinacion General Y Planificacion Estrategica,Servicios De Seguridad,Seguridad Interior,Bienes De Uso,Maquinaria Y Equipo,91990.0,0.0,0.0,0.0,0.0,Fiscal
2023,4,Administracion Central,Ministerio De Justicia Y Seguridad,Plan De Seguridad Publica,Plan De Seguridad Publica,Secretaria De Seguridad,Actividades Centrales,Servicios De Seguridad,Seguridad Interior,Gastos En Personal,Remuneraciones Al Personal,0.0,69909572.0,69909565.11,428508768.98,428508726.75,Fiscal
2023,4,Administracion Central,Ministerio De Justicia Y Seguridad,Plan De Seguridad Publica,Plan De Seguridad Publica,Secretaria De Seguridad,Actividades Centrales,Servicios De Seguridad,Seguridad Interior,Bienes De Consumo,Bienes De Consumo,0.0,1303960.0,1303955.97,7992586.4,7992561.7,Fiscal
2023,4,Administracion Central,Ministerio De Justicia Y Seguridad,Plan De Seguridad Publica,Plan De Seguridad Publica,Secretaria De Seguridad,Actividades Centrales,Servicios De Seguridad,Seguridad Interior,Servicios No Personales,Servicios No Personales,0.0,895268.0,895267.53,5487520.2,5487517.32,Fiscal
2023,4,Administracion Central,Ministerio De Justicia Y Seguridad,Plan De Seguridad Publica,Plan De Seguridad Publica,Secretaria De Seguridad,Actividades Centrales,Servicios De Seguridad,Seguridad Interior,Servicios No Personales,Servicios No Personales,0.0,1955374846.0,1933812099.43,11985415504.34,11853247251.49,Fiscal
2023,4,Organismos Descentralizados,Ministerio De Justicia Y Seguridad,Plan De Seguridad Publica,Instituto Superior De Seguridad Publica,Instituto Superior De Seguridad Publica,Acciones Instituto Superior De Seguridad Publica,Servicios De Seguridad,Seguridad Interior,Gastos En Personal,Remuneraciones Al Personal,1051176584.0,1152388086.0,1152388082.43,7063530586.59,7063530564.7,Fiscal
2023,4,Organismos Descentralizados,Ministerio De Justicia Y Seguridad,Plan De Seguridad Publica,Instituto Superior De Seguridad Publica,Instituto Superior De Seguridad Publica,Acciones Instituto Superior De Seguridad Publica,Servicios De Seguridad,Seguridad Interior,Bienes De Consumo,Bienes De Consumo,49507670.0,124107238.0,123781104.27,760711848.97,758712821.38,Fiscal
2023,4,Organismos Descentralizados,Ministerio De Justicia Y Seguridad,Plan De Seguridad Publica,Instituto Superior De Seguridad Publica,Instituto Superior De Seguridad Publica,Acciones Instituto Superior De Seguridad Publica,Servicios De Seguridad,Seguridad Interior,Servicios No Personales,Servicios No Personales,298707948.0,633360207.0,627247789.55,3882163698.86,3844697806.82,Fiscal
2023,4,Organismos Descentralizados,Ministerio De Justicia Y Seguridad,Plan De Seguridad Publica,Instituto Superior De Seguridad Publica,Instituto Superior De Seguridad Publica,Acciones Instituto Superior De Seguridad Publica,Servicios De Seguridad,Seguridad Interior,Bienes De Uso,Maquinaria Y Equipo,33364689.0,125257864.0,125257861.54,767764578.9,767764563.82,Fiscal
2023,4,Organismos Descentralizados,Ministerio De Justicia Y Seguridad,Plan De Seguridad Publica,Instituto Superior De Seguridad Publica,Instituto Superior De Seguridad Publica,Acciones Instituto Superior De Seguridad Publica,Servicios De Seguridad,Seguridad Interior,Servicios No Personales,Servicios No Personales,0.0,340894637.0,340894636.34,2089504156.2,2089504152.15,Fiscal
2023,4,Organismos Descentralizados,Ministerio De Justicia Y Seguridad,Plan De Seguridad Publica,Instituto Superior De Seguridad Publica,Instituto Superior De Seguridad Publica,Formacion En Seguridad,Servicios De Seguridad,Seguridad Interior,Servicios No Personales,Servicios No Personales,11253298.0,14253000.0,14253000.0,87363365.41,87363365.41,Fiscal
2023,4,Organismos Descentralizados,Ministerio De Justicia Y Seguridad,Plan De Seguridad Publica,Instituto Superior De Seguridad Publica,Instituto Superior De Seguridad Publica,Iuse - Ley N° 5.689,Servicios De Seguridad,Seguridad Interior,Transferencias,Al Sector Privado,284030806.0,436783940.0,436783940.0,2677254960.72,2677254960.72,Fiscal
2023,4,Administracion Central,Ministerio De Gobierno,Ministerio De Gobierno,Ministerio De Gobierno,Instituto De Gestión Electoral,Electoral,Administración Gubernamental,Judicial,Gastos En Personal,Remuneraciones Al Personal,78437915.0,4212732.0,4212729.02,25821823.13,25821804.87,Fiscal
2023,4,Administracion Central,Ministerio De Gobierno,Ministerio De Gobierno,Ministerio De Gobierno,Instituto De Gestión Electoral,Electoral,Administración Gubernamental,Judicial,Bienes De Consumo,Bienes De Consumo,1353083.0,0.0,0.0,0.0,0.0,Fiscal
2023,4,Administracion Central,Ministerio De Gobierno,Ministerio De Gobierno,Ministerio De Gobierno,Instituto De Gestión Electoral,Electoral,Administración Gubernamental,Judicial,Servicios No Personales,Servicios No Personales,544919820.0,0.0,0.0,0.0,0.0,Fiscal
2023,4,Administracion Central,Ministerio De Gobierno,Ministerio De Gobierno,Ministerio De Gobierno,Instituto De Gestión Electoral,Electoral,Administración Gubernamental,Judicial,Transferencias,Al Sector Privado,1783881095.0,0.0,0.0,0.0,0.0,Fiscal
2023,4,Administracion Central,Ministerio De Gobierno,Ministerio De Gobierno,Ministerio De Gobierno,Instituto De Gestión Electoral,Electoral,Administración Gubernamental,Judicial,Transferencias,Al Sector Público,613961093.0,0.0,0.0,0.0,0.0,Fiscal
2023,4,Administracion Central,Ministerio De Gobierno,Ministerio De Gobierno,Ministerio De Gobierno,Direccion General De Asuntos Legislativos,Coordinacion Institucional,Administración Gubernamental,Dirección Ejecutiva,Gastos En Personal,Remuneraciones Al Personal,57801957.0,98645744.0,98645736.47,604646332.64,604646286.49,Fiscal
2023,4,Administracion Central,Ministerio De Gobierno,Ministerio De Gobierno,Ministerio De Gobierno,Direccion General De Asuntos Legislativos,Coordinacion Institucional,Administración Gubernamental,Dirección Ejecutiva,Servicios No Personales,Servicios No Personales,22202816.0,23760766.0,23760765.0,145640951.55,145640945.42,Fiscal
2023,4,Administracion Central,Ministerio De Gobierno,Ministerio De Gobierno,Ministerio De Gobierno,Direccion General De Asuntos Legislativos,Coordinacion Institucional,Administración Gubernamental,Dirección Ejecutiva,Bienes De Consumo,Bienes De Consumo,398042.0,358975.0,358971.74,2200327.24,2200307.25,Fiscal
2023,4,Administracion Central,Ministerio De Gobierno,Ministerio De Gobierno,Ministerio De Gobierno,Direccion General De Asuntos Legislativos,Coordinacion Institucional,Administración Gubernamental,Dirección Ejecutiva,Bienes De Uso,Maquinaria Y Equipo,758540.0,0.0,0.0,0.0,0.0,Fiscal
2023,4,Administracion Central,Ministerio De Gobierno,Ministerio De Gobierno,Ministerio De Gobierno,Dirección General Control Y Seguimiento De Gestión,Control Y Seguimiento De Gestion,Administración Gubernamental,Control De La Gestión,Gastos En Personal,Remuneraciones Al Personal,29002963.0,46108571.0,46108563.14,282621198.12,282621149.94,Fiscal
2023,4,Administracion Central,Ministerio De Gobierno,Ministerio De Gobierno,Ministerio De Gobierno,Dirección General Control Y Seguimiento De Gestión,Control Y Seguimiento De Gestion,Administración Gubernamental,Control De La Gestión,Servicios No Personales,Servicios No Personales,394292.0,19620276.0,19560276.0,120261933.74,119894165.42,Fiscal
2023,4,Administracion Central,Ministerio De Gobierno,Ministerio De Gobierno,Ministerio De Gobierno,Dirección General Control Y Seguimiento De Gestión,Control Y Seguimiento De Gestion,Administración Gubernamental,Control De La Gestión,Bienes De Consumo,Bienes De Consumo,290996.0,338209.0,268204.79,2073042.62,1643953.77,Fiscal
2023,4,Administracion Central,Ministerio De Gobierno,Ministerio De Gobierno,Ministerio De Gobierno,Dirección General Control Y Seguimiento De Gestión,Control Y Seguimiento De Gestion,Administración Gubernamental,Control De La Gestión,Bienes De Uso,Maquinaria Y Equipo,330999.0,330973.0,330972.01,2028689.76,2028683.69,Fiscal
2023,4,Administracion Central,Ministerio De Gobierno,Ministerio De Gobierno,Ministerio De Gobierno,Dirección General Estrategia De Vinculación Federal,Estrategia De Vinculacion Federal,Administración Gubernamental,Dirección Ejecutiva,Gastos En Personal,Remuneraciones Al Personal,29572424.0,50164681.0,50164673.37,307483011.07,307482964.31,Fiscal
2023,4,Administracion Central,Ministerio De Gobierno,Ministerio De Gobierno,Ministerio De Gobierno,Dirección General Estrategia De Vinculación Federal,Estrategia De Vinculacion Federal,Administración Gubernamental,Dirección Ejecutiva,Servicios No Personales,Servicios No Personales,7161855.0,9836396.0,9836395.54,60291914.55,60291911.73,Fiscal
2023,4,Administracion Central,Ministerio De Gobierno,Ministerio De Gobierno,Ministerio De Gobierno,Dirección General Estrategia De Vinculación Federal,Estrategia De Vinculacion Federal,Administración Gubernamental,Dirección Ejecutiva,Bienes De Consumo,Bienes De Consumo,391763.0,266610.0,266609.02,1634178.55,1634172.54,Fiscal
2023,4,Administracion Central,Ministerio De Gobierno,Ministerio De Gobierno,Ministerio De Gobierno,Dirección General Estrategia De Vinculación Federal,Estrategia De Vinculacion Federal,Administración Gubernamental,Dirección Ejecutiva,Bienes De Uso,Maquinaria Y Equipo,465468.0,572373.0,572372.36,3508344.32,3508340.39,Fiscal
2023,4,Administracion Central,Ministerio De Gobierno,Ministerio De Gobierno,Ministerio De Gobierno,Subsecretaría De Asuntos Políticos,Actividades Comunes,Administración Gubernamental,Dirección Ejecutiva,Gastos En Personal,Remuneraciones Al Personal,45407313.0,83336324.0,83336313.42,510807670.35,510807605.5,Fiscal
2023,4,Administracion Central,Ministerio De Gobierno,Ministerio De Gobierno,Ministerio De Gobierno,Subsecretaría De Asuntos Políticos,Actividades Comunes,Administración Gubernamental,Dirección Ejecutiva,Servicios No Personales,Servicios No Personales,33015703.0,75982913.0,75982912.43,465735143.01,465735139.51,Fiscal
2023,4,Administracion Central,Ministerio De Gobierno,Ministerio De Gobierno,Ministerio De Gobierno,Subsecretaría De Asuntos Políticos,Actividades Comunes,Administración Gubernamental,Dirección Ejecutiva,Bienes De Consumo,Bienes De Consumo,449930.0,330546.0,210531.15,2026072.47,1290444.8,Fiscal
2023,4,Administracion Central,Ministerio De Gobierno,Ministerio De Gobierno,Ministerio De Gobierno,Subsecretaría De Asuntos Políticos,Actividades Comunes,Administración Gubernamental,Dirección Ejecutiva,Bienes De Uso,Maquinaria Y Equipo,1117122.0,3388801.0,3388800.16,20771561.08,20771555.93,Fiscal
2023,4,Administracion Central,Ministerio De Gobierno,Ministerio De Gobierno,Ministerio De Gobierno,Subsecretaría De Asuntos Metropolitanos Y Transferencia De Competencias,Actividades Comunes,Administración Gubernamental,Dirección Ejecutiva,Gastos En Personal,Remuneraciones Al Personal,38201911.0,57689783.0,57689777.07,353607913.61,353607877.26,Fiscal
2023,4,Administracion Central,Ministerio De Gobierno,Ministerio De Gobierno,Ministerio De Gobierno,Subsecretaría De Asuntos Metropolitanos Y Transferencia De Competencias,Actividades Comunes,Administración Gubernamental,Dirección Ejecutiva,Servicios No Personales,Servicios No Personales,44665695.0,123601118.0,123531118.0,757609600.56,757180537.52,Fiscal
2023,4,Administracion Central,Ministerio De Gobierno,Ministerio De Gobierno,Ministerio De Gobierno,Subsecretaría De Asuntos Metropolitanos Y Transferencia De Competencias,Actividades Comunes,Administración Gubernamental,Dirección Ejecutiva,Bienes De Consumo,Bienes De Consumo,530316.0,141527.0,81524.74,867485.79,499703.62,Fiscal
2023,4,Administracion Central,Ministerio De Gobierno,Ministerio De Gobierno,Ministerio De Gobierno,Subsecretaría De Asuntos Metropolitanos Y Transferencia De Competencias,Actividades Comunes,Administración Gubernamental,Dirección Ejecutiva,Bienes De Uso,Maquinaria Y Equipo,841290.0,325207.0,325206.79,1993347.22,1993345.94,Fiscal
2023,4,Administracion Central,Ministerio De Gobierno,Ministerio De Gobierno,Ministerio De Gobierno,Dirección General Gestión Metropolitana Y Transferencia De Competencias,Gestion Metropolitana,Servicios Sociales,Promoción Y Acción Social,Gastos En Personal,Remuneraciones Al Personal,53811472.0,43913112.0,43913103.68,269164193.5,269164142.5,Fiscal
2023,4,Administracion Central,Ministerio De Gobierno,Ministerio De Gobierno,Ministerio De Gobierno,Dirección General Gestión Metropolitana Y Transferencia De Competencias,Gestion Metropolitana,Servicios Sociales,Promoción Y Acción Social,Servicios No Personales,Servicios No Personales,24755500.0,43941680.0,43941679.87,269339300.26,269339299.46,Fiscal
2023,4,Administracion Central,Ministerio De Gobierno,Ministerio De Gobierno,Ministerio De Gobierno,Dirección General Gestión Metropolitana Y Transferencia De Competencias,Gestion Metropolitana,Servicios Sociales,Promoción Y Acción Social,Bienes De Consumo,Bienes De Consumo,132965.0,69721.0,69720.35,427352.92,427348.94,Fiscal
2023,4,Administracion Central,Ministerio De Gobierno,Ministerio De Gobierno,Ministerio De Gobierno,Dirección General Gestión Metropolitana Y Transferencia De Competencias,Gestion Metropolitana,Servicios Sociales,Promoción Y Acción Social,Bienes De Uso,Maquinaria Y Equipo,417749.0,1046128.0,1046127.34,6412212.36,6412208.31,Fiscal
2023,4,Administracion Central,Ministerio De Gobierno,Ministerio De Gobierno,Ministerio De Gobierno,Dirección General Gestión Metropolitana Y Transferencia De Competencias,Gestion Metropolitana,Servicios Sociales,Promoción Y Acción Social,Transferencias,Al Sector Público,161812932.0,40453233.0,40453233.0,247956961.8,247956961.8,Fiscal
2023,4,Administracion Central,Ministerio De Gobierno,Ministerio De Gobierno,Ministerio De Gobierno,Dirección General Gestión Metropolitana Y Transferencia De Competencias,Gestion Metropolitana,Servicios Sociales,Promoción Y Acción Social,Transferencias,Al Sector Público,103002857.0,0.0,0.0,0.0,0.0,Fiscal
2023,4,Administracion Central,Ministerio De Gobierno,Ministerio De Gobierno,Ministerio De Gobierno,Dirección General Gestión Metropolitana Y Transferencia De Competencias,Fortalecimiento De La Autonomia,Administración Gubernamental,Dirección Ejecutiva,Bienes De Consumo,Bienes De Consumo,123755.0,46844.0,0.0,287128.99,0.0,Fiscal
2023,4,Administracion Central,Ministerio De Gobierno,Ministerio De Gobierno,Ministerio De Gobierno,Dirección General Gestión Metropolitana Y Transferencia De Competencias,Fortalecimiento De La Autonomia,Administración Gubernamental,Dirección Ejecutiva,Servicios No Personales,Servicios No Personales,18219193.0,24548156.0,24465000.0,150467236.56,149957534.19,Fiscal
2023,4,Administracion Central,Ministerio De Gobierno,Ministerio De Gobierno,Ministerio De Gobierno,Dirección General Gestión Metropolitana Y Transferencia De Competencias,Fortalecimiento De La Autonomia,Administración Gubernamental,Dirección Ejecutiva,Bienes De Uso,Maquinaria Y Equipo,417749.0,0.0,0.0,0.0,0.0,Fiscal
2023,4,Administracion Central,Ministerio De Gobierno,Ministerio De Gobierno,Ministerio De Gobierno,Dirección General Gestión Metropolitana,Gestion Metropolitana,Servicios Sociales,Promoción Y Acción Social,Gastos En Personal,Remuneraciones Al Personal,0.0,58395800.0,58395792.03,357935425.09,357935376.24,Fiscal
2023,4,Administracion Central,Ministerio De Gobierno,Ministerio De Gobierno,Ministerio De Gobierno,Dirección General Gestión Metropolitana,Gestion Metropolitana,Servicios Sociales,Promoción Y Acción Social,Bienes De Consumo,Bienes De Consumo,0.0,2017388.0,2017384.19,12365523.4,12365500.05,Fiscal
2023,4,Administracion Central,Ministerio De Gobierno,Ministerio De Gobierno,Ministerio De Gobierno,Dirección General Gestión Metropolitana,Gestion Metropolitana,Servicios Sociales,Promoción Y Acción Social,Servicios No Personales,Servicios No Personales,0.0,44309935.0,44309934.7,271596508.99,271596507.15,Fiscal
2023,4,Administracion Central,Ministerio De Gobierno,Ministerio De Gobierno,Ministerio De Gobierno,Dirección General Gestión Metropolitana,Gestion Metropolitana,Servicios Sociales,Promoción Y Acción Social,Bienes De Uso,Maquinaria Y Equipo,0.0,19929.0,19929.0,122154.25,122154.25,Fiscal
2023,4,Administracion Central,Ministerio De Gobierno,Ministerio De Gobierno,Ministerio De Gobierno,Dirección General Gestión Metropolitana,Gestion Metropolitana,Servicios Sociales,Promoción Y Acción Social,Transferencias,Al Sector Público,0.0,59238889.0,59238888.89,363103115.57,363103114.89,Fiscal
2023,4,Administracion Central,Ministerio De Gobierno,Ministerio De Gobierno,Ministerio De Gobierno,Dirección General Transferencia De Competencias,Fortalecimiento De La Autonomia,Administración Gubernamental,Dirección Ejecutiva,Gastos En Personal,Remuneraciones Al Personal,0.0,24065595.0,24065588.51,147509392.39,147509352.61,Fiscal
2023,4,Administracion Central,Ministerio De Gobierno,Ministerio De Gobierno,Ministerio De Gobierno,Dirección General Transferencia De Competencias,Fortalecimiento De La Autonomia,Administración Gubernamental,Dirección Ejecutiva,Bienes De Consumo,Bienes De Consumo,0.0,206965.0,168105.09,1268586.19,1030395.45,Fiscal
2023,4,Administracion Central,Ministerio De Gobierno,Ministerio De Gobierno,Ministerio De Gobierno,Dirección General Transferencia De Competencias,Fortalecimiento De La Autonomia,Administración Gubernamental,Dirección Ejecutiva,Servicios No Personales,Servicios No Personales,0.0,132815.0,41671.08,814085.83,255421.72,Fiscal
2023,4,Administracion Central,Ministerio De Gobierno,Ministerio De Gobierno,Ministerio De Gobierno,Subsecretaria De Gobierno,Actividades Comunes,Administración Gubernamental,Dirección Ejecutiva,Gastos En Personal,Remuneraciones Al Personal,59868190.0,95319002.0,95318990.77,584255160.47,584255091.64,Fiscal
2023,4,Administracion Central,Ministerio De Gobierno,Ministerio De Gobierno,Ministerio De Gobierno,Subsecretaria De Gobierno,Actividades Comunes,Administración Gubernamental,Dirección Ejecutiva,Servicios No Personales,Servicios No Personales,77161261.0,167398216.0,167388934.13,1026062689.49,1026005796.53,Fiscal
2023,4,Administracion Central,Ministerio De Gobierno,Ministerio De Gobierno,Ministerio De Gobierno,Subsecretaria De Gobierno,Actividades Comunes,Administración Gubernamental,Dirección Ejecutiva,Bienes De Consumo,Bienes De Consumo,636065.0,1006359.0,1006355.03,6168449.38,6168425.05,Fiscal
2023,4,Administracion Central,Ministerio De Gobierno,Ministerio De Gobierno,Ministerio De Gobierno,Subsecretaria De Gobierno,Actividades Comunes,Administración Gubernamental,Dirección Ejecutiva,Bienes De Uso,Maquinaria Y Equipo,1034373.0,685786.0,685785.56,4203506.13,4203503.44,Fiscal
2023,4,Administracion Central,Ministerio De Gobierno,Ministerio De Gobierno,Ministerio De Gobierno,Ministerio De Gobierno,Actividades Centrales,Administración Gubernamental,Control De La Gestión,Gastos En Personal,Remuneraciones Al Personal,234223886.0,956322410.0,956322393.02,5861751501.72,5861751397.64,Fiscal
2023,4,Administracion Central,Ministerio De Gobierno,Ministerio De Gobierno,Ministerio De Gobierno,Ministerio De Gobierno,Actividades Centrales,Administración Gubernamental,Control De La Gestión,Bienes De Consumo,Bienes De Consumo,1514562.0,2753528.0,2751676.73,16877672.97,16866325.66,Fiscal
2023,4,Administracion Central,Ministerio De Gobierno,Ministerio De Gobierno,Ministerio De Gobierno,Ministerio De Gobierno,Actividades Centrales,Administración Gubernamental,Control De La Gestión,Servicios No Personales,Servicios No Personales,290532392.0,420761913.0,420082466.92,2579048393.72,2574883747.95,Fiscal
2023,4,Administracion Central,Ministerio De Gobierno,Ministerio De Gobierno,Ministerio De Gobierno,Ministerio De Gobierno,Actividades Centrales,Administración Gubernamental,Control De La Gestión,Bienes De Uso,Maquinaria Y Equipo,6095902.0,24045327.0,24045323.58,147385160.25,147385139.29,Fiscal
2023,4,Administracion Central,Ministerio De Gobierno,Ministerio De Gobierno,Ministerio De Gobierno,Ministerio De Gobierno,Actividades Centrales,Servicios De Seguridad,Seguridad Interior,Servicios No Personales,Servicios No Personales,23311694.0,32671534.0,32671533.03,200259255.13,200259249.18,Fiscal
2023,4,Administracion Central,Ministerio De Gobierno,Ministerio De Gobierno,Ministerio De Gobierno,Ministerio De Gobierno,Actividades Centrales,Administración Gubernamental,Control De La Gestión,Servicios No Personales,Servicios No Personales,0.0,1325992.0,1325991.78,8127630.93,8127629.58,Fiscal
2023,4,Administracion Central,Ministerio De Gobierno,Ministerio De Gobierno,Ministerio De Gobierno,Dirección General Relaciones Con Las Provincias Y Municipios,Cooperacion Con Provincias Y Municipios,Administración Gubernamental,Dirección Ejecutiva,Gastos En Personal,Remuneraciones Al Personal,44544338.0,64365920.0,64365911.76,394529108.88,394529058.37,Fiscal
2023,4,Administracion Central,Ministerio De Gobierno,Ministerio De Gobierno,Ministerio De Gobierno,Dirección General Relaciones Con Las Provincias Y Municipios,Cooperacion Con Provincias Y Municipios,Administración Gubernamental,Dirección Ejecutiva,Servicios No Personales,Servicios No Personales,27320209.0,73107485.0,73107484.19,448110287.39,448110282.43,Fiscal
2023,4,Administracion Central,Ministerio De Gobierno,Ministerio De Gobierno,Ministerio De Gobierno,Dirección General Relaciones Con Las Provincias Y Municipios,Cooperacion Con Provincias Y Municipios,Administración Gubernamental,Dirección Ejecutiva,Bienes De Consumo,Bienes De Consumo,364229.0,530600.0,530595.69,3252297.88,3252271.46,Fiscal
2023,4,Administracion Central,Ministerio De Gobierno,Ministerio De Gobierno,Ministerio De Gobierno,Dirección General Relaciones Con Las Provincias Y Municipios,Cooperacion Con Provincias Y Municipios,Administración Gubernamental,Dirección Ejecutiva,Bienes De Uso,Maquinaria Y Equipo,1241247.0,2792421.0,2792419.92,17116066.53,17116059.91,Fiscal
2023,4,Administracion Central,Ministerio De Gobierno,Ministerio De Gobierno,Ministerio De Gobierno,Subsecretaria De Articulacion Y Fortalecimiento De Gestion,Actividades Comunes,Administración Gubernamental,Dirección Ejecutiva,Gastos En Personal,Remuneraciones Al Personal,35952720.0,57887241.0,57887234.85,354818226.9,354818189.2,Fiscal
2023,4,Administracion Central,Ministerio De Gobierno,Ministerio De Gobierno,Ministerio De Gobierno,Subsecretaria De Articulacion Y Fortalecimiento De Gestion,Actividades Comunes,Administración Gubernamental,Dirección Ejecutiva,Servicios No Personales,Servicios No Personales,36953610.0,47709771.0,47431935.46,292435708.8,290732723.61,Fiscal
2023,4,Administracion Central,Ministerio De Gobierno,Ministerio De Gobierno,Ministerio De Gobierno,Subsecretaria De Articulacion Y Fortalecimiento De Gestion,Actividades Comunes,Administración Gubernamental,Dirección Ejecutiva,Bienes De Consumo,Bienes De Consumo,232837.0,91847.0,91844.03,562973.62,562955.42,Fiscal
2023,4,Administracion Central,Ministerio De Gobierno,Ministerio De Gobierno,Ministerio De Gobierno,Subsecretaria De Articulacion Y Fortalecimiento De Gestion,Actividades Comunes,Administración Gubernamental,Dirección Ejecutiva,Bienes De Uso,Maquinaria Y Equipo,1048164.0,0.0,0.0,0.0,0.0,Fiscal
2023,4,Administracion Central,Ministerio De Gobierno,Ministerio De Gobierno,Ministerio De Gobierno,Direccion General Articulacion Territorial,Articulacion Interinstitucional,Administración Gubernamental,Dirección Ejecutiva,Gastos En Personal,Remuneraciones Al Personal,27389248.0,39136197.0,39136188.45,239884226.43,239884174.02,Fiscal
2023,4,Administracion Central,Ministerio De Gobierno,Ministerio De Gobierno,Ministerio De Gobierno,Direccion General Articulacion Territorial,Articulacion Interinstitucional,Administración Gubernamental,Dirección Ejecutiva,Bienes De Consumo,Bienes De Consumo,311484.0,520265.0,489261.95,3188949.79,2998917.46,Fiscal
2023,4,Administracion Central,Ministerio De Gobierno,Ministerio De Gobierno,Ministerio De Gobierno,Direccion General Articulacion Territorial,Articulacion Interinstitucional,Administración Gubernamental,Dirección Ejecutiva,Servicios No Personales,Servicios No Personales,4759204.0,18476387.0,18147367.0,113250498.07,111233779.16,Fiscal
2023,4,Administracion Central,Ministerio De Gobierno,Ministerio De Gobierno,Ministerio De Gobierno,Direccion General Articulacion Territorial,Articulacion Interinstitucional,Administración Gubernamental,Dirección Ejecutiva,Bienes De Uso,Maquinaria Y Equipo,703374.0,802836.0,802835.06,4920960.84,4920955.08,Fiscal
2023,4,Administracion Central,Ministerio De Gobierno,Ministerio De Gobierno,Ministerio De Gobierno,Direccion General Estrategia Y Fortalecimiento Territorial,Estrategias De Accesibilidad,Administración Gubernamental,Dirección Ejecutiva,Gastos En Personal,Remuneraciones Al Personal,22370272.0,35419116.0,35419110.36,217100482.26,217100447.69,Fiscal
2023,4,Administracion Central,Ministerio De Gobierno,Ministerio De Gobierno,Ministerio De Gobierno,Direccion General Estrategia Y Fortalecimiento Territorial,Estrategias De Accesibilidad,Administración Gubernamental,Dirección Ejecutiva,Servicios No Personales,Servicios No Personales,19091141.0,56459873.0,56459872.22,346069214.61,346069209.83,Fiscal
2023,4,Administracion Central,Ministerio De Gobierno,Ministerio De Gobierno,Ministerio De Gobierno,Direccion General Estrategia Y Fortalecimiento Territorial,Estrategias De Accesibilidad,Administración Gubernamental,Dirección Ejecutiva,Bienes De Consumo,Bienes De Consumo,350698.0,5527877.0,5527875.61,33882967.68,33882959.16,Fiscal
2023,4,Administracion Central,Ministerio De Gobierno,Ministerio De Gobierno,Ministerio De Gobierno,Direccion General Estrategia Y Fortalecimiento Territorial,Estrategias De Accesibilidad,Administración Gubernamental,Dirección Ejecutiva,Bienes De Uso,Maquinaria Y Equipo,1020581.0,728344.0,728343.29,4464364.21,4464359.85,Fiscal
2023,4,Administracion Central,Ministerio De Gobierno,Ministerio De Gobierno,Ministerio De Gobierno,Subsecretaría De Asuntos Interjurisdiccionales,Actividades Comunes,Administración Gubernamental,Dirección Ejecutiva,Gastos En Personal,Remuneraciones Al Personal,35952720.0,54673798.0,54673792.15,335121517.79,335121481.93,Fiscal
2023,4,Administracion Central,Ministerio De Gobierno,Ministerio De Gobierno,Ministerio De Gobierno,Subsecretaría De Asuntos Interjurisdiccionales,Actividades Comunes,Administración Gubernamental,Dirección Ejecutiva,Servicios No Personales,Servicios No Personales,104666578.0,138862618.0,138821151.83,851154538.56,850900372.82,Fiscal
2023,4,Administracion Central,Ministerio De Gobierno,Ministerio De Gobierno,Ministerio De Gobierno,Subsecretaría De Asuntos Interjurisdiccionales,Actividades Comunes,Administración Gubernamental,Dirección Ejecutiva,Bienes De Consumo,Bienes De Consumo,1104874.0,573494.0,483489.6,3515215.46,2963536.0,Fiscal
2023,4,Administracion Central,Ministerio De Gobierno,Ministerio De Gobierno,Ministerio De Gobierno,Subsecretaría De Asuntos Interjurisdiccionales,Actividades Comunes,Administración Gubernamental,Dirección Ejecutiva,Bienes De Uso,Maquinaria Y Equipo,3071397.0,94617.0,94616.86,579952.26,579951.4,Fiscal
2023,4,Administracion Central,Ministerio De Gobierno,Ministerio De Gobierno,Ministerio De Gobierno,Direccion General Articulacion Interjurisdiccional,Asuntos Interjurisdiccionales,Administración Gubernamental,Dirección Ejecutiva,Gastos En Personal,Remuneraciones Al Personal,39083719.0,66403620.0,66403610.78,407019134.12,407019077.6,Fiscal
2023,4,Administracion Central,Ministerio De Gobierno,Ministerio De Gobierno,Ministerio De Gobierno,Direccion General Articulacion Interjurisdiccional,Asuntos Interjurisdiccionales,Administración Gubernamental,Dirección Ejecutiva,Servicios No Personales,Servicios No Personales,3096108.0,2069773.0,2069771.91,12686615.79,12686609.11,Fiscal
2023,4,Administracion Central,Ministerio De Gobierno,Ministerio De Gobierno,Ministerio De Gobierno,Direccion General Articulacion Interjurisdiccional,Asuntos Interjurisdiccionales,Administración Gubernamental,Dirección Ejecutiva,Bienes De Consumo,Bienes De Consumo,853189.0,316451.0,186450.6,1939677.57,1142843.75,Fiscal
2023,4,Administracion Central,Ministerio De Gobierno,Ministerio De Gobierno,Ministerio De Gobierno,Direccion General Articulacion Interjurisdiccional,Asuntos Interjurisdiccionales,Administración Gubernamental,Dirección Ejecutiva,Bienes De Uso,Maquinaria Y Equipo,1726713.0,0.0,0.0,0.0,0.0,Fiscal
2023,4,Administracion Central,Ministerio De Gobierno,Ministerio De Gobierno,Ministerio De Gobierno,Upe Inst Form Pol Y G.Públic,Formacion Politica Y Social Para La Mejora De La Gestion Publica,Administración Gubernamental,Dirección Ejecutiva,Gastos En Personal,Remuneraciones Al Personal,75789287.0,125038593.0,125038583.83,766420563.43,766420507.22,Fiscal
2023,4,Administracion Central,Ministerio De Gobierno,Ministerio De Gobierno,Ministerio De Gobierno,Upe Inst Form Pol Y G.Públic,Formacion Politica Y Social Para La Mejora De La Gestion Publica,Administración Gubernamental,Dirección Ejecutiva,Servicios No Personales,Servicios No Personales,76560817.0,134101368.0,134101364.36,821970589.66,821970567.35,Fiscal
2023,4,Administracion Central,Ministerio De Gobierno,Ministerio De Gobierno,Ministerio De Gobierno,Upe Inst Form Pol Y G.Públic,Formacion Politica Y Social Para La Mejora De La Gestion Publica,Administración Gubernamental,Dirección Ejecutiva,Bienes De Consumo,Bienes De Consumo,411902.0,294873.0,294144.3,1807415.82,1802949.27,Fiscal
2023,4,Administracion Central,Ministerio De Gobierno,Ministerio De Gobierno,Ministerio De Gobierno,Upe Inst Form Pol Y G.Públic,Formacion Politica Y Social Para La Mejora De La Gestion Publica,Administración Gubernamental,Dirección Ejecutiva,Bienes De Uso,Maquinaria Y Equipo,1096435.0,1897263.0,1897262.12,11629220.57,11629215.17,Fiscal
2023,4,Administracion Central,Ministerio De Gobierno,Ministerio De Gobierno,Ministerio De Gobierno,Dcion Gral Prog De Cooperación Federal,Programas De Cooperacion Federal,Administración Gubernamental,Dirección Ejecutiva,Gastos En Personal,Remuneraciones Al Personal,51191101.0,101986554.0,101986543.81,625123734.23,625123671.77,Fiscal
2023,4,Administracion Central,Ministerio De Gobierno,Ministerio De Gobierno,Ministerio De Gobierno,Dcion Gral Prog De Cooperación Federal,Programas De Cooperacion Federal,Administración Gubernamental,Dirección Ejecutiva,Servicios No Personales,Servicios No Personales,120545005.0,465233150.0,465103148.64,2851633598.82,2850836759.12,Fiscal
2023,4,Administracion Central,Ministerio De Gobierno,Ministerio De Gobierno,Ministerio De Gobierno,Dcion Gral Prog De Cooperación Federal,Programas De Cooperacion Federal,Administración Gubernamental,Dirección Ejecutiva,Bienes De Uso,Maquinaria Y Equipo,689582.0,9713852.0,9713851.22,59540784.52,59540779.74,Fiscal
2023,4,Administracion Central,Ministerio De Gobierno,Ministerio De Gobierno,Ministerio De Gobierno,Dcion Gral Prog De Cooperación Federal,Programas De Cooperacion Federal,Administración Gubernamental,Dirección Ejecutiva,Bienes De Consumo,Bienes De Consumo,482405.0,389890.0,389886.74,2389819.87,2389799.88,Fiscal
2023,4,Administracion Central,Ministerio De Gobierno,Ministerio De Gobierno,Ministerio De Gobierno,Dcion Gral Representaciones De La Ciudad,Representaciones De La Ciudad,Administración Gubernamental,Dirección Ejecutiva,Gastos En Personal,Remuneraciones Al Personal,43544322.0,80417000.0,80416989.79,492913755.43,492913692.85,Fiscal
2023,4,Administracion Central,Ministerio De Gobierno,Ministerio De Gobierno,Ministerio De Gobierno,Dcion Gral Representaciones De La Ciudad,Representaciones De La Ciudad,Administración Gubernamental,Dirección Ejecutiva,Servicios No Personales,Servicios No Personales,4352956.0,50871341.0,50871339.62,311814463.81,311814455.35,Fiscal
2023,4,Administracion Central,Ministerio De Gobierno,Ministerio De Gobierno,Ministerio De Gobierno,Dcion Gral Representaciones De La Ciudad,Representaciones De La Ciudad,Administración Gubernamental,Dirección Ejecutiva,Bienes De Consumo,Bienes De Consumo,564912.0,514176.0,514172.0,3151627.43,3151602.91,Fiscal
2023,4,Administracion Central,Ministerio De Gobierno,Ministerio De Gobierno,Ministerio De Gobierno,Dcion Gral Representaciones De La Ciudad,Representaciones De La Ciudad,Administración Gubernamental,Dirección Ejecutiva,Bienes De Uso,Maquinaria Y Equipo,2096328.0,0.0,0.0,0.0,0.0,Fiscal
2023,4,Administracion Central,Ministerio De Gobierno,Ministerio De Gobierno,Ministerio De Gobierno,D.G.Seguimiento Organismos Control Y Acceso A La Informaciòn,Seguimiento Organismos De Control Y Acceso A La Informacion,Administración Gubernamental,Control De La Gestión,Gastos En Personal,Remuneraciones Al Personal,79313167.0,140603913.0,140603907.0,861827757.62,861827720.85,Fiscal
2023,4,Administracion Central,Ministerio De Gobierno,Ministerio De Gobierno,Ministerio De Gobierno,D.G.Seguimiento Organismos Control Y Acceso A La Informaciòn,Seguimiento Organismos De Control Y Acceso A La Informacion,Administración Gubernamental,Control De La Gestión,Bienes De Consumo,Bienes De Consumo,251689.0,121298.0,121294.7,743492.7,743472.48,Fiscal
2023,4,Administracion Central,Ministerio De Gobierno,Ministerio De Gobierno,Ministerio De Gobierno,D.G.Seguimiento Organismos Control Y Acceso A La Informaciòn,Seguimiento Organismos De Control Y Acceso A La Informacion,Administración Gubernamental,Control De La Gestión,Servicios No Personales,Servicios No Personales,15156174.0,19169176.0,19169175.5,117496928.89,117496925.83,Fiscal
2023,4,Administracion Central,Ministerio De Gobierno,Ministerio De Gobierno,Ministerio De Gobierno,D.G.Seguimiento Organismos Control Y Acceso A La Informaciòn,Seguimiento Organismos De Control Y Acceso A La Informacion,Administración Gubernamental,Control De La Gestión,Bienes De Uso,Maquinaria Y Equipo,689582.0,429000.0,429000.0,2629543.52,2629543.52,Fiscal
2023,4,Administracion Central,Ministerio De Gobierno,Ministerio De Gobierno,Ministerio De Gobierno,D.G.Reforma Polìtica Y Electoral,Capacitacion Y Reforma Politica,Administración Gubernamental,Judicial,Gastos En Personal,Remuneraciones Al Personal,46221257.0,74088667.0,74088658.38,454124415.06,454124362.22,Fiscal
2023,4,Administracion Central,Ministerio De Gobierno,Ministerio De Gobierno,Ministerio De Gobierno,D.G.Reforma Polìtica Y Electoral,Capacitacion Y Reforma Politica,Administración Gubernamental,Judicial,Servicios No Personales,Servicios No Personales,55801335.0,139325907.0,138307085.34,853994255.54,847749416.63,Fiscal
2023,4,Administracion Central,Ministerio De Gobierno,Ministerio De Gobierno,Ministerio De Gobierno,D.G.Reforma Polìtica Y Electoral,Capacitacion Y Reforma Politica,Administración Gubernamental,Judicial,Bienes De Consumo,Bienes De Consumo,262775.0,355761.0,225758.39,2180627.11,1383779.75,Fiscal
2023,4,Administracion Central,Ministerio De Gobierno,Ministerio De Gobierno,Ministerio De Gobierno,D.G.Reforma Polìtica Y Electoral,Capacitacion Y Reforma Politica,Administración Gubernamental,Judicial,Bienes De Uso,Maquinaria Y Equipo,827498.0,4180844.0,4180843.04,25626366.53,25626360.64,Fiscal
2023,4,Administracion Central,Ministerio De Gobierno,Ministerio De Gobierno,Ministerio De Gobierno,Dir.Gral.Registro Civil Y Capacidad De Las Personas,Certificacion De La Identidad Y Capacidad De Las Personas,Servicios De Seguridad,Seguridad Interior,Gastos En Personal,Remuneraciones Al Personal,1519149560.0,2481409864.0,2470763331.28,15209732454.85,15144474829.91,Fiscal
2023,4,Administracion Central,Ministerio De Gobierno,Ministerio De Gobierno,Ministerio De Gobierno,Dir.Gral.Registro Civil Y Capacidad De Las Personas,Certificacion De La Identidad Y Capacidad De Las Personas,Servicios De Seguridad,Seguridad Interior,Bienes De Consumo,Bienes De Consumo,39275747.0,73204777.0,73074761.36,448706635.99,447909708.76,Fiscal
2023,4,Administracion Central,Ministerio De Gobierno,Ministerio De Gobierno,Ministerio De Gobierno,Dir.Gral.Registro Civil Y Capacidad De Las Personas,Certificacion De La Identidad Y Capacidad De Las Personas,Servicios De Seguridad,Seguridad Interior,Servicios No Personales,Servicios No Personales,328148144.0,464018657.0,464018648.19,2844189397.9,2844189343.9,Fiscal
2023,4,Administracion Central,Ministerio De Gobierno,Ministerio De Gobierno,Ministerio De Gobierno,Dir.Gral.Registro Civil Y Capacidad De Las Personas,Certificacion De La Identidad Y Capacidad De Las Personas,Servicios De Seguridad,Seguridad Interior,Bienes De Uso,Maquinaria Y Equipo,13738902.0,23581291.0,23559273.66,144540864.55,144405909.88,Fiscal
2023,4,Administracion Central,Ministerio De Gobierno,Ministerio De Gobierno,Ministerio De Gobierno,Dir.Gral.Registro Civil Y Capacidad De Las Personas,Certificacion De La Identidad Y Capacidad De Las Personas,Servicios De Seguridad,Seguridad Interior,Bienes De Uso,Construcciones Del Dominio Privado,201320086.0,237569924.0,237569923.55,1456178213.76,1456178211.0,Fiscal
2023,4,Administracion Central,Ministerio De Gobierno,Ministerio De Gobierno,Ministerio De Gobierno,Dir.Gral.Registro Civil Y Capacidad De Las Personas,Certificacion De La Identidad Y Capacidad De Las Personas,Servicios De Seguridad,Seguridad Interior,Activos Financieros,Activos Financieros,0.0,59565745.0,59565744.14,365106570.29,365106565.02,Fiscal
2023,4,Administracion Central,Ministerio De Espacio Publico E Higiene Urbana,Ministerio De Espacio Publico E Higiene Urbana,Ministerio De Espacio Publico E Higiene Urbana,Dir. Gral. Regeneracion Urbana,Regeneracion Urbana,Servicios Sociales,Vivienda Y Urbanismo,Gastos En Personal,Remuneraciones Al Personal,56295445.0,102290386.0,102290373.81,626986063.99,626985989.27,Fiscal
2023,4,Administracion Central,Ministerio De Espacio Publico E Higiene Urbana,Ministerio De Espacio Publico E Higiene Urbana,Ministerio De Espacio Publico E Higiene Urbana,Dir. Gral. Regeneracion Urbana,Regeneracion Urbana,Servicios Sociales,Vivienda Y Urbanismo,Bienes De Consumo,Bienes De Consumo,1933199.0,1092005.0,1092000.4,6693414.15,6693385.95,Fiscal
2023,4,Administracion Central,Ministerio De Espacio Publico E Higiene Urbana,Ministerio De Espacio Publico E Higiene Urbana,Ministerio De Espacio Publico E Higiene Urbana,Dir. Gral. Regeneracion Urbana,Regeneracion Urbana,Servicios Sociales,Vivienda Y Urbanismo,Servicios No Personales,Servicios No Personales,92725351.0,102125735.0,102125735.0,625976840.28,625976840.28,Fiscal
2023,4,Administracion Central,Ministerio De Espacio Publico E Higiene Urbana,Ministerio De Espacio Publico E Higiene Urbana,Ministerio De Espacio Publico E Higiene Urbana,Dir. Gral. Sistema Pluvial,Mantenimiento De La Red Pluvial,Servicios Sociales,Agua Potable Y Alcantarillado,Gastos En Personal,Remuneraciones Al Personal,153355610.0,255958434.0,255958425.8,1568890072.21,1568890021.94,Fiscal
2023,4,Administracion Central,Ministerio De Espacio Publico E Higiene Urbana,Ministerio De Espacio Publico E Higiene Urbana,Ministerio De Espacio Publico E Higiene Urbana,Dir. Gral. Sistema Pluvial,Mantenimiento De La Red Pluvial,Servicios Sociales,Agua Potable Y Alcantarillado,Bienes De Consumo,Bienes De Consumo,3650665.0,522872.0,522868.25,3204929.32,3204906.33,Fiscal
2023,4,Administracion Central,Ministerio De Espacio Publico E Higiene Urbana,Ministerio De Espacio Publico E Higiene Urbana,Ministerio De Espacio Publico E Higiene Urbana,Dir. Gral. Sistema Pluvial,Mantenimiento De La Red Pluvial,Servicios Sociales,Agua Potable Y Alcantarillado,Servicios No Personales,Servicios No Personales,419855934.0,178327020.0,176991832.26,1093050488.36,1084866492.4,Fiscal
2023,4,Administracion Central,Ministerio De Espacio Publico E Higiene Urbana,Ministerio De Espacio Publico E Higiene Urbana,Ministerio De Espacio Publico E Higiene Urbana,Dir. Gral. Sistema Pluvial,Mantenimiento De La Red Pluvial,Servicios Sociales,Agua Potable Y Alcantarillado,Bienes De Uso,Maquinaria Y Equipo,0.0,696896.0,696895.26,4271604.57,4271600.03,Fiscal
2023,4,Administracion Central,Ministerio De Espacio Publico E Higiene Urbana,Ministerio De Espacio Publico E Higiene Urbana,Ministerio De Espacio Publico E Higiene Urbana,Dir. Gral. Sistema Pluvial,Mantenimiento De La Red Pluvial,Servicios Sociales,Agua Potable Y Alcantarillado,Servicios No Personales,Servicios No Personales,8604672659.0,13490200331.0,13465023761.37,82687806143.44,82533487063.08,Fiscal
2023,4,Administracion Central,Ministerio De Espacio Publico E Higiene Urbana,Ministerio De Espacio Publico E Higiene Urbana,Ministerio De Espacio Publico E Higiene Urbana,Dir. Gral. Sistema Pluvial,Mantenimiento De La Red Pluvial,Servicios Sociales,Agua Potable Y Alcantarillado,Bienes De Uso,Construcciones Del Dominio Público,694227525.0,967414741.0,963308100.05,5929741634.77,5904570093.77,Fiscal
2023,4,Administracion Central,Ministerio De Espacio Publico E Higiene Urbana,Ministerio De Espacio Publico E Higiene Urbana,Ministerio De Espacio Publico E Higiene Urbana,Dir. Gral. Sistema Pluvial,Mantenimiento De La Red Pluvial,Servicios Sociales,Agua Potable Y Alcantarillado,Bienes De Consumo,Bienes De Consumo,0.0,29351760.0,29351759.99,179910793.12,179910793.06,Fiscal
2023,4,Administracion Central,Ministerio De Espacio Publico E Higiene Urbana,Ministerio De Espacio Publico E Higiene Urbana,Ministerio De Espacio Publico E Higiene Urbana,Dir.Gral.Obras Regeneracion Urbana,Obras De Regeneracion Urbana,Servicios Sociales,Vivienda Y Urbanismo,Gastos En Personal,Remuneraciones Al Personal,100399554.0,187501029.0,187501019.41,1149282320.29,1149282261.51,Fiscal
2023,4,Administracion Central,Ministerio De Espacio Publico E Higiene Urbana,Ministerio De Espacio Publico E Higiene Urbana,Ministerio De Espacio Publico E Higiene Urbana,Dir.Gral.Obras Regeneracion Urbana,Obras De Regeneracion Urbana,Servicios Sociales,Vivienda Y Urbanismo,Bienes De Consumo,Bienes De Consumo,10021911.0,1714118.0,1616609.8,10506638.41,9908964.62,Fiscal
2023,4,Administracion Central,Ministerio De Espacio Publico E Higiene Urbana,Ministerio De Espacio Publico E Higiene Urbana,Ministerio De Espacio Publico E Higiene Urbana,Dir.Gral.Obras Regeneracion Urbana,Obras De Regeneracion Urbana,Servicios Sociales,Vivienda Y Urbanismo,Servicios No Personales,Servicios No Personales,122893137.0,148702792.0,148670288.53,911469610.25,911270381.14,Fiscal
2023,4,Administracion Central,Ministerio De Espacio Publico E Higiene Urbana,Ministerio De Espacio Publico E Higiene Urbana,Ministerio De Espacio Publico E Higiene Urbana,Dir.Gral.Obras Regeneracion Urbana,Obras De Regeneracion Urbana,Servicios Sociales,Vivienda Y Urbanismo,Bienes De Uso,Maquinaria Y Equipo,0.0,4255425.0,4255424.44,26083508.68,26083505.25,Fiscal
2023,4,Administracion Central,Ministerio De Espacio Publico E Higiene Urbana,Ministerio De Espacio Publico E Higiene Urbana,Ministerio De Espacio Publico E Higiene Urbana,Dir.Gral.Obras Regeneracion Urbana,Obras De Regeneracion Urbana,Servicios Sociales,Vivienda Y Urbanismo,Servicios No Personales,Servicios No Personales,241538124.0,819878055.0,819878049.92,5025419638.68,5025419607.54,Fiscal
2023,4,Administracion Central,Ministerio De Espacio Publico E Higiene Urbana,Ministerio De Espacio Publico E Higiene Urbana,Ministerio De Espacio Publico E Higiene Urbana,Dir.Gral.Obras Regeneracion Urbana,Obras De Regeneracion Urbana,Servicios Sociales,Vivienda Y Urbanismo,Bienes De Uso,Construcciones Del Dominio Público,4946983155.0,5686212959.0,5658494613.0,34853483514.52,34683584686.9,Fiscal
2023,4,Administracion Central,Ministerio De Espacio Publico E Higiene Urbana,Ministerio De Espacio Publico E Higiene Urbana,Ministerio De Espacio Publico E Higiene Urbana,Dir.Gral.Obras Regeneracion Urbana,Obras De Regeneracion Urbana,Servicios Sociales,Vivienda Y Urbanismo,Activos Financieros,Activos Financieros,0.0,449404886.0,449208488.75,2754614696.72,2753410885.26,Fiscal
2023,4,Administracion Central,Ministerio De Espacio Publico E Higiene Urbana,Ministerio De Espacio Publico E Higiene Urbana,Ministerio De Espacio Publico E Higiene Urbana,Ss.Mantenimiento Urbano,Actividades Comunes,Servicios Económicos,Ecología,Gastos En Personal,Remuneraciones Al Personal,40741571.0,74011085.0,74011076.98,453648878.36,453648829.2,Fiscal
2023,4,Administracion Central,Ministerio De Espacio Publico E Higiene Urbana,Ministerio De Espacio Publico E Higiene Urbana,Ministerio De Espacio Publico E Higiene Urbana,Ss.Mantenimiento Urbano,Actividades Comunes,Servicios Económicos,Ecología,Bienes De Consumo,Bienes De Consumo,3264529.0,1082223.0,952213.72,6633455.65,5836567.4,Fiscal
2023,4,Administracion Central,Ministerio De Espacio Publico E Higiene Urbana,Ministerio De Espacio Publico E Higiene Urbana,Ministerio De Espacio Publico E Higiene Urbana,Ss.Mantenimiento Urbano,Actividades Comunes,Servicios Económicos,Ecología,Servicios No Personales,Servicios No Personales,47189544.0,32030621.0,30340621.0,196330796.79,185971989.0,Fiscal
2023,4,Administracion Central,Ministerio De Espacio Publico E Higiene Urbana,Ministerio De Espacio Publico E Higiene Urbana,Ministerio De Espacio Publico E Higiene Urbana,Ss.Mantenimiento Urbano,Actividades Comunes,Servicios Económicos,Ecología,Servicios No Personales,Servicios No Personales,108704611.0,122608112.0,122608111.9,751522998.02,751522997.41,Fiscal
2023,4,Administracion Central,Ministerio De Espacio Publico E Higiene Urbana,Ministerio De Espacio Publico E Higiene Urbana,Ministerio De Espacio Publico E Higiene Urbana,Ss.Mantenimiento Urbano,Actividades Comunes,Servicios Económicos,Ecología,Bienes De Uso,Bienes De Uso,0.0,12591000.0,12591000.0,77176182.83,77176182.83,Fiscal
2023,4,Administracion Central,Ministerio De Espacio Publico E Higiene Urbana,Ministerio De Espacio Publico E Higiene Urbana,Ministerio De Espacio Publico E Higiene Urbana,Dg.Fiscalización Urbana,Fiscalizacion De Vias Peatonales,Servicios Sociales,Vivienda Y Urbanismo,Gastos En Personal,Remuneraciones Al Personal,401853120.0,707933639.0,707933625.4,4339259467.45,4339259384.09,Fiscal
2023,4,Administracion Central,Ministerio De Espacio Publico E Higiene Urbana,Ministerio De Espacio Publico E Higiene Urbana,Ministerio De Espacio Publico E Higiene Urbana,Dg.Fiscalización Urbana,Fiscalizacion De Vias Peatonales,Servicios Sociales,Vivienda Y Urbanismo,Bienes De Consumo,Bienes De Consumo,5102874.0,2424656.0,2423776.71,14861861.23,14856471.65,Fiscal
2023,4,Administracion Central,Ministerio De Espacio Publico E Higiene Urbana,Ministerio De Espacio Publico E Higiene Urbana,Ministerio De Espacio Publico E Higiene Urbana,Dg.Fiscalización Urbana,Fiscalizacion De Vias Peatonales,Servicios Sociales,Vivienda Y Urbanismo,Servicios No Personales,Servicios No Personales,380223768.0,459509847.0,457625216.18,2816552772.94,2805000980.96,Fiscal
2023,4,Administracion Central,Ministerio De Espacio Publico E Higiene Urbana,Ministerio De Espacio Publico E Higiene Urbana,Ministerio De Espacio Publico E Higiene Urbana,Dg.Fiscalización Urbana,Fiscalizacion De Vias Peatonales,Servicios Sociales,Vivienda Y Urbanismo,Bienes De Uso,Maquinaria Y Equipo,0.0,3216557.0,3216556.12,19715796.29,19715790.9,Fiscal
2023,4,Administracion Central,Ministerio De Espacio Publico E Higiene Urbana,Ministerio De Espacio Publico E Higiene Urbana,Ministerio De Espacio Publico E Higiene Urbana,Dg.Fiscalización Urbana,Intervenciones De Recuperacion Del Espacio Publico,Servicios De Seguridad,Seguridad Interior,Gastos En Personal,Remuneraciones Al Personal,29091920.0,57188859.0,57188852.67,350537513.94,350537475.14,Fiscal
2023,4,Administracion Central,Ministerio De Espacio Publico E Higiene Urbana,Ministerio De Espacio Publico E Higiene Urbana,Ministerio De Espacio Publico E Higiene Urbana,Dg.Fiscalización Urbana,Intervenciones De Recuperacion Del Espacio Publico,Servicios De Seguridad,Seguridad Interior,Bienes De Consumo,Bienes De Consumo,14454084.0,0.0,0.0,0.0,0.0,Fiscal
2023,4,Administracion Central,Ministerio De Espacio Publico E Higiene Urbana,Ministerio De Espacio Publico E Higiene Urbana,Ministerio De Espacio Publico E Higiene Urbana,Dg.Fiscalización Urbana,Intervenciones De Recuperacion Del Espacio Publico,Servicios De Seguridad,Seguridad Interior,Servicios No Personales,Servicios No Personales,9235549.0,0.0,0.0,0.0,0.0,Fiscal
2023,4,Administracion Central,Ministerio De Espacio Publico E Higiene Urbana,Ministerio De Espacio Publico E Higiene Urbana,Ministerio De Espacio Publico E Higiene Urbana,Dg.Fiscalización Urbana,Intervenciones De Recuperacion Del Espacio Publico,Servicios De Seguridad,Seguridad Interior,Bienes De Consumo,Bienes De Consumo,0.0,35020983.0,35020982.93,214660137.15,214660136.72,Fiscal
2023,4,Administracion Central,Ministerio De Espacio Publico E Higiene Urbana,Ministerio De Espacio Publico E Higiene Urbana,Ministerio De Espacio Publico E Higiene Urbana,Dg.Fiscalización Urbana,Intervenciones De Recuperacion Del Espacio Publico,Servicios De Seguridad,Seguridad Interior,Servicios No Personales,Servicios No Personales,0.0,1219431755.0,1219431747.62,7474472883.17,7474472837.94,Fiscal
2023,4,Administracion Central,Ministerio De Espacio Publico E Higiene Urbana,Ministerio De Espacio Publico E Higiene Urbana,Ministerio De Espacio Publico E Higiene Urbana,Ss.Paisaje Urbano,Actividades Comunes,Servicios Sociales,Vivienda Y Urbanismo,Gastos En Personal,Remuneraciones Al Personal,39089270.0,69316615.0,69316605.65,424874255.61,424874198.3,Fiscal
2023,4,Administracion Central,Ministerio De Espacio Publico E Higiene Urbana,Ministerio De Espacio Publico E Higiene Urbana,Ministerio De Espacio Publico E Higiene Urbana,Ss.Paisaje Urbano,Actividades Comunes,Servicios Sociales,Vivienda Y Urbanismo,Bienes De Consumo,Bienes De Consumo,8406017.0,721241.0,721236.89,4420826.57,4420801.37,Fiscal
2023,4,Administracion Central,Ministerio De Espacio Publico E Higiene Urbana,Ministerio De Espacio Publico E Higiene Urbana,Ministerio De Espacio Publico E Higiene Urbana,Ss.Paisaje Urbano,Actividades Comunes,Servicios Sociales,Vivienda Y Urbanismo,Servicios No Personales,Servicios No Personales,168334687.0,326969598.0,326969596.13,2004151018.58,2004151007.12,Fiscal
2023,4,Administracion Central,Ministerio De Espacio Publico E Higiene Urbana,Ministerio De Espacio Publico E Higiene Urbana,Ministerio De Espacio Publico E Higiene Urbana,Ss.Paisaje Urbano,Actividades Comunes,Servicios Sociales,Vivienda Y Urbanismo,Transferencias,Al Sector Público,0.0,20175000.0,20175000.0,123662099.01,123662099.01,Fiscal
2023,4,Administracion Central,Ministerio De Espacio Publico E Higiene Urbana,Ministerio De Espacio Publico E Higiene Urbana,Ministerio De Espacio Publico E Higiene Urbana,Ss.Paisaje Urbano,Actividades Comunes,Servicios Sociales,Vivienda Y Urbanismo,Activos Financieros,Adelanto A Proveedores Y Contratistas,0.0,4467181.0,4467180.36,27381461.17,27381457.25,Fiscal
2023,4,Administracion Central,Ministerio De Espacio Publico E Higiene Urbana,Ministerio De Espacio Publico E Higiene Urbana,Ministerio De Espacio Publico E Higiene Urbana,Min.Esp.Público E Hig. Urbana,Actividades Centrales,Servicios Económicos,Ecología,Gastos En Personal,Remuneraciones Al Personal,59427037.0,177960705.0,177960691.55,1090805170.8,1090805088.36,Fiscal
2023,4,Administracion Central,Ministerio De Espacio Publico E Higiene Urbana,Ministerio De Espacio Publico E Higiene Urbana,Ministerio De Espacio Publico E Higiene Urbana,Min.Esp.Público E Hig. Urbana,Actividades Centrales,Servicios Económicos,Ecología,Bienes De Consumo,Bienes De Consumo,25640284.0,11599800.0,8206493.93,71100650.11,50301475.33,Fiscal
2023,4,Administracion Central,Ministerio De Espacio Publico E Higiene Urbana,Ministerio De Espacio Publico E Higiene Urbana,Ministerio De Espacio Publico E Higiene Urbana,Min.Esp.Público E Hig. Urbana,Actividades Centrales,Servicios Económicos,Ecología,Servicios No Personales,Servicios No Personales,938395517.0,1458203282.0,1457881575.4,8938016288.96,8936044397.34,Fiscal
2023,4,Administracion Central,Ministerio De Espacio Publico E Higiene Urbana,Ministerio De Espacio Publico E Higiene Urbana,Ministerio De Espacio Publico E Higiene Urbana,Min.Esp.Público E Hig. Urbana,Actividades Centrales,Servicios Económicos,Ecología,Transferencias,Al Sector Público,0.0,89264473.0,89264472.35,547144094.07,547144090.09,Fiscal
2023,4,Administracion Central,Ministerio De Espacio Publico E Higiene Urbana,Ministerio De Espacio Publico E Higiene Urbana,Ministerio De Espacio Publico E Higiene Urbana,Min.Esp.Público E Hig. Urbana,Actividades Centrales,Administración Gubernamental,Control De La Gestión,Gastos En Personal,Remuneraciones Al Personal,33351965.0,65797600.0,65797592.9,403304551.45,403304507.93,Fiscal
2023,4,Administracion Central,Ministerio De Espacio Publico E Higiene Urbana,Ministerio De Espacio Publico E Higiene Urbana,Ministerio De Espacio Publico E Higiene Urbana,Min.Esp.Público E Hig. Urbana,Actividades Centrales,Administración Gubernamental,Control De La Gestión,Bienes De Consumo,Bienes De Consumo,335770.0,431313.0,301304.09,2643720.99,1846835.0,Fiscal
2023,4,Administracion Central,Ministerio De Espacio Publico E Higiene Urbana,Ministerio De Espacio Publico E Higiene Urbana,Ministerio De Espacio Publico E Higiene Urbana,Min.Esp.Público E Hig. Urbana,Actividades Centrales,Administración Gubernamental,Control De La Gestión,Servicios No Personales,Servicios No Personales,18971466.0,692000.0,612000.0,4241594.67,3751236.91,Fiscal
2023,4,Administracion Central,Ministerio De Espacio Publico E Higiene Urbana,Ministerio De Espacio Publico E Higiene Urbana,Ministerio De Espacio Publico E Higiene Urbana,Min.Esp.Público E Hig. Urbana,Actividades Centrales,Servicios De Seguridad,Seguridad Interior,Servicios No Personales,Servicios No Personales,1548233376.0,2256970765.0,2256970764.04,13834039266.18,13834039260.3,Fiscal
2023,4,Administracion Central,Ministerio De Espacio Publico E Higiene Urbana,Ministerio De Espacio Publico E Higiene Urbana,Ministerio De Espacio Publico E Higiene Urbana,Min.Esp.Público E Hig. Urbana,Actividades Centrales,Servicios Económicos,Ecología,Servicios No Personales,Servicios No Personales,0.0,23255860.0,23255858.49,142546144.33,142546135.07,Fiscal
2023,4,Administracion Central,Ministerio De Espacio Publico E Higiene Urbana,Ministerio De Espacio Publico E Higiene Urbana,Ministerio De Espacio Publico E Higiene Urbana,Dg.Monitoreo Y Sistemas,Monitoreo Y Sistemas,Servicios Económicos,Ecología,Gastos En Personal,Remuneraciones Al Personal,94610243.0,178538306.0,178538297.78,1094345560.0,1094345509.61,Fiscal
2023,4,Administracion Central,Ministerio De Espacio Publico E Higiene Urbana,Ministerio De Espacio Publico E Higiene Urbana,Ministerio De Espacio Publico E Higiene Urbana,Dg.Monitoreo Y Sistemas,Monitoreo Y Sistemas,Servicios Económicos,Ecología,Bienes De Consumo,Bienes De Consumo,5396300.0,11612033.0,11612028.64,71175631.95,71175605.22,Fiscal
2023,4,Administracion Central,Ministerio De Espacio Publico E Higiene Urbana,Ministerio De Espacio Publico E Higiene Urbana,Ministerio De Espacio Publico E Higiene Urbana,Dg.Monitoreo Y Sistemas,Monitoreo Y Sistemas,Servicios Económicos,Ecología,Servicios No Personales,Servicios No Personales,75420345.0,150783511.0,150783510.11,924223319.24,924223313.79,Fiscal
2023,4,Administracion Central,Ministerio De Espacio Publico E Higiene Urbana,Ministerio De Espacio Publico E Higiene Urbana,Ministerio De Espacio Publico E Higiene Urbana,Dg.Monitoreo Y Sistemas,Monitoreo Y Sistemas,Servicios Económicos,Ecología,Servicios No Personales,Servicios No Personales,0.0,250300444.0,250300442.81,1534209580.53,1534209573.24,Fiscal
2023,4,Administracion Central,Ministerio De Espacio Publico E Higiene Urbana,Ministerio De Espacio Publico E Higiene Urbana,Ministerio De Espacio Publico E Higiene Urbana,Dg.Planif.Y Coor De Int Urbanas,Intervencion En Vias Peatonales,Servicios Sociales,Vivienda Y Urbanismo,Gastos En Personal,Remuneraciones Al Personal,116627950.0,181391473.0,181391465.62,1111833967.43,1111833922.2,Fiscal
2023,4,Administracion Central,Ministerio De Espacio Publico E Higiene Urbana,Ministerio De Espacio Publico E Higiene Urbana,Ministerio De Espacio Publico E Higiene Urbana,Dg.Planif.Y Coor De Int Urbanas,Intervencion En Vias Peatonales,Servicios Sociales,Vivienda Y Urbanismo,Bienes De Consumo,Bienes De Consumo,3613730.0,20005805.0,20005797.68,122625022.98,122624978.11,Fiscal
2023,4,Administracion Central,Ministerio De Espacio Publico E Higiene Urbana,Ministerio De Espacio Publico E Higiene Urbana,Ministerio De Espacio Publico E Higiene Urbana,Dg.Planif.Y Coor De Int Urbanas,Intervencion En Vias Peatonales,Servicios Sociales,Vivienda Y Urbanismo,Servicios No Personales,Servicios No Personales,95380367.0,178866348.0,176729032.8,1096356284.27,1083255670.45,Fiscal
2023,4,Administracion Central,Ministerio De Espacio Publico E Higiene Urbana,Ministerio De Espacio Publico E Higiene Urbana,Ministerio De Espacio Publico E Higiene Urbana,Dg.Planif.Y Coor De Int Urbanas,Intervencion En Vias Peatonales,Servicios Sociales,Vivienda Y Urbanismo,Bienes De Uso,Maquinaria Y Equipo,0.0,2950586.0,2950585.55,18085534.48,18085531.72,Fiscal
2023,4,Administracion Central,Ministerio De Espacio Publico E Higiene Urbana,Ministerio De Espacio Publico E Higiene Urbana,Ministerio De Espacio Publico E Higiene Urbana,Dg.Obras En Vías Peatonales,Obras En Vias Peatonales,Servicios Sociales,Vivienda Y Urbanismo,Gastos En Personal,Remuneraciones Al Personal,160893119.0,288845228.0,288845218.77,1770468757.49,1770468700.92,Fiscal
2023,4,Administracion Central,Ministerio De Espacio Publico E Higiene Urbana,Ministerio De Espacio Publico E Higiene Urbana,Ministerio De Espacio Publico E Higiene Urbana,Dg.Obras En Vías Peatonales,Obras En Vias Peatonales,Servicios Sociales,Vivienda Y Urbanismo,Bienes De Consumo,Bienes De Consumo,7635422.0,1214511.0,1084504.25,7444311.25,6647438.51,Fiscal
2023,4,Administracion Central,Ministerio De Espacio Publico E Higiene Urbana,Ministerio De Espacio Publico E Higiene Urbana,Ministerio De Espacio Publico E Higiene Urbana,Dg.Obras En Vías Peatonales,Obras En Vias Peatonales,Servicios Sociales,Vivienda Y Urbanismo,Servicios No Personales,Servicios No Personales,325603455.0,432266369.0,427981068.3,2649564635.45,2623298004.5,Fiscal
2023,4,Administracion Central,Ministerio De Espacio Publico E Higiene Urbana,Ministerio De Espacio Publico E Higiene Urbana,Ministerio De Espacio Publico E Higiene Urbana,Dg.Obras En Vías Peatonales,Obras En Vias Peatonales,Servicios Sociales,Vivienda Y Urbanismo,Bienes De Uso,Maquinaria Y Equipo,0.0,10766094.0,10766093.19,65990472.47,65990467.51,Fiscal
2023,4,Administracion Central,Ministerio De Espacio Publico E Higiene Urbana,Ministerio De Espacio Publico E Higiene Urbana,Ministerio De Espacio Publico E Higiene Urbana,Dg.Obras En Vías Peatonales,Obras En Vias Peatonales,Servicios Sociales,Vivienda Y Urbanismo,Bienes De Uso,Construcciones Del Dominio Público,18041007876.0,21760407931.0,21752075492.38,133379812638.21,133328739188.42,Fiscal
2023,4,Administracion Central,Ministerio De Espacio Publico E Higiene Urbana,Ministerio De Espacio Publico E Higiene Urbana,Ministerio De Espacio Publico E Higiene Urbana,Dg.Obras En Vías Peatonales,Obras En Vias Peatonales,Servicios Sociales,Vivienda Y Urbanismo,Bienes De Consumo,Bienes De Consumo,0.0,6642999.0,6642997.97,40718076.83,40718070.52,Fiscal
2023,4,Administracion Central,Ministerio De Espacio Publico E Higiene Urbana,Ministerio De Espacio Publico E Higiene Urbana,Ministerio De Espacio Publico E Higiene Urbana,Dg.Obras En Vías Peatonales,Obras En Vias Peatonales,Servicios Sociales,Vivienda Y Urbanismo,Servicios No Personales,Servicios No Personales,406499622.0,1367160349.0,1367160346.98,8379971173.99,8379971161.61,Fiscal
2023,4,Administracion Central,Ministerio De Espacio Publico E Higiene Urbana,Ministerio De Espacio Publico E Higiene Urbana,Ministerio De Espacio Publico E Higiene Urbana,Dg.Obras En Vías Peatonales,Obras En Vias Peatonales,Servicios Sociales,Vivienda Y Urbanismo,Bienes De Uso,Bienes De Uso,12688305.0,6221079.0,6221078.13,38131929.97,38131924.64,Fiscal
2023,4,Administracion Central,Ministerio De Espacio Publico E Higiene Urbana,Ministerio De Espacio Publico E Higiene Urbana,Ministerio De Espacio Publico E Higiene Urbana,Ss. De Administración,Actividades Comunes,Servicios Económicos,Ecología,Gastos En Personal,Remuneraciones Al Personal,44251358.0,89429099.0,89429090.85,548153164.54,548153114.58,Fiscal
2023,4,Administracion Central,Ministerio De Espacio Publico E Higiene Urbana,Ministerio De Espacio Publico E Higiene Urbana,Ministerio De Espacio Publico E Higiene Urbana,Ss. De Administración,Actividades Comunes,Servicios Económicos,Ecología,Bienes De Consumo,Bienes De Consumo,31410898.0,34881148.0,34491143.92,213803022.42,211412503.31,Fiscal
2023,4,Administracion Central,Ministerio De Espacio Publico E Higiene Urbana,Ministerio De Espacio Publico E Higiene Urbana,Ministerio De Espacio Publico E Higiene Urbana,Ss. De Administración,Actividades Comunes,Servicios Económicos,Ecología,Servicios No Personales,Servicios No Personales,702029707.0,1496676983.0,1495187913.66,9173839764.65,9164712555.72,Fiscal
2023,4,Administracion Central,Ministerio De Espacio Publico E Higiene Urbana,Ministerio De Espacio Publico E Higiene Urbana,Ministerio De Espacio Publico E Higiene Urbana,Ss. De Administración,Actividades Comunes,Servicios Económicos,Ecología,Bienes De Uso,Maquinaria Y Equipo,23698603.0,12370421.0,12370420.21,75824150.01,75824145.17,Fiscal
2023,4,Administracion Central,Ministerio De Espacio Publico E Higiene Urbana,Ministerio De Espacio Publico E Higiene Urbana,Ministerio De Espacio Publico E Higiene Urbana,Ss. De Administración,Actividades Comunes,Servicios Económicos,Ecología,Bienes De Uso,Activos Intangibles,184753513.0,1012926214.0,1012926212.76,6208702937.37,6208702929.77,Fiscal
2023,4,Administracion Central,Ministerio De Espacio Publico E Higiene Urbana,Ministerio De Espacio Publico E Higiene Urbana,Ministerio De Espacio Publico E Higiene Urbana,Ss. De Administración,Actividades Comunes,Servicios De Seguridad,Seguridad Interior,Servicios No Personales,Servicios No Personales,863312250.0,0.0,0.0,0.0,0.0,Fiscal
2023,4,Administracion Central,Ministerio De Espacio Publico E Higiene Urbana,Ministerio De Espacio Publico E Higiene Urbana,Ministerio De Espacio Publico E Higiene Urbana,Ss. De Administración,Actividades Comunes,Servicios Sociales,Vivienda Y Urbanismo,Servicios No Personales,Servicios No Personales,3805222.0,67957962.0,67957961.2,416546429.99,416546425.09,Fiscal
2023,4,Administracion Central,Ministerio De Espacio Publico E Higiene Urbana,Ministerio De Espacio Publico E Higiene Urbana,Ministerio De Espacio Publico E Higiene Urbana,Ss. De Administración,Actividades Comunes,Servicios Económicos,Ecología,Servicios No Personales,Servicios No Personales,64034275.0,169745287.0,169745287.0,1040448995.63,1040448995.63,Fiscal
2023,4,Administracion Central,Ministerio De Espacio Publico E Higiene Urbana,Ministerio De Espacio Publico E Higiene Urbana,Ministerio De Espacio Publico E Higiene Urbana,Direccion General Conservacion Del Pasaje Urbano,Conservacion Del Paisaje Urbano,Servicios Sociales,Vivienda Y Urbanismo,Gastos En Personal,Remuneraciones Al Personal,435324947.0,826121436.0,826121424.97,5063688268.14,5063688200.53,Fiscal
2023,4,Administracion Central,Ministerio De Espacio Publico E Higiene Urbana,Ministerio De Espacio Publico E Higiene Urbana,Ministerio De Espacio Publico E Higiene Urbana,Direccion General Conservacion Del Pasaje Urbano,Conservacion Del Paisaje Urbano,Servicios Sociales,Vivienda Y Urbanismo,Bienes De Consumo,Bienes De Consumo,4859439.0,820831.0,820829.14,5031260.69,5031249.29,Fiscal
2023,4,Administracion Central,Ministerio De Espacio Publico E Higiene Urbana,Ministerio De Espacio Publico E Higiene Urbana,Ministerio De Espacio Publico E Higiene Urbana,Direccion General Conservacion Del Pasaje Urbano,Conservacion Del Paisaje Urbano,Servicios Sociales,Vivienda Y Urbanismo,Servicios No Personales,Servicios No Personales,103972821.0,174839114.0,174839113.0,1071671465.95,1071671459.82,Fiscal
2023,4,Administracion Central,Ministerio De Espacio Publico E Higiene Urbana,Ministerio De Espacio Publico E Higiene Urbana,Ministerio De Espacio Publico E Higiene Urbana,Direccion General Conservacion Del Pasaje Urbano,Conservacion Del Paisaje Urbano,Servicios Sociales,Vivienda Y Urbanismo,Bienes De Uso,Maquinaria Y Equipo,0.0,433955.0,433954.98,2659915.05,2659914.93,Fiscal
2023,4,Administracion Central,Ministerio De Espacio Publico E Higiene Urbana,Ministerio De Espacio Publico E Higiene Urbana,Ministerio De Espacio Publico E Higiene Urbana,Direccion General Conservacion Del Pasaje Urbano,Conservacion Del Paisaje Urbano,Servicios Sociales,Vivienda Y Urbanismo,Bienes De Consumo,Bienes De Consumo,0.0,5148947.0,5148946.4,31560326.82,31560323.15,Fiscal
2023,4,Administracion Central,Ministerio De Espacio Publico E Higiene Urbana,Ministerio De Espacio Publico E Higiene Urbana,Ministerio De Espacio Publico E Higiene Urbana,Direccion General Conservacion Del Pasaje Urbano,Conservacion Del Paisaje Urbano,Servicios Sociales,Vivienda Y Urbanismo,Bienes De Uso,Bienes De Uso,0.0,332777446.0,332777445.04,2039750060.68,2039750054.8,Fiscal
2023,4,Administracion Central,Ministerio De Espacio Publico E Higiene Urbana,Ministerio De Espacio Publico E Higiene Urbana,Ministerio De Espacio Publico E Higiene Urbana,Direccion General Conservacion Del Pasaje Urbano,Conservacion Del Paisaje Urbano,Servicios Sociales,Vivienda Y Urbanismo,Servicios No Personales,Servicios No Personales,229516871.0,7511220170.0,7511220168.07,46039814241.34,46039814229.51,Fiscal
2023,4,Administracion Central,Ministerio De Espacio Publico E Higiene Urbana,Ministerio De Espacio Publico E Higiene Urbana,Ministerio De Espacio Publico E Higiene Urbana,Dg.Tecnico Administrativa Y Legal,"Tecnica, Administrativa Y Legal",Servicios Económicos,Ecología,Gastos En Personal,Remuneraciones Al Personal,146401382.0,307030327.0,307030316.18,1881933813.9,1881933747.57,Fiscal
2023,4,Administracion Central,Ministerio De Espacio Publico E Higiene Urbana,Ministerio De Espacio Publico E Higiene Urbana,Ministerio De Espacio Publico E Higiene Urbana,Dg.Tecnico Administrativa Y Legal,"Tecnica, Administrativa Y Legal",Servicios Económicos,Ecología,Bienes De Consumo,Bienes De Consumo,8723321.0,1626025.0,1388017.74,9966674.82,8507815.97,Fiscal
2023,4,Administracion Central,Ministerio De Espacio Publico E Higiene Urbana,Ministerio De Espacio Publico E Higiene Urbana,Ministerio De Espacio Publico E Higiene Urbana,Dg.Tecnico Administrativa Y Legal,"Tecnica, Administrativa Y Legal",Servicios Económicos,Ecología,Servicios No Personales,Servicios No Personales,195083694.0,284667876.0,282315053.5,1744863795.08,1730442235.28,Fiscal
2023,4,Administracion Central,Ministerio De Espacio Publico E Higiene Urbana,Ministerio De Espacio Publico E Higiene Urbana,Ministerio De Espacio Publico E Higiene Urbana,Dg.Tecnico Administrativa Y Legal,"Tecnica, Administrativa Y Legal",Servicios Económicos,Ecología,Bienes De Uso,Maquinaria Y Equipo,0.0,22960332.0,22960331.52,140734713.7,140734710.76,Fiscal
2023,4,Administracion Central,Ministerio De Espacio Publico E Higiene Urbana,Ministerio De Espacio Publico E Higiene Urbana,Ministerio De Espacio Publico E Higiene Urbana,Dg.Tecnico Administrativa Y Legal,"Tecnica, Administrativa Y Legal",Servicios Económicos,Ecología,Transferencias,Al Sector Público,0.0,56531800.0,56531800.0,346510089.15,346510089.15,Fiscal
2023,4,Administracion Central,Ministerio De Espacio Publico E Higiene Urbana,Ministerio De Espacio Publico E Higiene Urbana,Ministerio De Espacio Publico E Higiene Urbana,Dir. Gral. Comunicación,Gestion De Comunicacion,Servicios Sociales,Vivienda Y Urbanismo,Gastos En Personal,Remuneraciones Al Personal,56877645.0,106700631.0,106700620.72,654018537.53,654018474.52,Fiscal
2023,4,Administracion Central,Ministerio De Espacio Publico E Higiene Urbana,Ministerio De Espacio Publico E Higiene Urbana,Ministerio De Espacio Publico E Higiene Urbana,Dir. Gral. Comunicación,Gestion De Comunicacion,Servicios Sociales,Vivienda Y Urbanismo,Bienes De Consumo,Bienes De Consumo,1713268.0,308391.0,308387.8,1890274.02,1890254.41,Fiscal
2023,4,Administracion Central,Ministerio De Espacio Publico E Higiene Urbana,Ministerio De Espacio Publico E Higiene Urbana,Ministerio De Espacio Publico E Higiene Urbana,Dir. Gral. Comunicación,Gestion De Comunicacion,Servicios Sociales,Vivienda Y Urbanismo,Servicios No Personales,Servicios No Personales,105763124.0,822624633.0,822496628.71,5042254711.82,5041470113.1,Fiscal
2023,4,Administracion Central,Ministerio De Espacio Publico E Higiene Urbana,Ministerio De Espacio Publico E Higiene Urbana,Ministerio De Espacio Publico E Higiene Urbana,Direccion General De Limpieza,Servicios De Higiene Urbana,Servicios Sociales,Servicios Urbanos,Gastos En Personal,Remuneraciones Al Personal,475095387.0,941435456.0,941435443.07,5770502332.97,5770502253.72,Fiscal
2023,4,Administracion Central,Ministerio De Espacio Publico E Higiene Urbana,Ministerio De Espacio Publico E Higiene Urbana,Ministerio De Espacio Publico E Higiene Urbana,Direccion General De Limpieza,Servicios De Higiene Urbana,Servicios Sociales,Servicios Urbanos,Bienes De Consumo,Bienes De Consumo,4397756.0,55419227.0,55419219.37,339690604.02,339690557.25,Fiscal
2023,4,Administracion Central,Ministerio De Espacio Publico E Higiene Urbana,Ministerio De Espacio Publico E Higiene Urbana,Ministerio De Espacio Publico E Higiene Urbana,Direccion General De Limpieza,Servicios De Higiene Urbana,Servicios Sociales,Servicios Urbanos,Servicios No Personales,Servicios No Personales,132613883011.0,202697319968.0,202641057744.84,1242427561345.7,1242082703620.27,Fiscal
2023,4,Administracion Central,Ministerio De Espacio Publico E Higiene Urbana,Ministerio De Espacio Publico E Higiene Urbana,Ministerio De Espacio Publico E Higiene Urbana,Direccion General De Limpieza,Servicios De Higiene Urbana,Servicios Sociales,Servicios Urbanos,Bienes De Uso,Maquinaria Y Equipo,0.0,43064373.0,43064372.76,263961871.5,263961870.03,Fiscal
2023,4,Administracion Central,Ministerio De Espacio Publico E Higiene Urbana,Ministerio De Espacio Publico E Higiene Urbana,Ministerio De Espacio Publico E Higiene Urbana,Direccion General De Limpieza,Servicios De Higiene Urbana,Servicios Sociales,Servicios Urbanos,Transferencias,Al Sector Privado,0.0,80000.0,0.0,490357.77,0.0,Fiscal
2023,4,Administracion Central,Ministerio De Espacio Publico E Higiene Urbana,Ministerio De Espacio Publico E Higiene Urbana,Ministerio De Espacio Publico E Higiene Urbana,Direccion General De Limpieza,Servicios De Higiene Urbana,Servicios Sociales,Servicios Urbanos,Bienes De Uso,Bienes De Uso,2347018815.0,4656686898.0,4656686897.5,28543032278.6,28543032275.54,Fiscal
2023,4,Administracion Central,Ministerio De Espacio Publico E Higiene Urbana,Ministerio De Espacio Publico E Higiene Urbana,Ministerio De Espacio Publico E Higiene Urbana,Direccion General De Limpieza,Servicios De Higiene Urbana,Servicios Sociales,Servicios Urbanos,Servicios No Personales,Servicios No Personales,2070481299.0,2884701597.0,2878770815.46,17681697868.21,17645345308.41,Fiscal
2023,4,Administracion Central,Ministerio De Espacio Publico E Higiene Urbana,Ministerio De Espacio Publico E Higiene Urbana,Ministerio De Espacio Publico E Higiene Urbana,Direccion General De Limpieza,Servicios De Higiene Urbana,Servicios Sociales,Servicios Urbanos,Bienes De Uso,Construcciones Del Dominio Público,14064907648.0,20348464218.0,20348464213.4,124725343085.4,124725343057.21,Fiscal
2023,4,Administracion Central,Ministerio De Espacio Publico E Higiene Urbana,Ministerio De Espacio Publico E Higiene Urbana,Ministerio De Espacio Publico E Higiene Urbana,Direccion General De Limpieza,Control De Plagas,Servicios Económicos,Ecología,Gastos En Personal,Remuneraciones Al Personal,85759579.0,173295870.0,173295863.73,1062212194.96,1062212156.53,Fiscal
2023,4,Administracion Central,Ministerio De Espacio Publico E Higiene Urbana,Ministerio De Espacio Publico E Higiene Urbana,Ministerio De Espacio Publico E Higiene Urbana,Direccion General De Limpieza,Control De Plagas,Servicios Económicos,Ecología,Servicios No Personales,Servicios No Personales,874722269.0,1557217459.0,1555898777.67,9544920921.38,9536838101.0,Fiscal
2023,4,Administracion Central,Ministerio De Espacio Publico E Higiene Urbana,Ministerio De Espacio Publico E Higiene Urbana,Ministerio De Espacio Publico E Higiene Urbana,Dir.Gral. Control De Gestion,Control De Gestion Y Reclamos,Servicios Económicos,Ecología,Gastos En Personal,Remuneraciones Al Personal,75165705.0,144677618.0,144677607.64,886797418.64,886797355.14,Fiscal
2023,4,Administracion Central,Ministerio De Espacio Publico E Higiene Urbana,Ministerio De Espacio Publico E Higiene Urbana,Ministerio De Espacio Publico E Higiene Urbana,Dir.Gral. Control De Gestion,Control De Gestion Y Reclamos,Servicios Económicos,Ecología,Bienes De Consumo,Bienes De Consumo,4890499.0,352555.0,352553.45,2160976.03,2160966.52,Fiscal
2023,4,Administracion Central,Ministerio De Espacio Publico E Higiene Urbana,Ministerio De Espacio Publico E Higiene Urbana,Ministerio De Espacio Publico E Higiene Urbana,Dir.Gral. Control De Gestion,Control De Gestion Y Reclamos,Servicios Económicos,Ecología,Servicios No Personales,Servicios No Personales,22838869.0,62785932.0,62785931.11,384844616.56,384844611.11,Fiscal
2023,4,Administracion Central,Ministerio De Espacio Publico E Higiene Urbana,Ministerio De Espacio Publico E Higiene Urbana,Ministerio De Espacio Publico E Higiene Urbana,Dir.Gral. Control De Gestion,Control De Gestion Y Reclamos,Servicios Económicos,Ecología,Bienes De Uso,Maquinaria Y Equipo,0.0,696896.0,696895.26,4271604.57,4271600.03,Fiscal
2023,4,Administracion Central,Ministerio De Espacio Publico E Higiene Urbana,Ministerio De Espacio Publico E Higiene Urbana,Ministerio De Espacio Publico E Higiene Urbana,Dirección General Alumbrado,Mantenimiento Y Optimizacion Del Alumbrado Publico,Servicios Sociales,Servicios Urbanos,Gastos En Personal,Remuneraciones Al Personal,178857242.0,326383960.0,326383951.11,2000561366.82,2000561312.33,Fiscal
2023,4,Administracion Central,Ministerio De Espacio Publico E Higiene Urbana,Ministerio De Espacio Publico E Higiene Urbana,Ministerio De Espacio Publico E Higiene Urbana,Dirección General Alumbrado,Mantenimiento Y Optimizacion Del Alumbrado Publico,Servicios Sociales,Servicios Urbanos,Bienes De Consumo,Bienes De Consumo,5206961.0,986272.0,986269.52,6045326.68,6045311.48,Fiscal
2023,4,Administracion Central,Ministerio De Espacio Publico E Higiene Urbana,Ministerio De Espacio Publico E Higiene Urbana,Ministerio De Espacio Publico E Higiene Urbana,Dirección General Alumbrado,Mantenimiento Y Optimizacion Del Alumbrado Publico,Servicios Sociales,Servicios Urbanos,Servicios No Personales,Servicios No Personales,1570022847.0,2357153520.0,2357153519.14,14448106664.82,14448106659.55,Fiscal
2023,4,Administracion Central,Ministerio De Espacio Publico E Higiene Urbana,Ministerio De Espacio Publico E Higiene Urbana,Ministerio De Espacio Publico E Higiene Urbana,Dirección General Alumbrado,Mantenimiento Y Optimizacion Del Alumbrado Publico,Servicios Sociales,Servicios Urbanos,Bienes De Uso,Maquinaria Y Equipo,0.0,1493002.0,1493001.92,9151314.06,9151313.57,Fiscal
2023,4,Administracion Central,Ministerio De Espacio Publico E Higiene Urbana,Ministerio De Espacio Publico E Higiene Urbana,Ministerio De Espacio Publico E Higiene Urbana,Dirección General Alumbrado,Mantenimiento Y Optimizacion Del Alumbrado Publico,Servicios Sociales,Servicios Urbanos,Bienes De Uso,Construcciones Del Dominio Público,4688114004.0,6167957048.0,6160300949.94,37806320452.79,37759392613.57,Fiscal
2023,4,Administracion Central,Ministerio De Espacio Publico E Higiene Urbana,Ministerio De Espacio Publico E Higiene Urbana,Ministerio De Espacio Publico E Higiene Urbana,Dirección General Alumbrado,Mantenimiento Y Optimizacion Del Alumbrado Publico,Servicios Sociales,Servicios Urbanos,Servicios No Personales,Servicios No Personales,0.0,11339048825.0,11328048821.28,69502383069.74,69434958854.17,Fiscal
2023,4,Administracion Central,Ministerio De Espacio Publico E Higiene Urbana,Ministerio De Espacio Publico E Higiene Urbana,Ministerio De Espacio Publico E Higiene Urbana,Dirección General Alumbrado,Mantenimiento Y Optimizacion Del Alumbrado Publico,Servicios Sociales,Servicios Urbanos,Bienes De Consumo,Bienes De Consumo,0.0,76275309.0,76275308.08,467527376.12,467527370.48,Fiscal
2023,4,Administracion Central,Ministerio De Espacio Publico E Higiene Urbana,Ministerio De Espacio Publico E Higiene Urbana,Ministerio De Espacio Publico E Higiene Urbana,Subsecretaria De Higiene Urbana,Actividades Comunes,Servicios Económicos,Ecología,Gastos En Personal,Remuneraciones Al Personal,46457022.0,89119518.0,89119508.45,546255596.45,546255537.91,Fiscal
2023,4,Administracion Central,Ministerio De Espacio Publico E Higiene Urbana,Ministerio De Espacio Publico E Higiene Urbana,Ministerio De Espacio Publico E Higiene Urbana,Subsecretaria De Higiene Urbana,Actividades Comunes,Servicios Económicos,Ecología,Bienes De Consumo,Bienes De Consumo,5391636.0,11098822.0,11098819.86,68029919.46,68029906.34,Fiscal
2023,4,Administracion Central,Ministerio De Espacio Publico E Higiene Urbana,Ministerio De Espacio Publico E Higiene Urbana,Ministerio De Espacio Publico E Higiene Urbana,Subsecretaria De Higiene Urbana,Actividades Comunes,Servicios Económicos,Ecología,Servicios No Personales,Servicios No Personales,211558158.0,272189754.0,272189749.16,1668379494.8,1668379465.13,Fiscal
2023,4,Administracion Central,Ministerio De Espacio Publico E Higiene Urbana,Ministerio De Espacio Publico E Higiene Urbana,Ministerio De Espacio Publico E Higiene Urbana,Subsecretaria De Higiene Urbana,Actividades Comunes,Servicios Económicos,Ecología,Bienes De Uso,Maquinaria Y Equipo,0.0,1180235.0,1180234.22,7234217.47,7234212.69,Fiscal
2023,4,Administracion Central,Ministerio De Espacio Publico E Higiene Urbana,Ministerio De Espacio Publico E Higiene Urbana,Ministerio De Espacio Publico E Higiene Urbana,Direccion General Operacion De Reciclado,Operacion Del Reciclado De Residuos Urbanos,Servicios Sociales,Trabajo,Servicios No Personales,Servicios No Personales,5366037109.0,8636920453.0,8592923248.71,52939762684.83,52670083049.99,Fiscal
2023,4,Administracion Central,Ministerio De Espacio Publico E Higiene Urbana,Ministerio De Espacio Publico E Higiene Urbana,Ministerio De Espacio Publico E Higiene Urbana,Direccion General Operacion De Reciclado,Operacion Del Reciclado De Residuos Urbanos,Servicios Sociales,Trabajo,Bienes De Consumo,Bienes De Consumo,1042824882.0,1994833997.0,1993383183.87,12227279268.29,12218386549.73,Fiscal
2023,4,Administracion Central,Ministerio De Espacio Publico E Higiene Urbana,Ministerio De Espacio Publico E Higiene Urbana,Ministerio De Espacio Publico E Higiene Urbana,Direccion General Operacion De Reciclado,Operacion Del Reciclado De Residuos Urbanos,Servicios Sociales,Trabajo,Gastos En Personal,Remuneraciones Al Personal,221713486.0,435473881.0,435473860.77,2669224990.67,2669224866.67,Fiscal
2023,4,Administracion Central,Ministerio De Espacio Publico E Higiene Urbana,Ministerio De Espacio Publico E Higiene Urbana,Ministerio De Espacio Publico E Higiene Urbana,Direccion General Operacion De Reciclado,Operacion Del Reciclado De Residuos Urbanos,Servicios Sociales,Trabajo,Bienes De Uso,Maquinaria Y Equipo,0.0,45652080.0,45652077.57,279823149.28,279823134.39,Fiscal
2023,4,Administracion Central,Ministerio De Espacio Publico E Higiene Urbana,Ministerio De Espacio Publico E Higiene Urbana,Ministerio De Espacio Publico E Higiene Urbana,Direccion General Operacion De Reciclado,Operacion Del Reciclado De Residuos Urbanos,Servicios Sociales,Trabajo,Transferencias,Al Sector Privado,9176426074.0,11248491077.0,11248487127.3,68947311882.67,68947287673.1,Fiscal
2023,4,Administracion Central,Ministerio De Espacio Publico E Higiene Urbana,Ministerio De Espacio Publico E Higiene Urbana,Ministerio De Espacio Publico E Higiene Urbana,Direccion General Operacion De Reciclado,Operacion Del Reciclado De Residuos Urbanos,Servicios Sociales,Trabajo,Servicios No Personales,Servicios No Personales,441815980.0,639704029.0,619704025.98,3921047978.63,3798458518.72,Fiscal
2023,4,Administracion Central,Ministerio De Espacio Publico E Higiene Urbana,Ministerio De Espacio Publico E Higiene Urbana,Ministerio De Espacio Publico E Higiene Urbana,Dg.Reciclado Y Economìa Circular,Reciclado Y Economia Circular,Servicios Económicos,Ecología,Gastos En Personal,Remuneraciones Al Personal,69851247.0,137999037.0,137999026.74,845861242.94,845861180.05,Fiscal
2023,4,Administracion Central,Ministerio De Espacio Publico E Higiene Urbana,Ministerio De Espacio Publico E Higiene Urbana,Ministerio De Espacio Publico E Higiene Urbana,Dg.Reciclado Y Economìa Circular,Reciclado Y Economia Circular,Servicios Económicos,Ecología,Bienes De Consumo,Bienes De Consumo,11213060.0,1105458.0,985447.96,6775873.94,6040275.75,Fiscal
2023,4,Administracion Central,Ministerio De Espacio Publico E Higiene Urbana,Ministerio De Espacio Publico E Higiene Urbana,Ministerio De Espacio Publico E Higiene Urbana,Dg.Reciclado Y Economìa Circular,Reciclado Y Economia Circular,Servicios Económicos,Ecología,Servicios No Personales,Servicios No Personales,4675489145.0,6887789115.0,6887779106.36,42218511002.34,42218449654.66,Fiscal
2023,4,Administracion Central,Ministerio De Espacio Publico E Higiene Urbana,Ministerio De Espacio Publico E Higiene Urbana,Ministerio De Espacio Publico E Higiene Urbana,Dg.Reciclado Y Economìa Circular,Reciclado Y Economia Circular,Servicios Económicos,Ecología,Transferencias,Al Sector Público,0.0,193247992.0,193247992.0,1184508169.49,1184508169.49,Fiscal
2023,4,Administracion Central,Ministerio De Espacio Publico E Higiene Urbana,Ministerio De Espacio Publico E Higiene Urbana,Ministerio De Espacio Publico E Higiene Urbana,Dg.Reciclado Y Economìa Circular,Reciclado Y Economia Circular,Servicios Económicos,Ecología,Servicios No Personales,Servicios No Personales,375320055.0,62019892.0,62019891.33,380149195.78,380149191.67,Fiscal
2023,4,Administracion Central,Ministerio De Espacio Publico E Higiene Urbana,Ministerio De Espacio Publico E Higiene Urbana,Ministerio De Espacio Publico E Higiene Urbana,Dg.Reciclado Y Economìa Circular,Reciclado Y Economia Circular,Servicios Económicos,Ecología,Bienes De Consumo,Bienes De Consumo,0.0,354854680.0,354854679.06,2175071849.86,2175071844.1,Fiscal
2023,4,Organismos Descentralizados,Ministerio De Espacio Publico E Higiene Urbana,Ministerio De Espacio Publico E Higiene Urbana,Ente Mantenimiento Urbano Integral,Ente De Mantenimiento Urbano Integral,Mejoramiento De Las Vias De Transito Peatonal Y Vehicular,Servicios Sociales,Vivienda Y Urbanismo,Gastos En Personal,Remuneraciones Al Personal,617373924.0,1188463188.0,1188463178.92,7284651916.71,7284651861.05,Fiscal
2023,4,Organismos Descentralizados,Ministerio De Espacio Publico E Higiene Urbana,Ministerio De Espacio Publico E Higiene Urbana,Ente Mantenimiento Urbano Integral,Ente De Mantenimiento Urbano Integral,Mejoramiento De Las Vias De Transito Peatonal Y Vehicular,Servicios Sociales,Vivienda Y Urbanismo,Bienes De Consumo,Bienes De Consumo,38449090.0,41146095.0,41060178.79,252203840.08,251677219.07,Fiscal
2023,4,Organismos Descentralizados,Ministerio De Espacio Publico E Higiene Urbana,Ministerio De Espacio Publico E Higiene Urbana,Ente Mantenimiento Urbano Integral,Ente De Mantenimiento Urbano Integral,Mejoramiento De Las Vias De Transito Peatonal Y Vehicular,Servicios Sociales,Vivienda Y Urbanismo,Servicios No Personales,Servicios No Personales,385666261.0,431671214.0,430029108.17,2645916649.5,2635851407.68,Fiscal
2023,4,Organismos Descentralizados,Ministerio De Espacio Publico E Higiene Urbana,Ministerio De Espacio Publico E Higiene Urbana,Ente Mantenimiento Urbano Integral,Ente De Mantenimiento Urbano Integral,Mejoramiento De Las Vias De Transito Peatonal Y Vehicular,Servicios Sociales,Vivienda Y Urbanismo,Bienes De Uso,Maquinaria Y Equipo,0.0,2629363.0,2629361.79,16116607.07,16116599.65,Fiscal
2023,4,Organismos Descentralizados,Ministerio De Espacio Publico E Higiene Urbana,Ministerio De Espacio Publico E Higiene Urbana,Ente Mantenimiento Urbano Integral,Ente De Mantenimiento Urbano Integral,Mejoramiento De Las Vias De Transito Peatonal Y Vehicular,Administración Gubernamental,Control De La Gestión,Gastos En Personal,Remuneraciones Al Personal,6639195.0,16759743.0,16759738.54,102728376.61,102728349.28,Fiscal
2023,4,Organismos Descentralizados,Ministerio De Espacio Publico E Higiene Urbana,Ministerio De Espacio Publico E Higiene Urbana,Ente Mantenimiento Urbano Integral,Ente De Mantenimiento Urbano Integral,Mejoramiento De Las Vias De Transito Peatonal Y Vehicular,Administración Gubernamental,Control De La Gestión,Bienes De Consumo,Bienes De Consumo,465042.0,0.0,0.0,0.0,0.0,Fiscal
2023,4,Organismos Descentralizados,Ministerio De Espacio Publico E Higiene Urbana,Ministerio De Espacio Publico E Higiene Urbana,Ente Mantenimiento Urbano Integral,Ente De Mantenimiento Urbano Integral,Mejoramiento De Las Vias De Transito Peatonal Y Vehicular,Administración Gubernamental,Control De La Gestión,Servicios No Personales,Servicios No Personales,209857.0,0.0,0.0,0.0,0.0,Fiscal
2023,4,Organismos Descentralizados,Ministerio De Espacio Publico E Higiene Urbana,Ministerio De Espacio Publico E Higiene Urbana,Ente Mantenimiento Urbano Integral,Ente De Mantenimiento Urbano Integral,Mejoramiento De Las Vias De Transito Peatonal Y Vehicular,Servicios Sociales,Vivienda Y Urbanismo,Bienes De Consumo,Bienes De Consumo,79936320.0,75452348.0,75452344.95,462483059.66,462483040.96,Fiscal
2023,4,Organismos Descentralizados,Ministerio De Espacio Publico E Higiene Urbana,Ministerio De Espacio Publico E Higiene Urbana,Ente Mantenimiento Urbano Integral,Ente De Mantenimiento Urbano Integral,Mejoramiento De Las Vias De Transito Peatonal Y Vehicular,Servicios Sociales,Vivienda Y Urbanismo,Bienes De Uso,Construcciones Del Dominio Público,15758394268.0,32344349417.0,32336818388.35,198253786363.93,198207625134.16,Fiscal
2023,4,Organismos Descentralizados,Ministerio De Espacio Publico E Higiene Urbana,Ministerio De Espacio Publico E Higiene Urbana,Ente Mantenimiento Urbano Integral,Ente De Mantenimiento Urbano Integral,Mejoramiento De Las Vias De Transito Peatonal Y Vehicular,Servicios Sociales,Vivienda Y Urbanismo,Bienes De Uso,Bienes De Uso,26645440.0,557776.0,557775.36,3418872.41,3418868.49,Fiscal
2023,4,Organismos Descentralizados,Ministerio De Espacio Publico E Higiene Urbana,Ministerio De Espacio Publico E Higiene Urbana,Ente Mantenimiento Urbano Integral,Ente De Mantenimiento Urbano Integral,Mejoramiento De Las Vias De Transito Peatonal Y Vehicular,Servicios Sociales,Vivienda Y Urbanismo,Servicios No Personales,Servicios No Personales,2897000612.0,6113692903.0,6102908322.53,37473709891.63,37407606106.85,Fiscal
2023,4,Organismos Descentralizados,Ministerio De Espacio Publico E Higiene Urbana,Ministerio De Espacio Publico E Higiene Urbana,Ente De Higiene Urbana,Ente De Higiene Urbana,"Recoleccion, Barrido E Higiene De La Ciudad De Buenos Aires",Servicios Sociales,Servicios Urbanos,Gastos En Personal,Remuneraciones Al Personal,1224665260.0,2176952748.0,2176952732.17,13343571065.91,13343570968.88,Fiscal
2023,4,Organismos Descentralizados,Ministerio De Espacio Publico E Higiene Urbana,Ministerio De Espacio Publico E Higiene Urbana,Ente De Higiene Urbana,Ente De Higiene Urbana,"Recoleccion, Barrido E Higiene De La Ciudad De Buenos Aires",Servicios Sociales,Servicios Urbanos,Bienes De Consumo,Bienes De Consumo,57384033.0,151167846.0,151057834.88,926579089.89,925904779.81,Fiscal
2023,4,Organismos Descentralizados,Ministerio De Espacio Publico E Higiene Urbana,Ministerio De Espacio Publico E Higiene Urbana,Ente De Higiene Urbana,Ente De Higiene Urbana,"Recoleccion, Barrido E Higiene De La Ciudad De Buenos Aires",Servicios Sociales,Servicios Urbanos,Servicios No Personales,Servicios No Personales,337177010.0,441395849.0,441375842.69,2705523528.12,2705400900.01,Fiscal
2023,4,Organismos Descentralizados,Ministerio De Espacio Publico E Higiene Urbana,Ministerio De Espacio Publico E Higiene Urbana,Ente De Higiene Urbana,Ente De Higiene Urbana,"Recoleccion, Barrido E Higiene De La Ciudad De Buenos Aires",Administración Gubernamental,Control De La Gestión,Gastos En Personal,Remuneraciones Al Personal,10501494.0,19181190.0,19181187.87,117570568.37,117570555.31,Fiscal
2023,4,Organismos Descentralizados,Ministerio De Espacio Publico E Higiene Urbana,Ministerio De Espacio Publico E Higiene Urbana,Ente De Higiene Urbana,Ente De Higiene Urbana,"Recoleccion, Barrido E Higiene De La Ciudad De Buenos Aires",Administración Gubernamental,Control De La Gestión,Bienes De Consumo,Bienes De Consumo,418874.0,0.0,0.0,0.0,0.0,Fiscal
2023,4,Organismos Descentralizados,Ministerio De Espacio Publico E Higiene Urbana,Ministerio De Espacio Publico E Higiene Urbana,Ente De Higiene Urbana,Ente De Higiene Urbana,"Recoleccion, Barrido E Higiene De La Ciudad De Buenos Aires",Administración Gubernamental,Control De La Gestión,Servicios No Personales,Servicios No Personales,7224793.0,9443300.0,9443300.0,57882443.6,57882443.6,Fiscal
2023,4,Administracion Central,Ministerio De Salud,Ministerio De Salud,Ministerio De Salud,Ministerio De Salud,Actividades Centrales,Servicios Sociales,Salud,Gastos En Personal,Remuneraciones Al Personal,424306653.0,666040356.0,666034681.58,4082475759.39,4082440978.19,Fiscal
2023,4,Administracion Central,Ministerio De Salud,Ministerio De Salud,Ministerio De Salud,Ministerio De Salud,Actividades Centrales,Servicios Sociales,Salud,Bienes De Consumo,Bienes De Consumo,80346483.0,226766584.0,226241649.64,1389959442.97,1386741872.47,Fiscal
2023,4,Administracion Central,Ministerio De Salud,Ministerio De Salud,Ministerio De Salud,Ministerio De Salud,Actividades Centrales,Servicios Sociales,Salud,Servicios No Personales,Servicios No Personales,1020323514.0,2622920699.0,2621809712.28,16077119165.54,16070309403.47,Fiscal
2023,4,Administracion Central,Ministerio De Salud,Ministerio De Salud,Ministerio De Salud,Ministerio De Salud,Actividades Centrales,Servicios Sociales,Salud,Bienes De Uso,Maquinaria Y Equipo,417985118.0,38116529.0,38116529.0,233634199.9,233634199.9,Fiscal
2023,4,Administracion Central,Ministerio De Salud,Ministerio De Salud,Ministerio De Salud,Ministerio De Salud,Actividades Centrales,Servicios Sociales,Salud,Transferencias,Al Sector Privado,317268569.0,0.0,0.0,0.0,0.0,Fiscal
2023,4,Administracion Central,Ministerio De Salud,Ministerio De Salud,Ministerio De Salud,Ministerio De Salud,Actividades Centrales,Servicios Sociales,Salud,Activos Financieros,Adelanto A Proveedores Y Contratistas,0.0,5620104.0,5620104.0,34448270.5,34448270.5,Fiscal
2023,4,Administracion Central,Ministerio De Salud,Ministerio De Salud,Ministerio De Salud,Ministerio De Salud,Actividades Centrales,Administración Gubernamental,Control De La Gestión,Gastos En Personal,Remuneraciones Al Personal,49008634.0,87386297.0,87383064.66,535631866.74,535612054.2,Fiscal
2023,4,Administracion Central,Ministerio De Salud,Ministerio De Salud,Ministerio De Salud,Ministerio De Salud,Actividades Centrales,Administración Gubernamental,Control De La Gestión,Bienes De Consumo,Bienes De Consumo,1377613.0,420284.0,420282.21,2576119.04,2576108.07,Fiscal
2023,4,Administracion Central,Ministerio De Salud,Ministerio De Salud,Ministerio De Salud,Ministerio De Salud,Actividades Centrales,Administración Gubernamental,Control De La Gestión,Servicios No Personales,Servicios No Personales,8707159.0,12646163.0,12263569.39,77514302.9,75169206.05,Fiscal
2023,4,Administracion Central,Ministerio De Salud,Ministerio De Salud,Ministerio De Salud,Ministerio De Salud,Actividades Centrales,Servicios De Seguridad,Seguridad Interior,Servicios No Personales,Servicios No Personales,6178592362.0,8828590961.0,8828590960.33,54114601710.2,54114601706.1,Fiscal
2023,4,Administracion Central,Ministerio De Salud,Ministerio De Salud,Ministerio De Salud,Ministerio De Salud,Facturacion Y Cobranza De Los Efectores Publicos S.E.,Servicios Sociales,Salud,Transferencias,Al Sector Público,1548800540.0,2131420600.0,2131420600.0,13064483036.47,13064483036.47,Fiscal
2023,4,Administracion Central,Ministerio De Salud,Ministerio De Salud,Ministerio De Salud,Ministerio De Salud,Hospital De Pediatria Juan Pedro Garrahan,Servicios Sociales,Salud,Transferencias,Al Sector Privado,6789644523.0,12282404805.0,12282404804.25,75284657200.92,75284657196.33,Fiscal
2023,4,Administracion Central,Ministerio De Salud,Ministerio De Salud,Ministerio De Salud,Dir.Gral.De Recursos Fisicos En Salud,Recursos Fisicos En Salud - Infraestructura,Servicios Sociales,Salud,Gastos En Personal,Remuneraciones Al Personal,242401061.0,454341645.0,453850008.52,2784874423.13,2781860951.05,Fiscal
2023,4,Administracion Central,Ministerio De Salud,Ministerio De Salud,Ministerio De Salud,Dir.Gral.De Recursos Fisicos En Salud,Recursos Fisicos En Salud - Infraestructura,Servicios Sociales,Salud,Bienes De Consumo,Bienes De Consumo,59231560.0,127338255.0,127328820.76,780516277.43,780458450.52,Fiscal
2023,4,Administracion Central,Ministerio De Salud,Ministerio De Salud,Ministerio De Salud,Dir.Gral.De Recursos Fisicos En Salud,Recursos Fisicos En Salud - Infraestructura,Servicios Sociales,Salud,Servicios No Personales,Servicios No Personales,636693979.0,1055959369.0,1055959364.37,6472473459.02,6472473430.64,Fiscal
2023,4,Administracion Central,Ministerio De Salud,Ministerio De Salud,Ministerio De Salud,Dir.Gral.De Recursos Fisicos En Salud,Recursos Fisicos En Salud - Infraestructura,Servicios Sociales,Salud,Bienes De Uso,Maquinaria Y Equipo,0.0,271300496.0,271300495.36,1662928812.73,1662928808.8,Fiscal
2023,4,Administracion Central,Ministerio De Salud,Ministerio De Salud,Ministerio De Salud,Dir.Gral.De Recursos Fisicos En Salud,Recursos Fisicos En Salud - Infraestructura,Servicios Sociales,Salud,Servicios No Personales,Servicios No Personales,310176355.0,315899035.0,315531704.44,1936294311.88,1934042769.47,Fiscal
2023,4,Administracion Central,Ministerio De Salud,Ministerio De Salud,Ministerio De Salud,Dir.Gral.De Recursos Fisicos En Salud,Recursos Fisicos En Salud - Infraestructura,Servicios Sociales,Salud,Bienes De Uso,Bienes De Uso,477679146.0,1063159795.0,1061403529.22,6516608269.07,6505843287.03,Fiscal
2023,4,Administracion Central,Ministerio De Salud,Ministerio De Salud,Ministerio De Salud,Dir.Gral.De Recursos Fisicos En Salud,Recursos Fisicos En Salud - Infraestructura,Servicios Sociales,Salud,Activos Financieros,Activos Financieros,5075322.0,1057761667.0,1039168556.0,6483520594.27,6369554639.71,Fiscal
2023,4,Administracion Central,Ministerio De Salud,Ministerio De Salud,Ministerio De Salud,Dir.Gral.De Recursos Fisicos En Salud,Recursos Fisicos En Salud - Infraestructura,Servicios Sociales,Salud,Bienes De Uso,Construcciones Del Dominio Privado,8949760489.0,8055298966.0,8006004825.17,49374730025.13,49072582965.72,Fiscal
2023,4,Administracion Central,Ministerio De Salud,Ministerio De Salud,Ministerio De Salud,Dir.Gral.De Recursos Fisicos En Salud,Recursos Fisicos En Salud - Infraestructura,Servicios Sociales,Salud,Bienes De Consumo,Bienes De Consumo,0.0,788938219.0,771629530.68,4835774778.07,4729681656.45,Fiscal
2023,4,Administracion Central,Ministerio De Salud,Ministerio De Salud,Ministerio De Salud,Dirección General Ciudad Amigable Para Personas Mayores,Ciudad Amigable Para Personas Mayores,Servicios Sociales,Salud,Gastos En Personal,Remuneraciones Al Personal,76293075.0,120771625.0,120771614.92,740266302.25,740266240.46,Fiscal
2023,4,Administracion Central,Ministerio De Salud,Ministerio De Salud,Ministerio De Salud,Dirección General Ciudad Amigable Para Personas Mayores,Ciudad Amigable Para Personas Mayores,Servicios Sociales,Salud,Bienes De Consumo,Bienes De Consumo,3749028.0,1722216.0,1722211.49,10556274.87,10556247.23,Fiscal
2023,4,Administracion Central,Ministerio De Salud,Ministerio De Salud,Ministerio De Salud,Dirección General Ciudad Amigable Para Personas Mayores,Ciudad Amigable Para Personas Mayores,Servicios Sociales,Salud,Servicios No Personales,Servicios No Personales,187626915.0,97793664.0,97793664.0,599423532.08,599423532.08,Fiscal
2023,4,Administracion Central,Ministerio De Salud,Ministerio De Salud,Ministerio De Salud,Dirección General Ciudad Amigable Para Personas Mayores,Ciudad Amigable Para Personas Mayores,Servicios Sociales,Salud,Bienes De Uso,Maquinaria Y Equipo,0.0,4574017.0,4574016.29,28036309.45,28036305.1,Fiscal
2023,4,Administracion Central,Ministerio De Salud,Ministerio De Salud,Ministerio De Salud,Htal.Teodoro Alvarez,Atencion Medica General En Hospitales De Agudos,Servicios Sociales,Salud,Gastos En Personal,Remuneraciones Al Personal,6860304252.0,11906926241.0,11906926213.38,72983171830.12,72983171660.82,Fiscal
2023,4,Administracion Central,Ministerio De Salud,Ministerio De Salud,Ministerio De Salud,Htal.Teodoro Alvarez,Atencion Medica General En Hospitales De Agudos,Servicios Sociales,Salud,Bienes De Consumo,Bienes De Consumo,1686897797.0,2036899440.0,2036895363.91,12485118226.26,12485093241.98,Fiscal
2023,4,Administracion Central,Ministerio De Salud,Ministerio De Salud,Ministerio De Salud,Htal.Teodoro Alvarez,Atencion Medica General En Hospitales De Agudos,Servicios Sociales,Salud,Servicios No Personales,Servicios No Personales,798591250.0,1173183542.0,1173073535.56,7190995753.31,7190321471.91,Fiscal
2023,4,Administracion Central,Ministerio De Salud,Ministerio De Salud,Ministerio De Salud,Htal.Teodoro Alvarez,Atencion Medica General En Hospitales De Agudos,Servicios Sociales,Salud,Bienes De Uso,Maquinaria Y Equipo,0.0,48794909.0,47410033.66,299087031.86,290598477.14,Fiscal
2023,4,Administracion Central,Ministerio De Salud,Ministerio De Salud,Ministerio De Salud,Htal.Teodoro Alvarez,Atencion Medica General En Hospitales De Agudos,Servicios Sociales,Salud,Transferencias,Al Sector Privado,88557.0,197950.0,197950.0,1213329.0,1213329.0,Fiscal
2023,4,Administracion Central,Ministerio De Salud,Ministerio De Salud,Ministerio De Salud,Htal.Teodoro Alvarez,Atencion Medica General En Hospitales De Agudos,Servicios Sociales,Salud,Bienes De Uso,Construcciones Del Dominio Privado,0.0,480100597.0,480100596.73,2942763199.95,2942763198.3,Fiscal
2023,4,Administracion Central,Ministerio De Salud,Ministerio De Salud,Ministerio De Salud,Htal. Torcuato De Alvear,Atencion De Salud Mental,Servicios Sociales,Salud,Gastos En Personal,Remuneraciones Al Personal,1622620182.0,2672364927.0,2671843255.82,16380186180.08,16376988611.15,Fiscal
2023,4,Administracion Central,Ministerio De Salud,Ministerio De Salud,Ministerio De Salud,Htal. Torcuato De Alvear,Atencion De Salud Mental,Servicios Sociales,Salud,Bienes De Consumo,Bienes De Consumo,191778028.0,216970879.0,216953620.65,1329916942.77,1329811158.19,Fiscal
2023,4,Administracion Central,Ministerio De Salud,Ministerio De Salud,Ministerio De Salud,Htal. Torcuato De Alvear,Atencion De Salud Mental,Servicios Sociales,Salud,Servicios No Personales,Servicios No Personales,349161187.0,536499409.0,536496445.19,3288458142.87,3288439976.28,Fiscal
2023,4,Administracion Central,Ministerio De Salud,Ministerio De Salud,Ministerio De Salud,Htal. Torcuato De Alvear,Atencion De Salud Mental,Servicios Sociales,Salud,Bienes De Uso,Maquinaria Y Equipo,0.0,384215.0,334818.5,2355035.11,2052260.64,Fiscal
2023,4,Administracion Central,Ministerio De Salud,Ministerio De Salud,Ministerio De Salud,Htal. Torcuato De Alvear,Atencion De Salud Mental,Servicios Sociales,Salud,Bienes De Uso,Construcciones Del Dominio Privado,176857993.0,267223005.0,267223004.33,1637935945.53,1637935941.42,Fiscal
2023,4,Administracion Central,Ministerio De Salud,Ministerio De Salud,Ministerio De Salud,Htal. Cosme Argerich,Atencion Medica General En Hospitales De Agudos,Servicios Sociales,Salud,Gastos En Personal,Remuneraciones Al Personal,11351889648.0,19077219634.0,19073342049.28,116933284914.02,116909517366.78,Fiscal
2023,4,Administracion Central,Ministerio De Salud,Ministerio De Salud,Ministerio De Salud,Htal. Cosme Argerich,Atencion Medica General En Hospitales De Agudos,Servicios Sociales,Salud,Bienes De Consumo,Bienes De Consumo,3461229160.0,5243738277.0,5243693240.03,32141347309.66,32141071256.81,Fiscal
2023,4,Administracion Central,Ministerio De Salud,Ministerio De Salud,Ministerio De Salud,Htal. Cosme Argerich,Atencion Medica General En Hospitales De Agudos,Servicios Sociales,Salud,Servicios No Personales,Servicios No Personales,1411583270.0,1989687960.0,1989193928.38,12195736778.23,12192708625.21,Fiscal
2023,4,Administracion Central,Ministerio De Salud,Ministerio De Salud,Ministerio De Salud,Htal. Cosme Argerich,Atencion Medica General En Hospitales De Agudos,Servicios Sociales,Salud,Bienes De Uso,Maquinaria Y Equipo,0.0,76673128.0,76581835.29,469965796.57,469406220.46,Fiscal
2023,4,Administracion Central,Ministerio De Salud,Ministerio De Salud,Ministerio De Salud,Htal. Cosme Argerich,Atencion Medica General En Hospitales De Agudos,Servicios Sociales,Salud,Transferencias,Al Sector Privado,88557.0,27120717.0,26980610.95,166235677.36,165376901.24,Fiscal
2023,4,Administracion Central,Ministerio De Salud,Ministerio De Salud,Ministerio De Salud,Htal. Cosme Argerich,Atencion Medica General En Hospitales De Agudos,Servicios Sociales,Salud,Bienes De Uso,Construcciones Del Dominio Privado,645408588.0,956965187.0,956695420.61,5865691385.39,5864037859.83,Fiscal
2023,4,Administracion Central,Ministerio De Salud,Ministerio De Salud,Ministerio De Salud,Htal. Jose T. Borda,Atencion De Salud Mental,Servicios Sociales,Salud,Gastos En Personal,Remuneraciones Al Personal,3473897763.0,5822582720.0,5820989731.21,35689358155.72,35679593975.43,Fiscal
2023,4,Administracion Central,Ministerio De Salud,Ministerio De Salud,Ministerio De Salud,Htal. Jose T. Borda,Atencion De Salud Mental,Servicios Sociales,Salud,Bienes De Consumo,Bienes De Consumo,398559200.0,578746056.0,577345331.38,3547407785.7,3538822083.26,Fiscal
2023,4,Administracion Central,Ministerio De Salud,Ministerio De Salud,Ministerio De Salud,Htal. Jose T. Borda,Atencion De Salud Mental,Servicios Sociales,Salud,Servicios No Personales,Servicios No Personales,1198422089.0,1737958326.0,1737950819.21,10652767017.51,10652721004.85,Fiscal
2023,4,Administracion Central,Ministerio De Salud,Ministerio De Salud,Ministerio De Salud,Htal. Jose T. Borda,Atencion De Salud Mental,Servicios Sociales,Salud,Bienes De Uso,Maquinaria Y Equipo,0.0,8231760.0,7925482.34,50456343.0,48579022.64,Fiscal
2023,4,Administracion Central,Ministerio De Salud,Ministerio De Salud,Ministerio De Salud,Htal. Jose T. Borda,Atencion De Salud Mental,Servicios Sociales,Salud,Bienes De Uso,Construcciones Del Dominio Privado,742164832.0,1102372097.0,1102372096.42,6756958978.97,6756958975.42,Fiscal
2023,4,Administracion Central,Ministerio De Salud,Ministerio De Salud,Ministerio De Salud,Htal. Maria Curie,Atencion Medica De Patologias Especificas,Servicios Sociales,Salud,Gastos En Personal,Remuneraciones Al Personal,2793813192.0,4859414880.0,4853530853.36,29785647782.02,29749581805.07,Fiscal
2023,4,Administracion Central,Ministerio De Salud,Ministerio De Salud,Ministerio De Salud,Htal. Maria Curie,Atencion Medica De Patologias Especificas,Servicios Sociales,Salud,Bienes De Consumo,Bienes De Consumo,755609161.0,870898609.0,870898586.4,5338148699.4,5338148560.87,Fiscal
2023,4,Administracion Central,Ministerio De Salud,Ministerio De Salud,Ministerio De Salud,Htal. Maria Curie,Atencion Medica De Patologias Especificas,Servicios Sociales,Salud,Servicios No Personales,Servicios No Personales,426034411.0,621628386.0,621596465.02,3810253829.72,3810058170.96,Fiscal
2023,4,Administracion Central,Ministerio De Salud,Ministerio De Salud,Ministerio De Salud,Htal. Maria Curie,Atencion Medica De Patologias Especificas,Servicios Sociales,Salud,Bienes De Uso,Maquinaria Y Equipo,0.0,66944747.0,66918790.83,410335956.95,410176859.33,Fiscal
2023,4,Administracion Central,Ministerio De Salud,Ministerio De Salud,Ministerio De Salud,Htal. Maria Curie,Atencion Medica De Patologias Especificas,Servicios Sociales,Salud,Transferencias,Al Sector Privado,88557.0,1038160.0,1038159.04,6363372.72,6363366.84,Fiscal
2023,4,Administracion Central,Ministerio De Salud,Ministerio De Salud,Ministerio De Salud,Htal. Maria Curie,Atencion Medica De Patologias Especificas,Servicios Sociales,Salud,Bienes De Uso,Construcciones Del Dominio Privado,130516040.0,182171595.0,182171594.76,1116615703.44,1116615701.97,Fiscal
2023,4,Administracion Central,Ministerio De Salud,Ministerio De Salud,Ministerio De Salud,Htal. Odontologico Jose Dueñas,Atencion Odontologica General,Servicios Sociales,Salud,Gastos En Personal,Remuneraciones Al Personal,1427386936.0,2402791801.0,2402791776.79,14727845233.52,14727845085.12,Fiscal
2023,4,Administracion Central,Ministerio De Salud,Ministerio De Salud,Ministerio De Salud,Htal. Odontologico Jose Dueñas,Atencion Odontologica General,Servicios Sociales,Salud,Bienes De Consumo,Bienes De Consumo,68835265.0,98745856.0,98745836.45,605259966.35,605259846.52,Fiscal
2023,4,Administracion Central,Ministerio De Salud,Ministerio De Salud,Ministerio De Salud,Htal. Odontologico Jose Dueñas,Atencion Odontologica General,Servicios Sociales,Salud,Servicios No Personales,Servicios No Personales,96965517.0,148533057.0,148533051.42,910429224.31,910429190.11,Fiscal
2023,4,Administracion Central,Ministerio De Salud,Ministerio De Salud,Ministerio De Salud,Htal. Odontologico Jose Dueñas,Atencion Odontologica General,Servicios Sociales,Salud,Bienes De Uso,Maquinaria Y Equipo,0.0,11805237.0,11625745.96,72359870.47,71259685.15,Fiscal
2023,4,Administracion Central,Ministerio De Salud,Ministerio De Salud,Ministerio De Salud,Htal. Odontologico Jose Dueñas,Atencion Odontologica General,Servicios Sociales,Salud,Bienes De Uso,Construcciones Del Dominio Privado,83226815.0,117337012.0,117337011.32,719213937.8,719213933.63,Fiscal
2023,4,Administracion Central,Ministerio De Salud,Ministerio De Salud,Ministerio De Salud,Htal. Carlos G. Durand,Atencion Medica General En Hospitales De Agudos,Servicios Sociales,Salud,Gastos En Personal,Remuneraciones Al Personal,9813446643.0,16672755941.0,16670252328.24,102195191865.19,102179846040.7,Fiscal
2023,4,Administracion Central,Ministerio De Salud,Ministerio De Salud,Ministerio De Salud,Htal. Carlos G. Durand,Atencion Medica General En Hospitales De Agudos,Servicios Sociales,Salud,Bienes De Consumo,Bienes De Consumo,2480620861.0,3226071682.0,3215096476.23,19774116269.65,19706844052.42,Fiscal
2023,4,Administracion Central,Ministerio De Salud,Ministerio De Salud,Ministerio De Salud,Htal. Carlos G. Durand,Atencion Medica General En Hospitales De Agudos,Servicios Sociales,Salud,Servicios No Personales,Servicios No Personales,2233382911.0,3089775615.0,3085019600.59,18938693333.76,18909541476.28,Fiscal
2023,4,Administracion Central,Ministerio De Salud,Ministerio De Salud,Ministerio De Salud,Htal. Carlos G. Durand,Atencion Medica General En Hospitales De Agudos,Servicios Sociales,Salud,Transferencias,Al Sector Privado,88557.0,3401773.0,3401772.0,20851072.59,20851066.46,Fiscal
2023,4,Administracion Central,Ministerio De Salud,Ministerio De Salud,Ministerio De Salud,Htal. Carlos G. Durand,Atencion Medica General En Hospitales De Agudos,Servicios Sociales,Salud,Bienes De Uso,Maquinaria Y Equipo,0.0,69755448.0,69049712.43,427564070.22,423238283.76,Fiscal
2023,4,Administracion Central,Ministerio De Salud,Ministerio De Salud,Ministerio De Salud,Htal. Carlos G. Durand,Atencion Medica General En Hospitales De Agudos,Servicios Sociales,Salud,Bienes De Uso,Construcciones Del Dominio Privado,952072752.0,1517602389.0,1517602388.98,9302101456.28,9302101456.15,Fiscal
2023,4,Administracion Central,Ministerio De Salud,Ministerio De Salud,Ministerio De Salud,Htal. Pedro De Elizalde,Atencion Medica Materno Infantil,Servicios Sociales,Salud,Gastos En Personal,Remuneraciones Al Personal,7623293850.0,13344643489.0,13344643459.53,81795619545.85,81795619365.22,Fiscal
2023,4,Administracion Central,Ministerio De Salud,Ministerio De Salud,Ministerio De Salud,Htal. Pedro De Elizalde,Atencion Medica Materno Infantil,Servicios Sociales,Salud,Bienes De Consumo,Bienes De Consumo,1837303575.0,2388703721.0,2387444099.59,14641492740.64,14633771926.39,Fiscal
2023,4,Administracion Central,Ministerio De Salud,Ministerio De Salud,Ministerio De Salud,Htal. Pedro De Elizalde,Atencion Medica Materno Infantil,Servicios Sociales,Salud,Servicios No Personales,Servicios No Personales,1460724892.0,1943524287.0,1942619680.51,11912777833.94,11907233073.72,Fiscal
2023,4,Administracion Central,Ministerio De Salud,Ministerio De Salud,Ministerio De Salud,Htal. Pedro De Elizalde,Atencion Medica Materno Infantil,Servicios Sociales,Salud,Bienes De Uso,Maquinaria Y Equipo,68274496.0,88434913.0,86860267.3,542059329.22,532407582.38,Fiscal
2023,4,Administracion Central,Ministerio De Salud,Ministerio De Salud,Ministerio De Salud,Htal. Pedro De Elizalde,Atencion Medica Materno Infantil,Servicios Sociales,Salud,Transferencias,Al Sector Privado,88557.0,492600.0,492600.0,3019377.94,3019377.94,Fiscal
2023,4,Administracion Central,Ministerio De Salud,Ministerio De Salud,Ministerio De Salud,Htal. Pedro De Elizalde,Atencion Medica Materno Infantil,Servicios Sociales,Salud,Bienes De Uso,Construcciones Del Dominio Privado,831675862.0,1230091389.0,1230091388.24,7539810812.05,7539810807.39,Fiscal
2023,4,Administracion Central,Ministerio De Salud,Ministerio De Salud,Ministerio De Salud,Htal. Juan A. Fernandez,Atencion Medica General En Hospitales De Agudos,Servicios Sociales,Salud,Gastos En Personal,Remuneraciones Al Personal,9853823506.0,16964811409.0,16964811375.05,103985337699.09,103985337491.0,Fiscal
2023,4,Administracion Central,Ministerio De Salud,Ministerio De Salud,Ministerio De Salud,Htal. Juan A. Fernandez,Atencion Medica General En Hospitales De Agudos,Servicios Sociales,Salud,Bienes De Consumo,Bienes De Consumo,3388323326.0,4834318047.0,4804568445.52,29631817445.1,29449468093.75,Fiscal
2023,4,Administracion Central,Ministerio De Salud,Ministerio De Salud,Ministerio De Salud,Htal. Juan A. Fernandez,Atencion Medica General En Hospitales De Agudos,Servicios Sociales,Salud,Servicios No Personales,Servicios No Personales,2488923241.0,3597552237.0,3597146906.74,22051095955.96,22048611495.45,Fiscal
2023,4,Administracion Central,Ministerio De Salud,Ministerio De Salud,Ministerio De Salud,Htal. Juan A. Fernandez,Atencion Medica General En Hospitales De Agudos,Servicios Sociales,Salud,Bienes De Uso,Maquinaria Y Equipo,0.0,79095708.0,73166973.29,484814933.02,448474919.21,Fiscal
2023,4,Administracion Central,Ministerio De Salud,Ministerio De Salud,Ministerio De Salud,Htal. Juan A. Fernandez,Atencion Medica General En Hospitales De Agudos,Servicios Sociales,Salud,Transferencias,Al Sector Privado,88557.0,20833994.0,20833993.06,127701384.32,127701378.56,Fiscal
2023,4,Administracion Central,Ministerio De Salud,Ministerio De Salud,Ministerio De Salud,Htal. Juan A. Fernandez,Atencion Medica General En Hospitales De Agudos,Servicios Sociales,Salud,Bienes De Uso,Construcciones Del Dominio Privado,591832372.0,851615339.0,851615338.42,5219952434.52,5219952430.97,Fiscal
2023,4,Administracion Central,Ministerio De Salud,Ministerio De Salud,Ministerio De Salud,Htal. Maria Ferrer,Atencion De Rehabilitacion,Servicios Sociales,Salud,Gastos En Personal,Remuneraciones Al Personal,1709876244.0,2907764272.0,2904288116.3,17823059890.48,17801752891.21,Fiscal
2023,4,Administracion Central,Ministerio De Salud,Ministerio De Salud,Ministerio De Salud,Htal. Maria Ferrer,Atencion De Rehabilitacion,Servicios Sociales,Salud,Bienes De Consumo,Bienes De Consumo,541480658.0,556463940.0,543513320.83,3410830178.02,3331449719.53,Fiscal
2023,4,Administracion Central,Ministerio De Salud,Ministerio De Salud,Ministerio De Salud,Htal. Maria Ferrer,Atencion De Rehabilitacion,Servicios Sociales,Salud,Servicios No Personales,Servicios No Personales,242481602.0,350447931.0,349128231.18,2148060804.95,2139971741.76,Fiscal
2023,4,Administracion Central,Ministerio De Salud,Ministerio De Salud,Ministerio De Salud,Htal. Maria Ferrer,Atencion De Rehabilitacion,Servicios Sociales,Salud,Bienes De Uso,Maquinaria Y Equipo,0.0,13565006.0,13556203.05,83146325.4,83092367.97,Fiscal
2023,4,Administracion Central,Ministerio De Salud,Ministerio De Salud,Ministerio De Salud,Htal. Maria Ferrer,Atencion De Rehabilitacion,Servicios Sociales,Salud,Transferencias,Al Sector Privado,88557.0,12833940.0,12833939.21,78665276.77,78665271.93,Fiscal
2023,4,Administracion Central,Ministerio De Salud,Ministerio De Salud,Ministerio De Salud,Htal. Maria Ferrer,Atencion De Rehabilitacion,Servicios Sociales,Salud,Bienes De Uso,Construcciones Del Dominio Privado,175043109.0,237471479.0,237471478.35,1455574797.88,1455574793.9,Fiscal
2023,4,Administracion Central,Ministerio De Salud,Ministerio De Salud,Ministerio De Salud,Htal. Ricardo Gutierrez,Atencion Medica Materno Infantil,Servicios Sociales,Salud,Gastos En Personal,Remuneraciones Al Personal,9609641852.0,16557239126.0,16554745981.15,101487134774.06,101471853112.34,Fiscal
2023,4,Administracion Central,Ministerio De Salud,Ministerio De Salud,Ministerio De Salud,Htal. Ricardo Gutierrez,Atencion Medica Materno Infantil,Servicios Sociales,Salud,Bienes De Consumo,Bienes De Consumo,3570486510.0,5155299487.0,5153699444.37,31599264216.47,31589456799.86,Fiscal
2023,4,Administracion Central,Ministerio De Salud,Ministerio De Salud,Ministerio De Salud,Htal. Ricardo Gutierrez,Atencion Medica Materno Infantil,Servicios Sociales,Salud,Servicios No Personales,Servicios No Personales,3278690885.0,4377787154.0,4377782144.33,26833524087.51,26833493380.88,Fiscal
2023,4,Administracion Central,Ministerio De Salud,Ministerio De Salud,Ministerio De Salud,Htal. Ricardo Gutierrez,Atencion Medica Materno Infantil,Servicios Sociales,Salud,Bienes De Uso,Maquinaria Y Equipo,108457939.0,476633476.0,471572946.22,2921511578.62,2890493202.68,Fiscal
2023,4,Administracion Central,Ministerio De Salud,Ministerio De Salud,Ministerio De Salud,Htal. Ricardo Gutierrez,Atencion Medica Materno Infantil,Servicios Sociales,Salud,Transferencias,Al Sector Privado,88557.0,1641536.0,1641535.96,10061749.06,10061748.82,Fiscal
2023,4,Administracion Central,Ministerio De Salud,Ministerio De Salud,Ministerio De Salud,Htal. Ricardo Gutierrez,Atencion Medica Materno Infantil,Servicios Sociales,Salud,Bienes De Uso,Construcciones Del Dominio Privado,937033259.0,1451428931.0,1451428930.0,8896493093.71,8896493087.58,Fiscal
2023,4,Administracion Central,Ministerio De Salud,Ministerio De Salud,Ministerio De Salud,Htal. Pedro Lagleyze,Atencion Medica Oftalmologica,Servicios Sociales,Salud,Gastos En Personal,Remuneraciones Al Personal,1411490575.0,2469654736.0,2469654711.1,15137679726.1,15137679573.48,Fiscal
2023,4,Administracion Central,Ministerio De Salud,Ministerio De Salud,Ministerio De Salud,Htal. Pedro Lagleyze,Atencion Medica Oftalmologica,Servicios Sociales,Salud,Bienes De Consumo,Bienes De Consumo,103663648.0,108000918.0,108000899.32,661988610.38,661988495.88,Fiscal
2023,4,Administracion Central,Ministerio De Salud,Ministerio De Salud,Ministerio De Salud,Htal. Pedro Lagleyze,Atencion Medica Oftalmologica,Servicios Sociales,Salud,Servicios No Personales,Servicios No Personales,122121910.0,163641241.0,163634453.34,1003034416.16,1002992811.39,Fiscal
2023,4,Administracion Central,Ministerio De Salud,Ministerio De Salud,Ministerio De Salud,Htal. Pedro Lagleyze,Atencion Medica Oftalmologica,Servicios Sociales,Salud,Bienes De Uso,Maquinaria Y Equipo,0.0,4066912.0,3362668.65,24928023.51,20611383.57,Fiscal
2023,4,Administracion Central,Ministerio De Salud,Ministerio De Salud,Ministerio De Salud,Htal. Pedro Lagleyze,Atencion Medica Oftalmologica,Servicios Sociales,Salud,Bienes De Uso,Construcciones Del Dominio Privado,88541868.0,132235758.0,132235757.02,810535385.28,810535379.27,Fiscal
2023,4,Administracion Central,Ministerio De Salud,Ministerio De Salud,Ministerio De Salud,Htal. Braulio Moyano,Atencion De Salud Mental,Servicios Sociales,Salud,Gastos En Personal,Remuneraciones Al Personal,3811304571.0,6534686984.0,6533694675.15,40054181352.62,40048099023.24,Fiscal
2023,4,Administracion Central,Ministerio De Salud,Ministerio De Salud,Ministerio De Salud,Htal. Braulio Moyano,Atencion De Salud Mental,Servicios Sociales,Salud,Bienes De Consumo,Bienes De Consumo,479878759.0,636545270.0,636487466.99,3901686453.56,3901332151.63,Fiscal
2023,4,Administracion Central,Ministerio De Salud,Ministerio De Salud,Ministerio De Salud,Htal. Braulio Moyano,Atencion De Salud Mental,Servicios Sociales,Salud,Servicios No Personales,Servicios No Personales,1176931613.0,2064551584.0,2064283525.85,12654611270.57,12652968215.63,Fiscal
2023,4,Administracion Central,Ministerio De Salud,Ministerio De Salud,Ministerio De Salud,Htal. Braulio Moyano,Atencion De Salud Mental,Servicios Sociales,Salud,Bienes De Uso,Maquinaria Y Equipo,0.0,5515112.0,4637977.52,33804724.97,28428353.67,Fiscal
2023,4,Administracion Central,Ministerio De Salud,Ministerio De Salud,Ministerio De Salud,Htal. Braulio Moyano,Atencion De Salud Mental,Servicios Sociales,Salud,Bienes De Uso,Construcciones Del Dominio Privado,502277938.0,712636203.0,712636202.12,4368083702.14,4368083696.75,Fiscal
2023,4,Administracion Central,Ministerio De Salud,Ministerio De Salud,Ministerio De Salud,Htal. Francisco J.Muñiz,Atencion Medica De Patologias Especificas,Servicios Sociales,Salud,Gastos En Personal,Remuneraciones Al Personal,5601772299.0,10052202432.0,10048500700.55,61614694045.86,61592004386.32,Fiscal
2023,4,Administracion Central,Ministerio De Salud,Ministerio De Salud,Ministerio De Salud,Htal. Francisco J.Muñiz,Atencion Medica De Patologias Especificas,Servicios Sociales,Salud,Bienes De Consumo,Bienes De Consumo,2123265521.0,2696058298.0,2696046687.91,16525414035.86,16525342872.14,Fiscal
2023,4,Administracion Central,Ministerio De Salud,Ministerio De Salud,Ministerio De Salud,Htal. Francisco J.Muñiz,Atencion Medica De Patologias Especificas,Servicios Sociales,Salud,Servicios No Personales,Servicios No Personales,1630641027.0,2203187717.0,2203187709.67,13504377575.64,13504377530.72,Fiscal
2023,4,Administracion Central,Ministerio De Salud,Ministerio De Salud,Ministerio De Salud,Htal. Francisco J.Muñiz,Atencion Medica De Patologias Especificas,Servicios Sociales,Salud,Bienes De Uso,Maquinaria Y Equipo,0.0,91117992.0,87194822.83,558505187.01,534458231.16,Fiscal
2023,4,Administracion Central,Ministerio De Salud,Ministerio De Salud,Ministerio De Salud,Htal. Francisco J.Muñiz,Atencion Medica De Patologias Especificas,Servicios Sociales,Salud,Transferencias,Al Sector Privado,88557.0,4851302.0,4660301.4,29735920.11,28565187.27,Fiscal
2023,4,Administracion Central,Ministerio De Salud,Ministerio De Salud,Ministerio De Salud,Htal. Francisco J.Muñiz,Atencion Medica De Patologias Especificas,Servicios Sociales,Salud,Bienes De Uso,Construcciones Del Dominio Privado,839675800.0,1259592035.0,1259592034.39,7720634197.74,7720634194.0,Fiscal
2023,4,Administracion Central,Ministerio De Salud,Ministerio De Salud,Ministerio De Salud,Htal.De Odontologia,Atencion Odontologica General,Servicios Sociales,Salud,Gastos En Personal,Remuneraciones Al Personal,1107855229.0,1816081725.0,1815532708.62,11131622209.67,11128257029.1,Fiscal
2023,4,Administracion Central,Ministerio De Salud,Ministerio De Salud,Ministerio De Salud,Htal.De Odontologia,Atencion Odontologica General,Servicios Sociales,Salud,Bienes De Consumo,Bienes De Consumo,58052815.0,67207100.0,66593995.59,411944042.34,408186035.98,Fiscal
2023,4,Administracion Central,Ministerio De Salud,Ministerio De Salud,Ministerio De Salud,Htal.De Odontologia,Atencion Odontologica General,Servicios Sociales,Salud,Servicios No Personales,Servicios No Personales,57857968.0,56777309.0,56777303.81,348014929.71,348014897.9,Fiscal
2023,4,Administracion Central,Ministerio De Salud,Ministerio De Salud,Ministerio De Salud,Htal.De Odontologia,Atencion Odontologica General,Servicios Sociales,Salud,Bienes De Uso,Maquinaria Y Equipo,0.0,9420280.0,9411233.52,57741343.15,57685893.0,Fiscal
2023,4,Administracion Central,Ministerio De Salud,Ministerio De Salud,Ministerio De Salud,Htal.De Odontologia,Atencion Odontologica General,Servicios Sociales,Salud,Bienes De Uso,Construcciones Del Dominio Privado,59439605.0,86986901.0,86986900.52,533183780.11,533183777.17,Fiscal
2023,4,Administracion Central,Ministerio De Salud,Ministerio De Salud,Ministerio De Salud,Htal. Jose M. Penna,Atencion Medica General En Hospitales De Agudos,Servicios Sociales,Salud,Gastos En Personal,Remuneraciones Al Personal,7710382072.0,13027084914.0,13027084881.79,79849153129.9,79849152932.47,Fiscal
2023,4,Administracion Central,Ministerio De Salud,Ministerio De Salud,Ministerio De Salud,Htal. Jose M. Penna,Atencion Medica General En Hospitales De Agudos,Servicios Sociales,Salud,Bienes De Consumo,Bienes De Consumo,2002781116.0,2560336376.0,2558013693.91,15693510305.71,15679273490.72,Fiscal
2023,4,Administracion Central,Ministerio De Salud,Ministerio De Salud,Ministerio De Salud,Htal. Jose M. Penna,Atencion Medica General En Hospitales De Agudos,Servicios Sociales,Salud,Servicios No Personales,Servicios No Personales,1020743772.0,1309679808.0,1309669084.15,8027645803.38,8027580071.84,Fiscal
2023,4,Administracion Central,Ministerio De Salud,Ministerio De Salud,Ministerio De Salud,Htal. Jose M. Penna,Atencion Medica General En Hospitales De Agudos,Servicios Sociales,Salud,Bienes De Uso,Maquinaria Y Equipo,0.0,56861578.0,54398251.43,348531454.19,333432562.78,Fiscal
2023,4,Administracion Central,Ministerio De Salud,Ministerio De Salud,Ministerio De Salud,Htal. Jose M. Penna,Atencion Medica General En Hospitales De Agudos,Servicios Sociales,Salud,Transferencias,Al Sector Privado,88557.0,1637274.0,1637274.0,10035625.25,10035625.25,Fiscal
2023,4,Administracion Central,Ministerio De Salud,Ministerio De Salud,Ministerio De Salud,Htal. Jose M. Penna,Atencion Medica General En Hospitales De Agudos,Servicios Sociales,Salud,Bienes De Uso,Construcciones Del Dominio Privado,399140128.0,594581938.0,594581936.73,3644473382.12,3644473374.33,Fiscal
2023,4,Administracion Central,Ministerio De Salud,Ministerio De Salud,Ministerio De Salud,Htal. Parmenio Piñero,Atencion Medica General En Hospitales De Agudos,Servicios Sociales,Salud,Gastos En Personal,Remuneraciones Al Personal,8576189957.0,14124443696.0,14124443666.8,86575383134.6,86575382955.62,Fiscal
2023,4,Administracion Central,Ministerio De Salud,Ministerio De Salud,Ministerio De Salud,Htal. Parmenio Piñero,Atencion Medica General En Hospitales De Agudos,Servicios Sociales,Salud,Bienes De Consumo,Bienes De Consumo,1998860351.0,2154415881.0,2154415855.94,13205431969.09,13205431815.49,Fiscal
2023,4,Administracion Central,Ministerio De Salud,Ministerio De Salud,Ministerio De Salud,Htal. Parmenio Piñero,Atencion Medica General En Hospitales De Agudos,Servicios Sociales,Salud,Servicios No Personales,Servicios No Personales,1421182706.0,1899298568.0,1899298519.06,11641697524.57,11641697224.59,Fiscal
2023,4,Administracion Central,Ministerio De Salud,Ministerio De Salud,Ministerio De Salud,Htal. Parmenio Piñero,Atencion Medica General En Hospitales De Agudos,Servicios Sociales,Salud,Bienes De Uso,Maquinaria Y Equipo,0.0,91316569.0,86200856.43,559722359.19,528365741.87,Fiscal
2023,4,Administracion Central,Ministerio De Salud,Ministerio De Salud,Ministerio De Salud,Htal. Parmenio Piñero,Atencion Medica General En Hospitales De Agudos,Servicios Sociales,Salud,Transferencias,Al Sector Privado,88557.0,0.0,0.0,0.0,0.0,Fiscal
2023,4,Administracion Central,Ministerio De Salud,Ministerio De Salud,Ministerio De Salud,Htal. Parmenio Piñero,Atencion Medica General En Hospitales De Agudos,Servicios Sociales,Salud,Bienes De Uso,Construcciones Del Dominio Privado,610011524.0,845556308.0,845556307.99,5182813773.24,5182813773.18,Fiscal
2023,4,Administracion Central,Ministerio De Salud,Ministerio De Salud,Ministerio De Salud,Htal. Ignacio Pirovano,Atencion Medica General En Hospitales De Agudos,Servicios Sociales,Salud,Gastos En Personal,Remuneraciones Al Personal,7599671430.0,12652308864.0,12652308839.43,77551973799.03,77551973648.43,Fiscal
2023,4,Administracion Central,Ministerio De Salud,Ministerio De Salud,Ministerio De Salud,Htal. Ignacio Pirovano,Atencion Medica General En Hospitales De Agudos,Servicios Sociales,Salud,Bienes De Consumo,Bienes De Consumo,2251144436.0,2639756544.0,2632377442.25,16180314007.24,16135084009.16,Fiscal
2023,4,Administracion Central,Ministerio De Salud,Ministerio De Salud,Ministerio De Salud,Htal. Ignacio Pirovano,Atencion Medica General En Hospitales De Agudos,Servicios Sociales,Salud,Servicios No Personales,Servicios No Personales,1292450776.0,1618616691.0,1618596684.56,9921265799.03,9921143170.11,Fiscal
2023,4,Administracion Central,Ministerio De Salud,Ministerio De Salud,Ministerio De Salud,Htal. Ignacio Pirovano,Atencion Medica General En Hospitales De Agudos,Servicios Sociales,Salud,Bienes De Uso,Maquinaria Y Equipo,0.0,59738457.0,58088404.27,366165203.67,356051251.55,Fiscal
2023,4,Administracion Central,Ministerio De Salud,Ministerio De Salud,Ministerio De Salud,Htal. Ignacio Pirovano,Atencion Medica General En Hospitales De Agudos,Servicios Sociales,Salud,Transferencias,Al Sector Privado,88557.0,3256715.0,3256715.0,19961943.63,19961943.63,Fiscal
2023,4,Administracion Central,Ministerio De Salud,Ministerio De Salud,Ministerio De Salud,Htal. Ignacio Pirovano,Atencion Medica General En Hospitales De Agudos,Servicios Sociales,Salud,Bienes De Uso,Construcciones Del Dominio Privado,683968942.0,1018779361.0,1018779359.99,6244579638.43,6244579632.24,Fiscal
2023,4,Administracion Central,Ministerio De Salud,Ministerio De Salud,Ministerio De Salud,Htal. De Quemados,Atencion Medica De Patologias Especificas,Servicios Sociales,Salud,Gastos En Personal,Remuneraciones Al Personal,2356485418.0,3943197305.0,3942034880.67,24169717746.29,24162592698.83,Fiscal
2023,4,Administracion Central,Ministerio De Salud,Ministerio De Salud,Ministerio De Salud,Htal. De Quemados,Atencion Medica De Patologias Especificas,Servicios Sociales,Salud,Bienes De Consumo,Bienes De Consumo,613898421.0,749228075.0,749095164.42,4592372559.54,4591557887.86,Fiscal
2023,4,Administracion Central,Ministerio De Salud,Ministerio De Salud,Ministerio De Salud,Htal. De Quemados,Atencion Medica De Patologias Especificas,Servicios Sociales,Salud,Servicios No Personales,Servicios No Personales,362010108.0,477528214.0,477528205.61,2926995850.2,2926995798.78,Fiscal
2023,4,Administracion Central,Ministerio De Salud,Ministerio De Salud,Ministerio De Salud,Htal. De Quemados,Atencion Medica De Patologias Especificas,Servicios Sociales,Salud,Bienes De Uso,Maquinaria Y Equipo,0.0,11237168.0,11237167.07,68877907.4,68877901.7,Fiscal
2023,4,Administracion Central,Ministerio De Salud,Ministerio De Salud,Ministerio De Salud,Htal. De Quemados,Atencion Medica De Patologias Especificas,Servicios Sociales,Salud,Bienes De Uso,Construcciones Del Dominio Privado,163063837.0,249056101.0,249056100.8,1526582414.87,1526582413.64,Fiscal
2023,4,Administracion Central,Ministerio De Salud,Ministerio De Salud,Ministerio De Salud,Htal. Odontologico Quinquela Martin,Atencion Odontologica General,Servicios Sociales,Salud,Gastos En Personal,Remuneraciones Al Personal,566187302.0,988848056.0,988848035.86,6061116540.42,6061116416.98,Fiscal
2023,4,Administracion Central,Ministerio De Salud,Ministerio De Salud,Ministerio De Salud,Htal. Odontologico Quinquela Martin,Atencion Odontologica General,Servicios Sociales,Salud,Bienes De Consumo,Bienes De Consumo,36755065.0,33931865.0,33926206.59,207984418.79,207949735.72,Fiscal
2023,4,Administracion Central,Ministerio De Salud,Ministerio De Salud,Ministerio De Salud,Htal. Odontologico Quinquela Martin,Atencion Odontologica General,Servicios Sociales,Salud,Servicios No Personales,Servicios No Personales,39360857.0,69837760.0,69837754.33,428068599.33,428068564.58,Fiscal
2023,4,Administracion Central,Ministerio De Salud,Ministerio De Salud,Ministerio De Salud,Htal. Odontologico Quinquela Martin,Atencion Odontologica General,Servicios Sociales,Salud,Bienes De Uso,Maquinaria Y Equipo,0.0,3016073.0,3016072.74,18486935.21,18486933.62,Fiscal
2023,4,Administracion Central,Ministerio De Salud,Ministerio De Salud,Ministerio De Salud,Htal. Odontologico Quinquela Martin,Atencion Odontologica General,Servicios Sociales,Salud,Bienes De Uso,Construcciones Del Dominio Privado,56773724.0,85333890.0,85333889.11,523051695.35,523051689.9,Fiscal
2023,4,Administracion Central,Ministerio De Salud,Ministerio De Salud,Ministerio De Salud,Htal. Jose M.Ramos Mejia,Atencion Medica General En Hospitales De Agudos,Servicios Sociales,Salud,Gastos En Personal,Remuneraciones Al Personal,9752506817.0,16818548438.0,16815491932.21,103088822903.52,103070088136.65,Fiscal
2023,4,Administracion Central,Ministerio De Salud,Ministerio De Salud,Ministerio De Salud,Htal. Jose M.Ramos Mejia,Atencion Medica General En Hospitales De Agudos,Servicios Sociales,Salud,Bienes De Consumo,Bienes De Consumo,2799029001.0,3577252716.0,3572487452.91,21926670608.96,21897462061.94,Fiscal
2023,4,Administracion Central,Ministerio De Salud,Ministerio De Salud,Ministerio De Salud,Htal. Jose M.Ramos Mejia,Atencion Medica General En Hospitales De Agudos,Servicios Sociales,Salud,Servicios No Personales,Servicios No Personales,1384917168.0,1966450916.0,1966450908.36,12053305966.05,12053305919.22,Fiscal
2023,4,Administracion Central,Ministerio De Salud,Ministerio De Salud,Ministerio De Salud,Htal. Jose M.Ramos Mejia,Atencion Medica General En Hospitales De Agudos,Servicios Sociales,Salud,Bienes De Uso,Maquinaria Y Equipo,0.0,139112750.0,138810603.05,852687715.66,850835714.37,Fiscal
2023,4,Administracion Central,Ministerio De Salud,Ministerio De Salud,Ministerio De Salud,Htal. Jose M.Ramos Mejia,Atencion Medica General En Hospitales De Agudos,Servicios Sociales,Salud,Transferencias,Al Sector Privado,88557.0,18369970.0,17601969.63,112598218.04,107890781.22,Fiscal
2023,4,Administracion Central,Ministerio De Salud,Ministerio De Salud,Ministerio De Salud,Htal. Jose M.Ramos Mejia,Atencion Medica General En Hospitales De Agudos,Servicios Sociales,Salud,Bienes De Uso,Construcciones Del Dominio Privado,684568631.0,1083271543.0,1083271542.89,6639882666.71,6639882666.04,Fiscal
2023,4,Administracion Central,Ministerio De Salud,Ministerio De Salud,Ministerio De Salud,Htal. Bernardino Rivadavia,Atencion Medica General En Hospitales De Agudos,Servicios Sociales,Salud,Gastos En Personal,Remuneraciones Al Personal,6828071646.0,12076847133.0,12074521430.52,74024697191.69,74010441863.3,Fiscal
2023,4,Administracion Central,Ministerio De Salud,Ministerio De Salud,Ministerio De Salud,Htal. Bernardino Rivadavia,Atencion Medica General En Hospitales De Agudos,Servicios Sociales,Salud,Bienes De Consumo,Bienes De Consumo,1707480901.0,2125283469.0,2125283452.57,13026865663.42,13026865562.71,Fiscal
2023,4,Administracion Central,Ministerio De Salud,Ministerio De Salud,Ministerio De Salud,Htal. Bernardino Rivadavia,Atencion Medica General En Hospitales De Agudos,Servicios Sociales,Salud,Servicios No Personales,Servicios No Personales,1276303755.0,1455540029.0,1455536613.42,8921691954.08,8921671018.38,Fiscal
2023,4,Administracion Central,Ministerio De Salud,Ministerio De Salud,Ministerio De Salud,Htal. Bernardino Rivadavia,Atencion Medica General En Hospitales De Agudos,Servicios Sociales,Salud,Bienes De Uso,Maquinaria Y Equipo,0.0,92579452.0,89674842.73,567463165.26,549659443.87,Fiscal
2023,4,Administracion Central,Ministerio De Salud,Ministerio De Salud,Ministerio De Salud,Htal. Bernardino Rivadavia,Atencion Medica General En Hospitales De Agudos,Servicios Sociales,Salud,Transferencias,Al Sector Privado,88557.0,83765705.0,83765705.0,513439549.2,513439549.2,Fiscal
2023,4,Administracion Central,Ministerio De Salud,Ministerio De Salud,Ministerio De Salud,Htal. Bernardino Rivadavia,Atencion Medica General En Hospitales De Agudos,Servicios Sociales,Salud,Bienes De Uso,Construcciones Del Dominio Privado,861784327.0,1351839010.0,1351839008.7,8286059454.52,8286059446.55,Fiscal
2023,4,Administracion Central,Ministerio De Salud,Ministerio De Salud,Ministerio De Salud,Htal. Manuel Rocca,Atencion De Rehabilitacion,Servicios Sociales,Salud,Gastos En Personal,Remuneraciones Al Personal,1635357693.0,3441306565.0,3441306536.64,21093392473.42,21093392299.59,Fiscal
2023,4,Administracion Central,Ministerio De Salud,Ministerio De Salud,Ministerio De Salud,Htal. Manuel Rocca,Atencion De Rehabilitacion,Servicios Sociales,Salud,Bienes De Consumo,Bienes De Consumo,218627045.0,285661318.0,285661296.36,1750953070.07,1750952937.43,Fiscal
2023,4,Administracion Central,Ministerio De Salud,Ministerio De Salud,Ministerio De Salud,Htal. Manuel Rocca,Atencion De Rehabilitacion,Servicios Sociales,Salud,Servicios No Personales,Servicios No Personales,299890731.0,415141125.0,415127301.0,2544595930.67,2544511196.85,Fiscal
2023,4,Administracion Central,Ministerio De Salud,Ministerio De Salud,Ministerio De Salud,Htal. Manuel Rocca,Atencion De Rehabilitacion,Servicios Sociales,Salud,Bienes De Uso,Maquinaria Y Equipo,0.0,20154091.0,19258503.66,123533937.87,118044460.29,Fiscal
2023,4,Administracion Central,Ministerio De Salud,Ministerio De Salud,Ministerio De Salud,Htal. Manuel Rocca,Atencion De Rehabilitacion,Servicios Sociales,Salud,Transferencias,Al Sector Privado,88557.0,0.0,0.0,0.0,0.0,Fiscal
2023,4,Administracion Central,Ministerio De Salud,Ministerio De Salud,Ministerio De Salud,Htal. Manuel Rocca,Atencion De Rehabilitacion,Servicios Sociales,Salud,Bienes De Uso,Construcciones Del Dominio Privado,132617882.0,184687835.0,184687834.47,1132038926.24,1132038923.0,Fiscal
2023,4,Administracion Central,Ministerio De Salud,Ministerio De Salud,Ministerio De Salud,Htal. Santa Lucia,Atencion Medica Oftalmologica,Servicios Sociales,Salud,Gastos En Personal,Remuneraciones Al Personal,1955133649.0,3248943996.0,3248943967.65,19914311479.48,19914311305.71,Fiscal
2023,4,Administracion Central,Ministerio De Salud,Ministerio De Salud,Ministerio De Salud,Htal. Santa Lucia,Atencion Medica Oftalmologica,Servicios Sociales,Salud,Bienes De Consumo,Bienes De Consumo,201810318.0,256879265.0,256724882.63,1574534280.1,1573587997.68,Fiscal
2023,4,Administracion Central,Ministerio De Salud,Ministerio De Salud,Ministerio De Salud,Htal. Santa Lucia,Atencion Medica Oftalmologica,Servicios Sociales,Salud,Servicios No Personales,Servicios No Personales,211317702.0,282019055.0,282019047.79,1728627920.74,1728627876.55,Fiscal
2023,4,Administracion Central,Ministerio De Salud,Ministerio De Salud,Ministerio De Salud,Htal. Santa Lucia,Atencion Medica Oftalmologica,Servicios Sociales,Salud,Bienes De Uso,Maquinaria Y Equipo,0.0,9953878.0,6550380.25,61012017.19,40150372.79,Fiscal
2023,4,Administracion Central,Ministerio De Salud,Ministerio De Salud,Ministerio De Salud,Htal. Santa Lucia,Atencion Medica Oftalmologica,Servicios Sociales,Salud,Bienes De Uso,Construcciones Del Dominio Privado,167416579.0,248770161.0,248770160.77,1524829753.62,1524829752.21,Fiscal
2023,4,Administracion Central,Ministerio De Salud,Ministerio De Salud,Ministerio De Salud,Htal.Donacion Francisco Santojanni,Atencion Medica General En Hospitales De Agudos,Servicios Sociales,Salud,Gastos En Personal,Remuneraciones Al Personal,9995067507.0,16814411925.0,16814411897.86,103063468262.62,103063468096.27,Fiscal
2023,4,Administracion Central,Ministerio De Salud,Ministerio De Salud,Ministerio De Salud,Htal.Donacion Francisco Santojanni,Atencion Medica General En Hospitales De Agudos,Servicios Sociales,Salud,Bienes De Consumo,Bienes De Consumo,3086725807.0,4040859598.0,4038159175.22,24768336043.5,24751783877.49,Fiscal
2023,4,Administracion Central,Ministerio De Salud,Ministerio De Salud,Ministerio De Salud,Htal.Donacion Francisco Santojanni,Atencion Medica General En Hospitales De Agudos,Servicios Sociales,Salud,Servicios No Personales,Servicios No Personales,1604852740.0,2076285666.0,2076285657.33,12726534998.45,12726534945.31,Fiscal
2023,4,Administracion Central,Ministerio De Salud,Ministerio De Salud,Ministerio De Salud,Htal.Donacion Francisco Santojanni,Atencion Medica General En Hospitales De Agudos,Servicios Sociales,Salud,Bienes De Uso,Maquinaria Y Equipo,0.0,99542124.0,98709227.87,610140668.82,605035455.25,Fiscal
2023,4,Administracion Central,Ministerio De Salud,Ministerio De Salud,Ministerio De Salud,Htal.Donacion Francisco Santojanni,Atencion Medica General En Hospitales De Agudos,Servicios Sociales,Salud,Transferencias,Al Sector Privado,88557.0,7905019.0,7905018.42,48453593.17,48453589.62,Fiscal
2023,4,Administracion Central,Ministerio De Salud,Ministerio De Salud,Ministerio De Salud,Htal.Donacion Francisco Santojanni,Atencion Medica General En Hospitales De Agudos,Servicios Sociales,Salud,Bienes De Uso,Construcciones Del Dominio Privado,605875946.0,871494177.0,871494176.04,5341799216.82,5341799210.94,Fiscal
2023,4,Administracion Central,Ministerio De Salud,Ministerio De Salud,Ministerio De Salud,Htal. Ramon Sarda,Atencion Medica Materno Infantil,Servicios Sociales,Salud,Gastos En Personal,Remuneraciones Al Personal,3791442207.0,6639706087.0,6638229026.36,40697893011.24,40688839409.31,Fiscal
2023,4,Administracion Central,Ministerio De Salud,Ministerio De Salud,Ministerio De Salud,Htal. Ramon Sarda,Atencion Medica Materno Infantil,Servicios Sociales,Salud,Bienes De Consumo,Bienes De Consumo,1036059226.0,1117759165.0,1117659508.76,6851273582.51,6850662742.37,Fiscal
2023,4,Administracion Central,Ministerio De Salud,Ministerio De Salud,Ministerio De Salud,Htal. Ramon Sarda,Atencion Medica Materno Infantil,Servicios Sociales,Salud,Servicios No Personales,Servicios No Personales,677465298.0,860325398.0,860323890.58,5273340497.89,5273331258.2,Fiscal
2023,4,Administracion Central,Ministerio De Salud,Ministerio De Salud,Ministerio De Salud,Htal. Ramon Sarda,Atencion Medica Materno Infantil,Servicios Sociales,Salud,Transferencias,Al Sector Privado,88557.0,0.0,0.0,0.0,0.0,Fiscal
2023,4,Administracion Central,Ministerio De Salud,Ministerio De Salud,Ministerio De Salud,Htal. Ramon Sarda,Atencion Medica Materno Infantil,Servicios Sociales,Salud,Bienes De Uso,Maquinaria Y Equipo,0.0,30649013.0,28908871.31,187862269.15,177196119.26,Fiscal
2023,4,Administracion Central,Ministerio De Salud,Ministerio De Salud,Ministerio De Salud,Htal. Ramon Sarda,Atencion Medica Materno Infantil,Servicios Sociales,Salud,Bienes De Uso,Construcciones Del Dominio Privado,299807609.0,435621932.0,435621931.06,2670132465.14,2670132459.38,Fiscal
2023,4,Administracion Central,Ministerio De Salud,Ministerio De Salud,Ministerio De Salud,Talleres Protegidos De Rehab.Psiquiat.,Atencion De Salud Mental,Servicios Sociales,Salud,Gastos En Personal,Remuneraciones Al Personal,601230540.0,974344628.0,974344618.46,5972218183.58,5972218125.11,Fiscal
2023,4,Administracion Central,Ministerio De Salud,Ministerio De Salud,Ministerio De Salud,Talleres Protegidos De Rehab.Psiquiat.,Atencion De Salud Mental,Servicios Sociales,Salud,Bienes De Consumo,Bienes De Consumo,14598820.0,13415596.0,13408845.72,82230520.98,82189145.33,Fiscal
2023,4,Administracion Central,Ministerio De Salud,Ministerio De Salud,Ministerio De Salud,Talleres Protegidos De Rehab.Psiquiat.,Atencion De Salud Mental,Servicios Sociales,Salud,Servicios No Personales,Servicios No Personales,39607673.0,36485825.0,36485819.67,223638845.28,223638812.61,Fiscal
2023,4,Administracion Central,Ministerio De Salud,Ministerio De Salud,Ministerio De Salud,Talleres Protegidos De Rehab.Psiquiat.,Atencion De Salud Mental,Servicios Sociales,Salud,Transferencias,Al Sector Privado,0.0,3143694.0,3143694.0,19269184.57,19269184.57,Fiscal
2023,4,Administracion Central,Ministerio De Salud,Ministerio De Salud,Ministerio De Salud,Talleres Protegidos De Rehab.Psiquiat.,Atencion De Salud Mental,Servicios Sociales,Salud,Bienes De Uso,Maquinaria Y Equipo,0.0,513746.0,513744.86,3148991.76,3148984.77,Fiscal
2023,4,Administracion Central,Ministerio De Salud,Ministerio De Salud,Ministerio De Salud,Htal. Carolina Tobar Garcia,Atencion De Salud Mental,Servicios Sociales,Salud,Gastos En Personal,Remuneraciones Al Personal,1911416953.0,3158142525.0,3157568431.27,19357746399.1,19354227507.62,Fiscal
2023,4,Administracion Central,Ministerio De Salud,Ministerio De Salud,Ministerio De Salud,Htal. Carolina Tobar Garcia,Atencion De Salud Mental,Servicios Sociales,Salud,Bienes De Consumo,Bienes De Consumo,127338103.0,143516683.0,143090018.23,879681499.98,877066270.19,Fiscal
2023,4,Administracion Central,Ministerio De Salud,Ministerio De Salud,Ministerio De Salud,Htal. Carolina Tobar Garcia,Atencion De Salud Mental,Servicios Sociales,Salud,Servicios No Personales,Servicios No Personales,205188302.0,337852224.0,337852216.79,2070855770.69,2070855726.5,Fiscal
2023,4,Administracion Central,Ministerio De Salud,Ministerio De Salud,Ministerio De Salud,Htal. Carolina Tobar Garcia,Atencion De Salud Mental,Servicios Sociales,Salud,Bienes De Uso,Maquinaria Y Equipo,0.0,403925.0,355554.76,2475847.01,2179362.97,Fiscal
2023,4,Administracion Central,Ministerio De Salud,Ministerio De Salud,Ministerio De Salud,Htal. Carolina Tobar Garcia,Atencion De Salud Mental,Servicios Sociales,Salud,Bienes De Uso,Construcciones Del Dominio Privado,168051769.0,253148122.0,249914653.55,1551664343.29,1531844888.74,Fiscal
2023,4,Administracion Central,Ministerio De Salud,Ministerio De Salud,Ministerio De Salud,Htal. Enrique Tornu,Atencion Medica General En Hospitales De Agudos,Servicios Sociales,Salud,Gastos En Personal,Remuneraciones Al Personal,5223797865.0,8595624809.0,8595624779.02,52686642188.34,52686642004.57,Fiscal
2023,4,Administracion Central,Ministerio De Salud,Ministerio De Salud,Ministerio De Salud,Htal. Enrique Tornu,Atencion Medica General En Hospitales De Agudos,Servicios Sociales,Salud,Bienes De Consumo,Bienes De Consumo,1144028116.0,1228107729.0,1221007108.09,7527652023.48,7484128965.94,Fiscal
2023,4,Administracion Central,Ministerio De Salud,Ministerio De Salud,Ministerio De Salud,Htal. Enrique Tornu,Atencion Medica General En Hospitales De Agudos,Servicios Sociales,Salud,Servicios No Personales,Servicios No Personales,746384802.0,907141069.0,906826626.66,5560295845.71,5558368480.17,Fiscal
2023,4,Administracion Central,Ministerio De Salud,Ministerio De Salud,Ministerio De Salud,Htal. Enrique Tornu,Atencion Medica General En Hospitales De Agudos,Servicios Sociales,Salud,Bienes De Uso,Maquinaria Y Equipo,0.0,23878301.0,19342708.62,146361379.05,118560592.24,Fiscal
2023,4,Administracion Central,Ministerio De Salud,Ministerio De Salud,Ministerio De Salud,Htal. Enrique Tornu,Atencion Medica General En Hospitales De Agudos,Servicios Sociales,Salud,Transferencias,Al Sector Privado,88557.0,3142549.0,3142549.0,19262166.32,19262166.32,Fiscal
2023,4,Administracion Central,Ministerio De Salud,Ministerio De Salud,Ministerio De Salud,Htal. Enrique Tornu,Atencion Medica General En Hospitales De Agudos,Servicios Sociales,Salud,Bienes De Uso,Construcciones Del Dominio Privado,473345333.0,686188769.0,686188768.28,4205974894.12,4205974889.71,Fiscal
2023,4,Administracion Central,Ministerio De Salud,Ministerio De Salud,Ministerio De Salud,Htal. Bonorino Udaondo,Atencion Medica De Patologias Especificas,Servicios Sociales,Salud,Gastos En Personal,Remuneraciones Al Personal,2595258603.0,4344605849.0,4344605817.63,26630140205.28,26630140012.99,Fiscal
2023,4,Administracion Central,Ministerio De Salud,Ministerio De Salud,Ministerio De Salud,Htal. Bonorino Udaondo,Atencion Medica De Patologias Especificas,Servicios Sociales,Salud,Bienes De Consumo,Bienes De Consumo,1055923146.0,1322747799.0,1321645532.29,8107745689.22,8100989376.21,Fiscal
2023,4,Administracion Central,Ministerio De Salud,Ministerio De Salud,Ministerio De Salud,Htal. Bonorino Udaondo,Atencion Medica De Patologias Especificas,Servicios Sociales,Salud,Servicios No Personales,Servicios No Personales,331324407.0,506376101.0,506376093.3,3103818167.84,3103818120.64,Fiscal
2023,4,Administracion Central,Ministerio De Salud,Ministerio De Salud,Ministerio De Salud,Htal. Bonorino Udaondo,Atencion Medica De Patologias Especificas,Servicios Sociales,Salud,Bienes De Uso,Maquinaria Y Equipo,0.0,16847769.0,14592769.97,103267929.52,89445975.95,Fiscal
2023,4,Administracion Central,Ministerio De Salud,Ministerio De Salud,Ministerio De Salud,Htal. Bonorino Udaondo,Atencion Medica De Patologias Especificas,Servicios Sociales,Salud,Transferencias,Al Sector Privado,88557.0,0.0,0.0,0.0,0.0,Fiscal
2023,4,Administracion Central,Ministerio De Salud,Ministerio De Salud,Ministerio De Salud,Htal. Bonorino Udaondo,Atencion Medica De Patologias Especificas,Servicios Sociales,Salud,Bienes De Uso,Construcciones Del Dominio Privado,250857903.0,360740536.0,360740535.17,2211149039.82,2211149034.73,Fiscal
2023,4,Administracion Central,Ministerio De Salud,Ministerio De Salud,Ministerio De Salud,Htal. Dalmacio Velez Sarsfield,Atencion Medica General En Hospitales De Agudos,Servicios Sociales,Salud,Gastos En Personal,Remuneraciones Al Personal,4524279038.0,7651410312.0,7651410284.82,46899105801.17,46899105634.57,Fiscal
2023,4,Administracion Central,Ministerio De Salud,Ministerio De Salud,Ministerio De Salud,Htal. Dalmacio Velez Sarsfield,Atencion Medica General En Hospitales De Agudos,Servicios Sociales,Salud,Bienes De Consumo,Bienes De Consumo,938588016.0,1172946627.0,1169312009.88,7189543589.44,7167265305.32,Fiscal
2023,4,Administracion Central,Ministerio De Salud,Ministerio De Salud,Ministerio De Salud,Htal. Dalmacio Velez Sarsfield,Atencion Medica General En Hospitales De Agudos,Servicios Sociales,Salud,Servicios No Personales,Servicios No Personales,521629156.0,674234335.0,673836142.94,4132700524.81,4130259817.7,Fiscal
2023,4,Administracion Central,Ministerio De Salud,Ministerio De Salud,Ministerio De Salud,Htal. Dalmacio Velez Sarsfield,Atencion Medica General En Hospitales De Agudos,Servicios Sociales,Salud,Bienes De Uso,Maquinaria Y Equipo,0.0,21049297.0,20958731.84,129021078.05,128465961.43,Fiscal
2023,4,Administracion Central,Ministerio De Salud,Ministerio De Salud,Ministerio De Salud,Htal. Dalmacio Velez Sarsfield,Atencion Medica General En Hospitales De Agudos,Servicios Sociales,Salud,Transferencias,Al Sector Privado,88557.0,87120.0,87120.0,533999.61,533999.61,Fiscal
2023,4,Administracion Central,Ministerio De Salud,Ministerio De Salud,Ministerio De Salud,Htal. Dalmacio Velez Sarsfield,Atencion Medica General En Hospitales De Agudos,Servicios Sociales,Salud,Bienes De Uso,Construcciones Del Dominio Privado,171087467.0,235482085.0,235482084.69,1443380862.92,1443380861.02,Fiscal
2023,4,Administracion Central,Ministerio De Salud,Ministerio De Salud,Ministerio De Salud,Htal. Abel Zubizarreta,Atencion Medica General En Hospitales De Agudos,Servicios Sociales,Salud,Gastos En Personal,Remuneraciones Al Personal,3550366502.0,6061079601.0,6059154151.24,37151218126.52,37139416136.0,Fiscal
2023,4,Administracion Central,Ministerio De Salud,Ministerio De Salud,Ministerio De Salud,Htal. Abel Zubizarreta,Atencion Medica General En Hospitales De Agudos,Servicios Sociales,Salud,Bienes De Consumo,Bienes De Consumo,946082645.0,978327219.0,978068614.97,5996629363.88,5995044257.7,Fiscal
2023,4,Administracion Central,Ministerio De Salud,Ministerio De Salud,Ministerio De Salud,Htal. Abel Zubizarreta,Atencion Medica General En Hospitales De Agudos,Servicios Sociales,Salud,Servicios No Personales,Servicios No Personales,476035175.0,616893407.0,616892725.43,3781230908.18,3781226730.52,Fiscal
2023,4,Administracion Central,Ministerio De Salud,Ministerio De Salud,Ministerio De Salud,Htal. Abel Zubizarreta,Atencion Medica General En Hospitales De Agudos,Servicios Sociales,Salud,Bienes De Uso,Maquinaria Y Equipo,0.0,13430932.0,12552897.79,82324522.56,76942636.4,Fiscal
2023,4,Administracion Central,Ministerio De Salud,Ministerio De Salud,Ministerio De Salud,Htal. Abel Zubizarreta,Atencion Medica General En Hospitales De Agudos,Servicios Sociales,Salud,Transferencias,Al Sector Privado,88557.0,441216.0,441215.7,2704421.15,2704419.31,Fiscal
2023,4,Administracion Central,Ministerio De Salud,Ministerio De Salud,Ministerio De Salud,Htal. Abel Zubizarreta,Atencion Medica General En Hospitales De Agudos,Servicios Sociales,Salud,Bienes De Uso,Construcciones Del Dominio Privado,147213409.0,196995910.0,196995909.49,1207480928.19,1207480925.06,Fiscal
2023,4,Administracion Central,Ministerio De Salud,Ministerio De Salud,Ministerio De Salud,Centro De Salud Ameghino,Atencion De Salud Mental,Servicios Sociales,Salud,Gastos En Personal,Remuneraciones Al Personal,744689072.0,1230593391.0,1230593379.87,7542887819.28,7542887751.06,Fiscal
2023,4,Administracion Central,Ministerio De Salud,Ministerio De Salud,Ministerio De Salud,Centro De Salud Ameghino,Atencion De Salud Mental,Servicios Sociales,Salud,Bienes De Consumo,Bienes De Consumo,37098612.0,31438907.0,31437885.36,192703902.36,192697640.24,Fiscal
2023,4,Administracion Central,Ministerio De Salud,Ministerio De Salud,Ministerio De Salud,Centro De Salud Ameghino,Atencion De Salud Mental,Servicios Sociales,Salud,Servicios No Personales,Servicios No Personales,36821578.0,47797331.0,47796338.44,292972405.37,292966321.5,Fiscal
2023,4,Administracion Central,Ministerio De Salud,Ministerio De Salud,Ministerio De Salud,Centro De Salud Ameghino,Atencion De Salud Mental,Servicios Sociales,Salud,Bienes De Uso,Maquinaria Y Equipo,0.0,936911.0,936909.27,5742769.81,5742759.2,Fiscal
2023,4,Administracion Central,Ministerio De Salud,Ministerio De Salud,Ministerio De Salud,Centro De Salud Ameghino,Atencion De Salud Mental,Servicios Sociales,Salud,Bienes De Uso,Construcciones Del Dominio Privado,62990575.0,88490394.0,88490393.27,542399398.46,542399393.98,Fiscal
2023,4,Administracion Central,Ministerio De Salud,Ministerio De Salud,Ministerio De Salud,Instituto Pasteur,Instituto De Control De Zoonosis Luis Pasteur,Servicios Sociales,Salud,Bienes De Consumo,Bienes De Consumo,47834226.0,43756171.0,43738048.57,268202228.02,268091147.09,Fiscal
2023,4,Administracion Central,Ministerio De Salud,Ministerio De Salud,Ministerio De Salud,Instituto Pasteur,Instituto De Control De Zoonosis Luis Pasteur,Servicios Sociales,Salud,Servicios No Personales,Servicios No Personales,104454373.0,118744427.0,118744422.38,727840648.73,727840620.41,Fiscal
2023,4,Administracion Central,Ministerio De Salud,Ministerio De Salud,Ministerio De Salud,Instituto Pasteur,Instituto De Control De Zoonosis Luis Pasteur,Servicios Sociales,Salud,Bienes De Uso,Maquinaria Y Equipo,0.0,15815026.0,15815022.69,96937760.15,96937739.86,Fiscal
2023,4,Administracion Central,Ministerio De Salud,Ministerio De Salud,Ministerio De Salud,Instituto Pasteur,Instituto De Control De Zoonosis Luis Pasteur,Servicios Sociales,Salud,Gastos En Personal,Remuneraciones Al Personal,622541314.0,1048196185.0,1048196176.58,6424889239.52,6424889187.91,Fiscal
2023,4,Administracion Central,Ministerio De Salud,Ministerio De Salud,Ministerio De Salud,Instituto Pasteur,Instituto De Control De Zoonosis Luis Pasteur,Servicios Sociales,Salud,Bienes De Uso,Construcciones Del Dominio Privado,134209771.0,187472513.0,187472512.07,1149107532.27,1149107526.57,Fiscal
2023,4,Administracion Central,Ministerio De Salud,Ministerio De Salud,Ministerio De Salud,Instituto De Rehabilitacion Psicofica,Atencion De Rehabilitacion,Servicios Sociales,Salud,Gastos En Personal,Remuneraciones Al Personal,1632138502.0,2795232603.0,2795232576.82,17133300168.39,17133300007.92,Fiscal
2023,4,Administracion Central,Ministerio De Salud,Ministerio De Salud,Ministerio De Salud,Instituto De Rehabilitacion Psicofica,Atencion De Rehabilitacion,Servicios Sociales,Salud,Bienes De Consumo,Bienes De Consumo,383633695.0,474469205.0,474447291.04,2908245739.98,2908111418.97,Fiscal
2023,4,Administracion Central,Ministerio De Salud,Ministerio De Salud,Ministerio De Salud,Instituto De Rehabilitacion Psicofica,Atencion De Rehabilitacion,Servicios Sociales,Salud,Servicios No Personales,Servicios No Personales,267902525.0,324914735.0,324913303.34,1991555793.21,1991547017.89,Fiscal
2023,4,Administracion Central,Ministerio De Salud,Ministerio De Salud,Ministerio De Salud,Instituto De Rehabilitacion Psicofica,Atencion De Rehabilitacion,Servicios Sociales,Salud,Bienes De Uso,Maquinaria Y Equipo,0.0,16112248.0,15812499.73,98759574.1,96922275.45,Fiscal
2023,4,Administracion Central,Ministerio De Salud,Ministerio De Salud,Ministerio De Salud,Instituto De Rehabilitacion Psicofica,Atencion De Rehabilitacion,Servicios Sociales,Salud,Transferencias,Al Sector Privado,88557.0,6626500.0,6626500.0,40616946.67,40616946.67,Fiscal
2023,4,Administracion Central,Ministerio De Salud,Ministerio De Salud,Ministerio De Salud,Instituto De Rehabilitacion Psicofica,Atencion De Rehabilitacion,Servicios Sociales,Salud,Bienes De Uso,Construcciones Del Dominio Privado,183268444.0,243144262.0,243144261.11,1490345962.84,1490345957.38,Fiscal
2023,4,Administracion Central,Ministerio De Salud,Ministerio De Salud,Ministerio De Salud,Direccion General Promocion Social Y Bienestar,Promocion Social Y Bienestar,Servicios Sociales,Salud,Gastos En Personal,Remuneraciones Al Personal,139612742.0,761676723.0,761676711.26,4668676199.76,4668676127.8,Fiscal
2023,4,Administracion Central,Ministerio De Salud,Ministerio De Salud,Ministerio De Salud,Direccion General Promocion Social Y Bienestar,Promocion Social Y Bienestar,Servicios Sociales,Salud,Bienes De Consumo,Bienes De Consumo,19525543.0,27150272.0,26952221.41,166416833.91,165202888.35,Fiscal
2023,4,Administracion Central,Ministerio De Salud,Ministerio De Salud,Ministerio De Salud,Direccion General Promocion Social Y Bienestar,Promocion Social Y Bienestar,Servicios Sociales,Salud,Servicios No Personales,Servicios No Personales,2278330554.0,941227427.0,940669301.0,5769227225.03,5765806207.3,Fiscal
2023,4,Administracion Central,Ministerio De Salud,Ministerio De Salud,Ministerio De Salud,Direccion General Promocion Social Y Bienestar,Promocion Social Y Bienestar,Servicios Sociales,Salud,Bienes De Uso,Maquinaria Y Equipo,0.0,18994828.0,18994826.32,116428267.69,116428257.4,Fiscal
2023,4,Administracion Central,Ministerio De Salud,Ministerio De Salud,Ministerio De Salud,Direccion General Promocion Social Y Bienestar,Promocion Social Y Bienestar,Servicios Sociales,Salud,Transferencias,Al Sector Privado,12779009.0,53323920.0,53026324.9,326847478.29,325023377.43,Fiscal
2023,4,Administracion Central,Ministerio De Salud,Ministerio De Salud,Ministerio De Salud,Dir.Gral.Adjunta Same,Sistema De Atencion Medica De Emergencia,Servicios Sociales,Salud,Gastos En Personal,Remuneraciones Al Personal,4688210852.0,7743303957.0,7743303936.33,47462365331.58,47462365204.89,Fiscal
2023,4,Administracion Central,Ministerio De Salud,Ministerio De Salud,Ministerio De Salud,Dir.Gral.Adjunta Same,Sistema De Atencion Medica De Emergencia,Servicios Sociales,Salud,Bienes De Consumo,Bienes De Consumo,69135951.0,142008247.0,142008236.18,870435583.65,870435517.33,Fiscal
2023,4,Administracion Central,Ministerio De Salud,Ministerio De Salud,Ministerio De Salud,Dir.Gral.Adjunta Same,Sistema De Atencion Medica De Emergencia,Servicios Sociales,Salud,Servicios No Personales,Servicios No Personales,417660138.0,626707860.0,626707855.14,3841388323.73,3841388293.94,Fiscal
2023,4,Administracion Central,Ministerio De Salud,Ministerio De Salud,Ministerio De Salud,Dir.Gral.Adjunta Same,Sistema De Atencion Medica De Emergencia,Servicios Sociales,Salud,Bienes De Uso,Maquinaria Y Equipo,478512671.0,109556069.0,109331405.65,671520865.0,670143797.27,Fiscal
2023,4,Administracion Central,Ministerio De Salud,Ministerio De Salud,Ministerio De Salud,Ctro.De Salud Nº 1 Hugo Rosario,Atencion De Salud Mental,Servicios Sociales,Salud,Gastos En Personal,Remuneraciones Al Personal,288421779.0,526745414.0,526745407.71,3228671302.95,3228671264.4,Fiscal
2023,4,Administracion Central,Ministerio De Salud,Ministerio De Salud,Ministerio De Salud,Ctro.De Salud Nº 1 Hugo Rosario,Atencion De Salud Mental,Servicios Sociales,Salud,Bienes De Consumo,Bienes De Consumo,29570025.0,27414006.0,27414001.21,168033384.1,168033354.74,Fiscal
2023,4,Administracion Central,Ministerio De Salud,Ministerio De Salud,Ministerio De Salud,Ctro.De Salud Nº 1 Hugo Rosario,Atencion De Salud Mental,Servicios Sociales,Salud,Servicios No Personales,Servicios No Personales,4458845.0,13967693.0,13967689.77,85614584.12,85614564.32,Fiscal
2023,4,Administracion Central,Ministerio De Salud,Ministerio De Salud,Ministerio De Salud,Ctro.De Salud Nº 1 Hugo Rosario,Atencion De Salud Mental,Servicios Sociales,Salud,Bienes De Uso,Maquinaria Y Equipo,0.0,93202.0,93200.68,571279.06,571270.96,Fiscal
2023,4,Administracion Central,Ministerio De Salud,Ministerio De Salud,Ministerio De Salud,Direccion General Politicas Asistenciales Para Personas Mayores,Hogar De Residencia Permanente Y Transitoria,Servicios Sociales,Salud,Gastos En Personal,Remuneraciones Al Personal,2636248760.0,4778853834.0,4778853806.34,29291851100.65,29291850931.11,Fiscal
2023,4,Administracion Central,Ministerio De Salud,Ministerio De Salud,Ministerio De Salud,Direccion General Politicas Asistenciales Para Personas Mayores,Hogar De Residencia Permanente Y Transitoria,Servicios Sociales,Salud,Bienes De Consumo,Bienes De Consumo,75879892.0,76823280.0,76602626.12,470886149.06,469533657.27,Fiscal
2023,4,Administracion Central,Ministerio De Salud,Ministerio De Salud,Ministerio De Salud,Direccion General Politicas Asistenciales Para Personas Mayores,Hogar De Residencia Permanente Y Transitoria,Servicios Sociales,Salud,Servicios No Personales,Servicios No Personales,2324088241.0,4691519247.0,4672835916.35,28756536188.92,28642017235.53,Fiscal
2023,4,Administracion Central,Ministerio De Salud,Ministerio De Salud,Ministerio De Salud,Direccion General Politicas Asistenciales Para Personas Mayores,Hogar De Residencia Permanente Y Transitoria,Servicios Sociales,Salud,Bienes De Uso,Maquinaria Y Equipo,0.0,12007977.0,6858719.22,73602559.64,42040327.89,Fiscal
2023,4,Administracion Central,Ministerio De Salud,Ministerio De Salud,Ministerio De Salud,Direccion General Politicas Asistenciales Para Personas Mayores,Hogar De Residencia Permanente Y Transitoria,Servicios Sociales,Salud,Transferencias,Al Sector Privado,242801176.0,63953112.0,63953111.26,391998813.77,391998809.24,Fiscal
2023,4,Administracion Central,Ministerio De Salud,Ministerio De Salud,Ministerio De Salud,Direccion General Politicas Asistenciales Para Personas Mayores,Hogar De Residencia Permanente Y Transitoria,Servicios Sociales,Salud,Servicios No Personales,Servicios No Personales,0.0,279459743.0,278520393.62,1712940689.32,1707182973.53,Fiscal
2023,4,Administracion Central,Ministerio De Salud,Ministerio De Salud,Ministerio De Salud,Direccion General Politicas Asistenciales Para Personas Mayores,Hogar De Residencia Permanente Y Transitoria,Servicios Sociales,Salud,Bienes De Consumo,Bienes De Consumo,0.0,6235773.0,6235772.54,38221996.44,38221993.62,Fiscal
2023,4,Administracion Central,Ministerio De Salud,Ministerio De Salud,Ministerio De Salud,Direccion General Politicas Asistenciales Para Personas Mayores,Hogar De Residencia Permanente Y Transitoria,Servicios Sociales,Salud,Bienes De Uso,Construcciones Del Dominio Privado,81205150.0,446825962.0,446825956.7,2738807254.09,2738807221.61,Fiscal
2023,4,Administracion Central,Ministerio De Salud,Ministerio De Salud,Ministerio De Salud,Direccion General Politicas Asistenciales Para Personas Mayores,Hogar De Residencia Permanente Y Transitoria,Servicios Sociales,Salud,Bienes De Uso,Bienes De Uso,0.0,160306964.0,160306962.53,982597058.42,982597049.41,Fiscal
2023,4,Administracion Central,Ministerio De Salud,Ministerio De Salud,Ministerio De Salud,Direccion General Politicas Asistenciales Para Personas Mayores,Hogar De Residencia Permanente Y Transitoria,Servicios Sociales,Salud,Activos Financieros,Activos Financieros,0.0,163013221.0,163013217.52,999184985.11,999184963.78,Fiscal
2023,4,Administracion Central,Ministerio De Salud,Ministerio De Salud,Ministerio De Salud,Direccion General Politicas Asistenciales Para Personas Mayores,Sistemas Alternativos A La Institucionalizacion,Servicios Sociales,Salud,Transferencias,Al Sector Privado,774887575.0,699192827.0,699057827.0,4285682904.43,4284855425.7,Fiscal
2023,4,Administracion Central,Ministerio De Salud,Ministerio De Salud,Ministerio De Salud,Direccion General Politicas Asistenciales Para Personas Mayores,Sistemas Alternativos A La Institucionalizacion,Servicios Sociales,Salud,Gastos En Personal,Remuneraciones Al Personal,381349491.0,125543.0,125541.78,769512.31,769504.83,Fiscal
2023,4,Administracion Central,Ministerio De Salud,Ministerio De Salud,Ministerio De Salud,Cai Cecilia Grierson,Atencion Medica General En Hospitales De Agudos,Servicios Sociales,Salud,Gastos En Personal,Remuneraciones Al Personal,1824954155.0,3615186377.0,3610896665.83,22159183924.56,22132890259.76,Fiscal
2023,4,Administracion Central,Ministerio De Salud,Ministerio De Salud,Ministerio De Salud,Cai Cecilia Grierson,Atencion Medica General En Hospitales De Agudos,Servicios Sociales,Salud,Bienes De Consumo,Bienes De Consumo,448873526.0,583718403.0,583497382.25,3577885647.75,3576530907.24,Fiscal
2023,4,Administracion Central,Ministerio De Salud,Ministerio De Salud,Ministerio De Salud,Cai Cecilia Grierson,Atencion Medica General En Hospitales De Agudos,Servicios Sociales,Salud,Servicios No Personales,Servicios No Personales,303388117.0,458644557.0,458000384.58,2811249002.05,2807300565.19,Fiscal
2023,4,Administracion Central,Ministerio De Salud,Ministerio De Salud,Ministerio De Salud,Cai Cecilia Grierson,Atencion Medica General En Hospitales De Agudos,Servicios Sociales,Salud,Bienes De Uso,Maquinaria Y Equipo,0.0,35901657.0,35835780.59,220058203.84,219654416.22,Fiscal
2023,4,Administracion Central,Ministerio De Salud,Ministerio De Salud,Ministerio De Salud,Cai Cecilia Grierson,Atencion Medica General En Hospitales De Agudos,Servicios Sociales,Salud,Bienes De Uso,Construcciones Del Dominio Privado,181949783.0,317394573.0,317394572.68,1945461170.28,1945461168.31,Fiscal
2023,4,Administracion Central,Ministerio De Salud,Ministerio De Salud,Ministerio De Salud,Subsecretaria De Administracion Del Sistema De Salud,Administracion Del Sistema De Salud,Servicios Sociales,Salud,Gastos En Personal,Remuneraciones Al Personal,1057041504.0,1379226272.0,1379220216.21,8453928912.01,8453891793.22,Fiscal
2023,4,Administracion Central,Ministerio De Salud,Ministerio De Salud,Ministerio De Salud,Subsecretaria De Administracion Del Sistema De Salud,Administracion Del Sistema De Salud,Servicios Sociales,Salud,Bienes De Consumo,Bienes De Consumo,15590642.0,18909215.0,18825977.49,115903505.2,115393303.21,Fiscal
2023,4,Administracion Central,Ministerio De Salud,Ministerio De Salud,Ministerio De Salud,Subsecretaria De Administracion Del Sistema De Salud,Administracion Del Sistema De Salud,Servicios Sociales,Salud,Servicios No Personales,Servicios No Personales,708545577.0,1213046991.0,1212720385.95,7435337650.56,7433335734.03,Fiscal
2023,4,Administracion Central,Ministerio De Salud,Ministerio De Salud,Ministerio De Salud,Subsecretaria De Administracion Del Sistema De Salud,Administracion Del Sistema De Salud,Servicios Sociales,Salud,Bienes De Uso,Maquinaria Y Equipo,0.0,73190992.0,73190987.92,448622141.22,448622116.21,Fiscal
2023,4,Administracion Central,Ministerio De Salud,Ministerio De Salud,Ministerio De Salud,Subsecretaría De Atención Hospitalaria,Actividades Comunes,Servicios Sociales,Salud,Gastos En Personal,Remuneraciones Al Personal,422367811.0,644521666.0,640551824.04,3950577550.06,3926244514.64,Fiscal
2023,4,Administracion Central,Ministerio De Salud,Ministerio De Salud,Ministerio De Salud,Subsecretaría De Atención Hospitalaria,Actividades Comunes,Servicios Sociales,Salud,Bienes De Consumo,Bienes De Consumo,148514775.0,335063395.0,335041391.04,2053761721.23,2053626848.57,Fiscal
2023,4,Administracion Central,Ministerio De Salud,Ministerio De Salud,Ministerio De Salud,Subsecretaría De Atención Hospitalaria,Actividades Comunes,Servicios Sociales,Salud,Servicios No Personales,Servicios No Personales,164569032.0,357568446.0,356961470.7,2191705802.76,2187985364.61,Fiscal
2023,4,Administracion Central,Ministerio De Salud,Ministerio De Salud,Ministerio De Salud,Subsecretaría De Atención Hospitalaria,Actividades Comunes,Servicios Sociales,Salud,Bienes De Uso,Maquinaria Y Equipo,0.0,23333245.0,23333243.28,143020473.52,143020462.98,Fiscal
2023,4,Administracion Central,Ministerio De Salud,Ministerio De Salud,Ministerio De Salud,Subsecretaría De Atención Hospitalaria,Atencion Medica General En Hospitales De Agudos,Servicios Sociales,Salud,Bienes De Uso,Construcciones Del Dominio Privado,329432635.0,0.0,0.0,0.0,0.0,Fiscal
2023,4,Administracion Central,Ministerio De Salud,Ministerio De Salud,Ministerio De Salud,Subsecretaría De Atención Hospitalaria,Atencion De Salud Mental,Servicios Sociales,Salud,Gastos En Personal,Remuneraciones Al Personal,472728687.0,786484919.0,784858144.07,4820737344.25,4810766072.75,Fiscal
2023,4,Administracion Central,Ministerio De Salud,Ministerio De Salud,Ministerio De Salud,Subsecretaría De Atención Hospitalaria,Atencion De Salud Mental,Servicios Sociales,Salud,Bienes De Consumo,Bienes De Consumo,22812702.0,16839417.0,15917224.73,103216736.17,97564184.41,Fiscal
2023,4,Administracion Central,Ministerio De Salud,Ministerio De Salud,Ministerio De Salud,Subsecretaría De Atención Hospitalaria,Atencion De Salud Mental,Servicios Sociales,Salud,Servicios No Personales,Servicios No Personales,217034997.0,535073530.0,534373933.91,3279718257.37,3275430102.67,Fiscal
2023,4,Administracion Central,Ministerio De Salud,Ministerio De Salud,Ministerio De Salud,Subsecretaría De Atención Hospitalaria,Atencion De Salud Mental,Servicios Sociales,Salud,Bienes De Uso,Maquinaria Y Equipo,0.0,4351943.0,4351939.36,26675113.07,26675090.76,Fiscal
2023,4,Administracion Central,Ministerio De Salud,Ministerio De Salud,Ministerio De Salud,Subsecretaría De Atención Hospitalaria,Atencion De Salud Mental,Servicios Sociales,Salud,Servicios No Personales,Impuestos Directos,0.0,372292.0,372291.96,2281953.42,2281953.17,Fiscal
2023,4,Administracion Central,Ministerio De Salud,Ministerio De Salud,Ministerio De Salud,Subsecretaría De Atención Hospitalaria,Atencion De Salud Mental,Servicios Sociales,Salud,Transferencias,Al Sector Privado,2262090228.0,2965909976.0,2965909975.87,18179462359.12,18179462358.32,Fiscal
2023,4,Administracion Central,Ministerio De Salud,Ministerio De Salud,Ministerio De Salud,Subsecretaria Atencion Primaria Ambulatoria Y Comunitaria,Promocion Y Cuidado De La Salud Del Niño,Servicios Sociales,Salud,Gastos En Personal,Remuneraciones Al Personal,80292772.0,82680554.0,82638992.74,506788146.45,506533397.87,Fiscal
2023,4,Administracion Central,Ministerio De Salud,Ministerio De Salud,Ministerio De Salud,Subsecretaria Atencion Primaria Ambulatoria Y Comunitaria,Promocion Y Cuidado De La Salud Del Niño,Servicios Sociales,Salud,Bienes De Consumo,Bienes De Consumo,238513843.0,891695389.0,891695386.68,5465621981.55,5465621967.33,Fiscal
2023,4,Administracion Central,Ministerio De Salud,Ministerio De Salud,Ministerio De Salud,Subsecretaria Atencion Primaria Ambulatoria Y Comunitaria,Promocion Y Cuidado De La Salud Del Niño,Servicios Sociales,Salud,Servicios No Personales,Servicios No Personales,178251255.0,140431185.0,140431183.38,860769026.17,860769016.24,Fiscal
2023,4,Administracion Central,Ministerio De Salud,Ministerio De Salud,Ministerio De Salud,Subsecretaria Atencion Primaria Ambulatoria Y Comunitaria,Promocion Y Cuidado De La Salud Del Niño,Servicios Sociales,Salud,Bienes De Uso,Maquinaria Y Equipo,0.0,2017192.0,2017191.52,12364322.02,12364319.08,Fiscal
2023,4,Administracion Central,Ministerio De Salud,Ministerio De Salud,Ministerio De Salud,Subsecretaria Atencion Primaria Ambulatoria Y Comunitaria,Prevencion Y Proteccion En Salud Sexual,Servicios Sociales,Salud,Bienes De Consumo,Bienes De Consumo,1079182965.0,1136594499.0,1136594496.77,6966724236.19,6966724222.52,Fiscal
2023,4,Administracion Central,Ministerio De Salud,Ministerio De Salud,Ministerio De Salud,Subsecretaria Atencion Primaria Ambulatoria Y Comunitaria,Gestion De Redes Y Programas De Salud,Servicios Sociales,Salud,Servicios No Personales,Servicios No Personales,420302898.0,557470902.0,557470898.3,3417002323.48,3417002300.8,Fiscal
2023,4,Administracion Central,Ministerio De Salud,Ministerio De Salud,Ministerio De Salud,Subsecretaria Atencion Primaria Ambulatoria Y Comunitaria,Gestion De Redes Y Programas De Salud,Servicios Sociales,Salud,Bienes De Consumo,Bienes De Consumo,369457957.0,286830803.0,286829349.15,1758121395.72,1758112484.38,Fiscal
2023,4,Administracion Central,Ministerio De Salud,Ministerio De Salud,Ministerio De Salud,Subsecretaria Atencion Primaria Ambulatoria Y Comunitaria,Gestion De Redes Y Programas De Salud,Servicios Sociales,Salud,Gastos En Personal,Remuneraciones Al Personal,143468664.0,440515663.0,440515658.07,2700128452.62,2700128422.4,Fiscal
2023,4,Administracion Central,Ministerio De Salud,Ministerio De Salud,Ministerio De Salud,Subsecretaria Atencion Primaria Ambulatoria Y Comunitaria,"Atencion Primaria, Ambulatoria Y Comunitaria",Servicios Sociales,Salud,Gastos En Personal,Remuneraciones Al Personal,7220525390.0,6151580613.0,6151248081.9,37705941551.86,37703903311.77,Fiscal
2023,4,Administracion Central,Ministerio De Salud,Ministerio De Salud,Ministerio De Salud,Subsecretaria Atencion Primaria Ambulatoria Y Comunitaria,"Atencion Primaria, Ambulatoria Y Comunitaria",Servicios Sociales,Salud,Bienes De Consumo,Bienes De Consumo,88218031.0,114263899.0,114163305.26,700377377.49,699760790.98,Fiscal
2023,4,Administracion Central,Ministerio De Salud,Ministerio De Salud,Ministerio De Salud,Subsecretaria Atencion Primaria Ambulatoria Y Comunitaria,"Atencion Primaria, Ambulatoria Y Comunitaria",Servicios Sociales,Salud,Servicios No Personales,Servicios No Personales,678070989.0,1520619583.0,1520155657.54,9320595262.63,9317751644.48,Fiscal
2023,4,Administracion Central,Ministerio De Salud,Ministerio De Salud,Ministerio De Salud,Subsecretaria Atencion Primaria Ambulatoria Y Comunitaria,"Atencion Primaria, Ambulatoria Y Comunitaria",Servicios Sociales,Salud,Bienes De Uso,Maquinaria Y Equipo,0.0,26703267.0,24553338.48,163676929.25,150499002.43,Fiscal
2023,4,Administracion Central,Ministerio De Salud,Ministerio De Salud,Ministerio De Salud,Subsecretaria Atencion Primaria Ambulatoria Y Comunitaria,"Atencion Primaria, Ambulatoria Y Comunitaria",Servicios Sociales,Salud,Transferencias,Al Sector Privado,0.0,517500.0,517500.0,3172001.8,3172001.8,Fiscal
2023,4,Administracion Central,Ministerio De Salud,Ministerio De Salud,Ministerio De Salud,Subsecretaria Atencion Primaria Ambulatoria Y Comunitaria,"Atencion Primaria, Ambulatoria Y Comunitaria",Servicios Sociales,Salud,Bienes De Uso,Construcciones Del Dominio Privado,727088356.0,1177269710.0,1177068166.56,7216041805.94,7214806451.06,Fiscal
2023,4,Administracion Central,Ministerio De Salud,Ministerio De Salud,Ministerio De Salud,Ente Autarquico Instituto De Transplante,Ente Autarquico Instituto Del Trasplante,Servicios Sociales,Salud,Gastos En Personal,Remuneraciones Al Personal,383909611.0,633155268.0,633155082.91,3880907530.99,3880906396.48,Fiscal
2023,4,Administracion Central,Ministerio De Salud,Ministerio De Salud,Ministerio De Salud,Ente Autarquico Instituto De Transplante,Ente Autarquico Instituto Del Trasplante,Servicios Sociales,Salud,Bienes De Consumo,Bienes De Consumo,18405263.0,10151373.0,10027172.31,62222557.27,61461272.61,Fiscal
2023,4,Administracion Central,Ministerio De Salud,Ministerio De Salud,Ministerio De Salud,Ente Autarquico Instituto De Transplante,Ente Autarquico Instituto Del Trasplante,Servicios Sociales,Salud,Servicios No Personales,Servicios No Personales,24983786.0,47417418.0,47393365.36,290643739.25,290496309.26,Fiscal
2023,4,Administracion Central,Ministerio De Salud,Ministerio De Salud,Ministerio De Salud,Ente Autarquico Instituto De Transplante,Ente Autarquico Instituto Del Trasplante,Administración Gubernamental,Control De La Gestión,Gastos En Personal,Remuneraciones Al Personal,18153038.0,21855605.0,21839993.64,133963320.41,133867631.02,Fiscal
2023,4,Administracion Central,Ministerio De Salud,Ministerio De Salud,Ministerio De Salud,Ente Autarquico Instituto De Transplante,Ente Autarquico Instituto Del Trasplante,Administración Gubernamental,Control De La Gestión,Bienes De Consumo,Bienes De Consumo,150721.0,118097.0,118096.55,723872.26,723869.5,Fiscal
2023,4,Administracion Central,Ministerio De Salud,Ministerio De Salud,Ministerio De Salud,Ente Autarquico Instituto De Transplante,Ente Autarquico Instituto Del Trasplante,Administración Gubernamental,Control De La Gestión,Servicios No Personales,Servicios No Personales,60023.0,410000.0,410000.0,2513083.55,2513083.55,Fiscal
2023,4,Administracion Central,Ministerio De Salud,Ministerio De Salud,Ministerio De Salud,Ente Autarquico Instituto De Transplante,Ente Autarquico Instituto Del Trasplante,Servicios Sociales,Salud,Bienes De Uso,Maquinaria Y Equipo,68469530.0,27554271.0,21343322.54,168893134.5,130823299.38,Fiscal
2023,4,Administracion Central,Ministerio De Salud,Ministerio De Salud,Ministerio De Salud,Ente Autarquico Instituto De Transplante,Ente Autarquico Instituto Del Trasplante,Servicios Sociales,Salud,Transferencias,Al Sector Privado,14439142.0,148568492.0,138420122.37,910646422.15,848442273.95,Fiscal
2023,4,Administracion Central,Ministerio De Salud,Ministerio De Salud,Ministerio De Salud,Centro De Salud 34,Salud Comunitaria-Centros De Salud,Servicios Sociales,Salud,Gastos En Personal,Remuneraciones Al Personal,81777462.0,158848007.0,158847999.09,973654422.23,973654373.75,Fiscal
2023,4,Administracion Central,Ministerio De Salud,Ministerio De Salud,Ministerio De Salud,Centro De Salud 34,Salud Comunitaria-Centros De Salud,Servicios Sociales,Salud,Bienes De Consumo,Bienes De Consumo,128643911.0,97913685.0,97913679.57,600159197.45,600159164.17,Fiscal
2023,4,Administracion Central,Ministerio De Salud,Ministerio De Salud,Ministerio De Salud,Centro De Salud 34,Salud Comunitaria-Centros De Salud,Servicios Sociales,Salud,Servicios No Personales,Servicios No Personales,189835.0,833124.0,833123.26,5106610.29,5106605.75,Fiscal
2023,4,Administracion Central,Ministerio De Salud,Ministerio De Salud,Ministerio De Salud,Centro De Salud 34,Salud Comunitaria-Centros De Salud,Servicios Sociales,Salud,Bienes De Uso,Maquinaria Y Equipo,0.0,2346861.0,1879808.55,14385018.95,11522234.0,Fiscal
2023,4,Administracion Central,Ministerio De Salud,Ministerio De Salud,Ministerio De Salud,Centros Salud 22 38,Salud Comunitaria-Centros De Salud,Servicios Sociales,Salud,Gastos En Personal,Remuneraciones Al Personal,81815096.0,403703377.0,403703366.31,2474488573.76,2474488508.24,Fiscal
2023,4,Administracion Central,Ministerio De Salud,Ministerio De Salud,Ministerio De Salud,Centros Salud 22 38,Salud Comunitaria-Centros De Salud,Servicios Sociales,Salud,Bienes De Consumo,Bienes De Consumo,340717438.0,317813789.0,317813780.78,1948030743.04,1948030692.65,Fiscal
2023,4,Administracion Central,Ministerio De Salud,Ministerio De Salud,Ministerio De Salud,Centros Salud 22 38,Salud Comunitaria-Centros De Salud,Servicios Sociales,Salud,Servicios No Personales,Servicios No Personales,328188.0,1789916.0,1789914.66,10971240.13,10971231.92,Fiscal
2023,4,Administracion Central,Ministerio De Salud,Ministerio De Salud,Ministerio De Salud,Centros Salud 22 38,Salud Comunitaria-Centros De Salud,Servicios Sociales,Salud,Bienes De Uso,Maquinaria Y Equipo,0.0,7053091.0,6756650.47,43231724.29,41414700.34,Fiscal
2023,4,Administracion Central,Ministerio De Salud,Ministerio De Salud,Ministerio De Salud,Centros Salud 17 21 25 26,Salud Comunitaria-Centros De Salud,Servicios Sociales,Salud,Gastos En Personal,Remuneraciones Al Personal,353748776.0,830779107.0,830779093.62,5092237332.44,5092237250.43,Fiscal
2023,4,Administracion Central,Ministerio De Salud,Ministerio De Salud,Ministerio De Salud,Centros Salud 17 21 25 26,Salud Comunitaria-Centros De Salud,Servicios Sociales,Salud,Bienes De Consumo,Bienes De Consumo,214249126.0,215071933.0,215071923.89,1318277406.3,1318277350.46,Fiscal
2023,4,Administracion Central,Ministerio De Salud,Ministerio De Salud,Ministerio De Salud,Centros Salud 17 21 25 26,Salud Comunitaria-Centros De Salud,Servicios Sociales,Salud,Servicios No Personales,Servicios No Personales,245066.0,3243168.0,3243167.07,19878907.67,19878901.97,Fiscal
2023,4,Administracion Central,Ministerio De Salud,Ministerio De Salud,Ministerio De Salud,Centros Salud 17 21 25 26,Salud Comunitaria-Centros De Salud,Servicios Sociales,Salud,Bienes De Uso,Maquinaria Y Equipo,0.0,10384194.0,10370577.63,63649627.09,63566165.93,Fiscal
2023,4,Administracion Central,Ministerio De Salud,Ministerio De Salud,Ministerio De Salud,Centros Salud 2 12 27,Salud Comunitaria-Centros De Salud,Servicios Sociales,Salud,Gastos En Personal,Remuneraciones Al Personal,409987894.0,736826013.0,736826004.25,4516354466.91,4516354413.27,Fiscal
2023,4,Administracion Central,Ministerio De Salud,Ministerio De Salud,Ministerio De Salud,Centros Salud 2 12 27,Salud Comunitaria-Centros De Salud,Servicios Sociales,Salud,Bienes De Consumo,Bienes De Consumo,184027853.0,154676053.0,154271293.56,948082546.71,945601585.03,Fiscal
2023,4,Administracion Central,Ministerio De Salud,Ministerio De Salud,Ministerio De Salud,Centros Salud 2 12 27,Salud Comunitaria-Centros De Salud,Servicios Sociales,Salud,Servicios No Personales,Servicios No Personales,600959.0,2582706.0,2582704.96,15830624.29,15830617.92,Fiscal
2023,4,Administracion Central,Ministerio De Salud,Ministerio De Salud,Ministerio De Salud,Centros Salud 2 12 27,Salud Comunitaria-Centros De Salud,Servicios Sociales,Salud,Bienes De Uso,Maquinaria Y Equipo,0.0,6795627.0,6485757.03,41653605.89,39754266.57,Fiscal
2023,4,Administracion Central,Ministerio De Salud,Ministerio De Salud,Ministerio De Salud,Centros Salud 11 45,Salud Comunitaria-Centros De Salud,Servicios Sociales,Salud,Gastos En Personal,Remuneraciones Al Personal,329934186.0,582875476.0,582875467.59,3572718950.25,3572718898.7,Fiscal
2023,4,Administracion Central,Ministerio De Salud,Ministerio De Salud,Ministerio De Salud,Centros Salud 11 45,Salud Comunitaria-Centros De Salud,Servicios Sociales,Salud,Bienes De Consumo,Bienes De Consumo,215960589.0,256031124.0,256031118.03,1569335623.53,1569335586.94,Fiscal
2023,4,Administracion Central,Ministerio De Salud,Ministerio De Salud,Ministerio De Salud,Centros Salud 11 45,Salud Comunitaria-Centros De Salud,Servicios Sociales,Salud,Servicios No Personales,Servicios No Personales,221290.0,1277538.0,1277536.99,7830633.49,7830627.3,Fiscal
2023,4,Administracion Central,Ministerio De Salud,Ministerio De Salud,Ministerio De Salud,Centros Salud 11 45,Salud Comunitaria-Centros De Salud,Servicios Sociales,Salud,Bienes De Uso,Maquinaria Y Equipo,0.0,3633346.0,2733940.9,22270492.83,16757614.39,Fiscal
2023,4,Administracion Central,Ministerio De Salud,Ministerio De Salud,Ministerio De Salud,Centro Salud 33,Salud Comunitaria-Centros De Salud,Servicios Sociales,Salud,Gastos En Personal,Remuneraciones Al Personal,101383881.0,235120799.0,235120793.94,1441166370.47,1441166339.46,Fiscal
2023,4,Administracion Central,Ministerio De Salud,Ministerio De Salud,Ministerio De Salud,Centro Salud 33,Salud Comunitaria-Centros De Salud,Servicios Sociales,Salud,Bienes De Consumo,Bienes De Consumo,179074479.0,131670319.0,131670312.22,807069542.72,807069501.16,Fiscal
2023,4,Administracion Central,Ministerio De Salud,Ministerio De Salud,Ministerio De Salud,Centro Salud 33,Salud Comunitaria-Centros De Salud,Servicios Sociales,Salud,Servicios No Personales,Servicios No Personales,233118.0,762841.0,762840.41,4675812.6,4675808.99,Fiscal
2023,4,Administracion Central,Ministerio De Salud,Ministerio De Salud,Ministerio De Salud,Centro Salud 33,Salud Comunitaria-Centros De Salud,Servicios Sociales,Salud,Bienes De Uso,Maquinaria Y Equipo,0.0,5425420.0,4927491.74,33254960.36,30202922.99,Fiscal
2023,4,Administracion Central,Ministerio De Salud,Ministerio De Salud,Ministerio De Salud,Centro Salud 36,Salud Comunitaria-Centros De Salud,Servicios Sociales,Salud,Gastos En Personal,Remuneraciones Al Personal,120476718.0,313903195.0,313903185.27,1924060866.34,1924060806.7,Fiscal
2023,4,Administracion Central,Ministerio De Salud,Ministerio De Salud,Ministerio De Salud,Centro Salud 36,Salud Comunitaria-Centros De Salud,Servicios Sociales,Salud,Bienes De Consumo,Bienes De Consumo,200507524.0,173166705.0,173166697.89,1061420481.7,1061420438.12,Fiscal
2023,4,Administracion Central,Ministerio De Salud,Ministerio De Salud,Ministerio De Salud,Centro Salud 36,Salud Comunitaria-Centros De Salud,Servicios Sociales,Salud,Servicios No Personales,Servicios No Personales,144113.0,1554601.0,1554598.15,9528883.41,9528865.94,Fiscal
2023,4,Administracion Central,Ministerio De Salud,Ministerio De Salud,Ministerio De Salud,Centro Salud 36,Salud Comunitaria-Centros De Salud,Servicios Sociales,Salud,Bienes De Uso,Maquinaria Y Equipo,0.0,4535070.0,4258293.38,27797584.9,26101090.34,Fiscal
2023,4,Administracion Central,Ministerio De Salud,Ministerio De Salud,Ministerio De Salud,Cs 9 15 41,Salud Comunitaria - Acumar,Servicios Sociales,Salud,Gastos En Personal,Remuneraciones Al Personal,617841006.0,1275657991.0,1275657976.15,7819110026.32,7819109935.29,Fiscal
2023,4,Administracion Central,Ministerio De Salud,Ministerio De Salud,Ministerio De Salud,Cs 9 15 41,Salud Comunitaria - Acumar,Servicios Sociales,Salud,Bienes De Consumo,Bienes De Consumo,201082525.0,192623522.0,192623513.57,1180680498.07,1180680446.39,Fiscal
2023,4,Administracion Central,Ministerio De Salud,Ministerio De Salud,Ministerio De Salud,Cs 9 15 41,Salud Comunitaria - Acumar,Servicios Sociales,Salud,Servicios No Personales,Servicios No Personales,1190401.0,5101206.0,5101205.1,31267699.7,31267694.18,Fiscal
2023,4,Administracion Central,Ministerio De Salud,Ministerio De Salud,Ministerio De Salud,Cs 9 15 41,Salud Comunitaria - Acumar,Servicios Sociales,Salud,Bienes De Uso,Maquinaria Y Equipo,0.0,11653534.0,11653532.32,71430011.17,71430000.87,Fiscal
2023,4,Administracion Central,Ministerio De Salud,Ministerio De Salud,Ministerio De Salud,Cs. 1 8 10 16 30 32 35 39,Salud Comunitaria - Acumar,Servicios Sociales,Salud,Gastos En Personal,Remuneraciones Al Personal,1070892914.0,1871175062.0,1871175051.93,11469315280.04,11469315218.31,Fiscal
2023,4,Administracion Central,Ministerio De Salud,Ministerio De Salud,Ministerio De Salud,Cs. 1 8 10 16 30 32 35 39,Salud Comunitaria - Acumar,Servicios Sociales,Salud,Bienes De Consumo,Bienes De Consumo,395007690.0,477301858.0,477294738.69,2925608407.42,2925564769.81,Fiscal
2023,4,Administracion Central,Ministerio De Salud,Ministerio De Salud,Ministerio De Salud,Cs. 1 8 10 16 30 32 35 39,Salud Comunitaria - Acumar,Servicios Sociales,Salud,Servicios No Personales,Servicios No Personales,912452.0,13689842.0,13689840.32,83911504.18,83911493.88,Fiscal
2023,4,Administracion Central,Ministerio De Salud,Ministerio De Salud,Ministerio De Salud,Cs. 1 8 10 16 30 32 35 39,Salud Comunitaria - Acumar,Servicios Sociales,Salud,Bienes De Uso,Maquinaria Y Equipo,0.0,23658041.0,23210038.98,145011301.53,142265285.66,Fiscal
2023,4,Administracion Central,Ministerio De Salud,Ministerio De Salud,Ministerio De Salud,Cs 6 14 19 20 24 31 40 43 44,Salud Comunitaria - Acumar,Servicios Sociales,Salud,Gastos En Personal,Remuneraciones Al Personal,1412936243.0,2516123817.0,2516123810.11,15422510660.19,15422510617.96,Fiscal
2023,4,Administracion Central,Ministerio De Salud,Ministerio De Salud,Ministerio De Salud,Cs 6 14 19 20 24 31 40 43 44,Salud Comunitaria - Acumar,Servicios Sociales,Salud,Bienes De Consumo,Bienes De Consumo,526062055.0,552721085.0,552721075.84,3387888452.84,3387888396.69,Fiscal
2023,4,Administracion Central,Ministerio De Salud,Ministerio De Salud,Ministerio De Salud,Cs 6 14 19 20 24 31 40 43 44,Salud Comunitaria - Acumar,Servicios Sociales,Salud,Servicios No Personales,Servicios No Personales,1481627.0,9620950.0,9620949.04,58971344.31,58971338.42,Fiscal
2023,4,Administracion Central,Ministerio De Salud,Ministerio De Salud,Ministerio De Salud,Cs 6 14 19 20 24 31 40 43 44,Salud Comunitaria - Acumar,Servicios Sociales,Salud,Bienes De Uso,Maquinaria Y Equipo,0.0,26553869.0,26222093.95,162761198.38,160727592.48,Fiscal
2023,4,Administracion Central,Ministerio De Salud,Ministerio De Salud,Ministerio De Salud,Cs 3 4 5 7 28 29 37,Salud Comunitaria - Acumar,Servicios Sociales,Salud,Gastos En Personal,Remuneraciones Al Personal,652188949.0,1206380960.0,1206380946.61,7394478399.73,7394478317.66,Fiscal
2023,4,Administracion Central,Ministerio De Salud,Ministerio De Salud,Ministerio De Salud,Cs 3 4 5 7 28 29 37,Salud Comunitaria - Acumar,Servicios Sociales,Salud,Bienes De Consumo,Bienes De Consumo,381235798.0,492227115.0,492227104.3,3017092353.34,3017092287.75,Fiscal
2023,4,Administracion Central,Ministerio De Salud,Ministerio De Salud,Ministerio De Salud,Cs 3 4 5 7 28 29 37,Salud Comunitaria - Acumar,Servicios Sociales,Salud,Servicios No Personales,Servicios No Personales,2739423.0,8340978.0,8340976.98,51125791.68,51125785.43,Fiscal
2023,4,Administracion Central,Ministerio De Salud,Ministerio De Salud,Ministerio De Salud,Cs 3 4 5 7 28 29 37,Salud Comunitaria - Acumar,Servicios Sociales,Salud,Bienes De Uso,Maquinaria Y Equipo,0.0,19939304.0,19581376.69,122217406.96,120023501.51,Fiscal
2023,4,Administracion Central,Ministerio De Salud,Ministerio De Salud,Ministerio De Salud,Cemar 1 Paternal,Salud Comunitaria-Centros De Salud,Servicios Sociales,Salud,Gastos En Personal,Remuneraciones Al Personal,0.0,71354.0,71351.92,437362.35,437349.6,Fiscal
2023,4,Administracion Central,Ministerio De Salud,Ministerio De Salud,Ministerio De Salud,Cemar 1 Paternal,Salud Comunitaria-Centros De Salud,Servicios Sociales,Salud,Bienes De Consumo,Bienes De Consumo,114041893.0,1303268.0,1290929.07,7988344.81,7912713.68,Fiscal
2023,4,Administracion Central,Ministerio De Salud,Ministerio De Salud,Ministerio De Salud,Cemar 1 Paternal,Salud Comunitaria-Centros De Salud,Servicios Sociales,Salud,Servicios No Personales,Servicios No Personales,4167969.0,3548127.0,3548125.79,21748145.35,21748137.93,Fiscal
2023,4,Administracion Central,Ministerio De Salud,Ministerio De Salud,Ministerio De Salud,Cemar 1 Paternal,Salud Comunitaria-Centros De Salud,Servicios Sociales,Salud,Bienes De Uso,Maquinaria Y Equipo,0.0,1091701.0,1063033.12,6691550.79,6515831.82,Fiscal
2023,4,Administracion Central,Ministerio De Salud,Ministerio De Salud,Ministerio De Salud,Cemar 2 Barracas,Salud Comunitaria - Acumar,Servicios Sociales,Salud,Gastos En Personal,Remuneraciones Al Personal,0.0,893590.0,893588.39,5477234.95,5477225.08,Fiscal
2023,4,Administracion Central,Ministerio De Salud,Ministerio De Salud,Ministerio De Salud,Cemar 2 Barracas,Salud Comunitaria - Acumar,Servicios Sociales,Salud,Bienes De Consumo,Bienes De Consumo,122778410.0,84553558.0,84553556.36,518268672.15,518268662.1,Fiscal
2023,4,Administracion Central,Ministerio De Salud,Ministerio De Salud,Ministerio De Salud,Cemar 2 Barracas,Salud Comunitaria - Acumar,Servicios Sociales,Salud,Servicios No Personales,Servicios No Personales,10060615.0,3548127.0,3548125.79,21748145.35,21748137.93,Fiscal
2023,4,Administracion Central,Ministerio De Salud,Ministerio De Salud,Ministerio De Salud,Cemar 2 Barracas,Salud Comunitaria - Acumar,Servicios Sociales,Salud,Bienes De Uso,Maquinaria Y Equipo,0.0,2743791.0,2673516.26,16817990.3,16387243.24,Fiscal
2023,4,Administracion Central,Ministerio De Salud,Ministerio De Salud,Ministerio De Salud,"Cesacs 3,18,43",Salud Comunitaria - Acumar,Servicios Sociales,Salud,Gastos En Personal,Remuneraciones Al Personal,312758811.0,574367190.0,574367172.72,3520567648.85,3520567542.94,Fiscal
2023,4,Administracion Central,Ministerio De Salud,Ministerio De Salud,Ministerio De Salud,"Cesacs 3,18,43",Salud Comunitaria - Acumar,Servicios Sociales,Salud,Bienes De Consumo,Bienes De Consumo,196810094.0,8457945.0,8457941.74,51842737.64,51842717.66,Fiscal
2023,4,Administracion Central,Ministerio De Salud,Ministerio De Salud,Ministerio De Salud,"Cesacs 3,18,43",Salud Comunitaria - Acumar,Servicios Sociales,Salud,Servicios No Personales,Servicios No Personales,0.0,2865324.0,2865322.73,17562923.43,17562915.64,Fiscal
2023,4,Administracion Central,Ministerio De Salud,Ministerio De Salud,Ministerio De Salud,"Cesacs 3,18,43",Salud Comunitaria - Acumar,Servicios Sociales,Salud,Bienes De Uso,Maquinaria Y Equipo,0.0,5661956.0,4762868.95,34704801.16,29193872.2,Fiscal
2023,4,Administracion Central,Ministerio De Salud,Ministerio De Salud,Ministerio De Salud,Secretaria De Bienestar Integral,Actividades Comunes,Servicios Sociales,Salud,Gastos En Personal,Remuneraciones Al Personal,225328309.0,427230815.0,427230802.83,2618699347.86,2618699273.26,Fiscal
2023,4,Administracion Central,Ministerio De Salud,Ministerio De Salud,Ministerio De Salud,Secretaria De Bienestar Integral,Actividades Comunes,Servicios Sociales,Salud,Bienes De Consumo,Bienes De Consumo,35963196.0,39113992.0,39113979.17,239748121.5,239748042.86,Fiscal
2023,4,Administracion Central,Ministerio De Salud,Ministerio De Salud,Ministerio De Salud,Secretaria De Bienestar Integral,Actividades Comunes,Servicios Sociales,Salud,Servicios No Personales,Servicios No Personales,984902724.0,1600401464.0,1599128017.61,9809616073.89,9801810519.81,Fiscal
2023,4,Administracion Central,Ministerio De Salud,Ministerio De Salud,Ministerio De Salud,Secretaria De Bienestar Integral,Actividades Comunes,Servicios Sociales,Salud,Bienes De Uso,Maquinaria Y Equipo,0.0,43489061.0,43489056.86,266564984.74,266564959.36,Fiscal
2023,4,Administracion Central,Ministerio De Salud,Ministerio De Salud,Ministerio De Salud,Subsecretaria Para Personas Mayores,Acciones Para Personas Mayores,Servicios Sociales,Salud,Gastos En Personal,Remuneraciones Al Personal,193056026.0,357769928.0,357750991.28,2192940781.05,2192824708.96,Fiscal
2023,4,Administracion Central,Ministerio De Salud,Ministerio De Salud,Ministerio De Salud,Subsecretaria Para Personas Mayores,Acciones Para Personas Mayores,Servicios Sociales,Salud,Bienes De Consumo,Bienes De Consumo,1358441.0,3582789.0,3582786.25,21960605.11,21960588.25,Fiscal
2023,4,Administracion Central,Ministerio De Salud,Ministerio De Salud,Ministerio De Salud,Subsecretaria Para Personas Mayores,Acciones Para Personas Mayores,Servicios Sociales,Salud,Servicios No Personales,Servicios No Personales,772615.0,53274182.0,52216179.82,326542610.6,320057615.79,Fiscal
2023,4,Administracion Central,Ministerio De Salud,Ministerio De Salud,Ministerio De Salud,Subsecretaria Para Personas Mayores,Acciones Para Personas Mayores,Servicios Sociales,Salud,Bienes De Uso,Maquinaria Y Equipo,0.0,2184114.0,2184112.69,13387465.76,13387457.73,Fiscal
2023,4,Administracion Central,Ministerio De Salud,Ministerio De Salud,Ministerio De Salud,Subsecretaria Para Personas Mayores,Acciones Para Personas Mayores,Servicios Sociales,Salud,Bienes De Uso,Activos Intangibles,0.0,28278299.0,28278298.06,173331043.9,173331038.14,Fiscal
2023,4,Administracion Central,Ministerio De Salud,Ministerio De Salud,Ministerio De Salud,Dirección General Coordinación Y Vinculación Para Personas Mayores,Coordinacion Y Vinculacion Para Personas Mayores,Servicios Sociales,Salud,Gastos En Personal,Remuneraciones Al Personal,21810311.0,45466852.0,45466843.57,278687799.43,278687747.76,Fiscal
2023,4,Administracion Central,Ministerio De Salud,Ministerio De Salud,Ministerio De Salud,Dirección General Coordinación Y Vinculación Para Personas Mayores,Coordinacion Y Vinculacion Para Personas Mayores,Servicios Sociales,Salud,Bienes De Consumo,Bienes De Consumo,1570681.0,203204.0,203203.18,1245533.24,1245528.22,Fiscal
2023,4,Administracion Central,Ministerio De Salud,Ministerio De Salud,Ministerio De Salud,Dirección General Coordinación Y Vinculación Para Personas Mayores,Coordinacion Y Vinculacion Para Personas Mayores,Servicios Sociales,Salud,Servicios No Personales,Servicios No Personales,374007.0,168088.0,168087.02,1030290.7,1030284.69,Fiscal
2023,4,Administracion Central,Ministerio De Salud,Ministerio De Salud,Ministerio De Salud,Ss.Planif.Sanit.Gestión En Red,Planificacion Sanitaria Y Gestion En Red,Servicios Sociales,Salud,Gastos En Personal,Remuneraciones Al Personal,2354230702.0,5029721972.0,5029607874.69,30829540345.7,30828840989.43,Fiscal
2023,4,Administracion Central,Ministerio De Salud,Ministerio De Salud,Ministerio De Salud,Ss.Planif.Sanit.Gestión En Red,Planificacion Sanitaria Y Gestion En Red,Servicios Sociales,Salud,Bienes De Consumo,Bienes De Consumo,1471225923.0,2366621183.0,2366197425.04,14506138440.74,14503541028.16,Fiscal
2023,4,Administracion Central,Ministerio De Salud,Ministerio De Salud,Ministerio De Salud,Ss.Planif.Sanit.Gestión En Red,Planificacion Sanitaria Y Gestion En Red,Servicios Sociales,Salud,Servicios No Personales,Servicios No Personales,1709014352.0,3001339796.0,2975381097.76,18396628451.24,18237515335.42,Fiscal
2023,4,Administracion Central,Ministerio De Salud,Ministerio De Salud,Ministerio De Salud,Ss.Planif.Sanit.Gestión En Red,Planificacion Sanitaria Y Gestion En Red,Servicios Sociales,Salud,Bienes De Uso,Maquinaria Y Equipo,1208827490.0,276600134.0,174509890.89,1695412795.83,1069653502.1,Fiscal
2023,4,Administracion Central,Ministerio De Salud,Ministerio De Salud,Ministerio De Salud,Ss.Planif.Sanit.Gestión En Red,Planificacion Sanitaria Y Gestion En Red,Servicios Sociales,Salud,Transferencias,Al Sector Privado,107738933.0,139081189.0,138580707.62,852494263.4,849426576.76,Fiscal
2023,4,Administracion Central,Ministerio De Salud,Ministerio De Salud,Ministerio De Salud,Ss.Planif.Sanit.Gestión En Red,Planificacion Sanitaria Y Gestion En Red,Servicios Sociales,Salud,Bienes De Consumo,Bienes De Consumo,0.0,114213.0,114212.21,700065.39,700060.55,Fiscal
2023,4,Administracion Central,Ministerio De Salud,Ministerio De Salud,Ministerio De Salud,Ss.Planif.Sanit.Gestión En Red,Planificacion Sanitaria Y Gestion En Red,Servicios Sociales,Salud,Servicios No Personales,Servicios No Personales,609736485.0,752230809.0,721433944.68,4610777733.73,4422009214.05,Fiscal
2023,4,Administracion Central,Ministerio De Salud,Ministerio De Salud,Ministerio De Salud,Ss.Planif.Sanit.Gestión En Red,Planificacion Sanitaria Y Gestion En Red,Servicios Sociales,Salud,Bienes De Uso,Bienes De Uso,1610027907.0,4848535008.0,4790673213.82,29718959910.47,29364297659.14,Fiscal
2023,4,Administracion Central,Ministerio De Salud,Ministerio De Salud,Ministerio De Salud,Ss.Planif.Sanit.Gestión En Red,Planificacion Sanitaria Y Gestion En Red,Servicios Sociales,Salud,Activos Financieros,Activos Financieros,0.0,975133168.0,975035137.93,5977051517.49,5976450644.91,Fiscal
2023,4,Administracion Central,Ministerio De Desarrollo Humano Y Hábitat,Ministerio De Desarrollo Humano Y Hábitat,Ministerio De Desarrollo Humano Y Hábitat,Comision Plena Participacion E Integracion Personas Con Necesidades Especiales,Inclusion De Personas Con Discapacidad,Servicios Sociales,Promoción Y Acción Social,Gastos En Personal,Remuneraciones Al Personal,254449196.0,167963213.0,167963199.52,1029525822.82,1029525740.19,Fiscal
2023,4,Administracion Central,Ministerio De Desarrollo Humano Y Hábitat,Ministerio De Desarrollo Humano Y Hábitat,Ministerio De Desarrollo Humano Y Hábitat,Comision Plena Participacion E Integracion Personas Con Necesidades Especiales,Inclusion De Personas Con Discapacidad,Servicios Sociales,Promoción Y Acción Social,Bienes De Consumo,Bienes De Consumo,1889328.0,1579225.0,1534138.41,9679815.53,9403458.54,Fiscal
2023,4,Administracion Central,Ministerio De Desarrollo Humano Y Hábitat,Ministerio De Desarrollo Humano Y Hábitat,Ministerio De Desarrollo Humano Y Hábitat,Comision Plena Participacion E Integracion Personas Con Necesidades Especiales,Inclusion De Personas Con Discapacidad,Servicios Sociales,Promoción Y Acción Social,Servicios No Personales,Servicios No Personales,28006575.0,115281287.0,115281263.96,706613428.82,706613287.6,Fiscal
2023,4,Administracion Central,Ministerio De Desarrollo Humano Y Hábitat,Ministerio De Desarrollo Humano Y Hábitat,Ministerio De Desarrollo Humano Y Hábitat,Comision Plena Participacion E Integracion Personas Con Necesidades Especiales,Inclusion De Personas Con Discapacidad,Servicios Sociales,Promoción Y Acción Social,Bienes De Uso,Maquinaria Y Equipo,0.0,13384002.0,13384001.17,82036866.44,82036861.35,Fiscal
2023,4,Administracion Central,Ministerio De Desarrollo Humano Y Hábitat,Ministerio De Desarrollo Humano Y Hábitat,Ministerio De Desarrollo Humano Y Hábitat,Comision Plena Participacion E Integracion Personas Con Necesidades Especiales,Inclusion De Personas Con Discapacidad,Servicios Sociales,Promoción Y Acción Social,Transferencias,Al Sector Privado,104044099.0,104248570.0,104248570.0,638988698.12,638988698.12,Fiscal
2023,4,Administracion Central,Ministerio De Desarrollo Humano Y Hábitat,Ministerio De Desarrollo Humano Y Hábitat,Ministerio De Desarrollo Humano Y Hábitat,Dir.Gral.Mujer,"Deteccion, Proteccion Y Asistencia A Victimas De Trata De Personas-Ley 2781",Servicios Sociales,Promoción Y Acción Social,Bienes De Consumo,Bienes De Consumo,1799362.0,0.0,0.0,0.0,0.0,Fiscal
2023,4,Administracion Central,Ministerio De Desarrollo Humano Y Hábitat,Ministerio De Desarrollo Humano Y Hábitat,Ministerio De Desarrollo Humano Y Hábitat,Dir.Gral.Mujer,"Deteccion, Proteccion Y Asistencia A Victimas De Trata De Personas-Ley 2781",Servicios Sociales,Promoción Y Acción Social,Servicios No Personales,Servicios No Personales,0.0,11449517.0,11449516.1,70179494.66,70179489.15,Fiscal
2023,4,Administracion Central,Ministerio De Desarrollo Humano Y Hábitat,Ministerio De Desarrollo Humano Y Hábitat,Ministerio De Desarrollo Humano Y Hábitat,Dir.Gral.Mujer,Asistencia A Victimas De La Violencia,Servicios Sociales,Promoción Y Acción Social,Gastos En Personal,Remuneraciones Al Personal,712287648.0,928358789.0,928358760.84,5690349267.83,5690349095.22,Fiscal
2023,4,Administracion Central,Ministerio De Desarrollo Humano Y Hábitat,Ministerio De Desarrollo Humano Y Hábitat,Ministerio De Desarrollo Humano Y Hábitat,Dir.Gral.Mujer,Asistencia A Victimas De La Violencia,Servicios Sociales,Promoción Y Acción Social,Bienes De Consumo,Bienes De Consumo,4093546.0,7430221.0,7141804.59,45543332.09,43775491.76,Fiscal
2023,4,Administracion Central,Ministerio De Desarrollo Humano Y Hábitat,Ministerio De Desarrollo Humano Y Hábitat,Ministerio De Desarrollo Humano Y Hábitat,Dir.Gral.Mujer,Asistencia A Victimas De La Violencia,Servicios Sociales,Promoción Y Acción Social,Servicios No Personales,Servicios No Personales,391761991.0,581050411.0,577324531.13,3561532265.31,3538694588.71,Fiscal
2023,4,Administracion Central,Ministerio De Desarrollo Humano Y Hábitat,Ministerio De Desarrollo Humano Y Hábitat,Ministerio De Desarrollo Humano Y Hábitat,Dir.Gral.Mujer,Asistencia A Victimas De La Violencia,Servicios Sociales,Promoción Y Acción Social,Bienes De Uso,Maquinaria Y Equipo,0.0,195840.0,195840.0,1200395.81,1200395.81,Fiscal
2023,4,Administracion Central,Ministerio De Desarrollo Humano Y Hábitat,Ministerio De Desarrollo Humano Y Hábitat,Ministerio De Desarrollo Humano Y Hábitat,Dir.Gral.Mujer,Asistencia A Victimas De La Violencia,Servicios Sociales,Promoción Y Acción Social,Transferencias,Al Sector Privado,153782250.0,200235974.0,200235974.0,1227340809.98,1227340809.98,Fiscal
2023,4,Administracion Central,Ministerio De Desarrollo Humano Y Hábitat,Ministerio De Desarrollo Humano Y Hábitat,Ministerio De Desarrollo Humano Y Hábitat,Dir.Gral.Mujer,Fortalecimiento Politicas De Igualdad De Oportunidad,Servicios Sociales,Promoción Y Acción Social,Gastos En Personal,Remuneraciones Al Personal,123880553.0,188420794.0,188420789.04,1154919994.17,1154919963.77,Fiscal
2023,4,Administracion Central,Ministerio De Desarrollo Humano Y Hábitat,Ministerio De Desarrollo Humano Y Hábitat,Ministerio De Desarrollo Humano Y Hábitat,Dir.Gral.Mujer,Fortalecimiento Politicas De Igualdad De Oportunidad,Servicios Sociales,Promoción Y Acción Social,Bienes De Consumo,Bienes De Consumo,269904.0,0.0,0.0,0.0,0.0,Fiscal
2023,4,Administracion Central,Ministerio De Desarrollo Humano Y Hábitat,Ministerio De Desarrollo Humano Y Hábitat,Ministerio De Desarrollo Humano Y Hábitat,Dir.Gral.Mujer,Abordaje Territorial De Las Violencias Por Motivos De Genero En Barrios Populares,Servicios Sociales,Promoción Y Acción Social,Bienes De Consumo,Bienes De Consumo,269904.0,0.0,0.0,0.0,0.0,Fiscal
2023,4,Administracion Central,Ministerio De Desarrollo Humano Y Hábitat,Ministerio De Desarrollo Humano Y Hábitat,Ministerio De Desarrollo Humano Y Hábitat,Upe Urbanizacion Barrio Padre Carlos Mugica,Upe Urbanizacion Barrio Padre Carlos Mugica,Servicios Sociales,Vivienda Y Urbanismo,Gastos En Personal,Remuneraciones Al Personal,61086405.0,105586077.0,105586069.0,647186909.92,647186860.88,Fiscal
2023,4,Administracion Central,Ministerio De Desarrollo Humano Y Hábitat,Ministerio De Desarrollo Humano Y Hábitat,Ministerio De Desarrollo Humano Y Hábitat,Upe Urbanizacion Barrio Padre Carlos Mugica,Upe Urbanizacion Barrio Padre Carlos Mugica,Servicios Sociales,Vivienda Y Urbanismo,Bienes De Consumo,Bienes De Consumo,77860536.0,79309806.0,79306038.56,486127240.73,486104148.31,Fiscal
2023,4,Administracion Central,Ministerio De Desarrollo Humano Y Hábitat,Ministerio De Desarrollo Humano Y Hábitat,Ministerio De Desarrollo Humano Y Hábitat,Upe Urbanizacion Barrio Padre Carlos Mugica,Upe Urbanizacion Barrio Padre Carlos Mugica,Servicios Sociales,Vivienda Y Urbanismo,Servicios No Personales,Servicios No Personales,7422674.0,660500445.0,660474837.35,4048519029.65,4048362068.27,Fiscal
2023,4,Administracion Central,Ministerio De Desarrollo Humano Y Hábitat,Ministerio De Desarrollo Humano Y Hábitat,Ministerio De Desarrollo Humano Y Hábitat,Upe Urbanizacion Barrio Padre Carlos Mugica,Upe Urbanizacion Barrio Padre Carlos Mugica,Servicios Sociales,Vivienda Y Urbanismo,Bienes De Uso,Maquinaria Y Equipo,0.0,31660210.0,31660208.09,194060372.92,194060361.21,Fiscal
2023,4,Administracion Central,Ministerio De Desarrollo Humano Y Hábitat,Ministerio De Desarrollo Humano Y Hábitat,Ministerio De Desarrollo Humano Y Hábitat,Upe Urbanizacion Barrio Padre Carlos Mugica,Upe Urbanizacion Barrio Padre Carlos Mugica,Servicios Sociales,Vivienda Y Urbanismo,Transferencias,Al Sector Privado,608285067.0,534720635.0,534720634.9,3277555197.32,3277555196.71,Fiscal
2023,4,Administracion Central,Ministerio De Desarrollo Humano Y Hábitat,Ministerio De Desarrollo Humano Y Hábitat,Ministerio De Desarrollo Humano Y Hábitat,Upe Urbanizacion Barrio Padre Carlos Mugica,Integracion Social,Servicios Sociales,Vivienda Y Urbanismo,Gastos En Personal,Remuneraciones Al Personal,28462682.0,53458102.0,53458092.8,327669943.11,327669886.72,Fiscal
2023,4,Administracion Central,Ministerio De Desarrollo Humano Y Hábitat,Ministerio De Desarrollo Humano Y Hábitat,Ministerio De Desarrollo Humano Y Hábitat,Upe Urbanizacion Barrio Padre Carlos Mugica,Integracion Social,Servicios Sociales,Vivienda Y Urbanismo,Bienes De Consumo,Bienes De Consumo,3764129.0,7343554.0,7213548.26,45012109.14,44215242.58,Fiscal
2023,4,Administracion Central,Ministerio De Desarrollo Humano Y Hábitat,Ministerio De Desarrollo Humano Y Hábitat,Ministerio De Desarrollo Humano Y Hábitat,Upe Urbanizacion Barrio Padre Carlos Mugica,Integracion Social,Servicios Sociales,Vivienda Y Urbanismo,Servicios No Personales,Servicios No Personales,22683833.0,167354680.0,167354678.45,1025795836.79,1025795827.29,Fiscal
2023,4,Administracion Central,Ministerio De Desarrollo Humano Y Hábitat,Ministerio De Desarrollo Humano Y Hábitat,Ministerio De Desarrollo Humano Y Hábitat,Upe Urbanizacion Barrio Padre Carlos Mugica,Integracion Social,Servicios Sociales,Vivienda Y Urbanismo,Bienes De Uso,Maquinaria Y Equipo,0.0,13495732.0,13495731.26,82721712.35,82721707.82,Fiscal
2023,4,Administracion Central,Ministerio De Desarrollo Humano Y Hábitat,Ministerio De Desarrollo Humano Y Hábitat,Ministerio De Desarrollo Humano Y Hábitat,Upe Urbanizacion Barrio Padre Carlos Mugica,Integracion Social,Servicios Sociales,Vivienda Y Urbanismo,Transferencias,Al Sector Privado,19811208.0,20102635.0,20102634.55,123218539.76,123218537.0,Fiscal
2023,4,Administracion Central,Ministerio De Desarrollo Humano Y Hábitat,Ministerio De Desarrollo Humano Y Hábitat,Ministerio De Desarrollo Humano Y Hábitat,Upe Urbanizacion Barrio Padre Carlos Mugica,Integracion Economica,Servicios Sociales,Vivienda Y Urbanismo,Gastos En Personal,Remuneraciones Al Personal,23487774.0,59708662.0,59708655.19,365982576.05,365982534.31,Fiscal
2023,4,Administracion Central,Ministerio De Desarrollo Humano Y Hábitat,Ministerio De Desarrollo Humano Y Hábitat,Ministerio De Desarrollo Humano Y Hábitat,Upe Urbanizacion Barrio Padre Carlos Mugica,Integracion Economica,Servicios Sociales,Vivienda Y Urbanismo,Bienes De Consumo,Bienes De Consumo,2971681.0,2156164.0,2154492.49,13216147.02,13205901.54,Fiscal
2023,4,Administracion Central,Ministerio De Desarrollo Humano Y Hábitat,Ministerio De Desarrollo Humano Y Hábitat,Ministerio De Desarrollo Humano Y Hábitat,Upe Urbanizacion Barrio Padre Carlos Mugica,Integracion Economica,Servicios Sociales,Vivienda Y Urbanismo,Servicios No Personales,Servicios No Personales,33473023.0,205231025.0,205231022.96,1257957835.57,1257957823.07,Fiscal
2023,4,Administracion Central,Ministerio De Desarrollo Humano Y Hábitat,Ministerio De Desarrollo Humano Y Hábitat,Ministerio De Desarrollo Humano Y Hábitat,Upe Urbanizacion Barrio Padre Carlos Mugica,Integracion Economica,Servicios Sociales,Vivienda Y Urbanismo,Transferencias,Al Sector Privado,19811208.0,25604525.0,24521300.0,156942220.85,150302623.46,Fiscal
2023,4,Administracion Central,Ministerio De Desarrollo Humano Y Hábitat,Ministerio De Desarrollo Humano Y Hábitat,Ministerio De Desarrollo Humano Y Hábitat,Upe Urbanizacion Barrio Padre Carlos Mugica,"Obras, Proyectos Y Diseño Urbano",Servicios Sociales,Vivienda Y Urbanismo,Gastos En Personal,Remuneraciones Al Personal,33483550.0,58276664.0,58276656.81,357205184.3,357205140.23,Fiscal
2023,4,Administracion Central,Ministerio De Desarrollo Humano Y Hábitat,Ministerio De Desarrollo Humano Y Hábitat,Ministerio De Desarrollo Humano Y Hábitat,Upe Urbanizacion Barrio Padre Carlos Mugica,"Obras, Proyectos Y Diseño Urbano",Servicios Sociales,Vivienda Y Urbanismo,Bienes De Consumo,Bienes De Consumo,6042418.0,2040504.0,2040501.14,12507212.28,12507194.75,Fiscal
2023,4,Administracion Central,Ministerio De Desarrollo Humano Y Hábitat,Ministerio De Desarrollo Humano Y Hábitat,Ministerio De Desarrollo Humano Y Hábitat,Upe Urbanizacion Barrio Padre Carlos Mugica,"Obras, Proyectos Y Diseño Urbano",Servicios Sociales,Vivienda Y Urbanismo,Servicios No Personales,Servicios No Personales,2872625.0,122043186.0,122043186.0,748060299.88,748060299.88,Fiscal
2023,4,Administracion Central,Ministerio De Desarrollo Humano Y Hábitat,Ministerio De Desarrollo Humano Y Hábitat,Ministerio De Desarrollo Humano Y Hábitat,Upe Urbanizacion Barrio Padre Carlos Mugica,"Obras, Proyectos Y Diseño Urbano",Servicios Sociales,Vivienda Y Urbanismo,Servicios No Personales,Servicios No Personales,2391902603.0,3453668149.0,3450883679.24,21169162457.29,21152095127.66,Fiscal
2023,4,Administracion Central,Ministerio De Desarrollo Humano Y Hábitat,Ministerio De Desarrollo Humano Y Hábitat,Ministerio De Desarrollo Humano Y Hábitat,Upe Urbanizacion Barrio Padre Carlos Mugica,"Obras, Proyectos Y Diseño Urbano",Servicios Sociales,Vivienda Y Urbanismo,Bienes De Uso,Construcciones Del Dominio Público,3601351280.0,8124114259.0,8122280029.01,49796531441.54,49785288580.05,Fiscal
2023,4,Administracion Central,Ministerio De Desarrollo Humano Y Hábitat,Ministerio De Desarrollo Humano Y Hábitat,Ministerio De Desarrollo Humano Y Hábitat,Upe Urbanizacion Barrio Padre Carlos Mugica,"Obras, Proyectos Y Diseño Urbano",Servicios Sociales,Vivienda Y Urbanismo,Activos Financieros,Activos Financieros,50753219.0,118674329.0,118674328.34,727410985.0,727410980.95,Fiscal
2023,4,Administracion Central,Ministerio De Desarrollo Humano Y Hábitat,Ministerio De Desarrollo Humano Y Hábitat,Ministerio De Desarrollo Humano Y Hábitat,Upe Urbanizacion Barrio Padre Carlos Mugica,"Obras, Proyectos Y Diseño Urbano",Servicios Sociales,Vivienda Y Urbanismo,Bienes De Uso,Construcciones Del Dominio Privado,1678764225.0,3423455978.0,3423455718.15,20983977798.98,20983976206.23,Fiscal
2023,4,Administracion Central,Ministerio De Desarrollo Humano Y Hábitat,Ministerio De Desarrollo Humano Y Hábitat,Ministerio De Desarrollo Humano Y Hábitat,Upe Urbanizacion Barrio Padre Carlos Mugica,"Obras, Proyectos Y Diseño Urbano",Servicios Sociales,Vivienda Y Urbanismo,Bienes De Consumo,Bienes De Consumo,0.0,2557004.0,2557003.4,15673084.6,15673080.92,Fiscal
2023,4,Administracion Central,Ministerio De Desarrollo Humano Y Hábitat,Ministerio De Desarrollo Humano Y Hábitat,Ministerio De Desarrollo Humano Y Hábitat,Upe Urbanizacion Barrio Padre Carlos Mugica,Mejoramiento De Vivienda,Servicios Sociales,Vivienda Y Urbanismo,Gastos En Personal,Remuneraciones Al Personal,27336545.0,46127505.0,46127498.11,282737253.54,282737211.31,Fiscal
2023,4,Administracion Central,Ministerio De Desarrollo Humano Y Hábitat,Ministerio De Desarrollo Humano Y Hábitat,Ministerio De Desarrollo Humano Y Hábitat,Upe Urbanizacion Barrio Padre Carlos Mugica,Mejoramiento De Vivienda,Servicios Sociales,Vivienda Y Urbanismo,Bienes De Consumo,Bienes De Consumo,2179232.0,777449.0,777447.84,4765351.93,4765344.82,Fiscal
2023,4,Administracion Central,Ministerio De Desarrollo Humano Y Hábitat,Ministerio De Desarrollo Humano Y Hábitat,Ministerio De Desarrollo Humano Y Hábitat,Upe Urbanizacion Barrio Padre Carlos Mugica,Mejoramiento De Vivienda,Servicios Sociales,Vivienda Y Urbanismo,Servicios No Personales,Servicios No Personales,10204967.0,304164842.0,304164841.38,1864369903.62,1864369899.82,Fiscal
2023,4,Administracion Central,Ministerio De Desarrollo Humano Y Hábitat,Ministerio De Desarrollo Humano Y Hábitat,Ministerio De Desarrollo Humano Y Hábitat,Upe Urbanizacion Barrio Padre Carlos Mugica,Mejoramiento De Vivienda,Servicios Sociales,Vivienda Y Urbanismo,Bienes De Uso,Maquinaria Y Equipo,0.0,668028.0,668026.92,4094658.97,4094652.35,Fiscal
2023,4,Administracion Central,Ministerio De Desarrollo Humano Y Hábitat,Ministerio De Desarrollo Humano Y Hábitat,Ministerio De Desarrollo Humano Y Hábitat,Upe Urbanizacion Barrio Padre Carlos Mugica,Mejoramiento De Vivienda,Servicios Sociales,Vivienda Y Urbanismo,Servicios No Personales,Servicios No Personales,835616985.0,716298802.0,715298799.66,4390533500.41,4384404014.0,Fiscal
2023,4,Administracion Central,Ministerio De Desarrollo Humano Y Hábitat,Ministerio De Desarrollo Humano Y Hábitat,Ministerio De Desarrollo Humano Y Hábitat,Upe Urbanizacion Barrio Padre Carlos Mugica,Mejoramiento De Vivienda,Servicios Sociales,Vivienda Y Urbanismo,Bienes De Uso,Construcciones Del Dominio Privado,3342467941.0,4327983136.0,4326419302.1,26528251750.22,26518666274.01,Fiscal
2023,4,Administracion Central,Ministerio De Desarrollo Humano Y Hábitat,Ministerio De Desarrollo Humano Y Hábitat,Ministerio De Desarrollo Humano Y Hábitat,Upe Urbanizacion Barrio Padre Carlos Mugica,Mejoramiento De Vivienda,Servicios Sociales,Vivienda Y Urbanismo,Transferencias,Transferencias,10460303784.0,7704920776.0,7704254241.9,47227096695.7,47223011193.55,Fiscal
2023,4,Administracion Central,Ministerio De Desarrollo Humano Y Hábitat,Ministerio De Desarrollo Humano Y Hábitat,Ministerio De Desarrollo Humano Y Hábitat,Upe Urbanizacion Barrio Padre Carlos Mugica,Mejoramiento De Vivienda,Servicios Sociales,Vivienda Y Urbanismo,Activos Financieros,Activos Financieros,179060783.0,199060783.0,198033344.44,1220137509.57,1213839853.61,Fiscal
2023,4,Administracion Central,Ministerio De Desarrollo Humano Y Hábitat,Ministerio De Desarrollo Humano Y Hábitat,Ministerio De Desarrollo Humano Y Hábitat,Consejo Social,Consejo Social,Servicios Sociales,Promoción Y Acción Social,Gastos En Personal,Remuneraciones Al Personal,0.0,14789730.0,14789726.62,90653236.95,90653216.24,Fiscal
2023,4,Administracion Central,Ministerio De Desarrollo Humano Y Hábitat,Ministerio De Desarrollo Humano Y Hábitat,Ministerio De Desarrollo Humano Y Hábitat,Consejo Social,Consejo Social,Servicios Sociales,Promoción Y Acción Social,Servicios No Personales,Servicios No Personales,0.0,37341059.0,37341057.41,228880978.19,228880968.45,Fiscal
2023,4,Administracion Central,Ministerio De Desarrollo Humano Y Hábitat,Ministerio De Desarrollo Humano Y Hábitat,Ministerio De Desarrollo Humano Y Hábitat,Secretaria De Inclusion Social Y Atencion Inmediata,Actividades Comunes,Servicios Sociales,Promoción Y Acción Social,Gastos En Personal,Remuneraciones Al Personal,467955120.0,593920265.0,593920250.29,3640417675.94,3640417585.78,Fiscal
2023,4,Administracion Central,Ministerio De Desarrollo Humano Y Hábitat,Ministerio De Desarrollo Humano Y Hábitat,Ministerio De Desarrollo Humano Y Hábitat,Secretaria De Inclusion Social Y Atencion Inmediata,Actividades Comunes,Servicios Sociales,Promoción Y Acción Social,Bienes De Consumo,Bienes De Consumo,39041013.0,268468499.0,268468486.44,1645570166.21,1645570089.23,Fiscal
2023,4,Administracion Central,Ministerio De Desarrollo Humano Y Hábitat,Ministerio De Desarrollo Humano Y Hábitat,Ministerio De Desarrollo Humano Y Hábitat,Secretaria De Inclusion Social Y Atencion Inmediata,Actividades Comunes,Servicios Sociales,Promoción Y Acción Social,Servicios No Personales,Servicios No Personales,230429887.0,538705532.0,524330929.61,3301980512.18,3213871788.32,Fiscal
2023,4,Administracion Central,Ministerio De Desarrollo Humano Y Hábitat,Ministerio De Desarrollo Humano Y Hábitat,Ministerio De Desarrollo Humano Y Hábitat,Secretaria De Inclusion Social Y Atencion Inmediata,Actividades Comunes,Servicios Sociales,Promoción Y Acción Social,Bienes De Uso,Maquinaria Y Equipo,0.0,528122.0,528121.9,3237109.05,3237108.44,Fiscal
2023,4,Administracion Central,Ministerio De Desarrollo Humano Y Hábitat,Ministerio De Desarrollo Humano Y Hábitat,Ministerio De Desarrollo Humano Y Hábitat,Secretaria De Inclusion Social Y Atencion Inmediata,Actividades Comunes,Servicios Sociales,Promoción Y Acción Social,Transferencias,Al Sector Privado,538137541.0,667318527.0,665807721.32,4090310272.84,4081049831.62,Fiscal
2023,4,Administracion Central,Ministerio De Desarrollo Humano Y Hábitat,Ministerio De Desarrollo Humano Y Hábitat,Ministerio De Desarrollo Humano Y Hábitat,Secretaria De Inclusion Social Y Atencion Inmediata,Actividades Comunes,Servicios Sociales,Promoción Y Acción Social,Bienes De Uso,Construcciones Del Dominio Privado,327358262.0,102784321.0,102784320.08,630013624.77,630013619.13,Fiscal
2023,4,Administracion Central,Ministerio De Desarrollo Humano Y Hábitat,Ministerio De Desarrollo Humano Y Hábitat,Ministerio De Desarrollo Humano Y Hábitat,Secretaria De Inclusion Social Y Atencion Inmediata,Actividades Comunes,Servicios Sociales,Promoción Y Acción Social,Activos Financieros,Activos Financieros,0.0,22918389.0,22918388.51,140477625.26,140477622.25,Fiscal
2023,4,Administracion Central,Ministerio De Desarrollo Humano Y Hábitat,Ministerio De Desarrollo Humano Y Hábitat,Ministerio De Desarrollo Humano Y Hábitat,Secretaria De Inclusion Social Y Atencion Inmediata,Actividades Comunes,Servicios Sociales,Promoción Y Acción Social,Servicios No Personales,Servicios No Personales,0.0,848374782.0,848374779.72,5200089530.9,5200089516.93,Fiscal
2023,4,Administracion Central,Ministerio De Desarrollo Humano Y Hábitat,Ministerio De Desarrollo Humano Y Hábitat,Ministerio De Desarrollo Humano Y Hábitat,Dir.Gral. Atencion Integral Inmediata,Asistencia Socio Habitacional,Servicios Sociales,Promoción Y Acción Social,Gastos En Personal,Remuneraciones Al Personal,259485677.0,353174276.0,353174260.26,2164771860.48,2164771764.0,Fiscal
2023,4,Administracion Central,Ministerio De Desarrollo Humano Y Hábitat,Ministerio De Desarrollo Humano Y Hábitat,Ministerio De Desarrollo Humano Y Hábitat,Dir.Gral. Atencion Integral Inmediata,Asistencia Socio Habitacional,Servicios Sociales,Promoción Y Acción Social,Bienes De Consumo,Bienes De Consumo,28016198.0,10332531.0,10330514.88,63332960.17,63320602.42,Fiscal
2023,4,Administracion Central,Ministerio De Desarrollo Humano Y Hábitat,Ministerio De Desarrollo Humano Y Hábitat,Ministerio De Desarrollo Humano Y Hábitat,Dir.Gral. Atencion Integral Inmediata,Asistencia Socio Habitacional,Servicios Sociales,Promoción Y Acción Social,Servicios No Personales,Servicios No Personales,605975534.0,918110295.0,916518096.3,5627531410.1,5617772072.64,Fiscal
2023,4,Administracion Central,Ministerio De Desarrollo Humano Y Hábitat,Ministerio De Desarrollo Humano Y Hábitat,Ministerio De Desarrollo Humano Y Hábitat,Dir.Gral. Atencion Integral Inmediata,Asistencia Socio Habitacional,Servicios Sociales,Promoción Y Acción Social,Bienes De Uso,Maquinaria Y Equipo,0.0,17221913.0,17221911.48,105561234.72,105561225.4,Fiscal
2023,4,Administracion Central,Ministerio De Desarrollo Humano Y Hábitat,Ministerio De Desarrollo Humano Y Hábitat,Ministerio De Desarrollo Humano Y Hábitat,Dir.Gral. Atencion Integral Inmediata,Asistencia Socio Habitacional,Servicios Sociales,Promoción Y Acción Social,Transferencias,Al Sector Privado,328627097.0,355027446.0,354732382.72,2176130814.23,2174322232.1,Fiscal
2023,4,Administracion Central,Ministerio De Desarrollo Humano Y Hábitat,Ministerio De Desarrollo Humano Y Hábitat,Ministerio De Desarrollo Humano Y Hábitat,Dir.Gral. Atencion Integral Inmediata,Asistencia A Familias De Alta Vulnerabilidad Social,Servicios Sociales,Promoción Y Acción Social,Gastos En Personal,Remuneraciones Al Personal,295655916.0,399675183.0,399675174.35,2449797871.15,2449797818.13,Fiscal
2023,4,Administracion Central,Ministerio De Desarrollo Humano Y Hábitat,Ministerio De Desarrollo Humano Y Hábitat,Ministerio De Desarrollo Humano Y Hábitat,Dir.Gral. Atencion Integral Inmediata,Asistencia A Familias De Alta Vulnerabilidad Social,Servicios Sociales,Promoción Y Acción Social,Servicios No Personales,Servicios No Personales,539809.0,779809.0,779809.0,4779817.49,4779817.49,Fiscal
2023,4,Administracion Central,Ministerio De Desarrollo Humano Y Hábitat,Ministerio De Desarrollo Humano Y Hábitat,Ministerio De Desarrollo Humano Y Hábitat,Dir.Gral. Atencion Integral Inmediata,Asistencia A Familias De Alta Vulnerabilidad Social,Servicios Sociales,Promoción Y Acción Social,Transferencias,Al Sector Privado,5059016438.0,3748340962.0,3748340957.95,22975351234.27,22975351209.44,Fiscal
2023,4,Administracion Central,Ministerio De Desarrollo Humano Y Hábitat,Ministerio De Desarrollo Humano Y Hábitat,Ministerio De Desarrollo Humano Y Hábitat,Dir.Gral. Atencion Integral Inmediata,Asistencia Integral A Los Sin Techo,Servicios Sociales,Promoción Y Acción Social,Gastos En Personal,Remuneraciones Al Personal,536607085.0,579904198.0,579904187.44,3554506584.74,3554506520.01,Fiscal
2023,4,Administracion Central,Ministerio De Desarrollo Humano Y Hábitat,Ministerio De Desarrollo Humano Y Hábitat,Ministerio De Desarrollo Humano Y Hábitat,Dir.Gral. Atencion Integral Inmediata,Asistencia Integral A Los Sin Techo,Servicios Sociales,Promoción Y Acción Social,Servicios No Personales,Servicios No Personales,283123109.0,1785922988.0,1785922985.4,10946765073.57,10946765057.63,Fiscal
2023,4,Administracion Central,Ministerio De Desarrollo Humano Y Hábitat,Ministerio De Desarrollo Humano Y Hábitat,Ministerio De Desarrollo Humano Y Hábitat,Dir.Gral. Atencion Integral Inmediata,Asistencia Integral A Los Sin Techo,Servicios Sociales,Promoción Y Acción Social,Bienes De Uso,Maquinaria Y Equipo,0.0,64685148.0,64685147.21,396485807.99,396485803.15,Fiscal
2023,4,Administracion Central,Ministerio De Desarrollo Humano Y Hábitat,Ministerio De Desarrollo Humano Y Hábitat,Ministerio De Desarrollo Humano Y Hábitat,Dir.Gral. Atencion Integral Inmediata,Asistencia Integral A Los Sin Techo,Servicios Sociales,Promoción Y Acción Social,Transferencias,Al Sector Privado,1306895387.0,1571653730.0,1571653726.0,9633407641.27,9633407616.75,Fiscal
2023,4,Administracion Central,Ministerio De Desarrollo Humano Y Hábitat,Ministerio De Desarrollo Humano Y Hábitat,Ministerio De Desarrollo Humano Y Hábitat,Dir.Gral. Atencion Integral Inmediata,Asistencia Inmediata Ante La Emergencia Social,Servicios Sociales,Promoción Y Acción Social,Gastos En Personal,Remuneraciones Al Personal,725322488.0,1014005777.0,1013903535.58,6215320088.63,6214693402.7,Fiscal
2023,4,Administracion Central,Ministerio De Desarrollo Humano Y Hábitat,Ministerio De Desarrollo Humano Y Hábitat,Ministerio De Desarrollo Humano Y Hábitat,Dir.Gral. Atencion Integral Inmediata,Asistencia Inmediata Ante La Emergencia Social,Servicios Sociales,Promoción Y Acción Social,Bienes De Consumo,Bienes De Consumo,539808.0,610057.0,610054.2,3739327.34,3739310.18,Fiscal
2023,4,Administracion Central,Ministerio De Desarrollo Humano Y Hábitat,Ministerio De Desarrollo Humano Y Hábitat,Ministerio De Desarrollo Humano Y Hábitat,Dir.Gral. Atencion Integral Inmediata,Asistencia Inmediata Ante La Emergencia Social,Servicios Sociales,Promoción Y Acción Social,Servicios No Personales,Servicios No Personales,80606722.0,342552908.0,342552907.08,2099668481.98,2099668476.34,Fiscal
2023,4,Administracion Central,Ministerio De Desarrollo Humano Y Hábitat,Ministerio De Desarrollo Humano Y Hábitat,Ministerio De Desarrollo Humano Y Hábitat,Dir. Gral. Abordaje Comunitario,Asistencia Al Damnificado,Servicios Sociales,Promoción Y Acción Social,Transferencias,Al Sector Privado,3680585531.0,5062657684.0,5062657684.0,31031418872.5,31031418872.5,Fiscal
2023,4,Administracion Central,Ministerio De Desarrollo Humano Y Hábitat,Ministerio De Desarrollo Humano Y Hábitat,Ministerio De Desarrollo Humano Y Hábitat,Dir. Gral. Abordaje Comunitario,Asistencia Al Damnificado,Servicios Sociales,Promoción Y Acción Social,Servicios No Personales,Servicios No Personales,0.0,38004640.0,38004640.0,232948379.4,232948379.4,Fiscal
2023,4,Administracion Central,Ministerio De Desarrollo Humano Y Hábitat,Ministerio De Desarrollo Humano Y Hábitat,Ministerio De Desarrollo Humano Y Hábitat,Dir. Gral. Abordaje Comunitario,Asistencia Social Descentralizada,Servicios Sociales,Promoción Y Acción Social,Gastos En Personal,Remuneraciones Al Personal,420029599.0,523139135.0,523139118.51,3206566716.55,3206566615.47,Fiscal
2023,4,Administracion Central,Ministerio De Desarrollo Humano Y Hábitat,Ministerio De Desarrollo Humano Y Hábitat,Ministerio De Desarrollo Humano Y Hábitat,Dir. Gral. Abordaje Comunitario,Asistencia Social Descentralizada,Servicios Sociales,Promoción Y Acción Social,Bienes De Consumo,Bienes De Consumo,3778658.0,2348208.0,2348203.73,14393275.35,14393249.18,Fiscal
2023,4,Administracion Central,Ministerio De Desarrollo Humano Y Hábitat,Ministerio De Desarrollo Humano Y Hábitat,Ministerio De Desarrollo Humano Y Hábitat,Dir. Gral. Abordaje Comunitario,Asistencia Social Descentralizada,Servicios Sociales,Promoción Y Acción Social,Servicios No Personales,Servicios No Personales,124886822.0,140539337.0,140070702.0,861431940.83,858559455.69,Fiscal
2023,4,Administracion Central,Ministerio De Desarrollo Humano Y Hábitat,Ministerio De Desarrollo Humano Y Hábitat,Ministerio De Desarrollo Humano Y Hábitat,Dir. Gral. Abordaje Comunitario,Asistencia Social Descentralizada,Servicios Sociales,Promoción Y Acción Social,Bienes De Uso,Maquinaria Y Equipo,0.0,1052880.0,1052879.86,6453598.55,6453597.69,Fiscal
2023,4,Administracion Central,Ministerio De Desarrollo Humano Y Hábitat,Ministerio De Desarrollo Humano Y Hábitat,Ministerio De Desarrollo Humano Y Hábitat,Dir.Gral. Desarrollo E Inclusion Social,Desarrollo E Inclusion Social,Servicios Sociales,Promoción Y Acción Social,Gastos En Personal,Remuneraciones Al Personal,102702705.0,145832948.0,145832940.22,893878981.61,893878933.92,Fiscal
2023,4,Administracion Central,Ministerio De Desarrollo Humano Y Hábitat,Ministerio De Desarrollo Humano Y Hábitat,Ministerio De Desarrollo Humano Y Hábitat,Dir.Gral. Desarrollo E Inclusion Social,Desarrollo E Inclusion Social,Servicios Sociales,Promoción Y Acción Social,Bienes De Consumo,Bienes De Consumo,6657636.0,779065.0,779063.4,4775257.16,4775247.35,Fiscal
2023,4,Administracion Central,Ministerio De Desarrollo Humano Y Hábitat,Ministerio De Desarrollo Humano Y Hábitat,Ministerio De Desarrollo Humano Y Hábitat,Dir.Gral. Desarrollo E Inclusion Social,Desarrollo E Inclusion Social,Servicios Sociales,Promoción Y Acción Social,Servicios No Personales,Servicios No Personales,47319629.0,102109230.0,102106698.2,625875673.34,625860154.75,Fiscal
2023,4,Administracion Central,Ministerio De Desarrollo Humano Y Hábitat,Ministerio De Desarrollo Humano Y Hábitat,Ministerio De Desarrollo Humano Y Hábitat,Dir.Gral. Desarrollo E Inclusion Social,Redes Por La Inclusion,Servicios Sociales,Promoción Y Acción Social,Bienes De Consumo,Bienes De Consumo,6297766.0,0.0,0.0,0.0,0.0,Fiscal
2023,4,Administracion Central,Ministerio De Desarrollo Humano Y Hábitat,Ministerio De Desarrollo Humano Y Hábitat,Ministerio De Desarrollo Humano Y Hábitat,Dir.Gral. Desarrollo E Inclusion Social,Redes Por La Inclusion,Servicios Sociales,Promoción Y Acción Social,Transferencias,Al Sector Privado,139571352.0,248717876.0,248717876.0,1524509274.18,1524509274.18,Fiscal
2023,4,Administracion Central,Ministerio De Desarrollo Humano Y Hábitat,Ministerio De Desarrollo Humano Y Hábitat,Ministerio De Desarrollo Humano Y Hábitat,Subsecretaria De Desarrollo Del Potencial Humano,Actividades Comunes,Servicios Sociales,Promoción Y Acción Social,Gastos En Personal,Remuneraciones Al Personal,64421795.0,85846348.0,85846340.03,526192792.35,526192743.5,Fiscal
2023,4,Administracion Central,Ministerio De Desarrollo Humano Y Hábitat,Ministerio De Desarrollo Humano Y Hábitat,Ministerio De Desarrollo Humano Y Hábitat,Subsecretaria De Desarrollo Del Potencial Humano,Actividades Comunes,Servicios Sociales,Promoción Y Acción Social,Bienes De Consumo,Bienes De Consumo,359872.0,11946294.0,11946289.36,73224475.41,73224446.97,Fiscal
2023,4,Administracion Central,Ministerio De Desarrollo Humano Y Hábitat,Ministerio De Desarrollo Humano Y Hábitat,Ministerio De Desarrollo Humano Y Hábitat,Subsecretaria De Desarrollo Del Potencial Humano,Actividades Comunes,Servicios Sociales,Promoción Y Acción Social,Servicios No Personales,Servicios No Personales,69595981.0,111281205.0,111281202.93,682095037.93,682095025.24,Fiscal
2023,4,Administracion Central,Ministerio De Desarrollo Humano Y Hábitat,Ministerio De Desarrollo Humano Y Hábitat,Ministerio De Desarrollo Humano Y Hábitat,Subsecretaria De Desarrollo Del Potencial Humano,Actividades Comunes,Servicios Sociales,Promoción Y Acción Social,Bienes De Uso,Maquinaria Y Equipo,0.0,13309328.0,13309326.81,81579154.24,81579146.95,Fiscal
2023,4,Administracion Central,Ministerio De Desarrollo Humano Y Hábitat,Ministerio De Desarrollo Humano Y Hábitat,Ministerio De Desarrollo Humano Y Hábitat,Dir. Gral. Articulacion Publico-Privada,Intermediacion Laboral,Servicios Sociales,Promoción Y Acción Social,Gastos En Personal,Remuneraciones Al Personal,66517508.0,94053376.0,94053366.96,576497541.25,576497485.84,Fiscal
2023,4,Administracion Central,Ministerio De Desarrollo Humano Y Hábitat,Ministerio De Desarrollo Humano Y Hábitat,Ministerio De Desarrollo Humano Y Hábitat,Dir. Gral. Articulacion Publico-Privada,Intermediacion Laboral,Servicios Sociales,Promoción Y Acción Social,Bienes De Consumo,Bienes De Consumo,5218150.0,385317.0,385313.26,2361789.79,2361766.87,Fiscal
2023,4,Administracion Central,Ministerio De Desarrollo Humano Y Hábitat,Ministerio De Desarrollo Humano Y Hábitat,Ministerio De Desarrollo Humano Y Hábitat,Dir. Gral. Articulacion Publico-Privada,Intermediacion Laboral,Servicios Sociales,Promoción Y Acción Social,Servicios No Personales,Servicios No Personales,26124884.0,33229363.0,33229360.83,203678452.4,203678439.1,Fiscal
2023,4,Administracion Central,Ministerio De Desarrollo Humano Y Hábitat,Ministerio De Desarrollo Humano Y Hábitat,Ministerio De Desarrollo Humano Y Hábitat,Dir. Gral. Articulacion Publico-Privada,Intermediacion Laboral,Servicios Sociales,Promoción Y Acción Social,Transferencias,Al Sector Privado,171292114.0,49536238.0,49536238.0,303630987.26,303630987.26,Fiscal
2023,4,Administracion Central,Ministerio De Desarrollo Humano Y Hábitat,Ministerio De Desarrollo Humano Y Hábitat,Ministerio De Desarrollo Humano Y Hábitat,Dir. Gral. Articulacion Publico-Privada,Red De Empresa,Servicios Sociales,Promoción Y Acción Social,Transferencias,Al Sector Privado,25376609.0,58349672.0,58349672.0,357652684.8,357652684.8,Fiscal
2023,4,Administracion Central,Ministerio De Desarrollo Humano Y Hábitat,Ministerio De Desarrollo Humano Y Hábitat,Ministerio De Desarrollo Humano Y Hábitat,Dir.Gral. Politicas Alimentarias,Politicas Alimentarias,Servicios Sociales,Promoción Y Acción Social,Gastos En Personal,Remuneraciones Al Personal,123561975.0,166728333.0,166728324.86,1021956660.35,1021956610.46,Fiscal
2023,4,Administracion Central,Ministerio De Desarrollo Humano Y Hábitat,Ministerio De Desarrollo Humano Y Hábitat,Ministerio De Desarrollo Humano Y Hábitat,Dir.Gral. Politicas Alimentarias,Politicas Alimentarias,Servicios Sociales,Promoción Y Acción Social,Bienes De Consumo,Bienes De Consumo,20422755.0,1644396.0,1644394.3,10079279.35,10079268.93,Fiscal
2023,4,Administracion Central,Ministerio De Desarrollo Humano Y Hábitat,Ministerio De Desarrollo Humano Y Hábitat,Ministerio De Desarrollo Humano Y Hábitat,Dir.Gral. Politicas Alimentarias,Politicas Alimentarias,Servicios Sociales,Promoción Y Acción Social,Servicios No Personales,Servicios No Personales,60266253.0,94573591.0,94237590.42,579686184.57,577626678.39,Fiscal
2023,4,Administracion Central,Ministerio De Desarrollo Humano Y Hábitat,Ministerio De Desarrollo Humano Y Hábitat,Ministerio De Desarrollo Humano Y Hábitat,Dir.Gral. Politicas Alimentarias,Politicas Alimentarias,Servicios Sociales,Promoción Y Acción Social,Bienes De Uso,Maquinaria Y Equipo,0.0,25899.0,25899.0,158747.2,158747.2,Fiscal
2023,4,Administracion Central,Ministerio De Desarrollo Humano Y Hábitat,Ministerio De Desarrollo Humano Y Hábitat,Ministerio De Desarrollo Humano Y Hábitat,Dir.Gral. Politicas Alimentarias,Con Todo Derecho Ciudadania Porteña,Servicios Sociales,Promoción Y Acción Social,Bienes De Consumo,Bienes De Consumo,6297767.0,109468.0,109465.9,670981.05,670968.18,Fiscal
2023,4,Administracion Central,Ministerio De Desarrollo Humano Y Hábitat,Ministerio De Desarrollo Humano Y Hábitat,Ministerio De Desarrollo Humano Y Hábitat,Dir.Gral. Politicas Alimentarias,Con Todo Derecho Ciudadania Porteña,Servicios Sociales,Promoción Y Acción Social,Servicios No Personales,Servicios No Personales,9369667.0,6187598.0,6187596.4,37926709.12,37926699.31,Fiscal
2023,4,Administracion Central,Ministerio De Desarrollo Humano Y Hábitat,Ministerio De Desarrollo Humano Y Hábitat,Ministerio De Desarrollo Humano Y Hábitat,Dir.Gral. Politicas Alimentarias,Con Todo Derecho Ciudadania Porteña,Servicios Sociales,Promoción Y Acción Social,Bienes De Uso,Maquinaria Y Equipo,0.0,18900.0,18900.0,115847.02,115847.02,Fiscal
2023,4,Administracion Central,Ministerio De Desarrollo Humano Y Hábitat,Ministerio De Desarrollo Humano Y Hábitat,Ministerio De Desarrollo Humano Y Hábitat,Dir.Gral. Politicas Alimentarias,Con Todo Derecho Ciudadania Porteña,Servicios Sociales,Promoción Y Acción Social,Gastos En Personal,Remuneraciones Al Personal,358941103.0,498484548.0,498484536.8,3055447114.14,3055447045.49,Fiscal
2023,4,Administracion Central,Ministerio De Desarrollo Humano Y Hábitat,Ministerio De Desarrollo Humano Y Hábitat,Ministerio De Desarrollo Humano Y Hábitat,Dir.Gral. Politicas Alimentarias,Con Todo Derecho Ciudadania Porteña,Servicios Sociales,Promoción Y Acción Social,Transferencias,Al Sector Privado,14333164668.0,14760329159.0,14760329134.0,90473025319.58,90473025166.35,Fiscal
2023,4,Administracion Central,Ministerio De Desarrollo Humano Y Hábitat,Ministerio De Desarrollo Humano Y Hábitat,Ministerio De Desarrollo Humano Y Hábitat,Dir.Gral. Politicas Alimentarias,Fortalecimiento A Grupos Comunitarios,Servicios Sociales,Promoción Y Acción Social,Gastos En Personal,Remuneraciones Al Personal,470353572.0,599096380.0,599096373.03,3672144528.26,3672144485.54,Fiscal
2023,4,Administracion Central,Ministerio De Desarrollo Humano Y Hábitat,Ministerio De Desarrollo Humano Y Hábitat,Ministerio De Desarrollo Humano Y Hábitat,Dir.Gral. Politicas Alimentarias,Fortalecimiento A Grupos Comunitarios,Servicios Sociales,Promoción Y Acción Social,Transferencias,Al Sector Privado,36070664497.0,59202894488.0,59202894487.21,362882488209.24,362882488204.4,Fiscal
2023,4,Administracion Central,Ministerio De Desarrollo Humano Y Hábitat,Ministerio De Desarrollo Humano Y Hábitat,Ministerio De Desarrollo Humano Y Hábitat,Dir. Gral. Desarrollo De Infancias Y Adolescencias,Fortalecimiento De Vinculos,Servicios Sociales,Promoción Y Acción Social,Bienes De Consumo,Bienes De Consumo,11695847.0,0.0,0.0,0.0,0.0,Fiscal
2023,4,Administracion Central,Ministerio De Desarrollo Humano Y Hábitat,Ministerio De Desarrollo Humano Y Hábitat,Ministerio De Desarrollo Humano Y Hábitat,Dir. Gral. Desarrollo De Infancias Y Adolescencias,Fortalecimiento De Vinculos,Servicios Sociales,Promoción Y Acción Social,Transferencias,Al Sector Privado,294368672.0,372322573.0,372322570.91,2282140812.12,2282140799.31,Fiscal
2023,4,Administracion Central,Ministerio De Desarrollo Humano Y Hábitat,Ministerio De Desarrollo Humano Y Hábitat,Ministerio De Desarrollo Humano Y Hábitat,Dir. Gral. Desarrollo De Infancias Y Adolescencias,Fortalecimiento De Vinculos,Servicios Sociales,Promoción Y Acción Social,Gastos En Personal,Remuneraciones Al Personal,377743602.0,519175756.0,519175749.94,3182273295.66,3182273258.52,Fiscal
2023,4,Administracion Central,Ministerio De Desarrollo Humano Y Hábitat,Ministerio De Desarrollo Humano Y Hábitat,Ministerio De Desarrollo Humano Y Hábitat,Dir. Gral. Desarrollo De Infancias Y Adolescencias,Programa A La Par,Servicios Sociales,Promoción Y Acción Social,Bienes De Consumo,Bienes De Consumo,269904.0,123423.0,123420.97,756517.83,756505.39,Fiscal
2023,4,Administracion Central,Ministerio De Desarrollo Humano Y Hábitat,Ministerio De Desarrollo Humano Y Hábitat,Ministerio De Desarrollo Humano Y Hábitat,Dir. Gral. Desarrollo De Infancias Y Adolescencias,Programa A La Par,Servicios Sociales,Promoción Y Acción Social,Servicios No Personales,Servicios No Personales,0.0,21956.0,21955.68,134578.69,134576.73,Fiscal
2023,4,Administracion Central,Ministerio De Desarrollo Humano Y Hábitat,Ministerio De Desarrollo Humano Y Hábitat,Ministerio De Desarrollo Humano Y Hábitat,Dir. Gral. Desarrollo De Infancias Y Adolescencias,Desarrollo Integral Infantil,Servicios Sociales,Promoción Y Acción Social,Gastos En Personal,Remuneraciones Al Personal,2127330685.0,2677888126.0,2677888108.98,16414040474.08,16414040369.76,Fiscal
2023,4,Administracion Central,Ministerio De Desarrollo Humano Y Hábitat,Ministerio De Desarrollo Humano Y Hábitat,Ministerio De Desarrollo Humano Y Hábitat,Dir. Gral. Desarrollo De Infancias Y Adolescencias,Desarrollo Integral Infantil,Servicios Sociales,Promoción Y Acción Social,Bienes De Consumo,Bienes De Consumo,5757955.0,13175495.0,13175489.2,80758828.61,80758793.06,Fiscal
2023,4,Administracion Central,Ministerio De Desarrollo Humano Y Hábitat,Ministerio De Desarrollo Humano Y Hábitat,Ministerio De Desarrollo Humano Y Hábitat,Dir. Gral. Desarrollo De Infancias Y Adolescencias,Desarrollo Integral Infantil,Servicios Sociales,Promoción Y Acción Social,Servicios No Personales,Servicios No Personales,656845788.0,1279801551.0,1278694847.14,7844507861.61,7837724351.21,Fiscal
2023,4,Administracion Central,Ministerio De Desarrollo Humano Y Hábitat,Ministerio De Desarrollo Humano Y Hábitat,Ministerio De Desarrollo Humano Y Hábitat,Dir. Gral. Desarrollo De Infancias Y Adolescencias,Desarrollo Integral Infantil,Servicios Sociales,Promoción Y Acción Social,Bienes De Uso,Maquinaria Y Equipo,0.0,52570.0,52570.0,322226.35,322226.35,Fiscal
2023,4,Administracion Central,Ministerio De Desarrollo Humano Y Hábitat,Ministerio De Desarrollo Humano Y Hábitat,Ministerio De Desarrollo Humano Y Hábitat,Dir. Gral. Desarrollo De Infancias Y Adolescencias,Desarrollo Integral Infantil,Servicios Sociales,Promoción Y Acción Social,Transferencias,Al Sector Privado,2909035069.0,3483159755.0,3483159755.0,21349930432.56,21349930432.56,Fiscal
2023,4,Administracion Central,Ministerio De Desarrollo Humano Y Hábitat,Ministerio De Desarrollo Humano Y Hábitat,Ministerio De Desarrollo Humano Y Hábitat,Dir.Gral.Politicas Sociales En Adicciones,Externacion Asistida,Servicios Sociales,Promoción Y Acción Social,Transferencias,Al Sector Privado,2030132.0,148500.0,148500.0,910226.6,910226.6,Fiscal
2023,4,Administracion Central,Ministerio De Desarrollo Humano Y Hábitat,Ministerio De Desarrollo Humano Y Hábitat,Ministerio De Desarrollo Humano Y Hábitat,Dir.Gral.Politicas Sociales En Adicciones,Politicas Sociales En Adicciones,Servicios Sociales,Promoción Y Acción Social,Gastos En Personal,Remuneraciones Al Personal,424423875.0,599258987.0,599258968.34,3673141223.33,3673141108.95,Fiscal
2023,4,Administracion Central,Ministerio De Desarrollo Humano Y Hábitat,Ministerio De Desarrollo Humano Y Hábitat,Ministerio De Desarrollo Humano Y Hábitat,Dir.Gral.Politicas Sociales En Adicciones,Politicas Sociales En Adicciones,Servicios Sociales,Promoción Y Acción Social,Bienes De Consumo,Bienes De Consumo,4282478.0,2159363.0,2152468.1,13235755.2,13193493.1,Fiscal
2023,4,Administracion Central,Ministerio De Desarrollo Humano Y Hábitat,Ministerio De Desarrollo Humano Y Hábitat,Ministerio De Desarrollo Humano Y Hábitat,Dir.Gral.Politicas Sociales En Adicciones,Politicas Sociales En Adicciones,Servicios Sociales,Promoción Y Acción Social,Servicios No Personales,Servicios No Personales,286092762.0,384165719.0,381447255.35,2354733044.74,2338070297.73,Fiscal
2023,4,Administracion Central,Ministerio De Desarrollo Humano Y Hábitat,Ministerio De Desarrollo Humano Y Hábitat,Ministerio De Desarrollo Humano Y Hábitat,Dir.Gral.Politicas Sociales En Adicciones,Politicas Sociales En Adicciones,Servicios Sociales,Promoción Y Acción Social,Bienes De Uso,Maquinaria Y Equipo,0.0,15782340.0,15782338.5,96737412.22,96737403.03,Fiscal
2023,4,Administracion Central,Ministerio De Desarrollo Humano Y Hábitat,Ministerio De Desarrollo Humano Y Hábitat,Ministerio De Desarrollo Humano Y Hábitat,Dir.Gral.Politicas Sociales En Adicciones,Politicas Sociales En Adicciones,Servicios Sociales,Promoción Y Acción Social,Transferencias,Al Sector Privado,649641195.0,639097258.0,639097258.0,3917328792.73,3917328792.73,Fiscal
2023,4,Administracion Central,Ministerio De Desarrollo Humano Y Hábitat,Ministerio De Desarrollo Humano Y Hábitat,Ministerio De Desarrollo Humano Y Hábitat,Direccion General Economia Popular Y Social,Economia Popular Y Social,Servicios Sociales,Promoción Y Acción Social,Gastos En Personal,Remuneraciones Al Personal,78554169.0,93203749.0,93203740.13,571289776.29,571289721.92,Fiscal
2023,4,Administracion Central,Ministerio De Desarrollo Humano Y Hábitat,Ministerio De Desarrollo Humano Y Hábitat,Ministerio De Desarrollo Humano Y Hábitat,Direccion General Economia Popular Y Social,Economia Popular Y Social,Servicios Sociales,Promoción Y Acción Social,Bienes De Consumo,Bienes De Consumo,20872595.0,6881373.0,6741584.73,42179183.6,41322355.31,Fiscal
2023,4,Administracion Central,Ministerio De Desarrollo Humano Y Hábitat,Ministerio De Desarrollo Humano Y Hábitat,Ministerio De Desarrollo Humano Y Hábitat,Direccion General Economia Popular Y Social,Economia Popular Y Social,Servicios Sociales,Promoción Y Acción Social,Servicios No Personales,Servicios No Personales,18277896.0,77071963.0,76671960.74,472410444.56,469958641.88,Fiscal
2023,4,Administracion Central,Ministerio De Desarrollo Humano Y Hábitat,Ministerio De Desarrollo Humano Y Hábitat,Ministerio De Desarrollo Humano Y Hábitat,Direccion General Economia Popular Y Social,Economia Popular Y Social,Servicios Sociales,Promoción Y Acción Social,Bienes De Uso,Maquinaria Y Equipo,0.0,13308411.0,13308410.67,81573533.52,81573531.49,Fiscal
2023,4,Administracion Central,Ministerio De Desarrollo Humano Y Hábitat,Ministerio De Desarrollo Humano Y Hábitat,Ministerio De Desarrollo Humano Y Hábitat,Direccion General Economia Popular Y Social,Economia Popular Y Social,Servicios Sociales,Promoción Y Acción Social,Transferencias,Al Sector Privado,1471124517.0,1959132800.0,1959132799.14,12008449778.42,12008449773.15,Fiscal
2023,4,Administracion Central,Ministerio De Desarrollo Humano Y Hábitat,Ministerio De Desarrollo Humano Y Hábitat,Ministerio De Desarrollo Humano Y Hábitat,Direccion General Economia Popular Y Social,Economia Popular Y Social,Servicios Sociales,Promoción Y Acción Social,Transferencias,Al Sector Público,958356896.0,1571409504.0,1571409504.0,9631910664.82,9631910664.82,Fiscal
2023,4,Administracion Central,Ministerio De Desarrollo Humano Y Hábitat,Ministerio De Desarrollo Humano Y Hábitat,Ministerio De Desarrollo Humano Y Hábitat,Direccion General Economia Popular Y Social,Fomento A La Comercializacion De La Economia Popular Y Social,Servicios Sociales,Promoción Y Acción Social,Bienes De Consumo,Bienes De Consumo,5667990.0,12000.0,11999.34,73553.66,73549.62,Fiscal
2023,4,Administracion Central,Ministerio De Desarrollo Humano Y Hábitat,Ministerio De Desarrollo Humano Y Hábitat,Ministerio De Desarrollo Humano Y Hábitat,Direccion General Economia Popular Y Social,Fomento A La Comercializacion De La Economia Popular Y Social,Servicios Sociales,Promoción Y Acción Social,Servicios No Personales,Servicios No Personales,0.0,77000.0,77000.0,471969.35,471969.35,Fiscal
2023,4,Administracion Central,Ministerio De Desarrollo Humano Y Hábitat,Ministerio De Desarrollo Humano Y Hábitat,Ministerio De Desarrollo Humano Y Hábitat,Direccion General Economia Popular Y Social,Fomento A La Comercializacion De La Economia Popular Y Social,Servicios Sociales,Promoción Y Acción Social,Transferencias,Al Sector Privado,0.0,23301741.0,23301740.8,142827370.63,142827369.41,Fiscal
2023,4,Administracion Central,Ministerio De Desarrollo Humano Y Hábitat,Ministerio De Desarrollo Humano Y Hábitat,Ministerio De Desarrollo Humano Y Hábitat,Direccion General Economia Popular Y Social,Formacion E Inclusion Para El Trabajo,Servicios Sociales,Promoción Y Acción Social,Gastos En Personal,Remuneraciones Al Personal,142082971.0,169584613.0,169584605.48,1039464148.83,1039464102.74,Fiscal
2023,4,Administracion Central,Ministerio De Desarrollo Humano Y Hábitat,Ministerio De Desarrollo Humano Y Hábitat,Ministerio De Desarrollo Humano Y Hábitat,Direccion General Economia Popular Y Social,Formacion E Inclusion Para El Trabajo,Servicios Sociales,Promoción Y Acción Social,Servicios No Personales,Servicios No Personales,16710872.0,596142.0,596141.87,3654035.74,3654034.94,Fiscal
2023,4,Administracion Central,Ministerio De Desarrollo Humano Y Hábitat,Ministerio De Desarrollo Humano Y Hábitat,Ministerio De Desarrollo Humano Y Hábitat,Direccion General Economia Popular Y Social,Formacion E Inclusion Para El Trabajo,Servicios Sociales,Promoción Y Acción Social,Bienes De Uso,Maquinaria Y Equipo,0.0,2529215.0,2529214.49,15502752.7,15502749.57,Fiscal
2023,4,Administracion Central,Ministerio De Desarrollo Humano Y Hábitat,Ministerio De Desarrollo Humano Y Hábitat,Ministerio De Desarrollo Humano Y Hábitat,Direccion General Economia Popular Y Social,Asistencia Tecnica A La Economia Popular Y Social,Servicios Sociales,Promoción Y Acción Social,Transferencias,Al Sector Privado,209357028.0,187533748.0,187533747.29,1149482870.49,1149482866.14,Fiscal
2023,4,Administracion Central,Ministerio De Desarrollo Humano Y Hábitat,Ministerio De Desarrollo Humano Y Hábitat,Ministerio De Desarrollo Humano Y Hábitat,Min.Des.Humano Y Hábitat,Actividades Centrales,Servicios Sociales,Promoción Y Acción Social,Gastos En Personal,Remuneraciones Al Personal,212102994.0,465917183.0,465917170.77,2855826359.99,2855826285.03,Fiscal
2023,4,Administracion Central,Ministerio De Desarrollo Humano Y Hábitat,Ministerio De Desarrollo Humano Y Hábitat,Ministerio De Desarrollo Humano Y Hábitat,Min.Des.Humano Y Hábitat,Actividades Centrales,Servicios Sociales,Promoción Y Acción Social,Bienes De Consumo,Bienes De Consumo,28312955.0,8231161.0,8231156.32,50452671.45,50452642.76,Fiscal
2023,4,Administracion Central,Ministerio De Desarrollo Humano Y Hábitat,Ministerio De Desarrollo Humano Y Hábitat,Ministerio De Desarrollo Humano Y Hábitat,Min.Des.Humano Y Hábitat,Actividades Centrales,Servicios Sociales,Promoción Y Acción Social,Servicios No Personales,Servicios No Personales,1965598525.0,3712550922.0,3681158856.68,22755977183.72,22563560396.13,Fiscal
2023,4,Administracion Central,Ministerio De Desarrollo Humano Y Hábitat,Ministerio De Desarrollo Humano Y Hábitat,Ministerio De Desarrollo Humano Y Hábitat,Min.Des.Humano Y Hábitat,Actividades Centrales,Servicios Sociales,Promoción Y Acción Social,Bienes De Uso,Maquinaria Y Equipo,0.0,48357.0,48356.25,296402.88,296398.28,Fiscal
2023,4,Administracion Central,Ministerio De Desarrollo Humano Y Hábitat,Ministerio De Desarrollo Humano Y Hábitat,Ministerio De Desarrollo Humano Y Hábitat,Min.Des.Humano Y Hábitat,Actividades Centrales,Administración Gubernamental,Control De La Gestión,Gastos En Personal,Remuneraciones Al Personal,41510204.0,56152286.0,56152282.63,344183868.69,344183848.03,Fiscal
2023,4,Administracion Central,Ministerio De Desarrollo Humano Y Hábitat,Ministerio De Desarrollo Humano Y Hábitat,Ministerio De Desarrollo Humano Y Hábitat,Min.Des.Humano Y Hábitat,Actividades Centrales,Administración Gubernamental,Control De La Gestión,Bienes De Consumo,Bienes De Consumo,179936.0,163367.0,33366.0,1001353.46,204515.97,Fiscal
2023,4,Administracion Central,Ministerio De Desarrollo Humano Y Hábitat,Ministerio De Desarrollo Humano Y Hábitat,Ministerio De Desarrollo Humano Y Hábitat,Min.Des.Humano Y Hábitat,Actividades Centrales,Administración Gubernamental,Control De La Gestión,Servicios No Personales,Servicios No Personales,3684246.0,5431131.0,5431131.0,33289965.77,33289965.77,Fiscal
2023,4,Administracion Central,Ministerio De Desarrollo Humano Y Hábitat,Ministerio De Desarrollo Humano Y Hábitat,Ministerio De Desarrollo Humano Y Hábitat,Min.Des.Humano Y Hábitat,Actividades Centrales,Administración Gubernamental,Control De La Gestión,Bienes De Uso,Maquinaria Y Equipo,0.0,31591.0,31590.01,193636.15,193630.08,Fiscal
2023,4,Administracion Central,Ministerio De Desarrollo Humano Y Hábitat,Ministerio De Desarrollo Humano Y Hábitat,Ministerio De Desarrollo Humano Y Hábitat,Min.Des.Humano Y Hábitat,Actividades Centrales,Servicios Sociales,Promoción Y Acción Social,Transferencias,Al Sector Público,280601064.0,441770559.0,441770558.04,2707820302.6,2707820296.72,Fiscal
2023,4,Administracion Central,Ministerio De Desarrollo Humano Y Hábitat,Ministerio De Desarrollo Humano Y Hábitat,Ministerio De Desarrollo Humano Y Hábitat,Min.Des.Humano Y Hábitat,Actividades Centrales,Servicios De Seguridad,Seguridad Interior,Servicios No Personales,Servicios No Personales,3907109673.0,6212632391.0,6212632390.08,38080156719.91,38080156714.27,Fiscal
2023,4,Administracion Central,Ministerio De Desarrollo Humano Y Hábitat,Ministerio De Desarrollo Humano Y Hábitat,Ministerio De Desarrollo Humano Y Hábitat,Min.Des.Humano Y Hábitat,Actividades Centrales,Servicios Sociales,Promoción Y Acción Social,Servicios No Personales,Servicios No Personales,0.0,19080814.0,19080813.04,116955316.48,116955310.6,Fiscal
2023,4,Administracion Central,Ministerio De Desarrollo Humano Y Hábitat,Ministerio De Desarrollo Humano Y Hábitat,Ministerio De Desarrollo Humano Y Hábitat,Min.Des.Humano Y Hábitat,Administracion Centralizada,Servicios Sociales,Promoción Y Acción Social,Gastos En Personal,Remuneraciones Al Personal,763169177.0,1023249953.0,1023249929.3,6271982007.23,6271981861.96,Fiscal
2023,4,Administracion Central,Ministerio De Desarrollo Humano Y Hábitat,Ministerio De Desarrollo Humano Y Hábitat,Ministerio De Desarrollo Humano Y Hábitat,Min.Des.Humano Y Hábitat,Administracion Centralizada,Servicios Sociales,Promoción Y Acción Social,Bienes De Consumo,Bienes De Consumo,67655998.0,67109917.0,66751925.17,411348361.85,409154060.93,Fiscal
2023,4,Administracion Central,Ministerio De Desarrollo Humano Y Hábitat,Ministerio De Desarrollo Humano Y Hábitat,Ministerio De Desarrollo Humano Y Hábitat,Min.Des.Humano Y Hábitat,Administracion Centralizada,Servicios Sociales,Promoción Y Acción Social,Servicios No Personales,Servicios No Personales,1286176643.0,1835270385.0,1833976285.18,11249238565.19,11241306416.49,Fiscal
2023,4,Administracion Central,Ministerio De Desarrollo Humano Y Hábitat,Ministerio De Desarrollo Humano Y Hábitat,Ministerio De Desarrollo Humano Y Hábitat,Min.Des.Humano Y Hábitat,Administracion Centralizada,Servicios Sociales,Promoción Y Acción Social,Bienes De Uso,Maquinaria Y Equipo,0.0,171895971.0,171895969.19,1053631553.14,1053631542.04,Fiscal
2023,4,Administracion Central,Ministerio De Desarrollo Humano Y Hábitat,Ministerio De Desarrollo Humano Y Hábitat,Ministerio De Desarrollo Humano Y Hábitat,Min.Des.Humano Y Hábitat,Administracion Centralizada,Servicios Sociales,Promoción Y Acción Social,Transferencias,Al Sector Privado,1015064377.0,364352976.0,364352976.0,2233291389.9,2233291389.9,Fiscal
2023,4,Administracion Central,Ministerio De Desarrollo Humano Y Hábitat,Ministerio De Desarrollo Humano Y Hábitat,Ministerio De Desarrollo Humano Y Hábitat,"Subsecretaria De Fortalecimiento Personal, Familiar Y Comunitario",Actividades Comunes,Servicios Sociales,Promoción Y Acción Social,Gastos En Personal,Remuneraciones Al Personal,168923752.0,218283836.0,218283825.93,1337964676.03,1337964614.3,Fiscal
2023,4,Administracion Central,Ministerio De Desarrollo Humano Y Hábitat,Ministerio De Desarrollo Humano Y Hábitat,Ministerio De Desarrollo Humano Y Hábitat,"Subsecretaria De Fortalecimiento Personal, Familiar Y Comunitario",Actividades Comunes,Servicios Sociales,Promoción Y Acción Social,Bienes De Consumo,Bienes De Consumo,60144796.0,60954262.0,60954255.36,373617446.46,373617405.76,Fiscal
2023,4,Administracion Central,Ministerio De Desarrollo Humano Y Hábitat,Ministerio De Desarrollo Humano Y Hábitat,Ministerio De Desarrollo Humano Y Hábitat,"Subsecretaria De Fortalecimiento Personal, Familiar Y Comunitario",Actividades Comunes,Servicios Sociales,Promoción Y Acción Social,Servicios No Personales,Servicios No Personales,149365597.0,764228260.0,763406478.9,4684315774.54,4679278690.24,Fiscal
2023,4,Administracion Central,Ministerio De Desarrollo Humano Y Hábitat,Ministerio De Desarrollo Humano Y Hábitat,Ministerio De Desarrollo Humano Y Hábitat,"Subsecretaria De Fortalecimiento Personal, Familiar Y Comunitario",Actividades Comunes,Servicios Sociales,Promoción Y Acción Social,Bienes De Uso,Maquinaria Y Equipo,0.0,64042.0,64042.0,392543.65,392543.65,Fiscal
2023,4,Administracion Central,Ministerio De Desarrollo Humano Y Hábitat,Ministerio De Desarrollo Humano Y Hábitat,Ministerio De Desarrollo Humano Y Hábitat,"Subsecretaria De Fortalecimiento Personal, Familiar Y Comunitario",Actividades Comunes,Servicios Sociales,Promoción Y Acción Social,Transferencias,Al Sector Privado,623165491.0,1243424654.0,1243424653.02,7621536687.46,7621536681.46,Fiscal
2023,4,Administracion Central,Ministerio De Desarrollo Humano Y Hábitat,Ministerio De Desarrollo Humano Y Hábitat,Ministerio De Desarrollo Humano Y Hábitat,"Subsecretaria De Fortalecimiento Personal, Familiar Y Comunitario",Actividades Comunes,Servicios Sociales,Promoción Y Acción Social,Bienes De Uso,Construcciones Del Dominio Privado,806607184.0,1273698501.0,1250613370.69,7807099387.09,7665599725.63,Fiscal
2023,4,Administracion Central,Ministerio De Desarrollo Humano Y Hábitat,Ministerio De Desarrollo Humano Y Hábitat,Ministerio De Desarrollo Humano Y Hábitat,"Subsecretaria De Fortalecimiento Personal, Familiar Y Comunitario",Actividades Comunes,Servicios Sociales,Promoción Y Acción Social,Activos Financieros,Activos Financieros,0.0,375421888.0,375421884.38,2301137976.85,2301137954.66,Fiscal
2023,4,Administracion Central,Ministerio De Desarrollo Humano Y Hábitat,Ministerio De Desarrollo Humano Y Hábitat,Ministerio De Desarrollo Humano Y Hábitat,"Subsecretaria De Fortalecimiento Personal, Familiar Y Comunitario",Actividades Comunes,Servicios Sociales,Promoción Y Acción Social,Servicios No Personales,Servicios No Personales,25376609.0,29683978.0,29683977.52,181947114.07,181947111.13,Fiscal
2023,4,Administracion Central,Ministerio De Desarrollo Humano Y Hábitat,Ministerio De Desarrollo Humano Y Hábitat,Ministerio De Desarrollo Humano Y Hábitat,Direccion General Planificacion Y Control De Gestion,Planificacion Y Control De Gestion,Servicios Sociales,Promoción Y Acción Social,Gastos En Personal,Remuneraciones Al Personal,46548921.0,59519448.0,59519441.48,364822794.12,364822754.16,Fiscal
2023,4,Administracion Central,Ministerio De Desarrollo Humano Y Hábitat,Ministerio De Desarrollo Humano Y Hábitat,Ministerio De Desarrollo Humano Y Hábitat,Direccion General Planificacion Y Control De Gestion,Planificacion Y Control De Gestion,Servicios Sociales,Promoción Y Acción Social,Bienes De Consumo,Bienes De Consumo,539808.0,271585.0,271583.92,1664672.67,1664666.05,Fiscal
2023,4,Administracion Central,Ministerio De Desarrollo Humano Y Hábitat,Ministerio De Desarrollo Humano Y Hábitat,Ministerio De Desarrollo Humano Y Hábitat,Direccion General Planificacion Y Control De Gestion,Planificacion Y Control De Gestion,Servicios Sociales,Promoción Y Acción Social,Servicios No Personales,Servicios No Personales,8511457.0,35381472.0,35381472.0,216869744.41,216869744.41,Fiscal
2023,4,Organismos Descentralizados,Ministerio De Desarrollo Humano Y Hábitat,Ministerio De Desarrollo Humano Y Hábitat,Instituto Para La Vivienda,Inst.De La Vivienda De La Ciudad,Actividades Comunes,Servicios Sociales,Vivienda Y Urbanismo,Gastos En Personal,Remuneraciones Al Personal,2523362561.0,4567629284.0,4567629282.26,27997156120.99,27997156110.33,Fiscal
2023,4,Organismos Descentralizados,Ministerio De Desarrollo Humano Y Hábitat,Ministerio De Desarrollo Humano Y Hábitat,Instituto Para La Vivienda,Inst.De La Vivienda De La Ciudad,Actividades Comunes,Servicios Sociales,Vivienda Y Urbanismo,Servicios No Personales,Servicios No Personales,2594354630.0,2914435959.0,2910963386.55,17863953809.6,17842668773.76,Fiscal
2023,4,Organismos Descentralizados,Ministerio De Desarrollo Humano Y Hábitat,Ministerio De Desarrollo Humano Y Hábitat,Instituto Para La Vivienda,Inst.De La Vivienda De La Ciudad,Actividades Comunes,Servicios Sociales,Vivienda Y Urbanismo,Bienes De Consumo,Bienes De Consumo,143664471.0,155816235.0,155801671.97,955071260.44,954981996.75,Fiscal
2023,4,Organismos Descentralizados,Ministerio De Desarrollo Humano Y Hábitat,Ministerio De Desarrollo Humano Y Hábitat,Instituto Para La Vivienda,Inst.De La Vivienda De La Ciudad,Actividades Comunes,Servicios Sociales,Vivienda Y Urbanismo,Bienes De Uso,Maquinaria Y Equipo,12454778.0,91628796.0,91628793.73,561636145.86,561636131.95,Fiscal
2023,4,Organismos Descentralizados,Ministerio De Desarrollo Humano Y Hábitat,Ministerio De Desarrollo Humano Y Hábitat,Instituto Para La Vivienda,Inst.De La Vivienda De La Ciudad,Actividades Comunes,Servicios Sociales,Vivienda Y Urbanismo,Bienes De Uso,Activos Intangibles,77816154.0,0.0,0.0,0.0,0.0,Fiscal
2023,4,Organismos Descentralizados,Ministerio De Desarrollo Humano Y Hábitat,Ministerio De Desarrollo Humano Y Hábitat,Instituto Para La Vivienda,Inst.De La Vivienda De La Ciudad,Creditos Ley 341/964,Servicios Sociales,Vivienda Y Urbanismo,Servicios No Personales,Servicios No Personales,0.0,2309120.0,2309119.5,14153686.55,14153683.48,Fiscal
2023,4,Organismos Descentralizados,Ministerio De Desarrollo Humano Y Hábitat,Ministerio De Desarrollo Humano Y Hábitat,Instituto Para La Vivienda,Inst.De La Vivienda De La Ciudad,Creditos Ley 341/964,Servicios Sociales,Vivienda Y Urbanismo,Activos Financieros,Concesión De Préstamo De Largo Plazo,343196897.0,510123285.0,509965732.87,3126786427.51,3125820716.13,Fiscal
2023,4,Organismos Descentralizados,Ministerio De Desarrollo Humano Y Hábitat,Ministerio De Desarrollo Humano Y Hábitat,Instituto Para La Vivienda,Inst.De La Vivienda De La Ciudad,Creditos Ley 341/964,Servicios Sociales,Vivienda Y Urbanismo,Servicios No Personales,Servicios No Personales,0.0,147634791.0,147634789.55,904923327.95,904923319.06,Fiscal
2023,4,Organismos Descentralizados,Ministerio De Desarrollo Humano Y Hábitat,Ministerio De Desarrollo Humano Y Hábitat,Instituto Para La Vivienda,Inst.De La Vivienda De La Ciudad,Creditos Ley 341/964,Servicios Sociales,Vivienda Y Urbanismo,Bienes De Uso,Construcciones Del Dominio Privado,101399756.0,65659818.0,65659817.22,402460020.53,402460015.75,Fiscal
2023,4,Organismos Descentralizados,Ministerio De Desarrollo Humano Y Hábitat,Ministerio De Desarrollo Humano Y Hábitat,Instituto Para La Vivienda,Inst.De La Vivienda De La Ciudad,"Reintegracion, Integracion Y Transformacion De Villas",Servicios Sociales,Vivienda Y Urbanismo,Bienes De Consumo,Bienes De Consumo,21420102.0,21324082.0,21324080.85,130705365.03,130705357.98,Fiscal
2023,4,Organismos Descentralizados,Ministerio De Desarrollo Humano Y Hábitat,Ministerio De Desarrollo Humano Y Hábitat,Instituto Para La Vivienda,Inst.De La Vivienda De La Ciudad,"Reintegracion, Integracion Y Transformacion De Villas",Servicios Sociales,Vivienda Y Urbanismo,Servicios No Personales,Servicios No Personales,4066747868.0,4900538481.0,4893973063.73,30037713745.75,29997471203.97,Fiscal
2023,4,Organismos Descentralizados,Ministerio De Desarrollo Humano Y Hábitat,Ministerio De Desarrollo Humano Y Hábitat,Instituto Para La Vivienda,Inst.De La Vivienda De La Ciudad,"Reintegracion, Integracion Y Transformacion De Villas",Servicios Sociales,Vivienda Y Urbanismo,Bienes De Uso,Maquinaria Y Equipo,0.0,1499719.0,1499718.26,9192485.72,9192481.19,Fiscal
2023,4,Organismos Descentralizados,Ministerio De Desarrollo Humano Y Hábitat,Ministerio De Desarrollo Humano Y Hábitat,Instituto Para La Vivienda,Inst.De La Vivienda De La Ciudad,"Reintegracion, Integracion Y Transformacion De Villas",Servicios Sociales,Vivienda Y Urbanismo,Bienes De Consumo,Bienes De Consumo,0.0,13390409.0,13075760.96,82076137.97,80147511.59,Fiscal
2023,4,Organismos Descentralizados,Ministerio De Desarrollo Humano Y Hábitat,Ministerio De Desarrollo Humano Y Hábitat,Instituto Para La Vivienda,Inst.De La Vivienda De La Ciudad,"Reintegracion, Integracion Y Transformacion De Villas",Servicios Sociales,Vivienda Y Urbanismo,Servicios No Personales,Servicios No Personales,1276722016.0,2007083422.0,2006398071.75,12302361776.7,12298160941.48,Fiscal
2023,4,Organismos Descentralizados,Ministerio De Desarrollo Humano Y Hábitat,Ministerio De Desarrollo Humano Y Hábitat,Instituto Para La Vivienda,Inst.De La Vivienda De La Ciudad,"Reintegracion, Integracion Y Transformacion De Villas",Servicios Sociales,Vivienda Y Urbanismo,Bienes De Uso,Construcciones Del Dominio Privado,6217863210.0,14473504927.0,14446674337.7,88714944200.63,88550486852.9,Fiscal
2023,4,Organismos Descentralizados,Ministerio De Desarrollo Humano Y Hábitat,Ministerio De Desarrollo Humano Y Hábitat,Instituto Para La Vivienda,Inst.De La Vivienda De La Ciudad,"Reintegracion, Integracion Y Transformacion De Villas",Servicios Sociales,Vivienda Y Urbanismo,Bienes De Uso,Bienes De Uso,0.0,49326687.0,48177028.24,302346550.26,295299749.0,Fiscal
2023,4,Organismos Descentralizados,Ministerio De Desarrollo Humano Y Hábitat,Ministerio De Desarrollo Humano Y Hábitat,Instituto Para La Vivienda,Inst.De La Vivienda De La Ciudad,Rehabilitacion La Boca,Servicios Sociales,Vivienda Y Urbanismo,Bienes De Uso,Construcciones Del Dominio Privado,100012557.0,174938773.0,174938770.38,1072282323.01,1072282306.95,Fiscal
2023,4,Organismos Descentralizados,Ministerio De Desarrollo Humano Y Hábitat,Ministerio De Desarrollo Humano Y Hábitat,Instituto Para La Vivienda,Inst.De La Vivienda De La Ciudad,Rehabilitacion Conjuntos Urbanos,Servicios Sociales,Vivienda Y Urbanismo,Bienes De Consumo,Bienes De Consumo,0.0,73183043.0,72718047.65,448573418.04,445723242.03,Fiscal
2023,4,Organismos Descentralizados,Ministerio De Desarrollo Humano Y Hábitat,Ministerio De Desarrollo Humano Y Hábitat,Instituto Para La Vivienda,Inst.De La Vivienda De La Ciudad,Rehabilitacion Conjuntos Urbanos,Servicios Sociales,Vivienda Y Urbanismo,Servicios No Personales,Servicios No Personales,0.0,264532251.0,264532245.36,1621443044.04,1621443009.47,Fiscal
2023,4,Organismos Descentralizados,Ministerio De Desarrollo Humano Y Hábitat,Ministerio De Desarrollo Humano Y Hábitat,Instituto Para La Vivienda,Inst.De La Vivienda De La Ciudad,Rehabilitacion Conjuntos Urbanos,Servicios Sociales,Vivienda Y Urbanismo,Bienes De Uso,Maquinaria Y Equipo,1398104.0,11205511.0,11205510.09,68683866.7,68683861.12,Fiscal
2023,4,Organismos Descentralizados,Ministerio De Desarrollo Humano Y Hábitat,Ministerio De Desarrollo Humano Y Hábitat,Instituto Para La Vivienda,Inst.De La Vivienda De La Ciudad,Rehabilitacion Conjuntos Urbanos,Servicios Sociales,Vivienda Y Urbanismo,Servicios No Personales,Servicios No Personales,698658682.0,1638408920.0,1573736142.9,10042581713.88,9646171732.97,Fiscal
2023,4,Organismos Descentralizados,Ministerio De Desarrollo Humano Y Hábitat,Ministerio De Desarrollo Humano Y Hábitat,Instituto Para La Vivienda,Inst.De La Vivienda De La Ciudad,Rehabilitacion Conjuntos Urbanos,Servicios Sociales,Vivienda Y Urbanismo,Bienes De Uso,Construcciones Del Dominio Privado,1051938587.0,919060608.0,919060603.66,5633356327.09,5633356300.49,Fiscal
2023,4,Organismos Descentralizados,Ministerio De Desarrollo Humano Y Hábitat,Ministerio De Desarrollo Humano Y Hábitat,Instituto Para La Vivienda,Inst.De La Vivienda De La Ciudad,Rehabilitacion Conjuntos Urbanos,Servicios Sociales,Vivienda Y Urbanismo,Bienes De Consumo,Bienes De Consumo,0.0,1135460.0,1135460.0,6959770.36,6959770.36,Fiscal
2023,4,Organismos Descentralizados,Ministerio De Desarrollo Humano Y Hábitat,Ministerio De Desarrollo Humano Y Hábitat,Instituto Para La Vivienda,Inst.De La Vivienda De La Ciudad,Planes De Alquileres Ba,Servicios Sociales,Vivienda Y Urbanismo,Transferencias,Al Sector Privado,0.0,20787595.0,20787594.48,127416982.95,127416979.76,Fiscal
2023,4,Organismos Descentralizados,Ministerio De Desarrollo Humano Y Hábitat,Ministerio De Desarrollo Humano Y Hábitat,Instituto Para La Vivienda,Inst.De La Vivienda De La Ciudad,Planes De Alquileres Ba,Servicios Sociales,Vivienda Y Urbanismo,Activos Financieros,Concesión De Préstamo De Largo Plazo,0.0,46722897.0,46722897.0,286386692.18,286386692.18,Fiscal
2023,4,Organismos Descentralizados,Ministerio De Desarrollo Humano Y Hábitat,Ministerio De Desarrollo Humano Y Hábitat,Instituto Para La Vivienda,Inst.De La Vivienda De La Ciudad,Demanda General,Servicios Sociales,Vivienda Y Urbanismo,Bienes De Uso,Construcciones Del Dominio Privado,40602575.0,451262851.0,451262846.24,2766003041.3,2766003012.12,Fiscal
2023,4,Organismos Descentralizados,Ministerio De Desarrollo Humano Y Hábitat,Ministerio De Desarrollo Humano Y Hábitat,Instituto Para La Vivienda,Inst.De La Vivienda De La Ciudad,Garantia Ba,Servicios Sociales,Vivienda Y Urbanismo,Transferencias,Al Sector Privado,48629435.0,7036551.0,7036550.67,43130342.82,43130340.8,Fiscal
2023,4,Organismos Descentralizados,Ministerio De Desarrollo Humano Y Hábitat,Ministerio De Desarrollo Humano Y Hábitat,Instituto Para La Vivienda,Inst.De La Vivienda De La Ciudad,Garantia Ba,Servicios Sociales,Vivienda Y Urbanismo,Servicios No Personales,Servicios No Personales,0.0,50608089.0,50608088.92,310200868.03,310200867.54,Fiscal
2023,4,Administracion Central,Ministerio De Cultura,Ministerio De Cultura,Ministerio De Cultura,Ministerio De Cultura,Actividades Centrales,Servicios Sociales,Cultura,Gastos En Personal,Remuneraciones Al Personal,431618260.0,853364679.0,853364666.79,5230674965.19,5230674890.35,Fiscal
2023,4,Administracion Central,Ministerio De Cultura,Ministerio De Cultura,Ministerio De Cultura,Ministerio De Cultura,Actividades Centrales,Servicios Sociales,Cultura,Bienes De Consumo,Bienes De Consumo,23449839.0,14807373.0,14807363.25,90761379.23,90761319.47,Fiscal
2023,4,Administracion Central,Ministerio De Cultura,Ministerio De Cultura,Ministerio De Cultura,Ministerio De Cultura,Actividades Centrales,Servicios Sociales,Cultura,Servicios No Personales,Servicios No Personales,1107948807.0,1458867374.0,1458069758.54,8942086822.32,8937197860.64,Fiscal
2023,4,Administracion Central,Ministerio De Cultura,Ministerio De Cultura,Ministerio De Cultura,Ministerio De Cultura,Actividades Centrales,Servicios Sociales,Cultura,Bienes De Uso,Maquinaria Y Equipo,16872423.0,2341853.0,2341851.58,14354322.55,14354313.85,Fiscal
2023,4,Administracion Central,Ministerio De Cultura,Ministerio De Cultura,Ministerio De Cultura,Ministerio De Cultura,Actividades Centrales,Administración Gubernamental,Control De La Gestión,Gastos En Personal,Remuneraciones Al Personal,17933520.0,32638215.0,32638213.99,200055027.25,200055021.06,Fiscal
2023,4,Administracion Central,Ministerio De Cultura,Ministerio De Cultura,Ministerio De Cultura,Ministerio De Cultura,Actividades Centrales,Administración Gubernamental,Control De La Gestión,Bienes De Consumo,Bienes De Consumo,136732.0,117768.0,117766.2,721855.67,721844.63,Fiscal
2023,4,Administracion Central,Ministerio De Cultura,Ministerio De Cultura,Ministerio De Cultura,Ministerio De Cultura,Actividades Centrales,Administración Gubernamental,Control De La Gestión,Servicios No Personales,Servicios No Personales,7397004.0,10238804.0,10238804.0,62758463.15,62758463.15,Fiscal
2023,4,Administracion Central,Ministerio De Cultura,Ministerio De Cultura,Ministerio De Cultura,Ministerio De Cultura,Actividades Centrales,Servicios De Seguridad,Seguridad Interior,Servicios No Personales,Servicios No Personales,1176480553.0,1624526425.0,1624526424.32,9957489348.52,9957489344.35,Fiscal
2023,4,Administracion Central,Ministerio De Cultura,Ministerio De Cultura,Ministerio De Cultura,Ministerio De Cultura,Actividades Centrales,Servicios Sociales,Cultura,Servicios No Personales,Servicios No Personales,0.0,183612826.0,164424493.21,1125449688.6,1007835338.7,Fiscal
2023,4,Administracion Central,Ministerio De Cultura,Ministerio De Cultura,Ministerio De Cultura,Ministerio De Cultura,Actividades De Descentralizacion Y Acceso A La Cultura,Servicios Sociales,Cultura,Bienes De Consumo,Bienes De Consumo,7998835.0,4976516.0,4976513.63,30503415.83,30503401.3,Fiscal
2023,4,Administracion Central,Ministerio De Cultura,Ministerio De Cultura,Ministerio De Cultura,Ministerio De Cultura,Actividades De Descentralizacion Y Acceso A La Cultura,Servicios Sociales,Cultura,Servicios No Personales,Servicios No Personales,427643136.0,856152769.0,854517017.34,5247764484.98,5237738190.86,Fiscal
2023,4,Administracion Central,Ministerio De Cultura,Ministerio De Cultura,Ministerio De Cultura,Ministerio De Cultura,Actividades Casa De La Cultura,Servicios Sociales,Cultura,Bienes De Consumo,Bienes De Consumo,683661.0,0.0,0.0,0.0,0.0,Fiscal
2023,4,Administracion Central,Ministerio De Cultura,Ministerio De Cultura,Ministerio De Cultura,Ministerio De Cultura,Actividades Casa De La Cultura,Servicios Sociales,Cultura,Servicios No Personales,Servicios No Personales,5469289.0,0.0,0.0,0.0,0.0,Fiscal
2023,4,Administracion Central,Ministerio De Cultura,Ministerio De Cultura,Ministerio De Cultura,Ministerio De Cultura,Promocion Y Proteccion De Bares Notables,Servicios Sociales,Cultura,Servicios No Personales,Servicios No Personales,8065460.0,2436000.0,2436000.0,14931393.96,14931393.96,Fiscal
2023,4,Administracion Central,Ministerio De Cultura,Ministerio De Cultura,Ministerio De Cultura,Ministerio De Cultura,Comision Preservacion Del Patrimonio De La Ciudad,Servicios Sociales,Cultura,Gastos En Personal,Remuneraciones Al Personal,11672239.0,17297405.0,17297400.26,106023960.83,106023931.77,Fiscal
2023,4,Administracion Central,Ministerio De Cultura,Ministerio De Cultura,Ministerio De Cultura,Ministerio De Cultura,Comision Preservacion Del Patrimonio De La Ciudad,Servicios Sociales,Cultura,Bienes De Consumo,Bienes De Consumo,4785628.0,0.0,0.0,0.0,0.0,Fiscal
2023,4,Administracion Central,Ministerio De Cultura,Ministerio De Cultura,Ministerio De Cultura,Ministerio De Cultura,Comision Preservacion Del Patrimonio De La Ciudad,Servicios Sociales,Cultura,Servicios No Personales,Servicios No Personales,4375432.0,0.0,0.0,0.0,0.0,Fiscal
2023,4,Administracion Central,Ministerio De Cultura,Ministerio De Cultura,Ministerio De Cultura,Dir.Gral. De Festivales Y Eventos Centrales,Usina Del Arte,Servicios Sociales,Cultura,Servicios No Personales,Servicios No Personales,263124423.0,465236086.0,465236072.29,2851651594.95,2851651510.92,Fiscal
2023,4,Administracion Central,Ministerio De Cultura,Ministerio De Cultura,Ministerio De Cultura,Dir.Gral. De Festivales Y Eventos Centrales,Usina Del Arte,Servicios Sociales,Cultura,Gastos En Personal,Remuneraciones Al Personal,20051983.0,32611832.0,32611828.9,199893313.39,199893294.38,Fiscal
2023,4,Administracion Central,Ministerio De Cultura,Ministerio De Cultura,Ministerio De Cultura,Dir.Gral. De Festivales Y Eventos Centrales,Usina Del Arte,Servicios Sociales,Cultura,Bienes De Consumo,Bienes De Consumo,27346446.0,7286487.0,7286484.61,44662318.55,44662303.9,Fiscal
2023,4,Administracion Central,Ministerio De Cultura,Ministerio De Cultura,Ministerio De Cultura,Dir.Gral. De Festivales Y Eventos Centrales,Usina Del Arte,Servicios Sociales,Cultura,Servicios No Personales,Derechos Sobre Bienes Intangibles,6836612.0,0.0,0.0,0.0,0.0,Fiscal
2023,4,Administracion Central,Ministerio De Cultura,Ministerio De Cultura,Ministerio De Cultura,Dir.Gral. De Festivales Y Eventos Centrales,Usina Del Arte,Servicios Sociales,Cultura,Bienes De Uso,Maquinaria Y Equipo,689582.0,0.0,0.0,0.0,0.0,Fiscal
2023,4,Administracion Central,Ministerio De Cultura,Ministerio De Cultura,Ministerio De Cultura,Dir.Gral. De Festivales Y Eventos Centrales,Festivales De La Ciudad,Servicios Sociales,Cultura,Gastos En Personal,Remuneraciones Al Personal,64490268.0,101560154.0,101560144.35,622510127.34,622510068.19,Fiscal
2023,4,Administracion Central,Ministerio De Cultura,Ministerio De Cultura,Ministerio De Cultura,Dir.Gral. De Festivales Y Eventos Centrales,Festivales De La Ciudad,Servicios Sociales,Cultura,Servicios No Personales,Servicios No Personales,466522448.0,2667442399.0,2667250384.01,16350013682.19,16348836731.67,Fiscal
2023,4,Administracion Central,Ministerio De Cultura,Ministerio De Cultura,Ministerio De Cultura,Dir.Gral. De Festivales Y Eventos Centrales,Festivales De La Ciudad,Servicios Sociales,Cultura,Bienes De Consumo,Bienes De Consumo,20025828.0,81391100.0,81391018.73,498884474.17,498883976.03,Fiscal
2023,4,Administracion Central,Ministerio De Cultura,Ministerio De Cultura,Ministerio De Cultura,Dir.Gral. De Festivales Y Eventos Centrales,Festivales De La Ciudad,Servicios Sociales,Cultura,Bienes De Uso,Maquinaria Y Equipo,689582.0,0.0,0.0,0.0,0.0,Fiscal
2023,4,Administracion Central,Ministerio De Cultura,Ministerio De Cultura,Ministerio De Cultura,Dir.Gral. De Festivales Y Eventos Centrales,Festivales De La Ciudad,Servicios Sociales,Cultura,Activos Financieros,Activos Financieros,0.0,28788000.0,28788000.0,176455241.94,176455241.94,Fiscal
2023,4,Administracion Central,Ministerio De Cultura,Ministerio De Cultura,Ministerio De Cultura,Dir. Gral De Ensenanza Artistica,Enseñanza De Las Artes,Servicios Sociales,Educación,Gastos En Personal,Remuneraciones Al Personal,2290063748.0,4569214354.0,4567232027.27,28006871763.29,27994721146.96,Fiscal
2023,4,Administracion Central,Ministerio De Cultura,Ministerio De Cultura,Ministerio De Cultura,Dir. Gral De Ensenanza Artistica,Enseñanza De Las Artes,Servicios Sociales,Educación,Servicios No Personales,Servicios No Personales,111293550.0,294859201.0,294604164.37,1807331237.02,1805767997.12,Fiscal
2023,4,Administracion Central,Ministerio De Cultura,Ministerio De Cultura,Ministerio De Cultura,Dir. Gral De Ensenanza Artistica,Enseñanza De Las Artes,Servicios Sociales,Educación,Bienes De Consumo,Bienes De Consumo,7088197.0,6903126.0,6897697.87,42312518.01,42279246.44,Fiscal
2023,4,Administracion Central,Ministerio De Cultura,Ministerio De Cultura,Ministerio De Cultura,Dir. Gral De Ensenanza Artistica,Enseñanza De Las Artes,Servicios Sociales,Educación,Bienes De Uso,Maquinaria Y Equipo,0.0,254914.0,254912.9,1562488.24,1562481.5,Fiscal
2023,4,Administracion Central,Ministerio De Cultura,Ministerio De Cultura,Ministerio De Cultura,Dir. Gral De Ensenanza Artistica,Enseñanza De Las Artes,Servicios Sociales,Educación,Transferencias,Al Sector Privado,5614446.0,11212462.0,11212458.0,68726472.66,68726448.14,Fiscal
2023,4,Administracion Central,Ministerio De Cultura,Ministerio De Cultura,Ministerio De Cultura,Dir. Gral De Ensenanza Artistica,Difusion De Las Artes,Servicios Sociales,Cultura,Bienes De Consumo,Bienes De Consumo,138076.0,136524.0,136524.0,836820.04,836820.04,Fiscal
2023,4,Administracion Central,Ministerio De Cultura,Ministerio De Cultura,Ministerio De Cultura,Dir. Gral De Musica,Promocion Y Divulgacion Musical,Servicios Sociales,Cultura,Gastos En Personal,Remuneraciones Al Personal,873449760.0,1642272712.0,1642272703.2,10066264719.02,10066264665.09,Fiscal
2023,4,Administracion Central,Ministerio De Cultura,Ministerio De Cultura,Ministerio De Cultura,Dir. Gral De Musica,Promocion Y Divulgacion Musical,Servicios Sociales,Cultura,Servicios No Personales,Servicios No Personales,62872284.0,1239348689.0,1234554614.45,7596553173.84,7567168027.78,Fiscal
2023,4,Administracion Central,Ministerio De Cultura,Ministerio De Cultura,Ministerio De Cultura,Dir. Gral De Musica,Promocion Y Divulgacion Musical,Servicios Sociales,Cultura,Bienes De Consumo,Bienes De Consumo,4718630.0,17656031.0,17656022.78,108222148.88,108222098.49,Fiscal
2023,4,Administracion Central,Ministerio De Cultura,Ministerio De Cultura,Ministerio De Cultura,Dir. Gral De Musica,Promocion Y Divulgacion Musical,Servicios Sociales,Cultura,Bienes De Uso,Maquinaria Y Equipo,4827072.0,4641482.0,4641481.7,28449834.28,28449832.44,Fiscal
2023,4,Administracion Central,Ministerio De Cultura,Ministerio De Cultura,Ministerio De Cultura,Dir. Gral De Musica,Promocion Y Divulgacion Musical,Servicios Sociales,Cultura,Transferencias,Al Sector Privado,0.0,6170000.0,6170000.0,37818842.67,37818842.67,Fiscal
2023,4,Administracion Central,Ministerio De Cultura,Ministerio De Cultura,Ministerio De Cultura,Dirección General Desarrollo Cultural Y Creativo,Administracion Y Actividades Artistico Culturales,Servicios Sociales,Cultura,Gastos En Personal,Remuneraciones Al Personal,32490558.0,110368536.0,110368528.07,676500858.79,676500810.18,Fiscal
2023,4,Administracion Central,Ministerio De Cultura,Ministerio De Cultura,Ministerio De Cultura,Dirección General Desarrollo Cultural Y Creativo,Administracion Y Actividades Artistico Culturales,Servicios Sociales,Cultura,Servicios No Personales,Servicios No Personales,235825865.0,771182357.0,769973448.91,4726940717.87,4719530749.5,Fiscal
2023,4,Administracion Central,Ministerio De Cultura,Ministerio De Cultura,Ministerio De Cultura,Dirección General Desarrollo Cultural Y Creativo,Administracion Y Actividades Artistico Culturales,Servicios Sociales,Cultura,Bienes De Consumo,Bienes De Consumo,5343281.0,4613869.0,4611966.11,28280581.17,28268917.46,Fiscal
2023,4,Administracion Central,Ministerio De Cultura,Ministerio De Cultura,Ministerio De Cultura,Dirección General Desarrollo Cultural Y Creativo,Administracion Y Actividades Artistico Culturales,Servicios Sociales,Cultura,Bienes De Uso,Maquinaria Y Equipo,4413323.0,4094608.0,4094606.99,25097785.37,25097779.18,Fiscal
2023,4,Administracion Central,Ministerio De Cultura,Ministerio De Cultura,Ministerio De Cultura,Dirección General Desarrollo Cultural Y Creativo,Administracion Y Actividades Artistico Culturales,Servicios Sociales,Cultura,Transferencias,Al Sector Privado,83308330.0,218581041.0,218581032.04,1339786385.77,1339786330.85,Fiscal
2023,4,Administracion Central,Ministerio De Cultura,Ministerio De Cultura,Ministerio De Cultura,Dirección General Desarrollo Cultural Y Creativo,Incentivo A La Produccion Cultural,Servicios Sociales,Cultura,Gastos En Personal,Remuneraciones Al Personal,62327370.0,87797757.0,87797753.23,538153899.31,538153876.21,Fiscal
2023,4,Administracion Central,Ministerio De Cultura,Ministerio De Cultura,Ministerio De Cultura,Dirección General Desarrollo Cultural Y Creativo,Incentivo A La Produccion Cultural,Servicios Sociales,Cultura,Servicios No Personales,Servicios No Personales,16604370.0,11535000.0,11535000.0,70703460.32,70703460.32,Fiscal
2023,4,Administracion Central,Ministerio De Cultura,Ministerio De Cultura,Ministerio De Cultura,Dirección General Desarrollo Cultural Y Creativo,Incentivo A La Produccion Cultural,Servicios Sociales,Cultura,Transferencias,Al Sector Privado,1963081229.0,1763427818.0,1762400273.09,10808881557.35,10802583249.53,Fiscal
2023,4,Administracion Central,Ministerio De Cultura,Ministerio De Cultura,Ministerio De Cultura,Dirección General Desarrollo Cultural Y Creativo,Incentivo A La Produccion Cultural,Servicios Sociales,Cultura,Bienes De Consumo,Bienes De Consumo,177752.0,0.0,0.0,0.0,0.0,Fiscal
2023,4,Administracion Central,Ministerio De Cultura,Ministerio De Cultura,Ministerio De Cultura,Dirección General Desarrollo Cultural Y Creativo,Incentivo A La Produccion Cultural,Servicios Sociales,Cultura,Transferencias,Al Sector Público,203945.0,0.0,0.0,0.0,0.0,Fiscal
2023,4,Administracion Central,Ministerio De Cultura,Ministerio De Cultura,Ministerio De Cultura,Dirección General Desarrollo Cultural Y Creativo,Desarrollo Cultural Y Creativo,Servicios Sociales,Cultura,Servicios No Personales,Servicios No Personales,67165702.0,147140760.0,147140759.08,901895178.73,901895173.09,Fiscal
2023,4,Administracion Central,Ministerio De Cultura,Ministerio De Cultura,Ministerio De Cultura,Dirección General Desarrollo Cultural Y Creativo,Desarrollo Cultural Y Creativo,Servicios Sociales,Cultura,Gastos En Personal,Remuneraciones Al Personal,8790999.0,14959643.0,14959640.03,91694713.94,91694695.74,Fiscal
2023,4,Administracion Central,Ministerio De Cultura,Ministerio De Cultura,Ministerio De Cultura,Dirección General Desarrollo Cultural Y Creativo,Industrias Creativas,Servicios Sociales,Cultura,Gastos En Personal,Remuneraciones Al Personal,26233759.0,49263031.0,49263023.75,301956372.58,301956328.14,Fiscal
2023,4,Administracion Central,Ministerio De Cultura,Ministerio De Cultura,Ministerio De Cultura,Dirección General Desarrollo Cultural Y Creativo,Industrias Creativas,Servicios Sociales,Cultura,Servicios No Personales,Servicios No Personales,54168666.0,29143497.0,28943496.24,178634250.87,177408351.8,Fiscal
2023,4,Administracion Central,Ministerio De Cultura,Ministerio De Cultura,Ministerio De Cultura,Dirección General Desarrollo Cultural Y Creativo,Industrias Creativas,Servicios Sociales,Cultura,Transferencias,Al Sector Privado,0.0,649946648.0,649946646.54,3983829825.71,3983829816.76,Fiscal
2023,4,Administracion Central,Ministerio De Cultura,Ministerio De Cultura,Ministerio De Cultura,Dirección General Desarrollo Cultural Y Creativo,Premios Y Subsidios,Servicios Sociales,Cultura,Transferencias,Al Sector Privado,679767291.0,1431670699.0,1431670698.19,8775385562.52,8775385557.56,Fiscal
2023,4,Administracion Central,Ministerio De Cultura,Ministerio De Cultura,Ministerio De Cultura,Dirección General Desarrollo Cultural Y Creativo,Premios Y Subsidios,Servicios Sociales,Cultura,Servicios No Personales,Servicios No Personales,3798581.0,430000.0,430000.0,2635672.99,2635672.99,Fiscal
2023,4,Administracion Central,Ministerio De Cultura,Ministerio De Cultura,Ministerio De Cultura,Dirección General Cooperación Cultural Internacional,Cooperacion Cultural Internacional,Servicios Sociales,Cultura,Gastos En Personal,Remuneraciones Al Personal,36158716.0,65081834.0,65081825.49,398917283.75,398917231.59,Fiscal
2023,4,Administracion Central,Ministerio De Cultura,Ministerio De Cultura,Ministerio De Cultura,Dirección General Cooperación Cultural Internacional,Cooperacion Cultural Internacional,Servicios Sociales,Cultura,Servicios No Personales,Servicios No Personales,182881314.0,285091493.0,285091486.7,1747460343.65,1747460305.04,Fiscal
2023,4,Administracion Central,Ministerio De Cultura,Ministerio De Cultura,Ministerio De Cultura,Dirección General Cooperación Cultural Internacional,Cooperacion Cultural Internacional,Servicios Sociales,Cultura,Bienes De Consumo,Bienes De Consumo,23846101.0,1254983.0,1254980.88,7692383.25,7692370.25,Fiscal
2023,4,Administracion Central,Ministerio De Cultura,Ministerio De Cultura,Ministerio De Cultura,Dirección General Cooperación Cultural Internacional,Cooperacion Cultural Internacional,Servicios Sociales,Cultura,Bienes De Uso,Maquinaria Y Equipo,5516654.0,592104.0,592102.47,3629284.93,3629275.55,Fiscal
2023,4,Administracion Central,Ministerio De Cultura,Ministerio De Cultura,Ministerio De Cultura,Dirección General Cooperación Cultural Internacional,Cooperacion Cultural Internacional,Servicios Sociales,Cultura,Activos Financieros,Adelanto A Proveedores Y Contratistas,0.0,3802500.0,3802500.0,23307317.55,23307317.55,Fiscal
2023,4,Administracion Central,Ministerio De Cultura,Ministerio De Cultura,Ministerio De Cultura,Dir.Gral.Patrimonio Museos Y Casco Historico,"Administracion De Patrimonio, Museos Y Casco Historico",Servicios Sociales,Cultura,Gastos En Personal,Remuneraciones Al Personal,141364088.0,251501899.0,251501885.9,1541573865.4,1541573785.1,Fiscal
2023,4,Administracion Central,Ministerio De Cultura,Ministerio De Cultura,Ministerio De Cultura,Dir.Gral.Patrimonio Museos Y Casco Historico,"Administracion De Patrimonio, Museos Y Casco Historico",Servicios Sociales,Cultura,Servicios No Personales,Servicios No Personales,376808493.0,443157816.0,441828295.48,2716323455.64,2708174196.75,Fiscal
2023,4,Administracion Central,Ministerio De Cultura,Ministerio De Cultura,Ministerio De Cultura,Dir.Gral.Patrimonio Museos Y Casco Historico,"Administracion De Patrimonio, Museos Y Casco Historico",Servicios Sociales,Cultura,Bienes De Consumo,Bienes De Consumo,2269754.0,9383548.0,9383541.62,57516195.38,57516156.27,Fiscal
2023,4,Administracion Central,Ministerio De Cultura,Ministerio De Cultura,Ministerio De Cultura,Dir.Gral.Patrimonio Museos Y Casco Historico,"Administracion De Patrimonio, Museos Y Casco Historico",Servicios Sociales,Cultura,Transferencias,Al Sector Privado,6992396.0,0.0,0.0,0.0,0.0,Fiscal
2023,4,Administracion Central,Ministerio De Cultura,Ministerio De Cultura,Ministerio De Cultura,Dir.Gral.Patrimonio Museos Y Casco Historico,Divulgacion Y Preservacion Del Patrimonio De La Ciudad,Servicios Sociales,Cultura,Gastos En Personal,Remuneraciones Al Personal,201863817.0,353807166.0,353807157.29,2168651142.05,2168651088.67,Fiscal
2023,4,Administracion Central,Ministerio De Cultura,Ministerio De Cultura,Ministerio De Cultura,Dir.Gral.Patrimonio Museos Y Casco Historico,Divulgacion Y Preservacion Del Patrimonio De La Ciudad,Servicios Sociales,Cultura,Bienes De Consumo,Bienes De Consumo,683660.0,4283413.0,4283411.07,26255060.35,26255048.52,Fiscal
2023,4,Administracion Central,Ministerio De Cultura,Ministerio De Cultura,Ministerio De Cultura,Dir.Gral.Patrimonio Museos Y Casco Historico,Divulgacion Y Preservacion Del Patrimonio De La Ciudad,Servicios Sociales,Cultura,Servicios No Personales,Servicios No Personales,2360783.0,4949751.0,4949750.26,30339360.51,30339355.97,Fiscal
2023,4,Administracion Central,Ministerio De Cultura,Ministerio De Cultura,Ministerio De Cultura,Dir.Gral.Patrimonio Museos Y Casco Historico,Comunicacion De La Cultura En Museos,Servicios Sociales,Cultura,Gastos En Personal,Remuneraciones Al Personal,738819184.0,1342758185.0,1342758150.03,8230398791.31,8230398576.96,Fiscal
2023,4,Administracion Central,Ministerio De Cultura,Ministerio De Cultura,Ministerio De Cultura,Dir.Gral.Patrimonio Museos Y Casco Historico,Comunicacion De La Cultura En Museos,Servicios Sociales,Cultura,Bienes De Consumo,Bienes De Consumo,4581902.0,44214950.0,44214903.22,271014301.09,271014014.35,Fiscal
2023,4,Administracion Central,Ministerio De Cultura,Ministerio De Cultura,Ministerio De Cultura,Dir.Gral.Patrimonio Museos Y Casco Historico,Comunicacion De La Cultura En Museos,Servicios Sociales,Cultura,Servicios No Personales,Servicios No Personales,13779650.0,271396737.0,271209930.65,1663518719.25,1662373694.94,Fiscal
2023,4,Administracion Central,Ministerio De Cultura,Ministerio De Cultura,Ministerio De Cultura,Dir.Gral.Patrimonio Museos Y Casco Historico,Comunicacion De La Cultura En Museos,Servicios Sociales,Cultura,Bienes De Uso,Maquinaria Y Equipo,1379161.0,1205938.0,928458.11,7391763.29,5690958.05,Fiscal
2023,4,Administracion Central,Ministerio De Cultura,Ministerio De Cultura,Ministerio De Cultura,Dir.Gral.Patrimonio Museos Y Casco Historico,Comunicacion De La Cultura En Museos,Servicios Sociales,Cultura,Servicios No Personales,Servicios No Personales,446628.0,461655831.0,461573578.71,2829706521.93,2829202358.81,Fiscal
2023,4,Administracion Central,Ministerio De Cultura,Ministerio De Cultura,Ministerio De Cultura,Dir.Gral.Patrimonio Museos Y Casco Historico,Comunicacion De La Cultura En Museos,Servicios Sociales,Cultura,Bienes De Uso,Construcciones Del Dominio Público,187597430.0,0.0,0.0,0.0,0.0,Fiscal
2023,4,Administracion Central,Ministerio De Cultura,Ministerio De Cultura,Ministerio De Cultura,Dir.Gral.Patrimonio Museos Y Casco Historico,Comunicacion De La Cultura En Museos,Servicios Sociales,Cultura,Bienes De Uso,Construcciones Del Dominio Privado,104948378.0,255339284.0,255339283.72,1565095009.57,1565095007.86,Fiscal
2023,4,Administracion Central,Ministerio De Cultura,Ministerio De Cultura,Ministerio De Cultura,Dir.Gral.Patrimonio Museos Y Casco Historico,Comunicacion De La Cultura En Museos,Servicios Sociales,Cultura,Activos Financieros,Activos Financieros,0.0,54091852.0,54091851.05,331554496.03,331554490.21,Fiscal
2023,4,Administracion Central,Ministerio De Cultura,Ministerio De Cultura,Ministerio De Cultura,Dir.Gral.Patrimonio Museos Y Casco Historico,Comunicacion De La Cultura En Museos,Servicios Sociales,Cultura,Bienes De Consumo,Bienes De Consumo,0.0,1450001.0,1449998.32,8887740.63,8887724.2,Fiscal
2023,4,Administracion Central,Ministerio De Cultura,Ministerio De Cultura,Ministerio De Cultura,Dir.Gral.Patrimonio Museos Y Casco Historico,Comunicacion De La Cultura En Museos,Servicios Sociales,Cultura,Bienes De Uso,Bienes De Uso,0.0,158726362.0,158726362.0,972908802.6,972908802.6,Fiscal
2023,4,Administracion Central,Ministerio De Cultura,Ministerio De Cultura,Ministerio De Cultura,Dir.Gral.Patrimonio Museos Y Casco Historico,Puesta En Valor Del Casco Historico Y Su Entorno,Servicios Sociales,Cultura,Gastos En Personal,Remuneraciones Al Personal,48692293.0,86344275.0,86344269.39,529244821.99,529244787.6,Fiscal
2023,4,Administracion Central,Ministerio De Cultura,Ministerio De Cultura,Ministerio De Cultura,Dir.Gral.Patrimonio Museos Y Casco Historico,Puesta En Valor Del Casco Historico Y Su Entorno,Servicios Sociales,Cultura,Bienes De Consumo,Bienes De Consumo,797011.0,4830015.0,4830010.78,29605442.04,29605416.17,Fiscal
2023,4,Administracion Central,Ministerio De Cultura,Ministerio De Cultura,Ministerio De Cultura,Dir.Gral.Patrimonio Museos Y Casco Historico,Puesta En Valor Del Casco Historico Y Su Entorno,Servicios Sociales,Cultura,Servicios No Personales,Servicios No Personales,674090.0,40260671.0,40135669.33,246776658.4,246010464.16,Fiscal
2023,4,Administracion Central,Ministerio De Cultura,Ministerio De Cultura,Ministerio De Cultura,Dir.Gral.Patrimonio Museos Y Casco Historico,Escuela Taller Del Casco Historico,Servicios Sociales,Educación,Bienes De Consumo,Bienes De Consumo,2050981.0,4720986.0,4720980.83,28937151.83,28937120.14,Fiscal
2023,4,Administracion Central,Ministerio De Cultura,Ministerio De Cultura,Ministerio De Cultura,Dir.Gral.Patrimonio Museos Y Casco Historico,Escuela Taller Del Casco Historico,Servicios Sociales,Educación,Servicios No Personales,Servicios No Personales,1734214.0,3874500.0,3874500.0,23748639.53,23748639.53,Fiscal
2023,4,Administracion Central,Ministerio De Cultura,Ministerio De Cultura,Ministerio De Cultura,Dir. Gral Centro Cultural Recoleta,Difusion De Las Artes En El Centro Cultural Recoleta,Servicios Sociales,Cultura,Gastos En Personal,Remuneraciones Al Personal,323782837.0,580066632.0,580066618.69,3555502219.41,3555502137.82,Fiscal
2023,4,Administracion Central,Ministerio De Cultura,Ministerio De Cultura,Ministerio De Cultura,Dir. Gral Centro Cultural Recoleta,Difusion De Las Artes En El Centro Cultural Recoleta,Servicios Sociales,Cultura,Servicios No Personales,Servicios No Personales,407025840.0,768501746.0,768484358.68,4710509987.62,4710403412.53,Fiscal
2023,4,Administracion Central,Ministerio De Cultura,Ministerio De Cultura,Ministerio De Cultura,Dir. Gral Centro Cultural Recoleta,Difusion De Las Artes En El Centro Cultural Recoleta,Servicios Sociales,Cultura,Bienes De Consumo,Bienes De Consumo,19195464.0,25895260.0,25895237.08,158724272.91,158724132.42,Fiscal
2023,4,Administracion Central,Ministerio De Cultura,Ministerio De Cultura,Ministerio De Cultura,Dir. Gral Centro Cultural Recoleta,Difusion De Las Artes En El Centro Cultural Recoleta,Servicios Sociales,Cultura,Bienes De Uso,Maquinaria Y Equipo,4413323.0,46853.0,46853.0,287184.15,287184.15,Fiscal
2023,4,Administracion Central,Ministerio De Cultura,Ministerio De Cultura,Ministerio De Cultura,Dir. Gral Centro Cultural Recoleta,Difusion De Las Artes En El Centro Cultural 25 De Mayo,Servicios Sociales,Cultura,Gastos En Personal,Remuneraciones Al Personal,112814641.0,213081419.0,213081411.02,1306076606.33,1306076557.42,Fiscal
2023,4,Administracion Central,Ministerio De Cultura,Ministerio De Cultura,Ministerio De Cultura,Dir. Gral Centro Cultural Recoleta,Difusion De Las Artes En El Centro Cultural 25 De Mayo,Servicios Sociales,Cultura,Bienes De Consumo,Bienes De Consumo,6084585.0,584591.0,584590.24,3583234.21,3583229.55,Fiscal
2023,4,Administracion Central,Ministerio De Cultura,Ministerio De Cultura,Ministerio De Cultura,Dir. Gral Centro Cultural Recoleta,Difusion De Las Artes En El Centro Cultural 25 De Mayo,Servicios Sociales,Cultura,Servicios No Personales,Servicios No Personales,38983644.0,82363638.0,82284514.28,504845618.68,504360632.05,Fiscal
2023,4,Administracion Central,Ministerio De Cultura,Ministerio De Cultura,Ministerio De Cultura,Dir. Gral Complejo Teatral Ciudad De Buenos Aires,Administracion Del Complejo Teatral,Servicios Sociales,Cultura,Gastos En Personal,Remuneraciones Al Personal,1363088535.0,2673417119.0,2673417107.95,16386635561.55,16386635493.82,Fiscal
2023,4,Administracion Central,Ministerio De Cultura,Ministerio De Cultura,Ministerio De Cultura,Dir. Gral Complejo Teatral Ciudad De Buenos Aires,Administracion Del Complejo Teatral,Servicios Sociales,Cultura,Servicios No Personales,Servicios No Personales,967786324.0,1769826380.0,1769110911.09,10848101364.42,10843715917.72,Fiscal
2023,4,Administracion Central,Ministerio De Cultura,Ministerio De Cultura,Ministerio De Cultura,Dir. Gral Complejo Teatral Ciudad De Buenos Aires,Administracion Del Complejo Teatral,Servicios Sociales,Cultura,Bienes De Consumo,Bienes De Consumo,8409031.0,8249129.0,8249125.74,50562805.8,50562785.82,Fiscal
2023,4,Administracion Central,Ministerio De Cultura,Ministerio De Cultura,Ministerio De Cultura,Dir. Gral Complejo Teatral Ciudad De Buenos Aires,Administracion Del Complejo Teatral,Servicios Sociales,Cultura,Bienes De Uso,Maquinaria Y Equipo,2758327.0,2657805.0,2657804.58,16290941.51,16290938.94,Fiscal
2023,4,Administracion Central,Ministerio De Cultura,Ministerio De Cultura,Ministerio De Cultura,Dir. Gral Complejo Teatral Ciudad De Buenos Aires,Artes Escenicas En El Complejo Teatral Buenos Aires,Servicios Sociales,Cultura,Gastos En Personal,Remuneraciones Al Personal,107238698.0,181000389.0,181000369.0,1109436828.98,1109436706.39,Fiscal
2023,4,Administracion Central,Ministerio De Cultura,Ministerio De Cultura,Ministerio De Cultura,Dir. Gral Complejo Teatral Ciudad De Buenos Aires,Artes Escenicas En El Complejo Teatral Buenos Aires,Servicios Sociales,Cultura,Bienes De Consumo,Bienes De Consumo,64059047.0,198086166.0,192840069.09,1214163621.89,1182007817.41,Fiscal
2023,4,Administracion Central,Ministerio De Cultura,Ministerio De Cultura,Ministerio De Cultura,Dir. Gral Complejo Teatral Ciudad De Buenos Aires,Artes Escenicas En El Complejo Teatral Buenos Aires,Servicios Sociales,Cultura,Servicios No Personales,Servicios No Personales,324582947.0,821134694.0,819764923.16,5033122172.33,5024726200.22,Fiscal
2023,4,Administracion Central,Ministerio De Cultura,Ministerio De Cultura,Ministerio De Cultura,Dir. Gral Complejo Teatral Ciudad De Buenos Aires,Artes Escenicas En El Complejo Teatral Buenos Aires,Servicios Sociales,Cultura,Bienes De Uso,Maquinaria Y Equipo,1654996.0,2792531.0,2792529.34,17116740.77,17116730.59,Fiscal
2023,4,Administracion Central,Ministerio De Cultura,Ministerio De Cultura,Ministerio De Cultura,Dir. Gral Complejo Teatral Ciudad De Buenos Aires,Artes Escenicas En El Complejo Teatral Buenos Aires,Servicios Sociales,Cultura,Bienes De Uso,Construcciones Del Dominio Privado,7616788.0,64321271.0,64321270.17,394255434.08,394255428.99,Fiscal
2023,4,Administracion Central,Ministerio De Cultura,Ministerio De Cultura,Ministerio De Cultura,Dir. Gral Complejo Teatral Ciudad De Buenos Aires,Artes Escenicas En El Complejo Teatral Buenos Aires,Servicios Sociales,Cultura,Bienes De Consumo,Bienes De Consumo,0.0,63095860.0,63038605.07,386744311.58,386393369.09,Fiscal
2023,4,Administracion Central,Ministerio De Cultura,Ministerio De Cultura,Ministerio De Cultura,Dir. Gral Complejo Teatral Ciudad De Buenos Aires,Artes Escenicas En El Complejo Teatral Buenos Aires,Servicios Sociales,Cultura,Servicios No Personales,Servicios No Personales,380649143.0,683220564.0,683220560.03,4187781364.48,4187781340.14,Fiscal
2023,4,Administracion Central,Ministerio De Cultura,Ministerio De Cultura,Ministerio De Cultura,Dir. Gral Complejo Teatral Ciudad De Buenos Aires,Artes Escenicas En El Complejo Teatral Buenos Aires,Servicios Sociales,Cultura,Bienes De Uso,Bienes De Uso,0.0,410170.0,410170.0,2514125.56,2514125.56,Fiscal
2023,4,Administracion Central,Ministerio De Cultura,Ministerio De Cultura,Ministerio De Cultura,Dir. Gral Complejo Teatral Ciudad De Buenos Aires,Formacion Artistica En El Complejo Teatral,Servicios Sociales,Educación,Gastos En Personal,Remuneraciones Al Personal,293537460.0,526950516.0,526950511.3,3229928469.93,3229928441.12,Fiscal
2023,4,Administracion Central,Ministerio De Cultura,Ministerio De Cultura,Ministerio De Cultura,Dir. Gral Complejo Teatral Ciudad De Buenos Aires,Formacion Artistica En El Complejo Teatral,Servicios Sociales,Educación,Bienes De Consumo,Bienes De Consumo,273464.0,137000.0,137000.0,839737.67,839737.67,Fiscal
2023,4,Administracion Central,Ministerio De Cultura,Ministerio De Cultura,Ministerio De Cultura,Dir. Gral Complejo Teatral Ciudad De Buenos Aires,Formacion Artistica En El Complejo Teatral,Servicios Sociales,Educación,Servicios No Personales,Servicios No Personales,10122980.0,17108101.0,17108100.98,104863627.25,104863627.12,Fiscal
2023,4,Administracion Central,Ministerio De Cultura,Ministerio De Cultura,Ministerio De Cultura,Dir. Gral Centro Cultural General San Martin,Nuevas Tendencias En El Centro Cultural General San Martin,Servicios Sociales,Cultura,Gastos En Personal,Remuneraciones Al Personal,513638484.0,1017425078.0,1017425065.21,6236278598.61,6236278520.21,Fiscal
2023,4,Administracion Central,Ministerio De Cultura,Ministerio De Cultura,Ministerio De Cultura,Dir. Gral Centro Cultural General San Martin,Nuevas Tendencias En El Centro Cultural General San Martin,Servicios Sociales,Cultura,Servicios No Personales,Servicios No Personales,131377381.0,232901991.0,232488301.63,1427566248.81,1425030551.37,Fiscal
2023,4,Administracion Central,Ministerio De Cultura,Ministerio De Cultura,Ministerio De Cultura,Dir. Gral Centro Cultural General San Martin,Nuevas Tendencias En El Centro Cultural General San Martin,Servicios Sociales,Cultura,Bienes De Consumo,Bienes De Consumo,3336268.0,4300953.0,4223757.44,26362571.29,25889403.26,Fiscal
2023,4,Administracion Central,Ministerio De Cultura,Ministerio De Cultura,Ministerio De Cultura,Subsecretaria De Gestion Cultural,Actividades Comunes,Servicios Sociales,Cultura,Gastos En Personal,Remuneraciones Al Personal,42796928.0,86271699.0,86271689.54,528799969.43,528799911.44,Fiscal
2023,4,Administracion Central,Ministerio De Cultura,Ministerio De Cultura,Ministerio De Cultura,Subsecretaria De Gestion Cultural,Actividades Comunes,Servicios Sociales,Cultura,Servicios No Personales,Servicios No Personales,52858453.0,161269558.0,161269557.88,988497251.45,988497250.72,Fiscal
2023,4,Administracion Central,Ministerio De Cultura,Ministerio De Cultura,Ministerio De Cultura,Subsecretaria De Gestion Cultural,Actividades Comunes,Servicios Sociales,Cultura,Bienes De Consumo,Bienes De Consumo,1229865.0,1224282.0,1224260.54,7504202.32,7504070.79,Fiscal
2023,4,Administracion Central,Ministerio De Cultura,Ministerio De Cultura,Ministerio De Cultura,Subsecretaria De Gestion Cultural,Actividades Comunes,Servicios Sociales,Cultura,Bienes De Uso,Maquinaria Y Equipo,1930829.0,0.0,0.0,0.0,0.0,Fiscal
2023,4,Administracion Central,Ministerio De Cultura,Ministerio De Cultura,Ministerio De Cultura,Subsecretaria De Gestion Cultural,Arte En Barrios,Servicios Sociales,Cultura,Bienes De Consumo,Bienes De Consumo,6152950.0,1908531.0,1908531.0,11698287.46,11698287.46,Fiscal
2023,4,Administracion Central,Ministerio De Cultura,Ministerio De Cultura,Ministerio De Cultura,Subsecretaria De Gestion Cultural,Arte En Barrios,Servicios Sociales,Cultura,Servicios No Personales,Servicios No Personales,49037886.0,103897142.0,103837131.0,636834630.01,636466794.26,Fiscal
2023,4,Administracion Central,Ministerio De Cultura,Ministerio De Cultura,Ministerio De Cultura,Subsecretaria De Gestion Cultural,Programa Cultural De La Niñez En La Ciudad De Buenos Aires,Servicios Sociales,Cultura,Bienes De Consumo,Bienes De Consumo,273464.0,0.0,0.0,0.0,0.0,Fiscal
2023,4,Administracion Central,Ministerio De Cultura,Ministerio De Cultura,Ministerio De Cultura,Subsecretaria De Gestion Cultural,Programa Cultural De La Niñez En La Ciudad De Buenos Aires,Servicios Sociales,Cultura,Servicios No Personales,Servicios No Personales,36191912.0,18410732.0,18410732.0,112848067.58,112848067.58,Fiscal
2023,4,Administracion Central,Ministerio De Cultura,Ministerio De Cultura,Ministerio De Cultura,Dg.Pro Libro Bibliot Cult,Administracion De Actividades Artistico Culturales,Servicios Sociales,Cultura,Gastos En Personal,Remuneraciones Al Personal,226276709.0,366771028.0,366771019.41,2248112772.1,2248112719.45,Fiscal
2023,4,Administracion Central,Ministerio De Cultura,Ministerio De Cultura,Ministerio De Cultura,Dg.Pro Libro Bibliot Cult,Administracion De Actividades Artistico Culturales,Servicios Sociales,Cultura,Bienes De Consumo,Bienes De Consumo,9251805.0,27723822.0,27721354.49,169932392.61,169917268.08,Fiscal
2023,4,Administracion Central,Ministerio De Cultura,Ministerio De Cultura,Ministerio De Cultura,Dg.Pro Libro Bibliot Cult,Administracion De Actividades Artistico Culturales,Servicios Sociales,Cultura,Servicios No Personales,Servicios No Personales,277666603.0,384271031.0,384250559.7,2355378551.71,2355253073.45,Fiscal
2023,4,Administracion Central,Ministerio De Cultura,Ministerio De Cultura,Ministerio De Cultura,Dg.Pro Libro Bibliot Cult,Administracion De Actividades Artistico Culturales,Servicios Sociales,Cultura,Bienes De Uso,Maquinaria Y Equipo,4413323.0,4413324.0,4225429.97,27051346.19,25899654.98,Fiscal
2023,4,Administracion Central,Ministerio De Cultura,Ministerio De Cultura,Ministerio De Cultura,Dg.Pro Libro Bibliot Cult,Promocion De Actividades Culturales,Servicios Sociales,Cultura,Servicios No Personales,Servicios No Personales,172675319.0,502945416.0,502945409.15,3082789879.95,3082789837.97,Fiscal
2023,4,Administracion Central,Ministerio De Cultura,Ministerio De Cultura,Ministerio De Cultura,Dg.Pro Libro Bibliot Cult,Promocion De Actividades Culturales,Servicios Sociales,Cultura,Gastos En Personal,Remuneraciones Al Personal,273172065.0,496802987.0,496802980.65,3045140032.96,3045139994.03,Fiscal
2023,4,Administracion Central,Ministerio De Cultura,Ministerio De Cultura,Ministerio De Cultura,Dg.Pro Libro Bibliot Cult,Promocion De Actividades Culturales,Servicios Sociales,Cultura,Transferencias,Al Sector Privado,49707688.0,49707695.0,49707688.0,304681928.15,304681885.25,Fiscal
2023,4,Administracion Central,Ministerio De Cultura,Ministerio De Cultura,Ministerio De Cultura,Dg.Pro Libro Bibliot Cult,Promocion De Actividades Culturales,Servicios Sociales,Cultura,Bienes De Consumo,Bienes De Consumo,0.0,5186799.0,5186796.2,31792339.6,31792322.44,Fiscal
2023,4,Administracion Central,Ministerio De Cultura,Ministerio De Cultura,Ministerio De Cultura,Dg.Pro Libro Bibliot Cult,Promocion De Actividades Culturales,Servicios Sociales,Cultura,Servicios No Personales,Servicios No Personales,0.0,26729285.0,26729285.0,163836405.85,163836405.85,Fiscal
2023,4,Administracion Central,Ministerio De Cultura,Ministerio De Cultura,Ministerio De Cultura,Dg.Pro Libro Bibliot Cult,Programa Cultural En Barrios,Servicios Sociales,Cultura,Gastos En Personal,Remuneraciones Al Personal,1025348432.0,1810029790.0,1810029782.03,11094527043.12,11094526994.27,Fiscal
2023,4,Administracion Central,Ministerio De Cultura,Ministerio De Cultura,Ministerio De Cultura,Dg.Pro Libro Bibliot Cult,Programa Cultural En Barrios,Servicios Sociales,Cultura,Bienes De Consumo,Bienes De Consumo,1836998.0,5991868.0,5991864.64,36726987.55,36726966.96,Fiscal
2023,4,Administracion Central,Ministerio De Cultura,Ministerio De Cultura,Ministerio De Cultura,Dg.Pro Libro Bibliot Cult,Programa Cultural En Barrios,Servicios Sociales,Cultura,Servicios No Personales,Servicios No Personales,10071542.0,32951201.0,32351198.56,201973466.19,198295767.99,Fiscal
2023,4,Administracion Central,Ministerio De Cultura,Ministerio De Cultura,Ministerio De Cultura,Dg.Pro Libro Bibliot Cult,Promocion De La Lectura,Servicios Sociales,Cultura,Gastos En Personal,Remuneraciones Al Personal,417188241.0,773879197.0,773879189.25,4743470923.33,4743470875.83,Fiscal
2023,4,Administracion Central,Ministerio De Cultura,Ministerio De Cultura,Ministerio De Cultura,Dg.Pro Libro Bibliot Cult,Promocion De La Lectura,Servicios Sociales,Cultura,Bienes De Consumo,Bienes De Consumo,879897.0,648039.0,648034.39,3972136.95,3972108.69,Fiscal
2023,4,Administracion Central,Ministerio De Cultura,Ministerio De Cultura,Ministerio De Cultura,Dg.Pro Libro Bibliot Cult,Promocion De La Lectura,Servicios Sociales,Cultura,Servicios No Personales,Servicios No Personales,28975859.0,83520773.0,83520759.09,511938245.34,511938160.08,Fiscal
2023,4,Administracion Central,Ministerio De Cultura,Ministerio De Cultura,Ministerio De Cultura,Dg.Pro Libro Bibliot Cult,Promocion De La Lectura,Servicios Sociales,Cultura,Transferencias,Al Sector Privado,90116930.0,138083599.0,138083594.5,846379563.35,846379535.77,Fiscal
2023,4,Administracion Central,Ministerio De Cultura,Ministerio De Cultura,Ministerio De Cultura,Dg.Pro Libro Bibliot Cult,Promocion De La Lectura,Servicios Sociales,Cultura,Transferencias,Al Sector Privado,0.0,6000000.0,6000000.0,36776832.42,36776832.42,Fiscal
2023,4,Administracion Central,Ministerio De Cultura,Ministerio De Cultura,Ministerio De Cultura,Dg.Planif.Y Seguim,Planificacion Y Seguimiento,Servicios Sociales,Cultura,Gastos En Personal,Remuneraciones Al Personal,102102924.0,187712731.0,187712715.83,1150579941.79,1150579848.81,Fiscal
2023,4,Administracion Central,Ministerio De Cultura,Ministerio De Cultura,Ministerio De Cultura,Dg.Planif.Y Seguim,Planificacion Y Seguimiento,Servicios Sociales,Cultura,Bienes De Consumo,Bienes De Consumo,0.0,1256131.0,1201711.2,7699419.88,7365855.24,Fiscal
2023,4,Administracion Central,Ministerio De Cultura,Ministerio De Cultura,Ministerio De Cultura,Dg.Planif.Y Seguim,Planificacion Y Seguimiento,Servicios Sociales,Cultura,Servicios No Personales,Servicios No Personales,287973059.0,2637198494.0,2610174042.92,16164634511.21,15998988893.12,Fiscal
2023,4,Administracion Central,Ministerio De Cultura,Ministerio De Cultura,Ministerio De Cultura,Dg.Planif.Y Seguim,Planificacion Y Seguimiento,Servicios Sociales,Cultura,Bienes De Uso,Maquinaria Y Equipo,4413323.0,4343010.0,4343009.76,26620358.49,26620357.02,Fiscal
2023,4,Administracion Central,Ministerio De Cultura,Ministerio De Cultura,Ministerio De Cultura,Dg.Planif.Y Seguim,Planificacion Y Seguimiento,Servicios Sociales,Cultura,Transferencias,Al Sector Público,0.0,200000.0,200000.0,1225894.41,1225894.41,Fiscal
2023,4,Administracion Central,Ministerio De Cultura,Ministerio De Cultura,Ministerio De Cultura,Dg.Planif.Y Seguim,Planificacion Y Seguimiento,Servicios Sociales,Cultura,Transferencias,Al Sector Externo,12528043.0,0.0,0.0,0.0,0.0,Fiscal
2023,4,Administracion Central,Ministerio De Cultura,Ministerio De Cultura,Ministerio De Cultura,Dg.Planif.Y Seguim,Planificacion Y Seguimiento,Servicios Sociales,Cultura,Servicios No Personales,Servicios No Personales,0.0,17425000.0,17425000.0,106806050.81,106806050.81,Fiscal
2023,4,Administracion Central,Ministerio De Cultura,Ministerio De Cultura,Ministerio De Cultura,Ss.Pol.Cult.Y Nuevas Audiencias,Actividades Comunes,Servicios Sociales,Cultura,Gastos En Personal,Remuneraciones Al Personal,41359512.0,70150247.0,70150238.64,429983979.67,429983928.43,Fiscal
2023,4,Administracion Central,Ministerio De Cultura,Ministerio De Cultura,Ministerio De Cultura,Ss.Pol.Cult.Y Nuevas Audiencias,Actividades Comunes,Servicios Sociales,Cultura,Bienes De Consumo,Bienes De Consumo,2525053.0,1880183.0,1880174.17,11524529.18,11524475.06,Fiscal
2023,4,Administracion Central,Ministerio De Cultura,Ministerio De Cultura,Ministerio De Cultura,Ss.Pol.Cult.Y Nuevas Audiencias,Actividades Comunes,Servicios Sociales,Cultura,Servicios No Personales,Servicios No Personales,82779913.0,86558509.0,86558507.25,530557963.31,530557952.58,Fiscal
2023,4,Administracion Central,Ministerio De Cultura,Ministerio De Cultura,Ministerio De Cultura,Ss.Pol.Cult.Y Nuevas Audiencias,Bienal De Arte Joven Ba,Servicios Sociales,Cultura,Bienes De Consumo,Bienes De Consumo,818634.0,817496.0,817495.1,5010818.9,5010813.38,Fiscal
2023,4,Administracion Central,Ministerio De Cultura,Ministerio De Cultura,Ministerio De Cultura,Ss.Pol.Cult.Y Nuevas Audiencias,Bienal De Arte Joven Ba,Servicios Sociales,Cultura,Servicios No Personales,Servicios No Personales,79066459.0,70177475.0,70177473.76,430150872.93,430150865.33,Fiscal
2023,4,Administracion Central,Ministerio De Cultura,Ministerio De Cultura,Ministerio De Cultura,Ss.Pol.Cult.Y Nuevas Audiencias,Bienal De Arte Joven Ba,Servicios Sociales,Cultura,Bienes De Uso,Maquinaria Y Equipo,0.0,45100.0,45100.0,276439.19,276439.19,Fiscal
2023,4,Administracion Central,Ministerio De Cultura,Ministerio De Cultura,Ministerio De Cultura,Direccion General Cultura Y Derechos Humanos,Cultura Y Derechos Humanos,Servicios Sociales,Cultura,Gastos En Personal,Remuneraciones Al Personal,20236758.0,32996362.0,32996357.2,202250279.28,202250249.86,Fiscal
2023,4,Administracion Central,Ministerio De Cultura,Ministerio De Cultura,Ministerio De Cultura,Direccion General Cultura Y Derechos Humanos,Cultura Y Derechos Humanos,Servicios Sociales,Cultura,Servicios No Personales,Servicios No Personales,44588287.0,249437509.0,249307507.83,1528920244.55,1528123406.01,Fiscal
2023,4,Administracion Central,Ministerio De Cultura,Ministerio De Cultura,Ministerio De Cultura,Direccion General Cultura Y Derechos Humanos,Cultura Y Derechos Humanos,Servicios Sociales,Cultura,Bienes De Consumo,Bienes De Consumo,2666279.0,269677.0,269675.08,1652977.64,1652965.87,Fiscal
2023,4,Administracion Central,Ministerio De Cultura,Ministerio De Cultura,Ministerio De Cultura,Direccion General Cultura Y Derechos Humanos,Cultura Y Derechos Humanos,Servicios Sociales,Cultura,Bienes De Uso,Maquinaria Y Equipo,4413324.0,0.0,0.0,0.0,0.0,Fiscal
2023,4,Administracion Central,Ministerio De Cultura,Ministerio De Cultura,Ministerio De Cultura,Upe Museo De Arte Moderno De Bs As,Programacion De Exposiciones Y Actividades Del Museo De Arte Moderno,Servicios Sociales,Cultura,Gastos En Personal,Remuneraciones Al Personal,87957422.0,169020313.0,169020300.71,1036005287.74,1036005212.41,Fiscal
2023,4,Administracion Central,Ministerio De Cultura,Ministerio De Cultura,Ministerio De Cultura,Upe Museo De Arte Moderno De Bs As,Programacion De Exposiciones Y Actividades Del Museo De Arte Moderno,Servicios Sociales,Cultura,Servicios No Personales,Servicios No Personales,368666150.0,862106643.0,861994862.75,5284258589.37,5283573435.45,Fiscal
2023,4,Administracion Central,Ministerio De Cultura,Ministerio De Cultura,Ministerio De Cultura,Upe Museo De Arte Moderno De Bs As,Programacion De Exposiciones Y Actividades Del Museo De Arte Moderno,Servicios Sociales,Cultura,Bienes De Consumo,Bienes De Consumo,12743443.0,37983360.0,37930987.45,232817944.23,232496928.15,Fiscal
2023,4,Administracion Central,Ministerio De Cultura,Ministerio De Cultura,Ministerio De Cultura,Upe Museo De Arte Moderno De Bs As,Programacion De Exposiciones Y Actividades Del Museo De Arte Moderno,Servicios Sociales,Cultura,Bienes De Uso,Maquinaria Y Equipo,4413323.0,52209053.0,52209048.58,320013932.15,320013905.06,Fiscal
2023,4,Organismos Descentralizados,Ministerio De Cultura,Ministerio De Cultura,Teatro Colon,Ente Autarquico Teatro Colon,Actividades Comunes,Servicios Sociales,Cultura,Gastos En Personal,Remuneraciones Al Personal,556894126.0,1272623509.0,1272623497.49,7800510253.65,7800510183.1,Fiscal
2023,4,Organismos Descentralizados,Ministerio De Cultura,Ministerio De Cultura,Teatro Colon,Ente Autarquico Teatro Colon,Actividades Comunes,Servicios Sociales,Cultura,Bienes De Uso,Maquinaria Y Equipo,38475545.0,39781011.0,38881006.64,243836595.83,238320044.24,Fiscal
2023,4,Organismos Descentralizados,Ministerio De Cultura,Ministerio De Cultura,Teatro Colon,Ente Autarquico Teatro Colon,Actividades Comunes,Servicios Sociales,Cultura,Bienes De Uso,Activos Intangibles,2675470.0,16002787.0,16002786.98,98088635.95,98088635.83,Fiscal
2023,4,Organismos Descentralizados,Ministerio De Cultura,Ministerio De Cultura,Teatro Colon,Ente Autarquico Teatro Colon,Actividades Comunes,Servicios Sociales,Cultura,Bienes De Consumo,Bienes De Consumo,94512817.0,874246857.0,874172349.84,5358671692.0,5358215002.44,Fiscal
2023,4,Organismos Descentralizados,Ministerio De Cultura,Ministerio De Cultura,Teatro Colon,Ente Autarquico Teatro Colon,Actividades Comunes,Servicios Sociales,Cultura,Servicios No Personales,Servicios No Personales,1561883314.0,2828243010.0,2816579896.8,17335636536.1,17264147809.5,Fiscal
2023,4,Organismos Descentralizados,Ministerio De Cultura,Ministerio De Cultura,Teatro Colon,Ente Autarquico Teatro Colon,Actividades Comunes,Administración Gubernamental,Control De La Gestión,Gastos En Personal,Remuneraciones Al Personal,10038286.0,19162212.0,19162209.57,117454243.25,117454228.35,Fiscal
2023,4,Organismos Descentralizados,Ministerio De Cultura,Ministerio De Cultura,Teatro Colon,Ente Autarquico Teatro Colon,Actividades Comunes,Administración Gubernamental,Control De La Gestión,Bienes De Consumo,Bienes De Consumo,161405.0,91330.0,91330.0,559804.68,559804.68,Fiscal
2023,4,Organismos Descentralizados,Ministerio De Cultura,Ministerio De Cultura,Teatro Colon,Ente Autarquico Teatro Colon,Actividades Comunes,Administración Gubernamental,Control De La Gestión,Servicios No Personales,Servicios No Personales,13520752.0,11587020.0,11587020.0,71022315.46,71022315.46,Fiscal
2023,4,Organismos Descentralizados,Ministerio De Cultura,Ministerio De Cultura,Teatro Colon,Ente Autarquico Teatro Colon,Actividades Comunes,Servicios De Seguridad,Seguridad Interior,Servicios No Personales,Servicios No Personales,0.0,522019940.0,522019915.6,3199706642.05,3199706492.49,Fiscal
2023,4,Organismos Descentralizados,Ministerio De Cultura,Ministerio De Cultura,Teatro Colon,Ente Autarquico Teatro Colon,Actividades Comunes,Servicios Sociales,Cultura,Servicios No Personales,Servicios No Personales,0.0,156023607.0,149588841.55,956342341.32,916900626.22,Fiscal
2023,4,Organismos Descentralizados,Ministerio De Cultura,Ministerio De Cultura,Teatro Colon,Ente Autarquico Teatro Colon,Actividades Comunes,Servicios Sociales,Cultura,Bienes De Uso,Bienes De Uso,0.0,129311249.0,114326249.0,792609689.04,700759550.08,Fiscal
2023,4,Organismos Descentralizados,Ministerio De Cultura,Ministerio De Cultura,Teatro Colon,Ente Autarquico Teatro Colon,Actividades Comunes,Servicios Sociales,Cultura,Bienes De Consumo,Bienes De Consumo,0.0,32488800.0,32488800.0,199139192.18,199139192.18,Fiscal
2023,4,Organismos Descentralizados,Ministerio De Cultura,Ministerio De Cultura,Teatro Colon,Ente Autarquico Teatro Colon,Actividades Comunes,Servicios Sociales,Cultura,Bienes De Uso,Construcciones Del Dominio Privado,819804203.0,143700553.0,143700552.11,880808526.01,880808520.56,Fiscal
2023,4,Organismos Descentralizados,Ministerio De Cultura,Ministerio De Cultura,Teatro Colon,Ente Autarquico Teatro Colon,Actividades Comunes,Servicios Sociales,Cultura,Activos Financieros,Activos Financieros,0.0,169568900.0,169568900.0,1039367836.44,1039367836.44,Fiscal
2023,4,Organismos Descentralizados,Ministerio De Cultura,Ministerio De Cultura,Teatro Colon,Ente Autarquico Teatro Colon,Formacion Artistica Instituto Superior De Arte,Servicios Sociales,Educación,Gastos En Personal,Remuneraciones Al Personal,136865575.0,288953969.0,288613757.32,1771135282.41,1769049964.42,Fiscal
2023,4,Organismos Descentralizados,Ministerio De Cultura,Ministerio De Cultura,Teatro Colon,Ente Autarquico Teatro Colon,Formacion Artistica Instituto Superior De Arte,Servicios Sociales,Educación,Servicios No Personales,Servicios No Personales,341752452.0,352250042.0,350905056.77,2159106793.99,2150862744.59,Fiscal
2023,4,Organismos Descentralizados,Ministerio De Cultura,Ministerio De Cultura,Teatro Colon,Ente Autarquico Teatro Colon,Formacion Artistica Instituto Superior De Arte,Servicios Sociales,Educación,Bienes De Consumo,Bienes De Consumo,4573139.0,2080053.0,2080052.52,12749626.77,12749623.82,Fiscal
2023,4,Organismos Descentralizados,Ministerio De Cultura,Ministerio De Cultura,Teatro Colon,Ente Autarquico Teatro Colon,Formacion Artistica Instituto Superior De Arte,Servicios Sociales,Educación,Bienes De Uso,Maquinaria Y Equipo,4485822.0,3923819.0,3923818.02,24050938.97,24050932.96,Fiscal
2023,4,Organismos Descentralizados,Ministerio De Cultura,Ministerio De Cultura,Teatro Colon,Ente Autarquico Teatro Colon,Divulgacion De Las Expresiones Artisticas,Servicios Sociales,Cultura,Gastos En Personal,Remuneraciones Al Personal,4281896444.0,9069130492.0,9069130466.71,55588982047.13,55588981892.11,Fiscal
2023,4,Organismos Descentralizados,Ministerio De Cultura,Ministerio De Cultura,Teatro Colon,Ente Autarquico Teatro Colon,Divulgacion De Las Expresiones Artisticas,Servicios Sociales,Cultura,Servicios No Personales,Servicios No Personales,3023919091.0,3816060495.0,3813762691.24,23390436220.37,23376351896.4,Fiscal
2023,4,Organismos Descentralizados,Ministerio De Cultura,Ministerio De Cultura,Teatro Colon,Ente Autarquico Teatro Colon,Divulgacion De Las Expresiones Artisticas,Servicios Sociales,Cultura,Bienes De Uso,Maquinaria Y Equipo,0.0,21380588.0,20635636.74,131051716.98,126485559.04,Fiscal
2023,4,Organismos Descentralizados,Ministerio De Cultura,Ministerio De Cultura,Teatro Colon,Ente Autarquico Teatro Colon,Divulgacion De Las Expresiones Artisticas,Servicios Sociales,Cultura,Servicios No Personales,Impuestos Directos,61782667.0,74140314.0,73093686.71,454440983.9,448025711.16,Fiscal
2023,4,Organismos Descentralizados,Ministerio De Cultura,Ministerio De Cultura,Teatro Colon,Ente Autarquico Teatro Colon,Divulgacion De Las Expresiones Artisticas,Servicios Sociales,Cultura,Bienes De Consumo,Bienes De Consumo,150811033.0,791359930.0,776238914.19,4850618588.01,4757934743.94,Fiscal
2023,4,Organismos Descentralizados,Ministerio De Cultura,Ministerio De Cultura,Teatro Colon,Ente Autarquico Teatro Colon,Divulgacion De Las Expresiones Artisticas,Servicios Sociales,Cultura,Transferencias,Al Sector Privado,8244537.0,6875000.0,6875000.0,42140120.48,42140120.48,Fiscal
2023,4,Administracion Central,Ministerio De Educación,Ministerio De Educación,Ministerio De Educación,Dir. Gral Educacion De Gestion Privada,Educacion De Gestion Privada,Servicios Sociales,Educación,Gastos En Personal,Remuneraciones Al Personal,617701516.0,1437104839.0,1437104822.62,8808693971.87,8808693871.47,Fiscal
2023,4,Administracion Central,Ministerio De Educación,Ministerio De Educación,Ministerio De Educación,Dir. Gral Educacion De Gestion Privada,Educacion De Gestion Privada,Servicios Sociales,Educación,Bienes De Consumo,Bienes De Consumo,728543.0,929807.0,929805.15,5699226.04,5699214.7,Fiscal
2023,4,Administracion Central,Ministerio De Educación,Ministerio De Educación,Ministerio De Educación,Dir. Gral Educacion De Gestion Privada,Educacion De Gestion Privada,Servicios Sociales,Educación,Servicios No Personales,Servicios No Personales,45279859.0,69557465.0,69557463.56,426350538.96,426350530.13,Fiscal
2023,4,Administracion Central,Ministerio De Educación,Ministerio De Educación,Ministerio De Educación,Dir. Gral Educacion De Gestion Privada,Educacion De Gestion Privada,Servicios Sociales,Educación,Bienes De Uso,Maquinaria Y Equipo,1218075.0,0.0,0.0,0.0,0.0,Fiscal
2023,4,Administracion Central,Ministerio De Educación,Ministerio De Educación,Ministerio De Educación,Dir. Gral Educacion De Gestion Privada,Educacion De Gestion Privada,Servicios Sociales,Educación,Transferencias,Al Sector Privado,62887407674.0,89265403339.0,89255085505.27,547149796556.38,547086553682.71,Fiscal
2023,4,Administracion Central,Ministerio De Educación,Ministerio De Educación,Ministerio De Educación,Dir. Gral Educacion De Gestion Privada,Educacion De Gestion Privada,Servicios Sociales,Educación,Transferencias,Al Sector Público,0.0,64496887.0,64496886.34,395331867.45,395331863.4,Fiscal
2023,4,Administracion Central,Ministerio De Educación,Ministerio De Educación,Ministerio De Educación,Dir.Gral. Servicios A Las Escuelas,Asistencia Alimentaria Y Accion Comunitaria,Servicios Sociales,Educación,Gastos En Personal,Remuneraciones Al Personal,127801708.0,224935083.0,224935069.95,1378733308.74,1378733228.75,Fiscal
2023,4,Administracion Central,Ministerio De Educación,Ministerio De Educación,Ministerio De Educación,Dir.Gral. Servicios A Las Escuelas,Asistencia Alimentaria Y Accion Comunitaria,Servicios Sociales,Educación,Bienes De Consumo,Bienes De Consumo,3388024482.0,4696686834.0,4696686791.13,28788210769.1,28788210506.33,Fiscal
2023,4,Administracion Central,Ministerio De Educación,Ministerio De Educación,Ministerio De Educación,Dir.Gral. Servicios A Las Escuelas,Asistencia Alimentaria Y Accion Comunitaria,Servicios Sociales,Educación,Servicios No Personales,Servicios No Personales,36879223640.0,59055758200.0,59004099982.3,361980620441.51,361663982838.95,Fiscal
2023,4,Administracion Central,Ministerio De Educación,Ministerio De Educación,Ministerio De Educación,Dir.Gral. Servicios A Las Escuelas,Asistencia Alimentaria Y Accion Comunitaria,Servicios Sociales,Educación,Bienes De Uso,Maquinaria Y Equipo,0.0,12019.0,12019.0,73670.12,73670.12,Fiscal
2023,4,Administracion Central,Ministerio De Educación,Ministerio De Educación,Ministerio De Educación,Dir.Gral. Servicios A Las Escuelas,Subsidio A Cooperadoras Escolares,Servicios Sociales,Educación,Transferencias,Al Sector Privado,418864941.0,660566473.0,660566473.0,4048923746.43,4048923746.43,Fiscal
2023,4,Administracion Central,Ministerio De Educación,Ministerio De Educación,Ministerio De Educación,Dir.Gral. Servicios A Las Escuelas,Subsidio A Cooperadoras Escolares,Servicios Sociales,Educación,Gastos En Personal,Remuneraciones Al Personal,41004903.0,84814875.0,84814869.52,519870407.41,519870373.82,Fiscal
2023,4,Administracion Central,Ministerio De Educación,Ministerio De Educación,Ministerio De Educación,Dir.Gral. Servicios A Las Escuelas,Subsidio A Cooperadoras Escolares,Servicios Sociales,Educación,Servicios No Personales,Servicios No Personales,12893993.0,12962125.0,4665265.15,79450983.15,28595612.43,Fiscal
2023,4,Administracion Central,Ministerio De Educación,Ministerio De Educación,Ministerio De Educación,Dir.Gral. Servicios A Las Escuelas,Subsidio A Cooperadoras Escolares,Servicios Sociales,Educación,Bienes De Consumo,Bienes De Consumo,455339.0,0.0,0.0,0.0,0.0,Fiscal
2023,4,Administracion Central,Ministerio De Educación,Ministerio De Educación,Ministerio De Educación,Dir.Gral. Servicios A Las Escuelas,Subsidio A Cooperadoras Escolares,Servicios Sociales,Educación,Bienes De Uso,Maquinaria Y Equipo,609313.0,0.0,0.0,0.0,0.0,Fiscal
2023,4,Administracion Central,Ministerio De Educación,Ministerio De Educación,Ministerio De Educación,Subsecretaria De Coordinacion Pedagogica Y Equidad Educativa,Actividades Comunes,Servicios Sociales,Educación,Gastos En Personal,Remuneraciones Al Personal,3914024368.0,7062926425.0,7043810040.85,43292010252.34,43174836909.62,Fiscal
2023,4,Administracion Central,Ministerio De Educación,Ministerio De Educación,Ministerio De Educación,Subsecretaria De Coordinacion Pedagogica Y Equidad Educativa,Actividades Comunes,Servicios Sociales,Educación,Bienes De Consumo,Bienes De Consumo,27362285.0,463920292.0,451136578.94,2843586472.38,2765229060.23,Fiscal
2023,4,Administracion Central,Ministerio De Educación,Ministerio De Educación,Ministerio De Educación,Subsecretaria De Coordinacion Pedagogica Y Equidad Educativa,Actividades Comunes,Servicios Sociales,Educación,Servicios No Personales,Servicios No Personales,303041844.0,1061106466.0,1038187354.08,6504022446.32,6363540389.94,Fiscal
2023,4,Administracion Central,Ministerio De Educación,Ministerio De Educación,Ministerio De Educación,Subsecretaria De Coordinacion Pedagogica Y Equidad Educativa,Actividades Comunes,Servicios Sociales,Educación,Bienes De Uso,Maquinaria Y Equipo,3501965.0,1964213.0,1364207.33,12039588.72,8361870.73,Fiscal
2023,4,Administracion Central,Ministerio De Educación,Ministerio De Educación,Ministerio De Educación,Subsecretaria De Coordinacion Pedagogica Y Equidad Educativa,Actividades Comunes,Servicios Sociales,Educación,Transferencias,Al Sector Privado,0.0,8342691.0,8342690.8,51136291.47,51136290.24,Fiscal
2023,4,Administracion Central,Ministerio De Educación,Ministerio De Educación,Ministerio De Educación,Subsecretaria De Coordinacion Pedagogica Y Equidad Educativa,Fortalecimiento De La Comunidad Educativa,Servicios Sociales,Educación,Bienes De Consumo,Bienes De Consumo,1366015.0,2040105.0,2040098.33,12504766.62,12504725.73,Fiscal
2023,4,Administracion Central,Ministerio De Educación,Ministerio De Educación,Ministerio De Educación,Subsecretaria De Coordinacion Pedagogica Y Equidad Educativa,Fortalecimiento De La Comunidad Educativa,Servicios Sociales,Educación,Servicios No Personales,Servicios No Personales,1161114.0,57728599.0,57728598.95,353845835.19,353845834.89,Fiscal
2023,4,Administracion Central,Ministerio De Educación,Ministerio De Educación,Ministerio De Educación,Subsecretaria De Coordinacion Pedagogica Y Equidad Educativa,Fortalecimiento De La Comunidad Educativa,Servicios Sociales,Educación,Bienes De Uso,Maquinaria Y Equipo,1461690.0,249799.0,249798.24,1531135.99,1531131.34,Fiscal
2023,4,Administracion Central,Ministerio De Educación,Ministerio De Educación,Ministerio De Educación,Subsecretaria De Coordinacion Pedagogica Y Equidad Educativa,Fortalecimiento De La Comunidad Educativa,Servicios Sociales,Educación,Gastos En Personal,Remuneraciones Al Personal,2867765836.0,5257248032.0,5257248021.14,32224154975.6,32224154909.03,Fiscal
2023,4,Administracion Central,Ministerio De Educación,Ministerio De Educación,Ministerio De Educación,Subsecretaria De Coordinacion Pedagogica Y Equidad Educativa,Fortalecimiento De La Comunidad Educativa,Servicios Sociales,Educación,Transferencias,Al Sector Privado,325351492.0,243435850.0,243435848.97,1492133243.34,1492133237.02,Fiscal
2023,4,Administracion Central,Ministerio De Educación,Ministerio De Educación,Ministerio De Educación,Subsecretaria De Coordinacion Pedagogica Y Equidad Educativa,Escuela Abierta,Servicios Sociales,Educación,Gastos En Personal,Remuneraciones Al Personal,2362247052.0,3597199178.0,3597199151.58,22048931890.68,22048931728.74,Fiscal
2023,4,Administracion Central,Ministerio De Educación,Ministerio De Educación,Ministerio De Educación,Subsecretaria De Coordinacion Pedagogica Y Equidad Educativa,Escuela Abierta,Servicios Sociales,Educación,Bienes De Consumo,Bienes De Consumo,18641565.0,53554861.0,53554854.18,328263024.7,328262982.89,Fiscal
2023,4,Administracion Central,Ministerio De Educación,Ministerio De Educación,Ministerio De Educación,Subsecretaria De Coordinacion Pedagogica Y Equidad Educativa,Escuela Abierta,Servicios Sociales,Educación,Servicios No Personales,Servicios No Personales,28669834.0,109108916.0,109108915.17,668780053.18,668780048.09,Fiscal
2023,4,Administracion Central,Ministerio De Educación,Ministerio De Educación,Ministerio De Educación,Subsecretaria De Coordinacion Pedagogica Y Equidad Educativa,Escuela Abierta,Servicios Sociales,Educación,Bienes De Uso,Maquinaria Y Equipo,4263261.0,1138778.0,1138777.72,6980107.94,6980106.23,Fiscal
2023,4,Administracion Central,Ministerio De Educación,Ministerio De Educación,Ministerio De Educación,Subsecretaria De Coordinacion Pedagogica Y Equidad Educativa,Extension Y Capacitacion,Servicios Sociales,Educación,Bienes De Consumo,Bienes De Consumo,182136.0,1500000.0,1277405.01,9194208.1,7829818.33,Fiscal
2023,4,Administracion Central,Ministerio De Educación,Ministerio De Educación,Ministerio De Educación,Subsecretaria De Coordinacion Pedagogica Y Equidad Educativa,Extension Y Capacitacion,Servicios Sociales,Educación,Servicios No Personales,Servicios No Personales,8558920.0,24410568.0,17968606.25,149623894.76,110138070.14,Fiscal
2023,4,Administracion Central,Ministerio De Educación,Ministerio De Educación,Ministerio De Educación,Subsecretaria De Coordinacion Pedagogica Y Equidad Educativa,Extension Y Capacitacion,Servicios Sociales,Educación,Transferencias,Al Sector Privado,28458670.0,0.0,0.0,0.0,0.0,Fiscal
2023,4,Administracion Central,Ministerio De Educación,Ministerio De Educación,Ministerio De Educación,Subsecretaria De Coordinacion Pedagogica Y Equidad Educativa,Educacion Artistica,Servicios Sociales,Educación,Gastos En Personal,Remuneraciones Al Personal,5676501377.0,10274106855.0,10274106737.89,62974851008.78,62974850290.95,Fiscal
2023,4,Administracion Central,Ministerio De Educación,Ministerio De Educación,Ministerio De Educación,Subsecretaria De Coordinacion Pedagogica Y Equidad Educativa,Educacion Artistica,Servicios Sociales,Educación,Bienes De Consumo,Bienes De Consumo,1750262.0,2210759.0,2210750.1,13550785.54,13550730.99,Fiscal
2023,4,Administracion Central,Ministerio De Educación,Ministerio De Educación,Ministerio De Educación,Subsecretaria De Coordinacion Pedagogica Y Equidad Educativa,Educacion Artistica,Servicios Sociales,Educación,Servicios No Personales,Servicios No Personales,17699805.0,28114931.0,28114929.82,172329684.31,172329677.07,Fiscal
2023,4,Administracion Central,Ministerio De Educación,Ministerio De Educación,Ministerio De Educación,Subsecretaria De Coordinacion Pedagogica Y Equidad Educativa,Educacion Artistica,Servicios Sociales,Educación,Bienes De Uso,Maquinaria Y Equipo,2740668.0,56667.0,56667.0,347338.79,347338.79,Fiscal
2023,4,Administracion Central,Ministerio De Educación,Ministerio De Educación,Ministerio De Educación,Subsecretaria De Coordinacion Pedagogica Y Equidad Educativa,Escuelas Normales,Servicios Sociales,Educación,Gastos En Personal,Remuneraciones Al Personal,14108668812.0,25068607391.0,25068607293.85,153657328829.26,153657328233.78,Fiscal
2023,4,Administracion Central,Ministerio De Educación,Ministerio De Educación,Ministerio De Educación,Subsecretaria De Coordinacion Pedagogica Y Equidad Educativa,Escuelas Normales,Servicios Sociales,Educación,Bienes De Consumo,Bienes De Consumo,1412063.0,3204062.0,3204050.8,19639208.54,19639139.89,Fiscal
2023,4,Administracion Central,Ministerio De Educación,Ministerio De Educación,Ministerio De Educación,Subsecretaria De Coordinacion Pedagogica Y Equidad Educativa,Escuelas Normales,Servicios Sociales,Educación,Servicios No Personales,Servicios No Personales,108694740.0,47824845.0,47753595.0,293141051.66,292704326.78,Fiscal
2023,4,Administracion Central,Ministerio De Educación,Ministerio De Educación,Ministerio De Educación,Subsecretaria De Coordinacion Pedagogica Y Equidad Educativa,Escuelas Normales,Servicios Sociales,Educación,Bienes De Uso,Maquinaria Y Equipo,735028.0,3194569.0,3194567.7,19581021.46,19581013.49,Fiscal
2023,4,Administracion Central,Ministerio De Educación,Ministerio De Educación,Ministerio De Educación,Subsecretaria De Coordinacion Pedagogica Y Equidad Educativa,Becas Estudiantiles,Servicios Sociales,Educación,Servicios No Personales,Servicios No Personales,0.0,401720.0,401719.5,2462331.52,2462328.46,Fiscal
2023,4,Administracion Central,Ministerio De Educación,Ministerio De Educación,Ministerio De Educación,Subsecretaria De Coordinacion Pedagogica Y Equidad Educativa,Becas Estudiantiles,Servicios Sociales,Educación,Transferencias,Al Sector Privado,4630100577.0,4072541144.0,4072541133.91,24962527194.83,24962527132.98,Fiscal
2023,4,Administracion Central,Ministerio De Educación,Ministerio De Educación,Ministerio De Educación,Subsecretaria De Coordinacion Pedagogica Y Equidad Educativa,Becas Estudiantiles,Servicios Sociales,Educación,Gastos En Personal,Remuneraciones Al Personal,0.0,934608.0,934605.12,5728653.63,5728635.98,Fiscal
2023,4,Administracion Central,Ministerio De Educación,Ministerio De Educación,Ministerio De Educación,Subsecretaria De Gestion Economico Financiera Y Administracion De Recursos,Actividades Comunes,Servicios Sociales,Educación,Gastos En Personal,Remuneraciones Al Personal,584120593.0,1044633279.0,1044633271.5,6403050506.7,6403050460.73,Fiscal
2023,4,Administracion Central,Ministerio De Educación,Ministerio De Educación,Ministerio De Educación,Subsecretaria De Gestion Economico Financiera Y Administracion De Recursos,Actividades Comunes,Servicios Sociales,Educación,Bienes De Consumo,Bienes De Consumo,143623854.0,22157573.0,22157555.53,135814224.84,135814117.75,Fiscal
2023,4,Administracion Central,Ministerio De Educación,Ministerio De Educación,Ministerio De Educación,Subsecretaria De Gestion Economico Financiera Y Administracion De Recursos,Actividades Comunes,Servicios Sociales,Educación,Servicios No Personales,Servicios No Personales,484321854.0,525424882.0,525424873.11,3220577138.94,3220577084.45,Fiscal
2023,4,Administracion Central,Ministerio De Educación,Ministerio De Educación,Ministerio De Educación,Subsecretaria De Gestion Economico Financiera Y Administracion De Recursos,Actividades Comunes,Servicios Sociales,Educación,Bienes De Uso,Maquinaria Y Equipo,34422997.0,33651806.0,33651800.9,206267804.97,206267773.71,Fiscal
2023,4,Administracion Central,Ministerio De Educación,Ministerio De Educación,Ministerio De Educación,Subsecretaria De Gestion Economico Financiera Y Administracion De Recursos,Actividades Comunes,Servicios Sociales,Salud,Bienes De Consumo,Bienes De Consumo,0.0,6304332.0,6304330.2,38642226.91,38642215.88,Fiscal
2023,4,Administracion Central,Ministerio De Educación,Ministerio De Educación,Ministerio De Educación,Subsecretaria De Gestion Economico Financiera Y Administracion De Recursos,Equipamiento Mobiliario,Servicios Sociales,Educación,Bienes De Consumo,Bienes De Consumo,0.0,12640000.0,12640000.0,77476526.96,77476526.96,Fiscal
2023,4,Administracion Central,Ministerio De Educación,Ministerio De Educación,Ministerio De Educación,Subsecretaria De Gestion Economico Financiera Y Administracion De Recursos,Equipamiento Mobiliario,Servicios Sociales,Educación,Bienes De Uso,Bienes De Uso,289465720.0,3010125765.0,3010125764.31,18450481802.83,18450481798.6,Fiscal
2023,4,Administracion Central,Ministerio De Educación,Ministerio De Educación,Ministerio De Educación,Ss.Carrera Docente,Actividades Comunes,Servicios Sociales,Educación,Gastos En Personal,Remuneraciones Al Personal,162551456.0,509999697.0,509999680.97,3126028898.31,3126028800.06,Fiscal
2023,4,Administracion Central,Ministerio De Educación,Ministerio De Educación,Ministerio De Educación,Ss.Carrera Docente,Actividades Comunes,Servicios Sociales,Educación,Bienes De Consumo,Bienes De Consumo,872668750.0,710725.0,710724.2,4356369.04,4356364.13,Fiscal
2023,4,Administracion Central,Ministerio De Educación,Ministerio De Educación,Ministerio De Educación,Ss.Carrera Docente,Actividades Comunes,Servicios Sociales,Educación,Servicios No Personales,Servicios No Personales,91084615.0,3372006867.0,3332617104.31,20668621910.09,20427183459.85,Fiscal
2023,4,Administracion Central,Ministerio De Educación,Ministerio De Educación,Ministerio De Educación,Ss.Carrera Docente,Actividades Comunes,Servicios Sociales,Educación,Bienes De Uso,Maquinaria Y Equipo,192939.0,9308.0,9308.0,57053.13,57053.13,Fiscal
2023,4,Administracion Central,Ministerio De Educación,Ministerio De Educación,Ministerio De Educación,Ss.Carrera Docente,Actividades Comunes,Servicios Sociales,Educación,Transferencias,Al Sector Externo,0.0,26473768.0,26473767.6,162270221.54,162270219.08,Fiscal
2023,4,Administracion Central,Ministerio De Educación,Ministerio De Educación,Ministerio De Educación,Ss.Carrera Docente,Actividades Comunes,Servicios Sociales,Educación,Transferencias,Al Sector Privado,215836851.0,203468655.0,203468653.17,1247155437.88,1247155426.66,Fiscal
2023,4,Administracion Central,Ministerio De Educación,Ministerio De Educación,Ministerio De Educación,Ss.Carrera Docente,Administracion De Personal,Servicios Sociales,Educación,Gastos En Personal,Remuneraciones Al Personal,2750233543.0,4510070178.0,4509966991.24,27644349188.41,27643716708.05,Fiscal
2023,4,Administracion Central,Ministerio De Educación,Ministerio De Educación,Ministerio De Educación,Ss.Carrera Docente,Administracion De Personal,Servicios Sociales,Educación,Bienes De Consumo,Bienes De Consumo,77935091.0,77394104.0,77394100.66,474384998.83,474384978.35,Fiscal
2023,4,Administracion Central,Ministerio De Educación,Ministerio De Educación,Ministerio De Educación,Ss.Carrera Docente,Administracion De Personal,Servicios Sociales,Educación,Servicios No Personales,Servicios No Personales,262748772.0,156072272.0,156072272.0,956640632.08,956640632.08,Fiscal
2023,4,Administracion Central,Ministerio De Educación,Ministerio De Educación,Ministerio De Educación,Ss.Carrera Docente,Administracion De Personal,Servicios Sociales,Educación,Bienes De Uso,Maquinaria Y Equipo,15834972.0,1139564.0,1139563.09,6984925.71,6984920.13,Fiscal
2023,4,Administracion Central,Ministerio De Educación,Ministerio De Educación,Ministerio De Educación,Ss.Carrera Docente,Carrera Docente,Servicios Sociales,Educación,Gastos En Personal,Remuneraciones Al Personal,96138430.0,143692689.0,143692678.79,880760323.84,880760261.26,Fiscal
2023,4,Administracion Central,Ministerio De Educación,Ministerio De Educación,Ministerio De Educación,Ss.Carrera Docente,Carrera Docente,Servicios Sociales,Educación,Bienes De Consumo,Bienes De Consumo,373378.0,747917.0,747914.9,4584336.36,4584323.49,Fiscal
2023,4,Administracion Central,Ministerio De Educación,Ministerio De Educación,Ministerio De Educación,Ss.Carrera Docente,Carrera Docente,Servicios Sociales,Educación,Servicios No Personales,Servicios No Personales,68965225.0,80543035.0,80543034.0,493686283.44,493686277.31,Fiscal
2023,4,Administracion Central,Ministerio De Educación,Ministerio De Educación,Ministerio De Educación,Ss.Carrera Docente,Escuela De Maestros,Servicios Sociales,Educación,Gastos En Personal,Remuneraciones Al Personal,1358983847.0,2416711155.0,2416693165.47,14813163525.09,14813053258.77,Fiscal
2023,4,Administracion Central,Ministerio De Educación,Ministerio De Educación,Ministerio De Educación,Ss.Carrera Docente,Escuela De Maestros,Servicios Sociales,Educación,Bienes De Consumo,Bienes De Consumo,614707.0,2806679.0,2806676.35,17203460.54,17203444.3,Fiscal
2023,4,Administracion Central,Ministerio De Educación,Ministerio De Educación,Ministerio De Educación,Ss.Carrera Docente,Escuela De Maestros,Servicios Sociales,Educación,Servicios No Personales,Servicios No Personales,123003116.0,112103311.0,101357786.52,687134113.69,621269721.52,Fiscal
2023,4,Administracion Central,Ministerio De Educación,Ministerio De Educación,Ministerio De Educación,Ss.Carrera Docente,Escuela De Maestros,Servicios Sociales,Educación,Bienes De Uso,Maquinaria Y Equipo,913556.0,0.0,0.0,0.0,0.0,Fiscal
2023,4,Administracion Central,Ministerio De Educación,Ministerio De Educación,Ministerio De Educación,Ss.Carrera Docente,Escuela De Maestros,Servicios Sociales,Educación,Bienes De Uso,Activos Intangibles,0.0,4990000.0,4990000.0,30586065.63,30586065.63,Fiscal
2023,4,Administracion Central,Ministerio De Educación,Ministerio De Educación,Ministerio De Educación,Ss.Carrera Docente,Comision Del Registro Y Evaluacion De Antecedentes Profesionales,Servicios Sociales,Educación,Gastos En Personal,Remuneraciones Al Personal,333201186.0,678118702.0,678114749.33,4156509643.85,4156485416.07,Fiscal
2023,4,Administracion Central,Ministerio De Educación,Ministerio De Educación,Ministerio De Educación,Ss.Carrera Docente,Comision Del Registro Y Evaluacion De Antecedentes Profesionales,Servicios Sociales,Educación,Bienes De Consumo,Bienes De Consumo,964866.0,100953.0,100951.88,618788.59,618781.73,Fiscal
2023,4,Administracion Central,Ministerio De Educación,Ministerio De Educación,Ministerio De Educación,Ss.Carrera Docente,Comision Del Registro Y Evaluacion De Antecedentes Profesionales,Servicios Sociales,Educación,Servicios No Personales,Servicios No Personales,1297717.0,17707155.0,17707155.0,108535512.01,108535512.01,Fiscal
2023,4,Administracion Central,Ministerio De Educación,Ministerio De Educación,Ministerio De Educación,Ss.Carrera Docente,Comision Del Registro Y Evaluacion De Antecedentes Profesionales,Servicios Sociales,Educación,Bienes De Uso,Maquinaria Y Equipo,182711.0,0.0,0.0,0.0,0.0,Fiscal
2023,4,Administracion Central,Ministerio De Educación,Ministerio De Educación,Ministerio De Educación,Ss.Ag.Aprend.A Lo Largo De La Vida,Actividades Comunes,Servicios Sociales,Educación,Gastos En Personal,Remuneraciones Al Personal,56290250.0,584354515.0,584354505.58,3581784678.49,3581784620.75,Fiscal
2023,4,Administracion Central,Ministerio De Educación,Ministerio De Educación,Ministerio De Educación,Ss.Ag.Aprend.A Lo Largo De La Vida,Actividades Comunes,Servicios Sociales,Educación,Bienes De Consumo,Bienes De Consumo,455338.0,6291926.0,6291921.48,38566184.68,38566156.98,Fiscal
2023,4,Administracion Central,Ministerio De Educación,Ministerio De Educación,Ministerio De Educación,Ss.Ag.Aprend.A Lo Largo De La Vida,Actividades Comunes,Servicios Sociales,Educación,Servicios No Personales,Servicios No Personales,71418127.0,157479236.0,157479235.2,965264578.62,965264573.72,Fiscal
2023,4,Administracion Central,Ministerio De Educación,Ministerio De Educación,Ministerio De Educación,Ss.Ag.Aprend.A Lo Largo De La Vida,Actividades Comunes,Servicios Sociales,Educación,Bienes De Uso,Maquinaria Y Equipo,1218075.0,8489953.0,8489952.12,52038929.79,52038924.39,Fiscal
2023,4,Administracion Central,Ministerio De Educación,Ministerio De Educación,Ministerio De Educación,Ss.Ag.Aprend.A Lo Largo De La Vida,Actividades Comunes,Servicios Sociales,Educación,Transferencias,Al Sector Externo,0.0,1302836.0,1302835.51,7985696.87,7985693.87,Fiscal
2023,4,Administracion Central,Ministerio De Educación,Ministerio De Educación,Ministerio De Educación,Ss.Ag.Aprend.A Lo Largo De La Vida,Actividades Comunes,Servicios Sociales,Educación,Transferencias,Al Sector Privado,437146067.0,286009961.0,286009945.44,1753090067.6,1753089972.23,Fiscal
2023,4,Administracion Central,Ministerio De Educación,Ministerio De Educación,Ministerio De Educación,Ss.Ag.Aprend.A Lo Largo De La Vida,Estrategias Educativas,Servicios Sociales,Educación,Gastos En Personal,Remuneraciones Al Personal,123566634.0,202075216.0,201938893.27,1238614392.45,1237778806.08,Fiscal
2023,4,Administracion Central,Ministerio De Educación,Ministerio De Educación,Ministerio De Educación,Ss.Ag.Aprend.A Lo Largo De La Vida,Estrategias Educativas,Servicios Sociales,Educación,Bienes De Consumo,Bienes De Consumo,910677.0,179243.0,179242.03,1098664.96,1098659.02,Fiscal
2023,4,Administracion Central,Ministerio De Educación,Ministerio De Educación,Ministerio De Educación,Ss.Ag.Aprend.A Lo Largo De La Vida,Estrategias Educativas,Servicios Sociales,Educación,Servicios No Personales,Servicios No Personales,12353978.0,8372631.0,8372630.25,51319807.86,51319803.27,Fiscal
2023,4,Administracion Central,Ministerio De Educación,Ministerio De Educación,Ministerio De Educación,Ss.Ag.Aprend.A Lo Largo De La Vida,Estrategias Educativas,Servicios Sociales,Educación,Bienes De Uso,Maquinaria Y Equipo,2131630.0,0.0,0.0,0.0,0.0,Fiscal
2023,4,Administracion Central,Ministerio De Educación,Ministerio De Educación,Ministerio De Educación,Ss.Ag.Aprend.A Lo Largo De La Vida,Gestion Del Aprendizaje A Lo Largo De La Vida,Servicios Sociales,Educación,Gastos En Personal,Remuneraciones Al Personal,8126942841.0,14843944424.0,14843944265.72,90985542751.0,90985541780.83,Fiscal
2023,4,Administracion Central,Ministerio De Educación,Ministerio De Educación,Ministerio De Educación,Ss.Ag.Aprend.A Lo Largo De La Vida,Gestion Del Aprendizaje A Lo Largo De La Vida,Servicios Sociales,Educación,Bienes De Consumo,Bienes De Consumo,3902356.0,33606750.0,33606729.1,205991635.48,205991507.37,Fiscal
2023,4,Administracion Central,Ministerio De Educación,Ministerio De Educación,Ministerio De Educación,Ss.Ag.Aprend.A Lo Largo De La Vida,Gestion Del Aprendizaje A Lo Largo De La Vida,Servicios Sociales,Educación,Servicios No Personales,Servicios No Personales,361513672.0,347086885.0,346954190.87,2127459367.36,2126646022.4,Fiscal
2023,4,Administracion Central,Ministerio De Educación,Ministerio De Educación,Ministerio De Educación,Ss.Ag.Aprend.A Lo Largo De La Vida,Gestion Del Aprendizaje A Lo Largo De La Vida,Servicios Sociales,Educación,Bienes De Uso,Maquinaria Y Equipo,17785282.0,5737562.0,5737552.38,35168226.03,35168167.06,Fiscal
2023,4,Administracion Central,Ministerio De Educación,Ministerio De Educación,Ministerio De Educación,Ss.Ag.Aprend.A Lo Largo De La Vida,Gestion Del Aprendizaje A Lo Largo De La Vida,Servicios Sociales,Educación,Transferencias,Al Sector Privado,34952094.0,70429049.0,70429048.8,431692888.74,431692887.51,Fiscal
2023,4,Administracion Central,Ministerio De Educación,Ministerio De Educación,Ministerio De Educación,Ss.Ag.Aprend.A Lo Largo De La Vida,Gestion Del Aprendizaje A Lo Largo De La Vida,Servicios Sociales,Educación,Bienes De Uso,Activos Intangibles,0.0,2420000.0,2420000.0,14833322.41,14833322.41,Fiscal
2023,4,Administracion Central,Ministerio De Educación,Ministerio De Educación,Ministerio De Educación,Ministro De Educación,Actividades Centrales,Servicios Sociales,Educación,Gastos En Personal,Remuneraciones Al Personal,1498917348.0,2604823198.0,2604823158.9,15966191038.63,15966190798.97,Fiscal
2023,4,Administracion Central,Ministerio De Educación,Ministerio De Educación,Ministerio De Educación,Ministro De Educación,Actividades Centrales,Servicios Sociales,Educación,Bienes De Consumo,Bienes De Consumo,239987118.0,85258265.0,85164753.83,522588154.03,522014979.92,Fiscal
2023,4,Administracion Central,Ministerio De Educación,Ministerio De Educación,Ministerio De Educación,Ministro De Educación,Actividades Centrales,Servicios Sociales,Educación,Servicios No Personales,Servicios No Personales,1324888560.0,4134474653.0,4131818968.13,25342146908.42,25325868962.19,Fiscal
2023,4,Administracion Central,Ministerio De Educación,Ministerio De Educación,Ministerio De Educación,Ministro De Educación,Actividades Centrales,Servicios Sociales,Educación,Bienes De Uso,Maquinaria Y Equipo,4872298.0,39029195.0,39029192.16,239228360.66,239228343.25,Fiscal
2023,4,Administracion Central,Ministerio De Educación,Ministerio De Educación,Ministerio De Educación,Ministro De Educación,Actividades Centrales,Administración Gubernamental,Control De La Gestión,Gastos En Personal,Remuneraciones Al Personal,48153837.0,84407578.0,84407573.24,517373891.82,517373862.65,Fiscal
2023,4,Administracion Central,Ministerio De Educación,Ministerio De Educación,Ministerio De Educación,Ministro De Educación,Actividades Centrales,Administración Gubernamental,Control De La Gestión,Bienes De Consumo,Bienes De Consumo,364270.0,136512.0,136509.35,836746.49,836730.25,Fiscal
2023,4,Administracion Central,Ministerio De Educación,Ministerio De Educación,Ministerio De Educación,Ministro De Educación,Actividades Centrales,Administración Gubernamental,Control De La Gestión,Servicios No Personales,Servicios No Personales,7867962.0,14687655.0,14687655.0,90027571.09,90027571.09,Fiscal
2023,4,Administracion Central,Ministerio De Educación,Ministerio De Educación,Ministerio De Educación,Ministro De Educación,Actividades Centrales,Administración Gubernamental,Control De La Gestión,Bienes De Uso,Maquinaria Y Equipo,60904.0,55990.0,55990.0,343189.14,343189.14,Fiscal
2023,4,Administracion Central,Ministerio De Educación,Ministerio De Educación,Ministerio De Educación,Ministro De Educación,Actividades Centrales,Servicios Sociales,Educación,Transferencias,Al Sector Privado,0.0,10079000.0,10079000.0,61778948.99,61778948.99,Fiscal
2023,4,Administracion Central,Ministerio De Educación,Ministerio De Educación,Ministerio De Educación,Ministro De Educación,Actividades Centrales,Servicios De Seguridad,Seguridad Interior,Servicios No Personales,Servicios No Personales,2763437445.0,3489142437.0,3489142436.51,21386601114.78,21386601111.77,Fiscal
2023,4,Administracion Central,Ministerio De Educación,Ministerio De Educación,Ministerio De Educación,Ministro De Educación,Actividades Centrales,Servicios Sociales,Educación,Servicios No Personales,Servicios No Personales,0.0,1095247.0,1095246.36,6713285.9,6713281.97,Fiscal
2023,4,Administracion Central,Ministerio De Educación,Ministerio De Educación,Ministerio De Educación,Ministro De Educación,Planeamiento Educativo,Servicios Sociales,Educación,Gastos En Personal,Remuneraciones Al Personal,789490168.0,1326385192.0,1326385172.77,8130040988.02,8130040870.15,Fiscal
2023,4,Administracion Central,Ministerio De Educación,Ministerio De Educación,Ministerio De Educación,Ministro De Educación,Planeamiento Educativo,Servicios Sociales,Educación,Bienes De Consumo,Bienes De Consumo,1001745.0,553157.0,553152.46,3390560.38,3390532.55,Fiscal
2023,4,Administracion Central,Ministerio De Educación,Ministerio De Educación,Ministerio De Educación,Ministro De Educación,Planeamiento Educativo,Servicios Sociales,Educación,Servicios No Personales,Servicios No Personales,154942637.0,296988829.0,296988827.23,1820384732.37,1820384721.52,Fiscal
2023,4,Administracion Central,Ministerio De Educación,Ministerio De Educación,Ministerio De Educación,Ministro De Educación,Planeamiento Educativo,Servicios Sociales,Educación,Bienes De Uso,Maquinaria Y Equipo,16139491.0,919843.0,919843.0,5638151.98,5638151.98,Fiscal
2023,4,Administracion Central,Ministerio De Educación,Ministerio De Educación,Ministerio De Educación,Ministro De Educación,Planeamiento Educativo,Servicios Sociales,Educación,Bienes De Consumo,Bienes De Consumo,0.0,158113942.0,158113940.44,969154991.32,969154981.76,Fiscal
2023,4,Administracion Central,Ministerio De Educación,Ministerio De Educación,Ministerio De Educación,Ministro De Educación,Planeamiento Educativo,Servicios Sociales,Educación,Bienes De Uso,Bienes De Uso,0.0,248834415.0,248834414.6,1525223596.72,1525223594.27,Fiscal
2023,4,Administracion Central,Ministerio De Educación,Ministerio De Educación,Ministerio De Educación,Ministro De Educación,Planeamiento Educativo,Servicios Sociales,Educación,Transferencias,Transferencias,154797318.0,139713000.0,139713000.0,856366931.27,856366931.27,Fiscal
2023,4,Administracion Central,Ministerio De Educación,Ministerio De Educación,Ministerio De Educación,Ss.Tecn.Educ Y Sustentab,Actividades Comunes,Servicios Sociales,Educación,Gastos En Personal,Remuneraciones Al Personal,1362119617.0,2067840987.0,2067840971.96,12674773574.39,12674773482.2,Fiscal
2023,4,Administracion Central,Ministerio De Educación,Ministerio De Educación,Ministerio De Educación,Ss.Tecn.Educ Y Sustentab,Actividades Comunes,Servicios Sociales,Educación,Bienes De Consumo,Bienes De Consumo,796842.0,591401.0,591398.73,3624975.91,3624962.0,Fiscal
2023,4,Administracion Central,Ministerio De Educación,Ministerio De Educación,Ministerio De Educación,Ss.Tecn.Educ Y Sustentab,Actividades Comunes,Servicios Sociales,Educación,Servicios No Personales,Servicios No Personales,268842101.0,177820613.0,177818612.06,1089946480.8,1089934216.09,Fiscal
2023,4,Administracion Central,Ministerio De Educación,Ministerio De Educación,Ministerio De Educación,Ss.Tecn.Educ Y Sustentab,Actividades Comunes,Servicios Sociales,Educación,Bienes De Uso,Maquinaria Y Equipo,1522593.0,36131.0,36130.32,221463.96,221459.79,Fiscal
2023,4,Administracion Central,Ministerio De Educación,Ministerio De Educación,Ministerio De Educación,Ss.Tecn.Educ Y Sustentab,Actividades Comunes,Servicios Sociales,Educación,Bienes De Consumo,Bienes De Consumo,0.0,167637250.0,167637241.39,1027527841.72,1027527788.94,Fiscal
2023,4,Administracion Central,Ministerio De Educación,Ministerio De Educación,Ministerio De Educación,Ss.Tecn.Educ Y Sustentab,Actividades Comunes,Servicios Sociales,Educación,Servicios No Personales,Servicios No Personales,5059348118.0,3385097550.0,3385097543.0,20748860885.91,20748860843.01,Fiscal
2023,4,Administracion Central,Ministerio De Educación,Ministerio De Educación,Ministerio De Educación,Ss.Tecn.Educ Y Sustentab,Actividades Comunes,Servicios Sociales,Educación,Bienes De Uso,Bienes De Uso,154328656.0,1700003532.0,1699736694.06,10420124167.78,10418488592.07,Fiscal
2023,4,Administracion Central,Ministerio De Educación,Ministerio De Educación,Ministerio De Educación,Ss.Tecn.Educ Y Sustentab,Actividades Comunes,Servicios Sociales,Educación,Transferencias,Transferencias,4475531042.0,4173150000.0,4173150000.0,25579206367.64,25579206367.64,Fiscal
2023,4,Administracion Central,Ministerio De Educación,Ministerio De Educación,Ministerio De Educación,Ss.Tecn.Educ Y Sustentab,Actividades Comunes,Servicios Sociales,Educación,Bienes De Uso,Construcciones Del Dominio Privado,0.0,10020271.0,10020270.71,61418971.23,61418969.45,Fiscal
2023,4,Administracion Central,Ministerio De Educación,Ministerio De Educación,Ministerio De Educación,Ss.Tecn.Educ Y Sustentab,Actividades Comunes,Servicios Sociales,Educación,Activos Financieros,Activos Financieros,0.0,157957.0,157956.4,968193.02,968189.34,Fiscal
2023,4,Administracion Central,Ministerio De Educación,Ministerio De Educación,Ministerio De Educación,Ss.Tecn.Educ Y Sustentab,Planetario Galileo Galilei,Servicios Sociales,Educación,Gastos En Personal,Remuneraciones Al Personal,110424592.0,192262143.0,192262136.25,1178465435.58,1178465394.2,Fiscal
2023,4,Administracion Central,Ministerio De Educación,Ministerio De Educación,Ministerio De Educación,Ss.Tecn.Educ Y Sustentab,Planetario Galileo Galilei,Servicios Sociales,Educación,Bienes De Consumo,Bienes De Consumo,665207.0,1752134.0,1752133.54,10739656.42,10739653.6,Fiscal
2023,4,Administracion Central,Ministerio De Educación,Ministerio De Educación,Ministerio De Educación,Ss.Tecn.Educ Y Sustentab,Planetario Galileo Galilei,Servicios Sociales,Educación,Servicios No Personales,Servicios No Personales,70735528.0,71512854.0,71512850.69,438336041.22,438336020.93,Fiscal
2023,4,Administracion Central,Ministerio De Educación,Ministerio De Educación,Ministerio De Educación,Ss.Tecn.Educ Y Sustentab,Planetario Galileo Galilei,Servicios Sociales,Educación,Bienes De Uso,Maquinaria Y Equipo,0.0,13200.0,13200.0,80909.03,80909.03,Fiscal
2023,4,Administracion Central,Ministerio De Educación,Ministerio De Educación,Ministerio De Educación,Ss.Tecn.Educ Y Sustentab,Proyectos Y Tecnologia Educativa,Servicios Sociales,Educación,Gastos En Personal,Remuneraciones Al Personal,944233316.0,2010865001.0,2010864990.18,12325540859.55,12325540793.23,Fiscal
2023,4,Administracion Central,Ministerio De Educación,Ministerio De Educación,Ministerio De Educación,Ss.Tecn.Educ Y Sustentab,Proyectos Y Tecnologia Educativa,Servicios Sociales,Educación,Bienes De Consumo,Bienes De Consumo,683008.0,369520.0,369519.49,2264962.52,2264959.39,Fiscal
2023,4,Administracion Central,Ministerio De Educación,Ministerio De Educación,Ministerio De Educación,Ss.Tecn.Educ Y Sustentab,Proyectos Y Tecnologia Educativa,Servicios Sociales,Educación,Servicios No Personales,Servicios No Personales,36914858.0,40045960.0,40045959.01,245460593.32,245460587.26,Fiscal
2023,4,Administracion Central,Ministerio De Educación,Ministerio De Educación,Ministerio De Educación,Ss.Tecn.Educ Y Sustentab,Proyectos Y Tecnologia Educativa,Servicios Sociales,Educación,Bienes De Uso,Activos Intangibles,304519.0,0.0,0.0,0.0,0.0,Fiscal
2023,4,Administracion Central,Ministerio De Educación,Ministerio De Educación,Ministerio De Educación,Ss.Tecn.Educ Y Sustentab,Proyectos Y Tecnologia Educativa,Servicios Sociales,Educación,Bienes De Uso,Maquinaria Y Equipo,1929391.0,0.0,0.0,0.0,0.0,Fiscal
2023,4,Administracion Central,Ministerio De Educación,Ministerio De Educación,Ministerio De Educación,Ss.Tecn.Educ Y Sustentab,Educacion Digital,Servicios Sociales,Educación,Gastos En Personal,Remuneraciones Al Personal,1962253534.0,3555343377.0,3555343363.76,21792377927.49,21792377846.34,Fiscal
2023,4,Administracion Central,Ministerio De Educación,Ministerio De Educación,Ministerio De Educación,Ss.Tecn.Educ Y Sustentab,Educacion Digital,Servicios Sociales,Educación,Bienes De Consumo,Bienes De Consumo,569173.0,113813.0,113811.36,697613.6,697603.55,Fiscal
2023,4,Administracion Central,Ministerio De Educación,Ministerio De Educación,Ministerio De Educación,Ss.Tecn.Educ Y Sustentab,Educacion Digital,Servicios Sociales,Educación,Servicios No Personales,Servicios No Personales,5551172.0,4888170.0,4888169.16,29961901.49,29961896.34,Fiscal
2023,4,Administracion Central,Ministerio De Educación,Ministerio De Educación,Ministerio De Educación,Ss.Tecn.Educ Y Sustentab,Educacion Digital,Servicios Sociales,Educación,Bienes De Uso,Maquinaria Y Equipo,609037.0,0.0,0.0,0.0,0.0,Fiscal
2023,4,Administracion Central,Ministerio De Educación,Ministerio De Educación,Ministerio De Educación,Ss.Tecn.Educ Y Sustentab,Escuelas Verdes,Servicios Sociales,Educación,Gastos En Personal,Remuneraciones Al Personal,16386813.0,30901941.0,30901937.28,189412584.26,189412561.46,Fiscal
2023,4,Administracion Central,Ministerio De Educación,Ministerio De Educación,Ministerio De Educación,Ss.Tecn.Educ Y Sustentab,Escuelas Verdes,Servicios Sociales,Educación,Bienes De Consumo,Bienes De Consumo,455338.0,3226903.0,3226901.77,19779211.81,19779204.27,Fiscal
2023,4,Administracion Central,Ministerio De Educación,Ministerio De Educación,Ministerio De Educación,Ss.Tecn.Educ Y Sustentab,Escuelas Verdes,Servicios Sociales,Educación,Servicios No Personales,Servicios No Personales,10017451.0,29198927.0,29198926.13,178974007.51,178974002.18,Fiscal
2023,4,Administracion Central,Ministerio De Educación,Ministerio De Educación,Ministerio De Educación,Ss.Tecn.Educ Y Sustentab,Escuelas Verdes,Servicios Sociales,Educación,Bienes De Uso,Maquinaria Y Equipo,0.0,360000.0,360000.0,2206609.95,2206609.95,Fiscal
2023,4,Administracion Central,Ministerio De Educación,Ministerio De Educación,Ministerio De Educación,Ss.Tecn.Educ Y Sustentab,Escuelas Verdes,Servicios Sociales,Educación,Transferencias,Al Sector Privado,2276694.0,0.0,0.0,0.0,0.0,Fiscal
2023,4,Administracion Central,Ministerio De Educación,Ministerio De Educación,Ministerio De Educación,Ss.Tecn.Educ Y Sustentab,Escuelas Verdes,Servicios Sociales,Educación,Transferencias,Al Sector Externo,0.0,1302604.0,1302603.25,7984274.84,7984270.24,Fiscal
2023,4,Administracion Central,Ministerio De Educación,Ministerio De Educación,Ministerio De Educación,Dg.Educ.Estatal,Educacion De Gestion Estatal,Servicios Sociales,Educación,Gastos En Personal,Remuneraciones Al Personal,209287114.0,911492448.0,911492429.82,5586967501.75,5586967390.32,Fiscal
2023,4,Administracion Central,Ministerio De Educación,Ministerio De Educación,Ministerio De Educación,Dg.Educ.Estatal,Educacion De Gestion Estatal,Servicios Sociales,Educación,Bienes De Consumo,Bienes De Consumo,3301206.0,536596.0,536595.8,3289050.19,3289048.97,Fiscal
2023,4,Administracion Central,Ministerio De Educación,Ministerio De Educación,Ministerio De Educación,Dg.Educ.Estatal,Educacion De Gestion Estatal,Servicios Sociales,Educación,Servicios No Personales,Servicios No Personales,3375576939.0,3606376415.0,3606376411.31,22105183508.55,22105183485.93,Fiscal
2023,4,Administracion Central,Ministerio De Educación,Ministerio De Educación,Ministerio De Educación,Dg.Educ.Estatal,Educacion De Gestion Estatal,Servicios Sociales,Educación,Bienes De Uso,Maquinaria Y Equipo,3045187.0,0.0,0.0,0.0,0.0,Fiscal
2023,4,Administracion Central,Ministerio De Educación,Ministerio De Educación,Ministerio De Educación,Dg.Educ.Estatal,Educacion Inicial,Servicios Sociales,Educación,Gastos En Personal,Remuneraciones Al Personal,25241653437.0,45653518690.0,45653518288.0,279831967693.61,279831965229.57,Fiscal
2023,4,Administracion Central,Ministerio De Educación,Ministerio De Educación,Ministerio De Educación,Dg.Educ.Estatal,Educacion Inicial,Servicios Sociales,Educación,Bienes De Consumo,Bienes De Consumo,21249532.0,50953306.0,50953291.83,312316865.99,312316779.13,Fiscal
2023,4,Administracion Central,Ministerio De Educación,Ministerio De Educación,Ministerio De Educación,Dg.Educ.Estatal,Educacion Inicial,Servicios Sociales,Educación,Servicios No Personales,Servicios No Personales,19673564.0,9705580.0,9705580.0,59490081.53,59490081.53,Fiscal
2023,4,Administracion Central,Ministerio De Educación,Ministerio De Educación,Ministerio De Educación,Dg.Educ.Estatal,Educacion Inicial,Servicios Sociales,Educación,Bienes De Uso,Maquinaria Y Equipo,4019648.0,10314060.0,10314056.35,63219742.7,63219720.32,Fiscal
2023,4,Administracion Central,Ministerio De Educación,Ministerio De Educación,Ministerio De Educación,Dg.Educ.Estatal,Educacion Primaria,Servicios Sociales,Educación,Gastos En Personal,Remuneraciones Al Personal,61889063064.0,110459415283.0,110442968454.33,677057900811.89,676957090434.93,Fiscal
2023,4,Administracion Central,Ministerio De Educación,Ministerio De Educación,Ministerio De Educación,Dg.Educ.Estatal,Educacion Primaria,Servicios Sociales,Educación,Bienes De Consumo,Bienes De Consumo,33043638.0,86615663.0,86615651.16,530908287.16,530908214.58,Fiscal
2023,4,Administracion Central,Ministerio De Educación,Ministerio De Educación,Ministerio De Educación,Dg.Educ.Estatal,Educacion Primaria,Servicios Sociales,Educación,Servicios No Personales,Servicios No Personales,518984115.0,439667857.0,439667850.33,2694931849.42,2694931808.54,Fiscal
2023,4,Administracion Central,Ministerio De Educación,Ministerio De Educación,Ministerio De Educación,Dg.Educ.Estatal,Educacion Primaria,Servicios Sociales,Educación,Bienes De Uso,Maquinaria Y Equipo,2350140.0,3231559.0,3231555.81,19807750.63,19807731.08,Fiscal
2023,4,Administracion Central,Ministerio De Educación,Ministerio De Educación,Ministerio De Educación,Dg.Educ.Estatal,Educacion Primaria,Servicios Sociales,Educación,Transferencias,Al Sector Privado,21197661.0,85877861.0,85877850.67,526385950.4,526385887.09,Fiscal
2023,4,Administracion Central,Ministerio De Educación,Ministerio De Educación,Ministerio De Educación,Dg.Educ.Estatal,Educacion Especial,Servicios Sociales,Educación,Gastos En Personal,Remuneraciones Al Personal,12353140610.0,22213760145.0,22213760014.45,136158622371.66,136158621571.46,Fiscal
2023,4,Administracion Central,Ministerio De Educación,Ministerio De Educación,Ministerio De Educación,Dg.Educ.Estatal,Educacion Especial,Servicios Sociales,Educación,Bienes De Consumo,Bienes De Consumo,3842724.0,9395863.0,9395855.04,57591679.83,57591631.04,Fiscal
2023,4,Administracion Central,Ministerio De Educación,Ministerio De Educación,Ministerio De Educación,Dg.Educ.Estatal,Educacion Especial,Servicios Sociales,Educación,Servicios No Personales,Servicios No Personales,8483764.0,5344658.0,5344657.49,32759931.93,32759928.81,Fiscal
2023,4,Administracion Central,Ministerio De Educación,Ministerio De Educación,Ministerio De Educación,Dg.Educ.Estatal,Educacion Especial,Servicios Sociales,Educación,Bienes De Uso,Maquinaria Y Equipo,0.0,50594.0,50594.0,310114.51,310114.51,Fiscal
2023,4,Administracion Central,Ministerio De Educación,Ministerio De Educación,Ministerio De Educación,Dg.Educ.Estatal,Educacion Especial,Servicios Sociales,Educación,Transferencias,Al Sector Privado,9492572.0,2441376.0,2441376.0,14964346.0,14964346.0,Fiscal
2023,4,Administracion Central,Ministerio De Educación,Ministerio De Educación,Ministerio De Educación,Dg.Educ.Estatal,Educacion Media,Servicios Sociales,Educación,Gastos En Personal,Remuneraciones Al Personal,26708258191.0,49468447795.0,49468447604.3,303215469090.57,303215467921.68,Fiscal
2023,4,Administracion Central,Ministerio De Educación,Ministerio De Educación,Ministerio De Educación,Dg.Educ.Estatal,Educacion Media,Servicios Sociales,Educación,Bienes De Consumo,Bienes De Consumo,7653191.0,14539088.0,14539077.13,89116933.81,89116867.19,Fiscal
2023,4,Administracion Central,Ministerio De Educación,Ministerio De Educación,Ministerio De Educación,Dg.Educ.Estatal,Educacion Media,Servicios Sociales,Educación,Servicios No Personales,Servicios No Personales,94713444.0,68463062.0,68463060.36,419642426.33,419642416.28,Fiscal
2023,4,Administracion Central,Ministerio De Educación,Ministerio De Educación,Ministerio De Educación,Dg.Educ.Estatal,Educacion Media,Servicios Sociales,Educación,Bienes De Uso,Maquinaria Y Equipo,0.0,1817871.0,1817870.67,11142589.52,11142587.5,Fiscal
2023,4,Administracion Central,Ministerio De Educación,Ministerio De Educación,Ministerio De Educación,Dg.Educ.Estatal,Educacion Del Adulto Y Del Adolescente,Servicios Sociales,Educación,Gastos En Personal,Remuneraciones Al Personal,6225201391.0,11141284219.0,11141274021.85,68290190440.88,68290127937.74,Fiscal
2023,4,Administracion Central,Ministerio De Educación,Ministerio De Educación,Ministerio De Educación,Dg.Educ.Estatal,Educacion Del Adulto Y Del Adolescente,Servicios Sociales,Educación,Bienes De Consumo,Bienes De Consumo,13894971.0,19520695.0,19520683.35,119651554.78,119651483.38,Fiscal
2023,4,Administracion Central,Ministerio De Educación,Ministerio De Educación,Ministerio De Educación,Dg.Educ.Estatal,Educacion Del Adulto Y Del Adolescente,Servicios Sociales,Educación,Servicios No Personales,Servicios No Personales,13534472.0,10974951.0,10974949.45,67270655.62,67270646.12,Fiscal
2023,4,Administracion Central,Ministerio De Educación,Ministerio De Educación,Ministerio De Educación,Dg.Educ.Estatal,Educacion Del Adulto Y Del Adolescente,Servicios Sociales,Educación,Bienes De Uso,Maquinaria Y Equipo,304519.0,1303473.0,1303472.2,7989601.35,7989596.44,Fiscal
2023,4,Administracion Central,Ministerio De Educación,Ministerio De Educación,Ministerio De Educación,Dg.Educ.Estatal,Educacion Tecnica,Servicios Sociales,Educación,Gastos En Personal,Remuneraciones Al Personal,23064458999.0,41285277457.0,41285277322.48,253056955062.25,253056954237.72,Fiscal
2023,4,Administracion Central,Ministerio De Educación,Ministerio De Educación,Ministerio De Educación,Dg.Educ.Estatal,Educacion Tecnica,Servicios Sociales,Educación,Bienes De Consumo,Bienes De Consumo,170341096.0,168383491.0,166991599.26,1032101905.08,1023570343.54,Fiscal
2023,4,Administracion Central,Ministerio De Educación,Ministerio De Educación,Ministerio De Educación,Dg.Educ.Estatal,Educacion Tecnica,Servicios Sociales,Educación,Servicios No Personales,Servicios No Personales,42547215.0,58115077.0,52767585.01,356214741.3,323437438.5,Fiscal
2023,4,Administracion Central,Ministerio De Educación,Ministerio De Educación,Ministerio De Educación,Dg.Educ.Estatal,Educacion Tecnica,Servicios Sociales,Educación,Bienes De Uso,Maquinaria Y Equipo,107973358.0,150976331.0,143694484.62,925405204.05,880771330.05,Fiscal
2023,4,Administracion Central,Ministerio De Educación,Ministerio De Educación,Ministerio De Educación,D.Gral.Infraestructura Escolar,Infraestructura Escolar,Servicios Sociales,Educación,Gastos En Personal,Remuneraciones Al Personal,255512730.0,491981442.0,491981430.79,3015586507.55,3015586438.84,Fiscal
2023,4,Administracion Central,Ministerio De Educación,Ministerio De Educación,Ministerio De Educación,D.Gral.Infraestructura Escolar,Infraestructura Escolar,Servicios Sociales,Educación,Bienes De Consumo,Bienes De Consumo,1024512.0,840083.0,840079.24,5149265.28,5149242.24,Fiscal
2023,4,Administracion Central,Ministerio De Educación,Ministerio De Educación,Ministerio De Educación,D.Gral.Infraestructura Escolar,Infraestructura Escolar,Servicios Sociales,Educación,Servicios No Personales,Servicios No Personales,131598882.0,149993440.0,149630593.89,919380601.12,917156546.02,Fiscal
2023,4,Administracion Central,Ministerio De Educación,Ministerio De Educación,Ministerio De Educación,D.Gral.Infraestructura Escolar,Infraestructura Escolar,Servicios Sociales,Educación,Bienes De Uso,Maquinaria Y Equipo,2436150.0,380943.0,380942.4,2334979.48,2334975.8,Fiscal
2023,4,Administracion Central,Ministerio De Educación,Ministerio De Educación,Ministerio De Educación,D.Gral.Infraestructura Escolar,Infraestructura Escolar,Servicios Sociales,Educación,Bienes De Uso,Construcciones Del Dominio Privado,8405407769.0,7189524844.0,6983761816.64,44067991725.67,42806772996.49,Fiscal
2023,4,Administracion Central,Ministerio De Educación,Ministerio De Educación,Ministerio De Educación,D.Gral.Infraestructura Escolar,Infraestructura Escolar,Servicios Sociales,Educación,Activos Financieros,Activos Financieros,0.0,2651016118.0,2540838582.46,16249329251.59,15573999124.79,Fiscal
2023,4,Administracion Central,Ministerio De Educación,Ministerio De Educación,Ministerio De Educación,D.Gral.Infraestructura Escolar,Infraestructura Escolar,Servicios Sociales,Educación,Servicios No Personales,Servicios No Personales,0.0,419827381.0,419827376.16,2573320205.93,2573320176.27,Fiscal
2023,4,Administracion Central,Ministerio De Educación,Ministerio De Educación,Ministerio De Educación,D.Gral.Infraestructura Escolar,Infraestructura Escolar,Servicios Sociales,Educación,Bienes De Uso,Bienes De Uso,0.0,500772285.0,500772279.58,3069469734.18,3069469700.96,Fiscal
2023,4,Administracion Central,Ministerio De Educación,Ministerio De Educación,Ministerio De Educación,D.Gral.Infraestructura Escolar,Infraestructura Escolar,Servicios Sociales,Educación,Bienes De Consumo,Bienes De Consumo,0.0,244654288.0,244654274.31,1499601625.03,1499601541.11,Fiscal
2023,4,Administracion Central,Ministerio De Educación,Ministerio De Educación,Ministerio De Educación,U.Eval.Integral De La Calidad Y Equid.Educ.,Evaluacion Integral De La Calidad Y Equidad Educativa,Servicios Sociales,Educación,Gastos En Personal,Remuneraciones Al Personal,648535988.0,1083952072.0,1082333027.42,6644053950.21,6634130061.68,Fiscal
2023,4,Administracion Central,Ministerio De Educación,Ministerio De Educación,Ministerio De Educación,U.Eval.Integral De La Calidad Y Equid.Educ.,Evaluacion Integral De La Calidad Y Equidad Educativa,Servicios Sociales,Educación,Bienes De Consumo,Bienes De Consumo,5281930.0,872806.0,872801.68,5349840.0,5349813.52,Fiscal
2023,4,Administracion Central,Ministerio De Educación,Ministerio De Educación,Ministerio De Educación,U.Eval.Integral De La Calidad Y Equid.Educ.,Evaluacion Integral De La Calidad Y Equidad Educativa,Servicios Sociales,Educación,Servicios No Personales,Servicios No Personales,148596732.0,344371454.0,344371372.54,2110815208.89,2110814709.59,Fiscal
2023,4,Administracion Central,Ministerio De Educación,Ministerio De Educación,Ministerio De Educación,U.Eval.Integral De La Calidad Y Equid.Educ.,Evaluacion Integral De La Calidad Y Equidad Educativa,Servicios Sociales,Educación,Bienes De Uso,Maquinaria Y Equipo,6699411.0,2256574.0,2256573.6,13831607.31,13831604.85,Fiscal
2023,4,Administracion Central,Ministerio De Educación,Ministerio De Educación,Ministerio De Educación,U.Eval.Integral De La Calidad Y Equid.Educ.,Evaluacion Integral De La Calidad Y Equidad Educativa,Servicios Sociales,Educación,Transferencias,Al Sector Privado,134556965.0,54838200.0,54838200.0,336129215.25,336129215.25,Fiscal
2023,4,Administracion Central,Ministerio De Educación,Ministerio De Educación,Ministerio De Educación,Direccion General De Mantenimiento Escolar,Mitigacion De Riesgos Y Ley De Escuelas Seguras,Servicios Sociales,Educación,Gastos En Personal,Remuneraciones Al Personal,150725523.0,289212355.0,289212350.18,1772719052.18,1772719022.64,Fiscal
2023,4,Administracion Central,Ministerio De Educación,Ministerio De Educación,Ministerio De Educación,Direccion General De Mantenimiento Escolar,Mitigacion De Riesgos Y Ley De Escuelas Seguras,Servicios Sociales,Educación,Bienes De Consumo,Bienes De Consumo,2094558.0,0.0,0.0,0.0,0.0,Fiscal
2023,4,Administracion Central,Ministerio De Educación,Ministerio De Educación,Ministerio De Educación,Direccion General De Mantenimiento Escolar,Mitigacion De Riesgos Y Ley De Escuelas Seguras,Servicios Sociales,Educación,Servicios No Personales,Servicios No Personales,910677.0,0.0,0.0,0.0,0.0,Fiscal
2023,4,Administracion Central,Ministerio De Educación,Ministerio De Educación,Ministerio De Educación,Direccion General De Mantenimiento Escolar,Mitigacion De Riesgos Y Ley De Escuelas Seguras,Servicios Sociales,Educación,Bienes De Uso,Maquinaria Y Equipo,1218075.0,0.0,0.0,0.0,0.0,Fiscal
2023,4,Administracion Central,Ministerio De Educación,Ministerio De Educación,Ministerio De Educación,Direccion General De Mantenimiento Escolar,Mitigacion De Riesgos Y Ley De Escuelas Seguras,Servicios Sociales,Educación,Bienes De Consumo,Bienes De Consumo,1113188293.0,1146337010.0,1146337008.72,7026440685.25,7026440677.41,Fiscal
2023,4,Administracion Central,Ministerio De Educación,Ministerio De Educación,Ministerio De Educación,Direccion General De Mantenimiento Escolar,Mitigacion De Riesgos Y Ley De Escuelas Seguras,Servicios Sociales,Educación,Servicios No Personales,Servicios No Personales,86619943.0,15515054.0,15515053.88,95099090.15,95099089.42,Fiscal
2023,4,Administracion Central,Ministerio De Educación,Ministerio De Educación,Ministerio De Educación,Direccion General De Mantenimiento Escolar,Mitigacion De Riesgos Y Ley De Escuelas Seguras,Servicios Sociales,Educación,Bienes De Uso,Bienes De Uso,0.0,305024.0,305023.75,1869636.09,1869634.56,Fiscal
2023,4,Administracion Central,Ministerio De Educación,Ministerio De Educación,Ministerio De Educación,Direccion General De Mantenimiento Escolar,Administracion De Mantenimiento,Servicios Sociales,Educación,Gastos En Personal,Remuneraciones Al Personal,523010324.0,967080551.0,967080540.09,5927693226.5,5927693159.63,Fiscal
2023,4,Administracion Central,Ministerio De Educación,Ministerio De Educación,Ministerio De Educación,Direccion General De Mantenimiento Escolar,Administracion De Mantenimiento,Servicios Sociales,Educación,Bienes De Consumo,Bienes De Consumo,1320483.0,731699.0,731696.66,4484928.58,4484914.24,Fiscal
2023,4,Administracion Central,Ministerio De Educación,Ministerio De Educación,Ministerio De Educación,Direccion General De Mantenimiento Escolar,Administracion De Mantenimiento,Servicios Sociales,Educación,Servicios No Personales,Servicios No Personales,2286949626.0,2630006917.0,2630006911.93,16120553940.85,16120553909.78,Fiscal
2023,4,Administracion Central,Ministerio De Educación,Ministerio De Educación,Ministerio De Educación,Direccion General De Mantenimiento Escolar,Administracion De Mantenimiento,Servicios Sociales,Educación,Bienes De Uso,Maquinaria Y Equipo,1674853.0,36059865.0,36059864.11,221027935.35,221027929.9,Fiscal
2023,4,Administracion Central,Ministerio De Educación,Ministerio De Educación,Ministerio De Educación,Direccion General De Mantenimiento Escolar,Administracion De Mantenimiento,Servicios Sociales,Educación,Bienes De Uso,Construcciones Del Dominio Privado,10052542901.0,15995580489.0,15984391328.24,98044463845.87,97975880197.51,Fiscal
2023,4,Administracion Central,Ministerio De Educación,Ministerio De Educación,Ministerio De Educación,Direccion General De Mantenimiento Escolar,Administracion De Mantenimiento,Servicios Sociales,Educación,Bienes De Consumo,Bienes De Consumo,0.0,264850434.0,264850422.44,1623393337.85,1623393266.99,Fiscal
2023,4,Administracion Central,Ministerio De Educación,Ministerio De Educación,Ministerio De Educación,Direccion General De Mantenimiento Escolar,Administracion De Mantenimiento,Servicios Sociales,Educación,Servicios No Personales,Servicios No Personales,698063611.0,195324635.0,192474623.69,1197236894.76,1179767830.03,Fiscal
2023,4,Administracion Central,Ministerio De Educación,Ministerio De Educación,Ministerio De Educación,Direccion General De Mantenimiento Escolar,Administracion De Mantenimiento,Servicios Sociales,Educación,Bienes De Uso,Bienes De Uso,0.0,49450510.0,49450506.88,303105519.88,303105500.75,Fiscal
2023,4,Administracion Central,Ministerio De Hacienda Y Finanzas,Ministerio De Hacienda Y Finanzas,Ministerio De Hacienda Y Finanzas,Dir.Gral.Oficina De Gestion Publica Y Presupuesto,Gestion Presupuestaria,Administración Gubernamental,Administración Fiscal,Gastos En Personal,Remuneraciones Al Personal,227431869.0,501033327.0,501033313.98,3071069783.83,3071069704.03,Fiscal
2023,4,Administracion Central,Ministerio De Hacienda Y Finanzas,Ministerio De Hacienda Y Finanzas,Ministerio De Hacienda Y Finanzas,Dir.Gral.Oficina De Gestion Publica Y Presupuesto,Gestion Presupuestaria,Administración Gubernamental,Administración Fiscal,Bienes De Consumo,Bienes De Consumo,3071274.0,161308.0,161305.3,988732.88,988716.33,Fiscal
2023,4,Administracion Central,Ministerio De Hacienda Y Finanzas,Ministerio De Hacienda Y Finanzas,Ministerio De Hacienda Y Finanzas,Dir.Gral.Oficina De Gestion Publica Y Presupuesto,Gestion Presupuestaria,Administración Gubernamental,Administración Fiscal,Servicios No Personales,Servicios No Personales,18600939.0,22297681.0,22297680.05,136673012.91,136673007.09,Fiscal
2023,4,Administracion Central,Ministerio De Hacienda Y Finanzas,Ministerio De Hacienda Y Finanzas,Ministerio De Hacienda Y Finanzas,Dir.Gral.Oficina De Gestion Publica Y Presupuesto,Gestion Presupuestaria,Administración Gubernamental,Administración Fiscal,Bienes De Uso,Maquinaria Y Equipo,5150871.0,5606775.0,5606774.6,34366570.76,34366568.31,Fiscal
2023,4,Administracion Central,Ministerio De Hacienda Y Finanzas,Ministerio De Hacienda Y Finanzas,Ministerio De Hacienda Y Finanzas,Dir.Gral.De Contaduria,Sistema De Contabilidad Gubernamental,Administración Gubernamental,Administración Fiscal,Gastos En Personal,Remuneraciones Al Personal,1013238022.0,2190174205.0,2190174175.42,13424611617.31,13424611436.0,Fiscal
2023,4,Administracion Central,Ministerio De Hacienda Y Finanzas,Ministerio De Hacienda Y Finanzas,Ministerio De Hacienda Y Finanzas,Dir.Gral.De Contaduria,Sistema De Contabilidad Gubernamental,Administración Gubernamental,Administración Fiscal,Bienes De Consumo,Bienes De Consumo,9865817.0,17519168.0,17519160.64,107383250.94,107383205.83,Fiscal
2023,4,Administracion Central,Ministerio De Hacienda Y Finanzas,Ministerio De Hacienda Y Finanzas,Ministerio De Hacienda Y Finanzas,Dir.Gral.De Contaduria,Sistema De Contabilidad Gubernamental,Administración Gubernamental,Administración Fiscal,Servicios No Personales,Servicios No Personales,97638290.0,83329237.0,83329231.52,510764230.78,510764197.19,Fiscal
2023,4,Administracion Central,Ministerio De Hacienda Y Finanzas,Ministerio De Hacienda Y Finanzas,Ministerio De Hacienda Y Finanzas,Dir.Gral.De Contaduria,Sistema De Contabilidad Gubernamental,Administración Gubernamental,Administración Fiscal,Bienes De Uso,Maquinaria Y Equipo,2027304.0,30103821.0,30103820.3,184520530.01,184520525.72,Fiscal
2023,4,Administracion Central,Ministerio De Hacienda Y Finanzas,Ministerio De Hacienda Y Finanzas,Ministerio De Hacienda Y Finanzas,Dir.Gral.De Tesoreria,Administracion De Los Fondos Del Gobierno De La Ciudad De Buenos Aires,Administración Gubernamental,Administración Fiscal,Gastos En Personal,Remuneraciones Al Personal,477963958.0,954287397.0,948247197.6,5849277946.37,5812254712.85,Fiscal
2023,4,Administracion Central,Ministerio De Hacienda Y Finanzas,Ministerio De Hacienda Y Finanzas,Ministerio De Hacienda Y Finanzas,Dir.Gral.De Tesoreria,Administracion De Los Fondos Del Gobierno De La Ciudad De Buenos Aires,Administración Gubernamental,Administración Fiscal,Bienes De Consumo,Bienes De Consumo,9726508.0,22530655.0,22530645.21,138101020.53,138100960.53,Fiscal
2023,4,Administracion Central,Ministerio De Hacienda Y Finanzas,Ministerio De Hacienda Y Finanzas,Ministerio De Hacienda Y Finanzas,Dir.Gral.De Tesoreria,Administracion De Los Fondos Del Gobierno De La Ciudad De Buenos Aires,Administración Gubernamental,Administración Fiscal,Servicios No Personales,Servicios No Personales,107555272.0,332796951.0,332796938.75,2039869616.03,2039869540.95,Fiscal
2023,4,Administracion Central,Ministerio De Hacienda Y Finanzas,Ministerio De Hacienda Y Finanzas,Ministerio De Hacienda Y Finanzas,Dir.Gral.De Tesoreria,Administracion De Los Fondos Del Gobierno De La Ciudad De Buenos Aires,Administración Gubernamental,Administración Fiscal,Bienes De Uso,Maquinaria Y Equipo,2111196.0,1019893.0,1019891.5,6251405.66,6251396.46,Fiscal
2023,4,Administracion Central,Ministerio De Hacienda Y Finanzas,Ministerio De Hacienda Y Finanzas,Ministerio De Hacienda Y Finanzas,Dir.Gral.De Credito Publico,Administracion De La Deuda,Administración Gubernamental,Administración Fiscal,Gastos En Personal,Remuneraciones Al Personal,39403998.0,66462696.0,66462683.58,407381238.81,407381162.68,Fiscal
2023,4,Administracion Central,Ministerio De Hacienda Y Finanzas,Ministerio De Hacienda Y Finanzas,Ministerio De Hacienda Y Finanzas,Dir.Gral.De Credito Publico,Administracion De La Deuda,Administración Gubernamental,Administración Fiscal,Bienes De Consumo,Bienes De Consumo,796313.0,39112.0,39110.08,239735.91,239724.14,Fiscal
2023,4,Administracion Central,Ministerio De Hacienda Y Finanzas,Ministerio De Hacienda Y Finanzas,Ministerio De Hacienda Y Finanzas,Dir.Gral.De Credito Publico,Administracion De La Deuda,Administración Gubernamental,Administración Fiscal,Servicios No Personales,Servicios No Personales,25146299.0,22488665.0,19726599.2,137843644.0,120913638.83,Fiscal
2023,4,Administracion Central,Ministerio De Hacienda Y Finanzas,Ministerio De Hacienda Y Finanzas,Ministerio De Hacienda Y Finanzas,Dir.Gral.De Credito Publico,Administracion De La Deuda,Administración Gubernamental,Administración Fiscal,Bienes De Uso,Maquinaria Y Equipo,43970.0,0.0,0.0,0.0,0.0,Fiscal
2023,4,Administracion Central,Ministerio De Hacienda Y Finanzas,Ministerio De Hacienda Y Finanzas,Ministerio De Hacienda Y Finanzas,Dir.Gral.De Credito Publico,Administracion De La Deuda,Administración Gubernamental,Administración Fiscal,Bienes De Uso,Activos Intangibles,17500.0,0.0,0.0,0.0,0.0,Fiscal
2023,4,Administracion Central,Ministerio De Hacienda Y Finanzas,Ministerio De Hacienda Y Finanzas,Ministerio De Hacienda Y Finanzas,Dir.Gral. Redeterminación De Precios,Analisis De Redeterminaciones De Precios,Administración Gubernamental,Administración Fiscal,Gastos En Personal,Remuneraciones Al Personal,33856807.0,74966318.0,74966306.39,459503952.35,459503881.19,Fiscal
2023,4,Administracion Central,Ministerio De Hacienda Y Finanzas,Ministerio De Hacienda Y Finanzas,Ministerio De Hacienda Y Finanzas,Dir.Gral. Redeterminación De Precios,Analisis De Redeterminaciones De Precios,Administración Gubernamental,Administración Fiscal,Bienes De Consumo,Bienes De Consumo,520227.0,230327.0,230324.58,1411782.91,1411768.08,Fiscal
2023,4,Administracion Central,Ministerio De Hacienda Y Finanzas,Ministerio De Hacienda Y Finanzas,Ministerio De Hacienda Y Finanzas,Dir.Gral. Redeterminación De Precios,Analisis De Redeterminaciones De Precios,Administración Gubernamental,Administración Fiscal,Servicios No Personales,Servicios No Personales,60521769.0,83148386.0,83148386.0,509655709.63,509655709.63,Fiscal
2023,4,Administracion Central,Ministerio De Hacienda Y Finanzas,Ministerio De Hacienda Y Finanzas,Ministerio De Hacienda Y Finanzas,Dir.Gral. Redeterminación De Precios,Analisis De Redeterminaciones De Precios,Administración Gubernamental,Administración Fiscal,Bienes De Uso,Maquinaria Y Equipo,550604.0,0.0,0.0,0.0,0.0,Fiscal
2023,4,Administracion Central,Ministerio De Hacienda Y Finanzas,Ministerio De Hacienda Y Finanzas,Ministerio De Hacienda Y Finanzas,Dir.Gral.De Compras Y Contrataciones,Compra De Bienes Y Contratacion De Servicios,Administración Gubernamental,Administración Fiscal,Gastos En Personal,Remuneraciones Al Personal,245578681.0,514176392.0,514176371.72,3151629833.66,3151629709.35,Fiscal
2023,4,Administracion Central,Ministerio De Hacienda Y Finanzas,Ministerio De Hacienda Y Finanzas,Ministerio De Hacienda Y Finanzas,Dir.Gral.De Compras Y Contrataciones,Compra De Bienes Y Contratacion De Servicios,Administración Gubernamental,Administración Fiscal,Bienes De Consumo,Bienes De Consumo,1585327.0,1232593.0,1232587.34,7555144.37,7555109.67,Fiscal
2023,4,Administracion Central,Ministerio De Hacienda Y Finanzas,Ministerio De Hacienda Y Finanzas,Ministerio De Hacienda Y Finanzas,Dir.Gral.De Compras Y Contrataciones,Compra De Bienes Y Contratacion De Servicios,Administración Gubernamental,Administración Fiscal,Servicios No Personales,Servicios No Personales,276102086.0,606284021.0,605774041.81,3716200973.02,3713075069.82,Fiscal
2023,4,Administracion Central,Ministerio De Hacienda Y Finanzas,Ministerio De Hacienda Y Finanzas,Ministerio De Hacienda Y Finanzas,Dir.Gral.De Compras Y Contrataciones,Compra De Bienes Y Contratacion De Servicios,Administración Gubernamental,Administración Fiscal,Bienes De Uso,Maquinaria Y Equipo,2983148.0,1561529.0,1561527.01,9571348.39,9571336.19,Fiscal
2023,4,Administracion Central,Ministerio De Hacienda Y Finanzas,Ministerio De Hacienda Y Finanzas,Ministerio De Hacienda Y Finanzas,Dir.Gral.De Compras Y Contrataciones,Compra De Bienes Y Contratacion De Servicios,Administración Gubernamental,Administración Fiscal,Bienes De Uso,Activos Intangibles,32813.0,0.0,0.0,0.0,0.0,Fiscal
2023,4,Administracion Central,Ministerio De Hacienda Y Finanzas,Ministerio De Hacienda Y Finanzas,Ministerio De Hacienda Y Finanzas,Dir.Gral.De Compras Y Contrataciones,Compra De Bienes Y Contratacion De Servicios,Administración Gubernamental,Administración Fiscal,Bienes De Uso,Bienes De Uso,91355794.0,108091846.0,103543366.52,662545951.02,634666173.09,Fiscal
2023,4,Administracion Central,Ministerio De Hacienda Y Finanzas,Ministerio De Hacienda Y Finanzas,Ministerio De Hacienda Y Finanzas,Subsecretaria De Gestión De Recursos Humanos,Actividades Comunes,Administración Gubernamental,Dirección Ejecutiva,Gastos En Personal,Remuneraciones Al Personal,129238140.0,237541398.0,237541381.48,1456003364.44,1456003263.18,Fiscal
2023,4,Administracion Central,Ministerio De Hacienda Y Finanzas,Ministerio De Hacienda Y Finanzas,Ministerio De Hacienda Y Finanzas,Subsecretaria De Gestión De Recursos Humanos,Actividades Comunes,Administración Gubernamental,Dirección Ejecutiva,Bienes De Consumo,Bienes De Consumo,7603895.0,1564161.0,1564154.65,9587481.16,9587442.24,Fiscal
2023,4,Administracion Central,Ministerio De Hacienda Y Finanzas,Ministerio De Hacienda Y Finanzas,Ministerio De Hacienda Y Finanzas,Subsecretaria De Gestión De Recursos Humanos,Actividades Comunes,Administración Gubernamental,Dirección Ejecutiva,Servicios No Personales,Servicios No Personales,748636672.0,530407672.0,530205820.45,3251119011.08,3249881767.64,Fiscal
2023,4,Administracion Central,Ministerio De Hacienda Y Finanzas,Ministerio De Hacienda Y Finanzas,Ministerio De Hacienda Y Finanzas,Subsecretaria De Gestión De Recursos Humanos,Actividades Comunes,Administración Gubernamental,Dirección Ejecutiva,Bienes De Uso,Maquinaria Y Equipo,2168728.0,49923727.0,49923726.45,306006090.26,306006086.89,Fiscal
2023,4,Administracion Central,Ministerio De Hacienda Y Finanzas,Ministerio De Hacienda Y Finanzas,Ministerio De Hacienda Y Finanzas,Subsecretaria De Gestión De Recursos Humanos,Gestion En La Estructura Remunerativa Del Personal,Administración Gubernamental,Dirección Ejecutiva,Gastos En Personal,Remuneraciones Al Personal,1309560516.0,1883305108.0,1883305101.32,11543666058.2,11543666017.25,Fiscal
2023,4,Administracion Central,Ministerio De Hacienda Y Finanzas,Ministerio De Hacienda Y Finanzas,Ministerio De Hacienda Y Finanzas,Subsecretaria De Gestión De Recursos Humanos,Gestion En La Estructura Remunerativa Del Personal,Administración Gubernamental,Dirección Ejecutiva,Bienes De Consumo,Bienes De Consumo,835552.0,1002494.0,1002489.73,6144758.97,6144732.8,Fiscal
2023,4,Administracion Central,Ministerio De Hacienda Y Finanzas,Ministerio De Hacienda Y Finanzas,Ministerio De Hacienda Y Finanzas,Subsecretaria De Gestión De Recursos Humanos,Gestion En La Estructura Remunerativa Del Personal,Administración Gubernamental,Dirección Ejecutiva,Servicios No Personales,Servicios No Personales,40435110.0,65505550.0,65505548.21,401514439.13,401514428.16,Fiscal
2023,4,Administracion Central,Ministerio De Hacienda Y Finanzas,Ministerio De Hacienda Y Finanzas,Ministerio De Hacienda Y Finanzas,Subsecretaria De Gestión De Recursos Humanos,Gestion En La Estructura Remunerativa Del Personal,Administración Gubernamental,Dirección Ejecutiva,Bienes De Uso,Maquinaria Y Equipo,404148.0,397637.0,397636.02,2437304.89,2437298.88,Fiscal
2023,4,Administracion Central,Ministerio De Hacienda Y Finanzas,Ministerio De Hacienda Y Finanzas,Ministerio De Hacienda Y Finanzas,Subsecretaria De Gestión De Recursos Humanos,Proteccion Y Prevencion En Medicina Laboral,Administración Gubernamental,Dirección Ejecutiva,Gastos En Personal,Remuneraciones Al Personal,444220153.0,959867650.0,959867642.77,5883481951.28,5883481906.96,Fiscal
2023,4,Administracion Central,Ministerio De Hacienda Y Finanzas,Ministerio De Hacienda Y Finanzas,Ministerio De Hacienda Y Finanzas,Subsecretaria De Gestión De Recursos Humanos,Proteccion Y Prevencion En Medicina Laboral,Administración Gubernamental,Dirección Ejecutiva,Bienes De Consumo,Bienes De Consumo,6419114.0,7008321.0,7008316.89,42957307.82,42957282.63,Fiscal
2023,4,Administracion Central,Ministerio De Hacienda Y Finanzas,Ministerio De Hacienda Y Finanzas,Ministerio De Hacienda Y Finanzas,Subsecretaria De Gestión De Recursos Humanos,Proteccion Y Prevencion En Medicina Laboral,Administración Gubernamental,Dirección Ejecutiva,Servicios No Personales,Servicios No Personales,73231124.0,70389079.0,70389078.32,431447893.74,431447889.57,Fiscal
2023,4,Administracion Central,Ministerio De Hacienda Y Finanzas,Ministerio De Hacienda Y Finanzas,Ministerio De Hacienda Y Finanzas,Subsecretaria De Gestión De Recursos Humanos,Proteccion Y Prevencion En Medicina Laboral,Administración Gubernamental,Dirección Ejecutiva,Bienes De Uso,Maquinaria Y Equipo,161441.0,102100.0,102100.0,625819.1,625819.1,Fiscal
2023,4,Administracion Central,Ministerio De Hacienda Y Finanzas,Ministerio De Hacienda Y Finanzas,Ministerio De Hacienda Y Finanzas,Subsecretaria De Gestión De Recursos Humanos,"Concursos, Legales Y Asuntos Previsionales",Administración Gubernamental,Dirección Ejecutiva,Gastos En Personal,Remuneraciones Al Personal,254413433.0,487760253.0,487760246.21,2989712847.47,2989712805.85,Fiscal
2023,4,Administracion Central,Ministerio De Hacienda Y Finanzas,Ministerio De Hacienda Y Finanzas,Ministerio De Hacienda Y Finanzas,Subsecretaria De Gestión De Recursos Humanos,"Concursos, Legales Y Asuntos Previsionales",Administración Gubernamental,Dirección Ejecutiva,Bienes De Consumo,Bienes De Consumo,518376.0,366492.0,366488.4,2246402.48,2246380.41,Fiscal
2023,4,Administracion Central,Ministerio De Hacienda Y Finanzas,Ministerio De Hacienda Y Finanzas,Ministerio De Hacienda Y Finanzas,Subsecretaria De Gestión De Recursos Humanos,"Concursos, Legales Y Asuntos Previsionales",Administración Gubernamental,Dirección Ejecutiva,Servicios No Personales,Servicios No Personales,38431165.0,59272534.0,59272533.2,363309341.65,363309336.75,Fiscal
2023,4,Administracion Central,Ministerio De Hacienda Y Finanzas,Ministerio De Hacienda Y Finanzas,Ministerio De Hacienda Y Finanzas,Subsecretaria De Gestión De Recursos Humanos,"Concursos, Legales Y Asuntos Previsionales",Administración Gubernamental,Dirección Ejecutiva,Bienes De Uso,Maquinaria Y Equipo,174785.0,73162.0,73161.55,448444.44,448441.68,Fiscal
2023,4,Administracion Central,Ministerio De Hacienda Y Finanzas,Ministerio De Hacienda Y Finanzas,Ministerio De Hacienda Y Finanzas,Subsecretaria De Gestión De Recursos Humanos,Planificacion Y Control Operativo,Administración Gubernamental,Dirección Ejecutiva,Gastos En Personal,Remuneraciones Al Personal,177996686.0,359658552.0,359658546.99,2204517049.11,2204517018.4,Fiscal
2023,4,Administracion Central,Ministerio De Hacienda Y Finanzas,Ministerio De Hacienda Y Finanzas,Ministerio De Hacienda Y Finanzas,Subsecretaria De Gestión De Recursos Humanos,Planificacion Y Control Operativo,Administración Gubernamental,Dirección Ejecutiva,Bienes De Consumo,Bienes De Consumo,665107.0,1129067.0,1129064.18,6920584.64,6920567.36,Fiscal
2023,4,Administracion Central,Ministerio De Hacienda Y Finanzas,Ministerio De Hacienda Y Finanzas,Ministerio De Hacienda Y Finanzas,Subsecretaria De Gestión De Recursos Humanos,Planificacion Y Control Operativo,Administración Gubernamental,Dirección Ejecutiva,Servicios No Personales,Servicios No Personales,33748358.0,59849639.0,59849639.0,366846690.63,366846690.63,Fiscal
2023,4,Administracion Central,Ministerio De Hacienda Y Finanzas,Ministerio De Hacienda Y Finanzas,Ministerio De Hacienda Y Finanzas,Subsecretaria De Gestión De Recursos Humanos,Planificacion Y Control Operativo,Administración Gubernamental,Dirección Ejecutiva,Bienes De Uso,Maquinaria Y Equipo,120315.0,118042.0,118041.88,723535.14,723534.41,Fiscal
2023,4,Administracion Central,Ministerio De Hacienda Y Finanzas,Ministerio De Hacienda Y Finanzas,Ministerio De Hacienda Y Finanzas,Subsecretaria De Gestión De Recursos Humanos,Desarrollo Del Servicio Civil,Administración Gubernamental,Dirección Ejecutiva,Gastos En Personal,Remuneraciones Al Personal,138021347.0,307351994.0,307351988.14,1883905462.79,1883905426.87,Fiscal
2023,4,Administracion Central,Ministerio De Hacienda Y Finanzas,Ministerio De Hacienda Y Finanzas,Ministerio De Hacienda Y Finanzas,Subsecretaria De Gestión De Recursos Humanos,Desarrollo Del Servicio Civil,Administración Gubernamental,Dirección Ejecutiva,Bienes De Consumo,Bienes De Consumo,813691.0,861589.0,861587.35,5281085.71,5281075.6,Fiscal
2023,4,Administracion Central,Ministerio De Hacienda Y Finanzas,Ministerio De Hacienda Y Finanzas,Ministerio De Hacienda Y Finanzas,Subsecretaria De Gestión De Recursos Humanos,Desarrollo Del Servicio Civil,Administración Gubernamental,Dirección Ejecutiva,Servicios No Personales,Servicios No Personales,34667209.0,55927146.0,55927145.39,342803879.34,342803875.61,Fiscal
2023,4,Administracion Central,Ministerio De Hacienda Y Finanzas,Ministerio De Hacienda Y Finanzas,Ministerio De Hacienda Y Finanzas,Subsecretaria De Gestión De Recursos Humanos,Desarrollo Del Servicio Civil,Administración Gubernamental,Dirección Ejecutiva,Bienes De Uso,Maquinaria Y Equipo,120315.0,6700.0,6700.0,41067.46,41067.46,Fiscal
2023,4,Administracion Central,Ministerio De Hacienda Y Finanzas,Ministerio De Hacienda Y Finanzas,Ministerio De Hacienda Y Finanzas,Subsecretaria De Gestión De Recursos Humanos,Relaciones Laborales,Administración Gubernamental,Dirección Ejecutiva,Gastos En Personal,Remuneraciones Al Personal,48901348.0,101112580.0,101112572.45,619766735.0,619766688.73,Fiscal
2023,4,Administracion Central,Ministerio De Hacienda Y Finanzas,Ministerio De Hacienda Y Finanzas,Ministerio De Hacienda Y Finanzas,Subsecretaria De Gestión De Recursos Humanos,Relaciones Laborales,Administración Gubernamental,Dirección Ejecutiva,Bienes De Consumo,Bienes De Consumo,165628.0,370043.0,370041.56,2268168.23,2268159.41,Fiscal
2023,4,Administracion Central,Ministerio De Hacienda Y Finanzas,Ministerio De Hacienda Y Finanzas,Ministerio De Hacienda Y Finanzas,Subsecretaria De Gestión De Recursos Humanos,Relaciones Laborales,Administración Gubernamental,Dirección Ejecutiva,Servicios No Personales,Servicios No Personales,4333009.0,6087303.0,6087302.0,37311953.72,37311947.59,Fiscal
2023,4,Administracion Central,Ministerio De Hacienda Y Finanzas,Ministerio De Hacienda Y Finanzas,Ministerio De Hacienda Y Finanzas,Subsecretaria De Gestión De Recursos Humanos,Relaciones Laborales,Administración Gubernamental,Dirección Ejecutiva,Bienes De Uso,Maquinaria Y Equipo,80173.0,0.0,0.0,0.0,0.0,Fiscal
2023,4,Administracion Central,Ministerio De Hacienda Y Finanzas,Ministerio De Hacienda Y Finanzas,Ministerio De Hacienda Y Finanzas,Dir.Gral. Relaciones Fiscales,Relaciones Fiscales Con Los Gobiernos Nacional Y Provinciales,Administración Gubernamental,Administración Fiscal,Gastos En Personal,Remuneraciones Al Personal,33388075.0,60847685.0,60847677.15,372964185.71,372964137.6,Fiscal
2023,4,Administracion Central,Ministerio De Hacienda Y Finanzas,Ministerio De Hacienda Y Finanzas,Ministerio De Hacienda Y Finanzas,Dir.Gral. Relaciones Fiscales,Relaciones Fiscales Con Los Gobiernos Nacional Y Provinciales,Administración Gubernamental,Administración Fiscal,Bienes De Consumo,Bienes De Consumo,173411.0,46963.0,46961.92,287858.4,287851.78,Fiscal
2023,4,Administracion Central,Ministerio De Hacienda Y Finanzas,Ministerio De Hacienda Y Finanzas,Ministerio De Hacienda Y Finanzas,Dir.Gral. Relaciones Fiscales,Relaciones Fiscales Con Los Gobiernos Nacional Y Provinciales,Administración Gubernamental,Administración Fiscal,Servicios No Personales,Servicios No Personales,7953130.0,7002123.0,7002122.86,42919317.36,42919316.5,Fiscal
2023,4,Administracion Central,Ministerio De Hacienda Y Finanzas,Ministerio De Hacienda Y Finanzas,Ministerio De Hacienda Y Finanzas,Dir.Gral. Relaciones Fiscales,Relaciones Fiscales Con Los Gobiernos Nacional Y Provinciales,Administración Gubernamental,Administración Fiscal,Bienes De Uso,Maquinaria Y Equipo,18703.0,0.0,0.0,0.0,0.0,Fiscal
2023,4,Administracion Central,Ministerio De Hacienda Y Finanzas,Ministerio De Hacienda Y Finanzas,Ministerio De Hacienda Y Finanzas,D.G. Unidad Informatica De Admin. Fin - Dguiaf,Desarrollo Funcional Del Sistema Sigaf,Administración Gubernamental,Administración Fiscal,Gastos En Personal,Remuneraciones Al Personal,31165908.0,72038190.0,72038176.97,441556073.56,441555993.69,Fiscal
2023,4,Administracion Central,Ministerio De Hacienda Y Finanzas,Ministerio De Hacienda Y Finanzas,Ministerio De Hacienda Y Finanzas,D.G. Unidad Informatica De Admin. Fin - Dguiaf,Desarrollo Funcional Del Sistema Sigaf,Administración Gubernamental,Administración Fiscal,Bienes De Consumo,Bienes De Consumo,1283896.0,501513.0,501509.52,3074009.93,3073988.6,Fiscal
2023,4,Administracion Central,Ministerio De Hacienda Y Finanzas,Ministerio De Hacienda Y Finanzas,Ministerio De Hacienda Y Finanzas,D.G. Unidad Informatica De Admin. Fin - Dguiaf,Desarrollo Funcional Del Sistema Sigaf,Administración Gubernamental,Administración Fiscal,Servicios No Personales,Servicios No Personales,118554144.0,159014274.0,158471480.41,974673551.17,971346513.02,Fiscal
2023,4,Administracion Central,Ministerio De Hacienda Y Finanzas,Ministerio De Hacienda Y Finanzas,Ministerio De Hacienda Y Finanzas,D.G. Unidad Informatica De Admin. Fin - Dguiaf,Desarrollo Funcional Del Sistema Sigaf,Administración Gubernamental,Administración Fiscal,Bienes De Uso,Maquinaria Y Equipo,1980709.0,46276.0,46275.01,283647.45,283641.38,Fiscal
2023,4,Administracion Central,Ministerio De Hacienda Y Finanzas,Ministerio De Hacienda Y Finanzas,Ministerio De Hacienda Y Finanzas,D.G. Unidad Informatica De Admin. Fin - Dguiaf,Desarrollo Funcional Del Sistema Sigaf,Administración Gubernamental,Administración Fiscal,Bienes De Uso,Activos Intangibles,569417.0,0.0,0.0,0.0,0.0,Fiscal
2023,4,Administracion Central,Ministerio De Hacienda Y Finanzas,Ministerio De Hacienda Y Finanzas,Ministerio De Hacienda Y Finanzas,D.G. Unidad Informatica De Admin. Fin - Dguiaf,Desarrollo Funcional Del Sistema Sigaf,Administración Gubernamental,Administración Fiscal,Bienes De Uso,Bienes De Uso,1570098031.0,4384790405.0,4378272799.13,26876450318.91,26836500835.77,Fiscal
2023,4,Administracion Central,Ministerio De Hacienda Y Finanzas,Ministerio De Hacienda Y Finanzas,Ministerio De Hacienda Y Finanzas,D.G. Unidad Informatica De Admin. Fin - Dguiaf,Desarrollo Funcional Del Sistema Sigaf,Administración Gubernamental,Administración Fiscal,Servicios No Personales,Servicios No Personales,199920482.0,273689165.0,273451207.0,1677570092.65,1676111535.73,Fiscal
2023,4,Administracion Central,Ministerio De Hacienda Y Finanzas,Ministerio De Hacienda Y Finanzas,Ministerio De Hacienda Y Finanzas,Ministro De Hacienda Y Finanzas,Actividades Centrales,Administración Gubernamental,Administración Fiscal,Gastos En Personal,Remuneraciones Al Personal,698145748.0,1893957585.0,1893957571.99,11608960118.44,11608960038.7,Fiscal
2023,4,Administracion Central,Ministerio De Hacienda Y Finanzas,Ministerio De Hacienda Y Finanzas,Ministerio De Hacienda Y Finanzas,Ministro De Hacienda Y Finanzas,Actividades Centrales,Administración Gubernamental,Administración Fiscal,Bienes De Consumo,Bienes De Consumo,9332582.0,8691932.0,8653033.49,53276954.43,53038527.1,Fiscal
2023,4,Administracion Central,Ministerio De Hacienda Y Finanzas,Ministerio De Hacienda Y Finanzas,Ministerio De Hacienda Y Finanzas,Ministro De Hacienda Y Finanzas,Actividades Centrales,Administración Gubernamental,Administración Fiscal,Servicios No Personales,Servicios No Personales,409162478.0,465283469.0,464117121.89,2851942027.73,2844792935.69,Fiscal
2023,4,Administracion Central,Ministerio De Hacienda Y Finanzas,Ministerio De Hacienda Y Finanzas,Ministerio De Hacienda Y Finanzas,Ministro De Hacienda Y Finanzas,Actividades Centrales,Administración Gubernamental,Administración Fiscal,Servicios No Personales,Derechos Sobre Bienes Intangibles,18527.0,0.0,0.0,0.0,0.0,Fiscal
2023,4,Administracion Central,Ministerio De Hacienda Y Finanzas,Ministerio De Hacienda Y Finanzas,Ministerio De Hacienda Y Finanzas,Ministro De Hacienda Y Finanzas,Actividades Centrales,Administración Gubernamental,Administración Fiscal,Bienes De Uso,Maquinaria Y Equipo,2533795.0,18917946.0,18917944.44,115957021.62,115957012.06,Fiscal
2023,4,Administracion Central,Ministerio De Hacienda Y Finanzas,Ministerio De Hacienda Y Finanzas,Ministerio De Hacienda Y Finanzas,Ministro De Hacienda Y Finanzas,Actividades Centrales,Administración Gubernamental,Administración Fiscal,Bienes De Uso,Activos Intangibles,0.0,261162.0,261161.82,1600785.18,1600784.08,Fiscal
2023,4,Administracion Central,Ministerio De Hacienda Y Finanzas,Ministerio De Hacienda Y Finanzas,Ministerio De Hacienda Y Finanzas,Ministro De Hacienda Y Finanzas,Actividades Centrales,Administración Gubernamental,Control De La Gestión,Gastos En Personal,Remuneraciones Al Personal,45812978.0,85276306.0,85276302.25,522698735.83,522698712.85,Fiscal
2023,4,Administracion Central,Ministerio De Hacienda Y Finanzas,Ministerio De Hacienda Y Finanzas,Ministerio De Hacienda Y Finanzas,Ministro De Hacienda Y Finanzas,Actividades Centrales,Administración Gubernamental,Control De La Gestión,Bienes De Consumo,Bienes De Consumo,428706.0,344307.0,343178.01,2110420.14,2103500.03,Fiscal
2023,4,Administracion Central,Ministerio De Hacienda Y Finanzas,Ministerio De Hacienda Y Finanzas,Ministerio De Hacienda Y Finanzas,Ministro De Hacienda Y Finanzas,Actividades Centrales,Administración Gubernamental,Control De La Gestión,Servicios No Personales,Servicios No Personales,19512857.0,18649140.0,18649140.0,114309382.75,114309382.75,Fiscal
2023,4,Administracion Central,Ministerio De Hacienda Y Finanzas,Ministerio De Hacienda Y Finanzas,Ministerio De Hacienda Y Finanzas,Ministro De Hacienda Y Finanzas,Actividades Centrales,Administración Gubernamental,Control De La Gestión,Bienes De Uso,Maquinaria Y Equipo,253973.0,323973.0,323973.0,1985783.45,1985783.45,Fiscal
2023,4,Administracion Central,Ministerio De Hacienda Y Finanzas,Ministerio De Hacienda Y Finanzas,Ministerio De Hacienda Y Finanzas,Ministro De Hacienda Y Finanzas,Actividades Centrales,Servicios De Seguridad,Seguridad Interior,Servicios No Personales,Servicios No Personales,63573215.0,102457571.0,102457570.47,628010819.77,628010816.52,Fiscal
2023,4,Administracion Central,Ministerio De Hacienda Y Finanzas,Ministerio De Hacienda Y Finanzas,Ministerio De Hacienda Y Finanzas,D.G.Gestiòn De La Flota Automotor,Flota Automotor Del Gobierno De La Ciudad De Buenos Aires,Administración Gubernamental,Dirección Ejecutiva,Gastos En Personal,Remuneraciones Al Personal,277681467.0,404571446.0,404571434.78,2479809378.45,2479809309.68,Fiscal
2023,4,Administracion Central,Ministerio De Hacienda Y Finanzas,Ministerio De Hacienda Y Finanzas,Ministerio De Hacienda Y Finanzas,D.G.Gestiòn De La Flota Automotor,Flota Automotor Del Gobierno De La Ciudad De Buenos Aires,Administración Gubernamental,Dirección Ejecutiva,Bienes De Consumo,Bienes De Consumo,599227315.0,951355693.0,950933625.41,5831308148.59,5828721097.08,Fiscal
2023,4,Administracion Central,Ministerio De Hacienda Y Finanzas,Ministerio De Hacienda Y Finanzas,Ministerio De Hacienda Y Finanzas,D.G.Gestiòn De La Flota Automotor,Flota Automotor Del Gobierno De La Ciudad De Buenos Aires,Administración Gubernamental,Dirección Ejecutiva,Servicios No Personales,Servicios No Personales,952538009.0,1707404597.0,1707404585.64,10465488788.98,10465488719.35,Fiscal
2023,4,Administracion Central,Ministerio De Hacienda Y Finanzas,Ministerio De Hacienda Y Finanzas,Ministerio De Hacienda Y Finanzas,D.G.Gestiòn De La Flota Automotor,Flota Automotor Del Gobierno De La Ciudad De Buenos Aires,Administración Gubernamental,Dirección Ejecutiva,Bienes De Uso,Maquinaria Y Equipo,2354341.0,35652248.0,35652244.86,218529458.34,218529439.09,Fiscal
2023,4,Organismos Descentralizados,Ministerio De Hacienda Y Finanzas,Ministerio De Hacienda Y Finanzas,Admin. Gubernamental De Ingresos Publicos,Direccion General De Estadisticas Y Censos,Sistema Estadistico De La Ciudad,Administración Gubernamental,Administración Fiscal,Gastos En Personal,Remuneraciones Al Personal,1090408867.0,2321618075.0,2321618043.71,14230293147.21,14230292955.42,Fiscal
2023,4,Organismos Descentralizados,Ministerio De Hacienda Y Finanzas,Ministerio De Hacienda Y Finanzas,Admin. Gubernamental De Ingresos Publicos,Direccion General De Estadisticas Y Censos,Sistema Estadistico De La Ciudad,Administración Gubernamental,Administración Fiscal,Bienes De Consumo,Bienes De Consumo,37774410.0,23571324.0,23571315.73,144479772.1,144479721.41,Fiscal
2023,4,Organismos Descentralizados,Ministerio De Hacienda Y Finanzas,Ministerio De Hacienda Y Finanzas,Admin. Gubernamental De Ingresos Publicos,Direccion General De Estadisticas Y Censos,Sistema Estadistico De La Ciudad,Administración Gubernamental,Administración Fiscal,Servicios No Personales,Servicios No Personales,788218809.0,928125759.0,916769974.71,5688920916.95,5619315954.32,Fiscal
2023,4,Organismos Descentralizados,Ministerio De Hacienda Y Finanzas,Ministerio De Hacienda Y Finanzas,Admin. Gubernamental De Ingresos Publicos,Direccion General De Estadisticas Y Censos,Sistema Estadistico De La Ciudad,Administración Gubernamental,Administración Fiscal,Bienes De Uso,Maquinaria Y Equipo,80078853.0,233470959.0,233470958.89,1431053722.28,1431053721.6,Fiscal
2023,4,Organismos Descentralizados,Ministerio De Hacienda Y Finanzas,Ministerio De Hacienda Y Finanzas,Admin. Gubernamental De Ingresos Publicos,Direccion General De Estadisticas Y Censos,Sistema Estadistico De La Ciudad,Administración Gubernamental,Administración Fiscal,Bienes De Uso,Activos Intangibles,40588109.0,0.0,0.0,0.0,0.0,Fiscal
2023,4,Organismos Descentralizados,Ministerio De Hacienda Y Finanzas,Ministerio De Hacienda Y Finanzas,Admin. Gubernamental De Ingresos Publicos,Direccion General De Estadisticas Y Censos,Plan Nacional De Estadistica,Administración Gubernamental,Administración Fiscal,Servicios No Personales,Servicios No Personales,17410578.0,0.0,0.0,0.0,0.0,Fiscal
2023,4,Organismos Descentralizados,Ministerio De Hacienda Y Finanzas,Ministerio De Hacienda Y Finanzas,Admin. Gubernamental De Ingresos Publicos,Administ.Gubernamental De Ingresos Publicos,Actividades Comunes,Administración Gubernamental,Administración Fiscal,Gastos En Personal,Remuneraciones Al Personal,1825143911.0,3932741270.0,3932253671.33,24105627771.8,24102639049.37,Fiscal
2023,4,Organismos Descentralizados,Ministerio De Hacienda Y Finanzas,Ministerio De Hacienda Y Finanzas,Admin. Gubernamental De Ingresos Publicos,Administ.Gubernamental De Ingresos Publicos,Actividades Comunes,Administración Gubernamental,Administración Fiscal,Bienes De Consumo,Bienes De Consumo,33919855.0,33932425.0,33932415.64,207987851.29,207987793.92,Fiscal
2023,4,Organismos Descentralizados,Ministerio De Hacienda Y Finanzas,Ministerio De Hacienda Y Finanzas,Admin. Gubernamental De Ingresos Publicos,Administ.Gubernamental De Ingresos Publicos,Actividades Comunes,Administración Gubernamental,Administración Fiscal,Servicios No Personales,Servicios No Personales,1986759454.0,1666597566.0,1665544102.9,10215363232.22,10208906059.57,Fiscal
2023,4,Organismos Descentralizados,Ministerio De Hacienda Y Finanzas,Ministerio De Hacienda Y Finanzas,Admin. Gubernamental De Ingresos Publicos,Administ.Gubernamental De Ingresos Publicos,Actividades Comunes,Administración Gubernamental,Administración Fiscal,Bienes De Uso,Maquinaria Y Equipo,57303143.0,44150997.0,44150994.26,270622302.96,270622286.17,Fiscal
2023,4,Organismos Descentralizados,Ministerio De Hacienda Y Finanzas,Ministerio De Hacienda Y Finanzas,Admin. Gubernamental De Ingresos Publicos,Administ.Gubernamental De Ingresos Publicos,Actividades Comunes,Administración Gubernamental,Administración Fiscal,Bienes De Uso,Activos Intangibles,1592934.0,0.0,0.0,0.0,0.0,Fiscal
2023,4,Organismos Descentralizados,Ministerio De Hacienda Y Finanzas,Ministerio De Hacienda Y Finanzas,Admin. Gubernamental De Ingresos Publicos,Administ.Gubernamental De Ingresos Publicos,Actividades Comunes,Administración Gubernamental,Control De La Gestión,Gastos En Personal,Remuneraciones Al Personal,105657570.0,251268894.0,251268891.38,1540145667.76,1540145651.7,Fiscal
2023,4,Organismos Descentralizados,Ministerio De Hacienda Y Finanzas,Ministerio De Hacienda Y Finanzas,Admin. Gubernamental De Ingresos Publicos,Administ.Gubernamental De Ingresos Publicos,Actividades Comunes,Administración Gubernamental,Control De La Gestión,Bienes De Consumo,Bienes De Consumo,80932.0,0.0,0.0,0.0,0.0,Fiscal
2023,4,Organismos Descentralizados,Ministerio De Hacienda Y Finanzas,Ministerio De Hacienda Y Finanzas,Admin. Gubernamental De Ingresos Publicos,Administ.Gubernamental De Ingresos Publicos,Actividades Comunes,Administración Gubernamental,Control De La Gestión,Servicios No Personales,Servicios No Personales,7047106.0,9642722.0,9642722.0,59104795.17,59104795.17,Fiscal
2023,4,Organismos Descentralizados,Ministerio De Hacienda Y Finanzas,Ministerio De Hacienda Y Finanzas,Admin. Gubernamental De Ingresos Publicos,Administ.Gubernamental De Ingresos Publicos,Relaciones Con La Comunidad,Administración Gubernamental,Administración Fiscal,Gastos En Personal,Remuneraciones Al Personal,73358297.0,271230709.0,271230703.11,1662501055.26,1662501019.16,Fiscal
2023,4,Organismos Descentralizados,Ministerio De Hacienda Y Finanzas,Ministerio De Hacienda Y Finanzas,Admin. Gubernamental De Ingresos Publicos,Administ.Gubernamental De Ingresos Publicos,Relaciones Con La Comunidad,Administración Gubernamental,Administración Fiscal,Bienes De Consumo,Bienes De Consumo,3643086.0,667276.0,667274.35,4090049.6,4090039.49,Fiscal
2023,4,Organismos Descentralizados,Ministerio De Hacienda Y Finanzas,Ministerio De Hacienda Y Finanzas,Admin. Gubernamental De Ingresos Publicos,Administ.Gubernamental De Ingresos Publicos,Relaciones Con La Comunidad,Administración Gubernamental,Administración Fiscal,Servicios No Personales,Servicios No Personales,159246593.0,25106293.0,25106290.18,153888321.72,153888304.43,Fiscal
2023,4,Organismos Descentralizados,Ministerio De Hacienda Y Finanzas,Ministerio De Hacienda Y Finanzas,Admin. Gubernamental De Ingresos Publicos,Administ.Gubernamental De Ingresos Publicos,Relaciones Con La Comunidad,Administración Gubernamental,Administración Fiscal,Bienes De Uso,Maquinaria Y Equipo,212391.0,0.0,0.0,0.0,0.0,Fiscal
2023,4,Organismos Descentralizados,Ministerio De Hacienda Y Finanzas,Ministerio De Hacienda Y Finanzas,Admin. Gubernamental De Ingresos Publicos,Administ.Gubernamental De Ingresos Publicos,Relaciones Con La Comunidad,Administración Gubernamental,Administración Fiscal,Bienes De Uso,Activos Intangibles,318587.0,0.0,0.0,0.0,0.0,Fiscal
2023,4,Organismos Descentralizados,Ministerio De Hacienda Y Finanzas,Ministerio De Hacienda Y Finanzas,Admin. Gubernamental De Ingresos Publicos,Administ.Gubernamental De Ingresos Publicos,Desarrollo Tecnologico,Administración Gubernamental,Administración Fiscal,Bienes De Consumo,Bienes De Consumo,77470702.0,13921510.0,13921507.25,85331506.71,85331489.86,Fiscal
2023,4,Organismos Descentralizados,Ministerio De Hacienda Y Finanzas,Ministerio De Hacienda Y Finanzas,Admin. Gubernamental De Ingresos Publicos,Administ.Gubernamental De Ingresos Publicos,Desarrollo Tecnologico,Administración Gubernamental,Administración Fiscal,Servicios No Personales,Servicios No Personales,995114819.0,656538527.0,656301828.03,4024234563.92,4022783724.2,Fiscal
2023,4,Organismos Descentralizados,Ministerio De Hacienda Y Finanzas,Ministerio De Hacienda Y Finanzas,Admin. Gubernamental De Ingresos Publicos,Administ.Gubernamental De Ingresos Publicos,Desarrollo Tecnologico,Administración Gubernamental,Administración Fiscal,Bienes De Uso,Maquinaria Y Equipo,983376923.0,315061009.0,315061008.83,1931157654.92,1931157653.87,Fiscal
2023,4,Organismos Descentralizados,Ministerio De Hacienda Y Finanzas,Ministerio De Hacienda Y Finanzas,Admin. Gubernamental De Ingresos Publicos,Administ.Gubernamental De Ingresos Publicos,Desarrollo Tecnologico,Administración Gubernamental,Administración Fiscal,Bienes De Uso,Activos Intangibles,2234823784.0,3110059778.0,3109613719.32,19063024544.33,19060290440.11,Fiscal
2023,4,Organismos Descentralizados,Ministerio De Hacienda Y Finanzas,Ministerio De Hacienda Y Finanzas,Admin. Gubernamental De Ingresos Publicos,Administ.Gubernamental De Ingresos Publicos,Desarrollo Tecnologico,Administración Gubernamental,Administración Fiscal,Servicios No Personales,Servicios No Personales,1166891270.0,1225507605.0,1225507605.0,7511714636.05,7511714636.05,Fiscal
2023,4,Organismos Descentralizados,Ministerio De Hacienda Y Finanzas,Ministerio De Hacienda Y Finanzas,Admin. Gubernamental De Ingresos Publicos,Administ.Gubernamental De Ingresos Publicos,Fiscalizacion,Administración Gubernamental,Administración Fiscal,Gastos En Personal,Remuneraciones Al Personal,3419136022.0,7500214261.0,7500214256.04,45972353829.52,45972353799.12,Fiscal
2023,4,Organismos Descentralizados,Ministerio De Hacienda Y Finanzas,Ministerio De Hacienda Y Finanzas,Admin. Gubernamental De Ingresos Publicos,Administ.Gubernamental De Ingresos Publicos,Fiscalizacion,Administración Gubernamental,Administración Fiscal,Servicios No Personales,Servicios No Personales,10467723.0,9593935.0,9593934.17,58805756.62,58805751.53,Fiscal
2023,4,Organismos Descentralizados,Ministerio De Hacienda Y Finanzas,Ministerio De Hacienda Y Finanzas,Admin. Gubernamental De Ingresos Publicos,Administ.Gubernamental De Ingresos Publicos,Recaudacion Tributaria,Administración Gubernamental,Administración Fiscal,Gastos En Personal,Remuneraciones Al Personal,2312889946.0,5143369791.0,5143369781.58,31526141478.04,31526141420.3,Fiscal
2023,4,Organismos Descentralizados,Ministerio De Hacienda Y Finanzas,Ministerio De Hacienda Y Finanzas,Admin. Gubernamental De Ingresos Publicos,Administ.Gubernamental De Ingresos Publicos,Recaudacion Tributaria,Administración Gubernamental,Administración Fiscal,Bienes De Consumo,Bienes De Consumo,3339797.0,2054029.0,2054026.66,12590113.39,12590099.04,Fiscal
2023,4,Organismos Descentralizados,Ministerio De Hacienda Y Finanzas,Ministerio De Hacienda Y Finanzas,Admin. Gubernamental De Ingresos Publicos,Administ.Gubernamental De Ingresos Publicos,Recaudacion Tributaria,Administración Gubernamental,Administración Fiscal,Servicios No Personales,Servicios No Personales,1983397743.0,2045882785.0,2045506123.51,12540181388.53,12537872652.44,Fiscal
2023,4,Organismos Descentralizados,Ministerio De Hacienda Y Finanzas,Ministerio De Hacienda Y Finanzas,Admin. Gubernamental De Ingresos Publicos,Administ.Gubernamental De Ingresos Publicos,Recaudacion Tributaria,Administración Gubernamental,Administración Fiscal,Bienes De Uso,Maquinaria Y Equipo,127435.0,0.0,0.0,0.0,0.0,Fiscal
2023,4,Organismos Descentralizados,Ministerio De Hacienda Y Finanzas,Ministerio De Hacienda Y Finanzas,Admin. Gubernamental De Ingresos Publicos,Administ.Gubernamental De Ingresos Publicos,Recaudacion Tributaria,Administración Gubernamental,Administración Fiscal,Bienes De Uso,Activos Intangibles,721078704.0,415152416.0,415152415.78,2544665138.54,2544665137.19,Fiscal
2023,4,Organismos Descentralizados,Ministerio De Hacienda Y Finanzas,Ministerio De Hacienda Y Finanzas,Admin. Gubernamental De Ingresos Publicos,Administ.Gubernamental De Ingresos Publicos,Desarrollo Y Actualizacion De La Legislacion Tributaria,Administración Gubernamental,Administración Fiscal,Bienes De Consumo,Bienes De Consumo,276525.0,90980.0,90979.55,557659.37,557656.61,Fiscal
2023,4,Organismos Descentralizados,Ministerio De Hacienda Y Finanzas,Ministerio De Hacienda Y Finanzas,Admin. Gubernamental De Ingresos Publicos,Administ.Gubernamental De Ingresos Publicos,Desarrollo Y Actualizacion De La Legislacion Tributaria,Administración Gubernamental,Administración Fiscal,Servicios No Personales,Servicios No Personales,10840319.0,11820720.0,11820720.0,72454773.08,72454773.08,Fiscal
2023,4,Organismos Descentralizados,Ministerio De Hacienda Y Finanzas,Ministerio De Hacienda Y Finanzas,Admin. Gubernamental De Ingresos Publicos,Administ.Gubernamental De Ingresos Publicos,Desarrollo Y Actualizacion De La Legislacion Tributaria,Administración Gubernamental,Administración Fiscal,Bienes De Uso,Maquinaria Y Equipo,97920.0,0.0,0.0,0.0,0.0,Fiscal
2023,4,Organismos Descentralizados,Ministerio De Hacienda Y Finanzas,Ministerio De Hacienda Y Finanzas,Admin. Gubernamental De Ingresos Publicos,Administ.Gubernamental De Ingresos Publicos,Desarrollo Y Actualizacion De La Legislacion Tributaria,Administración Gubernamental,Administración Fiscal,Gastos En Personal,Remuneraciones Al Personal,142946031.0,331097644.0,331097637.23,2029453761.24,2029453719.74,Fiscal
2023,4,Administracion Central,Ministerio de Desarrollo Económico,Ministerio de Desarrollo Económico,Ministerio de Desarrollo Económico,Subsecretaría De Cooperación Para El Desarrollo Económico Y La Producción,Actividades Comunes,Servicios Económicos,Industria Y Comercio,Gastos En Personal,Remuneraciones Al Personal,42460224.0,76346365.0,76346357.45,467962911.89,467962865.61,Fiscal
2023,4,Administracion Central,Ministerio de Desarrollo Económico,Ministerio de Desarrollo Económico,Ministerio de Desarrollo Económico,Subsecretaría De Cooperación Para El Desarrollo Económico Y La Producción,Actividades Comunes,Servicios Económicos,Industria Y Comercio,Bienes De Consumo,Bienes De Consumo,1248259.0,520318.0,512804.14,3189274.65,3143218.65,Fiscal
2023,4,Administracion Central,Ministerio de Desarrollo Económico,Ministerio de Desarrollo Económico,Ministerio de Desarrollo Económico,Subsecretaría De Cooperación Para El Desarrollo Económico Y La Producción,Actividades Comunes,Servicios Económicos,Industria Y Comercio,Servicios No Personales,Servicios No Personales,26230764.0,274909561.0,274909546.81,1685050475.84,1685050388.86,Fiscal
2023,4,Administracion Central,Ministerio de Desarrollo Económico,Ministerio de Desarrollo Económico,Ministerio de Desarrollo Económico,Subsecretaría De Cooperación Para El Desarrollo Económico Y La Producción,Actividades Comunes,Servicios Económicos,Industria Y Comercio,Bienes De Uso,Maquinaria Y Equipo,649641.0,2207791.0,2207790.0,13532593.27,13532587.14,Fiscal
2023,4,Administracion Central,Ministerio de Desarrollo Económico,Ministerio de Desarrollo Económico,Ministerio de Desarrollo Económico,Subsecretaría De Cooperación Para El Desarrollo Económico Y La Producción,Actividades Comunes,Servicios Económicos,Industria Y Comercio,Transferencias,Al Sector Privado,0.0,38500000.0,38500000.0,235984674.68,235984674.68,Fiscal
2023,4,Administracion Central,Ministerio de Desarrollo Económico,Ministerio de Desarrollo Económico,Ministerio de Desarrollo Económico,Subsecretaría De Cooperación Para El Desarrollo Económico Y La Producción,Actividades Comunes,Servicios Económicos,Industria Y Comercio,Transferencias,Al Sector Público,0.0,32479133.0,32479132.92,199079938.57,199079938.08,Fiscal
2023,4,Administracion Central,Ministerio de Desarrollo Económico,Ministerio de Desarrollo Económico,Ministerio de Desarrollo Económico,Subsecretaría De Cooperación Para El Desarrollo Económico Y La Producción,Vinculacion Y Comunicacion,Servicios Económicos,Industria Y Comercio,Gastos En Personal,Remuneraciones Al Personal,36141422.0,72357338.0,72357328.73,443512282.31,443512225.49,Fiscal
2023,4,Administracion Central,Ministerio de Desarrollo Económico,Ministerio de Desarrollo Económico,Ministerio de Desarrollo Económico,Subsecretaría De Cooperación Para El Desarrollo Económico Y La Producción,Vinculacion Y Comunicacion,Servicios Económicos,Industria Y Comercio,Bienes De Consumo,Bienes De Consumo,226221.0,26725.0,26723.68,163810.14,163802.05,Fiscal
2023,4,Administracion Central,Ministerio de Desarrollo Económico,Ministerio de Desarrollo Económico,Ministerio de Desarrollo Económico,Subsecretaría De Cooperación Para El Desarrollo Económico Y La Producción,Vinculacion Y Comunicacion,Servicios Económicos,Industria Y Comercio,Servicios No Personales,Servicios No Personales,4944552.0,413857.0,413855.32,2536724.92,2536714.62,Fiscal
2023,4,Administracion Central,Ministerio de Desarrollo Económico,Ministerio de Desarrollo Económico,Ministerio de Desarrollo Económico,Subsecretaría De Cooperación Para El Desarrollo Económico Y La Producción,Vinculacion Y Comunicacion,Servicios Económicos,Industria Y Comercio,Bienes De Uso,Maquinaria Y Equipo,126883.0,0.0,0.0,0.0,0.0,Fiscal
2023,4,Administracion Central,Ministerio de Desarrollo Económico,Ministerio de Desarrollo Económico,Ministerio de Desarrollo Económico,Subsecretaría De Cooperación Para El Desarrollo Económico Y La Producción,Cooperacion Interjurisdiccional Para El Desarrollo Economico Y Productivo,Servicios Económicos,Industria Y Comercio,Gastos En Personal,Remuneraciones Al Personal,24246505.0,62678445.0,62678437.75,384185778.0,384185733.56,Fiscal
2023,4,Administracion Central,Ministerio de Desarrollo Económico,Ministerio de Desarrollo Económico,Ministerio de Desarrollo Económico,Subsecretaría De Cooperación Para El Desarrollo Económico Y La Producción,Cooperacion Interjurisdiccional Para El Desarrollo Economico Y Productivo,Servicios Económicos,Industria Y Comercio,Bienes De Consumo,Bienes De Consumo,226221.0,0.0,0.0,0.0,0.0,Fiscal
2023,4,Administracion Central,Ministerio de Desarrollo Económico,Ministerio de Desarrollo Económico,Ministerio de Desarrollo Económico,Subsecretaría De Cooperación Para El Desarrollo Económico Y La Producción,Cooperacion Interjurisdiccional Para El Desarrollo Economico Y Productivo,Servicios Económicos,Industria Y Comercio,Servicios No Personales,Servicios No Personales,4944552.0,468587.0,468586.77,2872190.93,2872189.52,Fiscal
2023,4,Administracion Central,Ministerio de Desarrollo Económico,Ministerio de Desarrollo Económico,Ministerio de Desarrollo Económico,Subsecretaría De Cooperación Para El Desarrollo Económico Y La Producción,Cooperacion Interjurisdiccional Para El Desarrollo Economico Y Productivo,Servicios Económicos,Industria Y Comercio,Bienes De Uso,Maquinaria Y Equipo,126883.0,0.0,0.0,0.0,0.0,Fiscal
2023,4,Administracion Central,Ministerio de Desarrollo Económico,Ministerio de Desarrollo Económico,Ministerio de Desarrollo Económico,Subsecretaría De Políticas Gastronómicas,Actividades Comunes,Servicios Sociales,Salud,Gastos En Personal,Remuneraciones Al Personal,42637830.0,74799779.0,74799768.07,458483156.2,458483089.2,Fiscal
2023,4,Administracion Central,Ministerio de Desarrollo Económico,Ministerio de Desarrollo Económico,Ministerio de Desarrollo Económico,Subsecretaría De Políticas Gastronómicas,Actividades Comunes,Servicios Sociales,Salud,Bienes De Consumo,Bienes De Consumo,1248259.0,388614.0,388612.18,2381998.66,2381987.5,Fiscal
2023,4,Administracion Central,Ministerio de Desarrollo Económico,Ministerio de Desarrollo Económico,Ministerio de Desarrollo Económico,Subsecretaría De Políticas Gastronómicas,Actividades Comunes,Servicios Sociales,Salud,Servicios No Personales,Servicios No Personales,156190127.0,250308958.0,250308954.32,1534261766.86,1534261744.3,Fiscal
2023,4,Administracion Central,Ministerio de Desarrollo Económico,Ministerio de Desarrollo Económico,Ministerio de Desarrollo Económico,Subsecretaría De Políticas Gastronómicas,Actividades Comunes,Servicios Sociales,Salud,Bienes De Uso,Maquinaria Y Equipo,649641.0,474738.0,474737.01,2909893.31,2909887.24,Fiscal
2023,4,Administracion Central,Ministerio de Desarrollo Económico,Ministerio de Desarrollo Económico,Ministerio de Desarrollo Económico,Subsecretaría De Políticas Gastronómicas,Actividades Comunes,Servicios Sociales,Salud,Bienes De Uso,Construcciones Del Dominio Privado,0.0,1104588.0,1104587.85,6770541.29,6770540.38,Fiscal
2023,4,Administracion Central,Ministerio de Desarrollo Económico,Ministerio de Desarrollo Económico,Ministerio de Desarrollo Económico,Subsecretaría De Políticas Gastronómicas,Actividades Comunes,Servicios Sociales,Salud,Bienes De Uso,Construcciones Del Dominio Público,0.0,2811684.0,2811683.15,17234138.55,17234133.34,Fiscal
2023,4,Administracion Central,Ministerio de Desarrollo Económico,Ministerio de Desarrollo Económico,Ministerio de Desarrollo Económico,Subsecretaría De Políticas Gastronómicas,Eventos De Desarrollo Gastronomico,Servicios Sociales,Salud,Transferencias,Al Sector Privado,89852802.0,0.0,0.0,0.0,0.0,Fiscal
2023,4,Administracion Central,Ministerio de Desarrollo Económico,Ministerio de Desarrollo Económico,Ministerio de Desarrollo Económico,Subsecretaría De Políticas Gastronómicas,Eventos De Desarrollo Gastronomico,Servicios Sociales,Salud,Servicios No Personales,Servicios No Personales,0.0,174953903.0,169011882.31,1072375061.92,1035953612.07,Fiscal
2023,4,Administracion Central,Ministerio de Desarrollo Económico,Ministerio de Desarrollo Económico,Ministerio de Desarrollo Económico,Subsecretaría De Políticas Gastronómicas,Promocion De Politicas Gastronomicas,Servicios Sociales,Salud,Gastos En Personal,Remuneraciones Al Personal,0.0,55646541.0,55646532.88,341083918.83,341083869.06,Fiscal
2023,4,Administracion Central,Ministerio de Desarrollo Económico,Ministerio de Desarrollo Económico,Ministerio de Desarrollo Económico,Subsecretaría De Políticas Gastronómicas,Promocion De Politicas Gastronomicas,Servicios Sociales,Salud,Bienes De Consumo,Bienes De Consumo,0.0,1744625.0,1744625.0,10693630.21,10693630.21,Fiscal
2023,4,Administracion Central,Ministerio de Desarrollo Económico,Ministerio de Desarrollo Económico,Ministerio de Desarrollo Económico,Subsecretaría De Políticas Gastronómicas,Promocion De Politicas Gastronomicas,Servicios Sociales,Salud,Servicios No Personales,Servicios No Personales,0.0,654023434.0,654023424.91,4008818371.63,4008818315.91,Fiscal
2023,4,Administracion Central,Ministerio de Desarrollo Económico,Ministerio de Desarrollo Económico,Ministerio de Desarrollo Económico,Subsecretaría De Políticas Gastronómicas,Promocion De Politicas Gastronomicas,Servicios Sociales,Salud,Bienes De Uso,Maquinaria Y Equipo,0.0,14264719.0,14264717.81,87435196.69,87435189.4,Fiscal
2023,4,Administracion Central,Ministerio de Desarrollo Económico,Ministerio de Desarrollo Económico,Ministerio de Desarrollo Económico,Subsecretaría De Políticas Gastronómicas,Promocion De Politicas Gastronomicas,Servicios Sociales,Salud,Transferencias,Al Sector Privado,0.0,223000000.0,223000000.0,1366872271.54,1366872271.54,Fiscal
2023,4,Administracion Central,Ministerio de Desarrollo Económico,Ministerio de Desarrollo Económico,Ministerio de Desarrollo Económico,Subsecretaría De Políticas Gastronómicas,Politicas De Desarrollo Gastronomico,Servicios Sociales,Salud,Gastos En Personal,Remuneraciones Al Personal,41126827.0,66101841.0,66101832.33,405169388.16,405169335.02,Fiscal
2023,4,Administracion Central,Ministerio de Desarrollo Económico,Ministerio de Desarrollo Económico,Ministerio de Desarrollo Económico,Subsecretaría De Políticas Gastronómicas,Politicas De Desarrollo Gastronomico,Servicios Sociales,Salud,Bienes De Consumo,Bienes De Consumo,4193175.0,577762.0,577761.1,3541376.04,3541370.53,Fiscal
2023,4,Administracion Central,Ministerio de Desarrollo Económico,Ministerio de Desarrollo Económico,Ministerio de Desarrollo Económico,Subsecretaría De Políticas Gastronómicas,Politicas De Desarrollo Gastronomico,Servicios Sociales,Salud,Servicios No Personales,Servicios No Personales,49014911.0,66182299.0,66182297.05,405662553.23,405662541.28,Fiscal
2023,4,Administracion Central,Ministerio de Desarrollo Económico,Ministerio de Desarrollo Económico,Ministerio de Desarrollo Económico,Subsecretaría De Políticas Gastronómicas,Politicas De Desarrollo Gastronomico,Servicios Sociales,Salud,Bienes De Uso,Maquinaria Y Equipo,2578264.0,101617.0,101616.86,622858.56,622857.71,Fiscal
2023,4,Administracion Central,Ministerio de Desarrollo Económico,Ministerio de Desarrollo Económico,Ministerio de Desarrollo Económico,Unidad De Coordinación Gestión De Políticas Productivas,Coordinacion Gestion De Politicas Productivas,Servicios Económicos,Industria Y Comercio,Gastos En Personal,Remuneraciones Al Personal,81495260.0,136341522.0,136341513.01,835701551.04,835701495.93,Fiscal
2023,4,Administracion Central,Ministerio de Desarrollo Económico,Ministerio de Desarrollo Económico,Ministerio de Desarrollo Económico,Unidad De Coordinación Gestión De Políticas Productivas,Coordinacion Gestion De Politicas Productivas,Servicios Económicos,Industria Y Comercio,Bienes De Consumo,Bienes De Consumo,543334.0,244793.0,241904.44,1500451.86,1482746.51,Fiscal
2023,4,Administracion Central,Ministerio de Desarrollo Económico,Ministerio de Desarrollo Económico,Ministerio de Desarrollo Económico,Unidad De Coordinación Gestión De Políticas Productivas,Coordinacion Gestion De Politicas Productivas,Servicios Económicos,Industria Y Comercio,Servicios No Personales,Servicios No Personales,254722352.0,269753976.0,266388081.12,1653449461.58,1632818302.92,Fiscal
2023,4,Administracion Central,Ministerio de Desarrollo Económico,Ministerio de Desarrollo Económico,Ministerio de Desarrollo Económico,Unidad De Coordinación Gestión De Políticas Productivas,Coordinacion Gestion De Politicas Productivas,Servicios Económicos,Industria Y Comercio,Bienes De Uso,Maquinaria Y Equipo,101506.0,0.0,0.0,0.0,0.0,Fiscal
2023,4,Administracion Central,Ministerio de Desarrollo Económico,Ministerio de Desarrollo Económico,Ministerio de Desarrollo Económico,Unidad De Coordinación Gestión De Políticas Productivas,Coordinacion Gestion De Politicas Productivas,Servicios Económicos,Industria Y Comercio,Transferencias,Al Sector Público,0.0,30432000.0,30426000.0,186532094.02,186495317.19,Fiscal
2023,4,Administracion Central,Ministerio de Desarrollo Económico,Ministerio de Desarrollo Económico,Ministerio de Desarrollo Económico,Unidad De Coordinación Gestión De Políticas Productivas,Coordinacion Gestion De Politicas Productivas,Servicios Económicos,Industria Y Comercio,Transferencias,Al Sector Privado,0.0,25000000.0,25000000.0,153236801.74,153236801.74,Fiscal
2023,4,Administracion Central,Ministerio de Desarrollo Económico,Ministerio de Desarrollo Económico,Ministerio de Desarrollo Económico,Ss.Trabajo Industria Y Comercio,Actividades Comunes,Servicios Sociales,Trabajo,Gastos En Personal,Remuneraciones Al Personal,161937905.0,316865274.0,316865264.72,1942216846.84,1942216789.96,Fiscal
2023,4,Administracion Central,Ministerio de Desarrollo Económico,Ministerio de Desarrollo Económico,Ministerio de Desarrollo Económico,Ss.Trabajo Industria Y Comercio,Actividades Comunes,Servicios Sociales,Trabajo,Bienes De Consumo,Bienes De Consumo,3133166.0,34487362.0,34487354.42,211389322.14,211389275.68,Fiscal
2023,4,Administracion Central,Ministerio de Desarrollo Económico,Ministerio de Desarrollo Económico,Ministerio de Desarrollo Económico,Ss.Trabajo Industria Y Comercio,Actividades Comunes,Servicios Sociales,Trabajo,Servicios No Personales,Servicios No Personales,284751214.0,649570873.0,645679702.65,3981526523.34,3957675703.36,Fiscal
2023,4,Administracion Central,Ministerio de Desarrollo Económico,Ministerio de Desarrollo Económico,Ministerio de Desarrollo Económico,Ss.Trabajo Industria Y Comercio,Actividades Comunes,Servicios Sociales,Trabajo,Bienes De Uso,Maquinaria Y Equipo,0.0,10979653.0,10979652.38,67299476.4,67299472.6,Fiscal
2023,4,Administracion Central,Ministerio de Desarrollo Económico,Ministerio de Desarrollo Económico,Ministerio de Desarrollo Económico,Ss.Trabajo Industria Y Comercio,Actividades Comunes,Servicios Sociales,Trabajo,Transferencias,Al Sector Privado,0.0,51000000.0,51000000.0,312603075.55,312603075.55,Fiscal
2023,4,Administracion Central,Ministerio de Desarrollo Económico,Ministerio de Desarrollo Económico,Ministerio de Desarrollo Económico,Ss.Trabajo Industria Y Comercio,Asuntos Gremiales Y Formacion Sindical,Servicios Sociales,Trabajo,Gastos En Personal,Remuneraciones Al Personal,35320533.0,53017867.0,53017860.07,324971534.97,324971492.49,Fiscal
2023,4,Administracion Central,Ministerio de Desarrollo Económico,Ministerio de Desarrollo Económico,Ministerio de Desarrollo Económico,Ss.Trabajo Industria Y Comercio,Asuntos Gremiales Y Formacion Sindical,Servicios Sociales,Trabajo,Bienes De Consumo,Bienes De Consumo,201983.0,0.0,0.0,0.0,0.0,Fiscal
2023,4,Administracion Central,Ministerio de Desarrollo Económico,Ministerio de Desarrollo Económico,Ministerio de Desarrollo Económico,Ss.Trabajo Industria Y Comercio,Asuntos Gremiales Y Formacion Sindical,Servicios Sociales,Trabajo,Servicios No Personales,Servicios No Personales,1506795.0,150000.0,150000.0,919420.81,919420.81,Fiscal
2023,4,Administracion Central,Ministerio de Desarrollo Económico,Ministerio de Desarrollo Económico,Ministerio de Desarrollo Económico,Ss.Trabajo Industria Y Comercio,Asuntos Gremiales Y Formacion Sindical,Servicios Sociales,Trabajo,Bienes De Uso,Maquinaria Y Equipo,30452.0,0.0,0.0,0.0,0.0,Fiscal
2023,4,Administracion Central,Ministerio de Desarrollo Económico,Ministerio de Desarrollo Económico,Ministerio de Desarrollo Económico,Ss.Trabajo Industria Y Comercio,Asuntos Gremiales Y Formacion Sindical,Servicios Sociales,Trabajo,Transferencias,Al Sector Privado,0.0,1300000.0,1300000.0,7968313.69,7968313.69,Fiscal
2023,4,Administracion Central,Ministerio de Desarrollo Económico,Ministerio de Desarrollo Económico,Ministerio de Desarrollo Económico,Ss.Trabajo Industria Y Comercio,Registro De Actividades Economicas,Servicios Sociales,Trabajo,Gastos En Personal,Remuneraciones Al Personal,26685651.0,44655670.0,44655665.4,273715682.02,273715653.82,Fiscal
2023,4,Administracion Central,Ministerio de Desarrollo Económico,Ministerio de Desarrollo Económico,Ministerio de Desarrollo Económico,Ss.Trabajo Industria Y Comercio,Registro De Actividades Economicas,Servicios Sociales,Trabajo,Bienes De Consumo,Bienes De Consumo,0.0,321783.0,321782.4,1972359.91,1972356.23,Fiscal
2023,4,Administracion Central,Ministerio de Desarrollo Económico,Ministerio de Desarrollo Económico,Ministerio de Desarrollo Económico,Ss.Trabajo Industria Y Comercio,Registro De Actividades Economicas,Servicios Sociales,Trabajo,Servicios No Personales,Servicios No Personales,121190.0,60200.0,60200.0,368994.22,368994.22,Fiscal
2023,4,Administracion Central,Ministerio de Desarrollo Económico,Ministerio de Desarrollo Económico,Ministerio de Desarrollo Económico,Ss.Trabajo Industria Y Comercio,Resolucion De Conflictos Individuales Y Colectivos,Servicios Sociales,Trabajo,Bienes De Consumo,Bienes De Consumo,1783917.0,10660789.0,10660785.03,65345008.42,65344984.08,Fiscal
2023,4,Administracion Central,Ministerio de Desarrollo Económico,Ministerio de Desarrollo Económico,Ministerio de Desarrollo Económico,Ss.Trabajo Industria Y Comercio,Resolucion De Conflictos Individuales Y Colectivos,Servicios Sociales,Trabajo,Servicios No Personales,Servicios No Personales,31971971.0,149934440.0,149894035.23,919018962.27,918771302.36,Fiscal
2023,4,Administracion Central,Ministerio de Desarrollo Económico,Ministerio de Desarrollo Económico,Ministerio de Desarrollo Económico,Ss.Trabajo Industria Y Comercio,Resolucion De Conflictos Individuales Y Colectivos,Servicios Sociales,Trabajo,Bienes De Uso,Maquinaria Y Equipo,3108635.0,0.0,0.0,0.0,0.0,Fiscal
2023,4,Administracion Central,Ministerio de Desarrollo Económico,Ministerio de Desarrollo Económico,Ministerio de Desarrollo Económico,Ss.Trabajo Industria Y Comercio,Resolucion De Conflictos Individuales Y Colectivos,Servicios Sociales,Trabajo,Gastos En Personal,Remuneraciones Al Personal,16196034.0,24033417.0,24033413.67,147312158.24,147312137.83,Fiscal
2023,4,Administracion Central,Ministerio de Desarrollo Económico,Ministerio de Desarrollo Económico,Ministerio de Desarrollo Económico,Ss.Trabajo Industria Y Comercio,Resolucion De Conflictos Individuales Y Colectivos,Servicios Sociales,Trabajo,Transferencias,Al Sector Público,0.0,15000000.0,15000000.0,91942081.05,91942081.05,Fiscal
2023,4,Administracion Central,Ministerio de Desarrollo Económico,Ministerio de Desarrollo Económico,Ministerio de Desarrollo Económico,Ss.Trabajo Industria Y Comercio,Conduccion Y Administracion De Programas De Empleo,Servicios Sociales,Trabajo,Gastos En Personal,Remuneraciones Al Personal,89730990.0,157911043.0,157911025.0,967911327.56,967911217.23,Fiscal
2023,4,Administracion Central,Ministerio de Desarrollo Económico,Ministerio de Desarrollo Económico,Ministerio de Desarrollo Económico,Ss.Trabajo Industria Y Comercio,Conduccion Y Administracion De Programas De Empleo,Servicios Sociales,Trabajo,Bienes De Consumo,Bienes De Consumo,4031586.0,39090442.0,39090422.92,239603772.43,239603655.48,Fiscal
2023,4,Administracion Central,Ministerio de Desarrollo Económico,Ministerio de Desarrollo Económico,Ministerio de Desarrollo Económico,Ss.Trabajo Industria Y Comercio,Conduccion Y Administracion De Programas De Empleo,Servicios Sociales,Trabajo,Servicios No Personales,Servicios No Personales,84984378.0,254549536.0,252835982.51,1560254271.27,1549751093.01,Fiscal
2023,4,Administracion Central,Ministerio de Desarrollo Económico,Ministerio de Desarrollo Económico,Ministerio de Desarrollo Económico,Ss.Trabajo Industria Y Comercio,Conduccion Y Administracion De Programas De Empleo,Servicios Sociales,Trabajo,Bienes De Uso,Maquinaria Y Equipo,30452.0,5999.0,5999.0,36770.7,36770.7,Fiscal
2023,4,Administracion Central,Ministerio de Desarrollo Económico,Ministerio de Desarrollo Económico,Ministerio de Desarrollo Económico,Ss.Trabajo Industria Y Comercio,Conduccion Y Administracion De Programas De Empleo,Servicios Sociales,Trabajo,Transferencias,Al Sector Privado,2679372215.0,1633062436.0,1633062436.0,10009810589.53,10009810589.53,Fiscal
2023,4,Administracion Central,Ministerio de Desarrollo Económico,Ministerio de Desarrollo Económico,Ministerio de Desarrollo Económico,Ss.Trabajo Industria Y Comercio,Conduccion Y Administracion De Programas De Empleo,Servicios Sociales,Trabajo,Transferencias,Al Sector Público,0.0,93500000.0,93500000.0,573105638.52,573105638.52,Fiscal
2023,4,Administracion Central,Ministerio de Desarrollo Económico,Ministerio de Desarrollo Económico,Ministerio de Desarrollo Económico,Ss.Trabajo Industria Y Comercio,Servicios De Rubrica Y Registro,Servicios Sociales,Trabajo,Gastos En Personal,Remuneraciones Al Personal,45542148.0,80122383.0,80122376.92,491107908.76,491107871.49,Fiscal
2023,4,Administracion Central,Ministerio de Desarrollo Económico,Ministerio de Desarrollo Económico,Ministerio de Desarrollo Económico,Ss.Trabajo Industria Y Comercio,Servicios De Rubrica Y Registro,Servicios Sociales,Trabajo,Servicios No Personales,Servicios No Personales,18259298.0,7784172.0,7784172.0,47712864.86,47712864.86,Fiscal
2023,4,Administracion Central,Ministerio de Desarrollo Económico,Ministerio de Desarrollo Económico,Ministerio de Desarrollo Económico,Ss.Trabajo Industria Y Comercio,Proteccion De Trabajo,Servicios Sociales,Trabajo,Gastos En Personal,Remuneraciones Al Personal,313572628.0,546002114.0,546002099.82,3346704707.76,3346704620.84,Fiscal
2023,4,Administracion Central,Ministerio de Desarrollo Económico,Ministerio de Desarrollo Económico,Ministerio de Desarrollo Económico,Ss.Trabajo Industria Y Comercio,Proteccion De Trabajo,Servicios Sociales,Trabajo,Servicios No Personales,Servicios No Personales,132723402.0,173929951.0,173929950.5,1066098776.74,1066098773.67,Fiscal
2023,4,Administracion Central,Ministerio de Desarrollo Económico,Ministerio de Desarrollo Económico,Ministerio de Desarrollo Económico,Ss.Trabajo Industria Y Comercio,Proteccion De Trabajo,Servicios Sociales,Trabajo,Bienes De Consumo,Bienes De Consumo,1737058.0,0.0,0.0,0.0,0.0,Fiscal
2023,4,Administracion Central,Ministerio de Desarrollo Económico,Ministerio de Desarrollo Económico,Ministerio de Desarrollo Económico,Ss.Trabajo Industria Y Comercio,Proteccion De Trabajo,Servicios Sociales,Trabajo,Bienes De Uso,Maquinaria Y Equipo,0.0,1447241.0,1447240.47,8870823.29,8870820.04,Fiscal
2023,4,Administracion Central,Ministerio de Desarrollo Económico,Ministerio de Desarrollo Económico,Ministerio de Desarrollo Económico,Ss.Trabajo Industria Y Comercio,Control Del Cumplimiento De La Normativa Laboral,Servicios Sociales,Trabajo,Bienes De Consumo,Bienes De Consumo,323173.0,323109.0,323107.83,1980487.59,1980480.42,Fiscal
2023,4,Administracion Central,Ministerio de Desarrollo Económico,Ministerio de Desarrollo Económico,Ministerio de Desarrollo Económico,Ss.Trabajo Industria Y Comercio,Control Del Cumplimiento De La Normativa Laboral,Servicios Sociales,Trabajo,Servicios No Personales,Servicios No Personales,146049041.0,73474902.0,73474901.6,450362359.63,450362357.18,Fiscal
2023,4,Administracion Central,Ministerio de Desarrollo Económico,Ministerio de Desarrollo Económico,Ministerio de Desarrollo Económico,Ss.Trabajo Industria Y Comercio,Control Del Cumplimiento De La Normativa Laboral,Servicios Sociales,Trabajo,Bienes De Uso,Maquinaria Y Equipo,20301.0,0.0,0.0,0.0,0.0,Fiscal
2023,4,Administracion Central,Ministerio de Desarrollo Económico,Ministerio de Desarrollo Económico,Ministerio de Desarrollo Económico,Ss.Trabajo Industria Y Comercio,Control Del Cumplimiento De La Normativa Laboral,Servicios Sociales,Trabajo,Gastos En Personal,Remuneraciones Al Personal,74171237.0,127570648.0,127570642.42,781940723.83,781940689.63,Fiscal
2023,4,Administracion Central,Ministerio de Desarrollo Económico,Ministerio de Desarrollo Económico,Ministerio de Desarrollo Económico,Ss.Trabajo Industria Y Comercio,Promocion De Las Negociaciones Laborales,Servicios Sociales,Trabajo,Gastos En Personal,Remuneraciones Al Personal,67624793.0,124103136.0,124103118.17,760686705.87,760686596.58,Fiscal
2023,4,Administracion Central,Ministerio de Desarrollo Económico,Ministerio de Desarrollo Económico,Ministerio de Desarrollo Económico,Ss.Trabajo Industria Y Comercio,Promocion De Las Negociaciones Laborales,Servicios Sociales,Trabajo,Bienes De Consumo,Bienes De Consumo,2516713.0,2455311.0,2455310.75,15049760.2,15049758.66,Fiscal
2023,4,Administracion Central,Ministerio de Desarrollo Económico,Ministerio de Desarrollo Económico,Ministerio de Desarrollo Económico,Ss.Trabajo Industria Y Comercio,Promocion De Las Negociaciones Laborales,Servicios Sociales,Trabajo,Servicios No Personales,Servicios No Personales,44373547.0,53159196.0,53159196.0,325837807.13,325837807.13,Fiscal
2023,4,Administracion Central,Ministerio de Desarrollo Económico,Ministerio de Desarrollo Económico,Ministerio de Desarrollo Económico,Ss.Trabajo Industria Y Comercio,Promocion De Las Negociaciones Laborales,Servicios Sociales,Trabajo,Bienes De Uso,Maquinaria Y Equipo,20301.0,39600.0,39600.0,242727.09,242727.09,Fiscal
2023,4,Administracion Central,Ministerio de Desarrollo Económico,Ministerio de Desarrollo Económico,Ministerio de Desarrollo Económico,Min. Desarrollo Económico Y Producción,Actividades Centrales,Servicios Económicos,Industria Y Comercio,Gastos En Personal,Remuneraciones Al Personal,209091514.0,654112988.0,654112966.2,4009367290.37,4009367156.75,Fiscal
2023,4,Administracion Central,Ministerio de Desarrollo Económico,Ministerio de Desarrollo Económico,Ministerio de Desarrollo Económico,Min. Desarrollo Económico Y Producción,Actividades Centrales,Servicios Económicos,Industria Y Comercio,Bienes De Consumo,Bienes De Consumo,16398212.0,15428294.0,15345469.02,94567297.16,94059623.75,Fiscal
2023,4,Administracion Central,Ministerio de Desarrollo Económico,Ministerio de Desarrollo Económico,Ministerio de Desarrollo Económico,Min. Desarrollo Económico Y Producción,Actividades Centrales,Servicios Económicos,Industria Y Comercio,Servicios No Personales,Servicios No Personales,507780651.0,632395038.0,632330018.12,3876247722.43,3875849184.9,Fiscal
2023,4,Administracion Central,Ministerio de Desarrollo Económico,Ministerio de Desarrollo Económico,Ministerio de Desarrollo Económico,Min. Desarrollo Económico Y Producción,Actividades Centrales,Servicios Económicos,Industria Y Comercio,Bienes De Uso,Maquinaria Y Equipo,6081251.0,6176179.0,6176174.59,37856716.68,37856689.65,Fiscal
2023,4,Administracion Central,Ministerio de Desarrollo Económico,Ministerio de Desarrollo Económico,Ministerio de Desarrollo Económico,Min. Desarrollo Económico Y Producción,Actividades Centrales,Administración Gubernamental,Control De La Gestión,Gastos En Personal,Remuneraciones Al Personal,18635730.0,35282765.0,35282761.86,216264722.61,216264703.36,Fiscal
2023,4,Administracion Central,Ministerio de Desarrollo Económico,Ministerio de Desarrollo Económico,Ministerio de Desarrollo Económico,Min. Desarrollo Económico Y Producción,Actividades Centrales,Administración Gubernamental,Control De La Gestión,Bienes De Consumo,Bienes De Consumo,336100.0,26069.0,26068.69,159789.21,159787.31,Fiscal
2023,4,Administracion Central,Ministerio de Desarrollo Económico,Ministerio de Desarrollo Económico,Ministerio de Desarrollo Económico,Min. Desarrollo Económico Y Producción,Actividades Centrales,Administración Gubernamental,Control De La Gestión,Servicios No Personales,Servicios No Personales,11041099.0,13739330.0,13739330.0,84214839.49,84214839.49,Fiscal
2023,4,Administracion Central,Ministerio de Desarrollo Económico,Ministerio de Desarrollo Económico,Ministerio de Desarrollo Económico,Min. Desarrollo Económico Y Producción,Actividades Centrales,Administración Gubernamental,Control De La Gestión,Bienes De Uso,Maquinaria Y Equipo,270007.0,0.0,0.0,0.0,0.0,Fiscal
2023,4,Administracion Central,Ministerio de Desarrollo Económico,Ministerio de Desarrollo Económico,Ministerio de Desarrollo Económico,Min. Desarrollo Económico Y Producción,Actividades Centrales,Servicios Económicos,Industria Y Comercio,Transferencias,Al Sector Privado,0.0,225000.0,225000.0,1379131.22,1379131.22,Fiscal
2023,4,Administracion Central,Ministerio de Desarrollo Económico,Ministerio de Desarrollo Económico,Ministerio de Desarrollo Económico,Min. Desarrollo Económico Y Producción,Actividades Centrales,Servicios De Seguridad,Seguridad Interior,Servicios No Personales,Servicios No Personales,0.0,57198656.0,57198655.39,350597564.38,350597560.64,Fiscal
2023,4,Administracion Central,Ministerio de Desarrollo Económico,Ministerio de Desarrollo Económico,Ministerio de Desarrollo Económico,Min. Desarrollo Económico Y Producción,Actividades Centrales,Servicios Económicos,Industria Y Comercio,Servicios No Personales,Servicios No Personales,0.0,225214981.0,225214979.6,1380448935.72,1380448927.13,Fiscal
2023,4,Administracion Central,Ministerio de Desarrollo Económico,Ministerio de Desarrollo Económico,Ministerio de Desarrollo Económico,Ss.Desarrolloeconómico,Actividades Comunes,Servicios Económicos,Industria Y Comercio,Gastos En Personal,Remuneraciones Al Personal,60448912.0,107055637.0,107055630.67,656194536.89,656194498.1,Fiscal
2023,4,Administracion Central,Ministerio de Desarrollo Económico,Ministerio de Desarrollo Económico,Ministerio de Desarrollo Económico,Ss.Desarrolloeconómico,Actividades Comunes,Servicios Económicos,Industria Y Comercio,Bienes De Consumo,Bienes De Consumo,2056189.0,6724754.0,6724748.18,41219191.82,41219156.15,Fiscal
2023,4,Administracion Central,Ministerio de Desarrollo Económico,Ministerio de Desarrollo Económico,Ministerio de Desarrollo Económico,Ss.Desarrolloeconómico,Actividades Comunes,Servicios Económicos,Industria Y Comercio,Servicios No Personales,Servicios No Personales,94582268.0,315713514.0,315713508.54,1935157166.09,1935157132.62,Fiscal
2023,4,Administracion Central,Ministerio de Desarrollo Económico,Ministerio de Desarrollo Económico,Ministerio de Desarrollo Económico,Ss.Desarrolloeconómico,Actividades Comunes,Servicios Económicos,Industria Y Comercio,Bienes De Uso,Maquinaria Y Equipo,2334648.0,2681545.0,2681542.52,16436455.18,16436439.98,Fiscal
2023,4,Administracion Central,Ministerio de Desarrollo Económico,Ministerio de Desarrollo Económico,Ministerio de Desarrollo Económico,Ss.Desarrolloeconómico,Actividades Comunes,Servicios Económicos,Industria Y Comercio,Transferencias,Al Sector Privado,0.0,28000000.0,28000000.0,171625217.95,171625217.95,Fiscal
2023,4,Administracion Central,Ministerio de Desarrollo Económico,Ministerio de Desarrollo Económico,Ministerio de Desarrollo Económico,Ss.Desarrolloeconómico,Actividades Comunes,Servicios Económicos,Industria Y Comercio,Transferencias,Al Sector Público,0.0,42786000.0,42786000.0,262255591.97,262255591.97,Fiscal
2023,4,Administracion Central,Ministerio de Desarrollo Económico,Ministerio de Desarrollo Económico,Ministerio de Desarrollo Económico,Ss.Desarrolloeconómico,Promocion De Inversiones,Servicios Económicos,Industria Y Comercio,Gastos En Personal,Remuneraciones Al Personal,56043279.0,96464259.0,96464249.2,591274981.26,591274921.2,Fiscal
2023,4,Administracion Central,Ministerio de Desarrollo Económico,Ministerio de Desarrollo Económico,Ministerio de Desarrollo Económico,Ss.Desarrolloeconómico,Promocion De Inversiones,Servicios Económicos,Industria Y Comercio,Bienes De Consumo,Bienes De Consumo,226222.0,145442.0,145441.06,891482.68,891476.92,Fiscal
2023,4,Administracion Central,Ministerio de Desarrollo Económico,Ministerio de Desarrollo Económico,Ministerio de Desarrollo Económico,Ss.Desarrolloeconómico,Promocion De Inversiones,Servicios Económicos,Industria Y Comercio,Servicios No Personales,Servicios No Personales,59118791.0,76681506.0,76681501.53,470017149.29,470017121.89,Fiscal
2023,4,Administracion Central,Ministerio de Desarrollo Económico,Ministerio de Desarrollo Económico,Ministerio de Desarrollo Económico,Ss.Desarrolloeconómico,Promocion De Inversiones,Servicios Económicos,Industria Y Comercio,Bienes De Uso,Maquinaria Y Equipo,40603.0,0.0,0.0,0.0,0.0,Fiscal
2023,4,Administracion Central,Ministerio de Desarrollo Económico,Ministerio de Desarrollo Económico,Ministerio de Desarrollo Económico,Ss.Desarrolloeconómico,Promocion De Inversiones,Servicios Económicos,Industria Y Comercio,Transferencias,Al Sector Privado,0.0,47395000.0,47395000.0,290506328.74,290506328.74,Fiscal
2023,4,Administracion Central,Ministerio de Desarrollo Económico,Ministerio de Desarrollo Económico,Ministerio de Desarrollo Económico,Ss.Desarrolloeconómico,Fortalecimiento Del Ecosistema Emprendedor,Servicios Económicos,Industria Y Comercio,Gastos En Personal,Remuneraciones Al Personal,120020910.0,203093567.0,203093551.31,1244856346.46,1244856250.29,Fiscal
2023,4,Administracion Central,Ministerio de Desarrollo Económico,Ministerio de Desarrollo Económico,Ministerio de Desarrollo Económico,Ss.Desarrolloeconómico,Fortalecimiento Del Ecosistema Emprendedor,Servicios Económicos,Industria Y Comercio,Bienes De Consumo,Bienes De Consumo,258539.0,1896464.0,1021934.71,11624323.12,6263920.26,Fiscal
2023,4,Administracion Central,Ministerio de Desarrollo Económico,Ministerio de Desarrollo Económico,Ministerio de Desarrollo Económico,Ss.Desarrolloeconómico,Fortalecimiento Del Ecosistema Emprendedor,Servicios Económicos,Industria Y Comercio,Servicios No Personales,Servicios No Personales,105350816.0,190056365.0,189378169.34,1164945180.94,1160788199.58,Fiscal
2023,4,Administracion Central,Ministerio de Desarrollo Económico,Ministerio de Desarrollo Económico,Ministerio de Desarrollo Económico,Ss.Desarrolloeconómico,Fortalecimiento Del Ecosistema Emprendedor,Servicios Económicos,Industria Y Comercio,Bienes De Uso,Maquinaria Y Equipo,40603.0,181187.0,1441.67,1110580.66,8836.68,Fiscal
2023,4,Administracion Central,Ministerio de Desarrollo Económico,Ministerio de Desarrollo Económico,Ministerio de Desarrollo Económico,Ss.Desarrolloeconómico,Fortalecimiento Del Ecosistema Emprendedor,Servicios Económicos,Industria Y Comercio,Transferencias,Al Sector Público,54689455.0,51500000.0,51500000.0,315667811.59,315667811.59,Fiscal
2023,4,Administracion Central,Ministerio de Desarrollo Económico,Ministerio de Desarrollo Económico,Ministerio de Desarrollo Económico,Ss.Desarrolloeconómico,Fortalecimiento Del Ecosistema Emprendedor,Servicios Económicos,Industria Y Comercio,Transferencias,Al Sector Privado,3231734.0,20165000.0,20165000.0,123600804.29,123600804.29,Fiscal
2023,4,Administracion Central,Ministerio de Desarrollo Económico,Ministerio de Desarrollo Económico,Ministerio de Desarrollo Económico,Ss.Desarrolloeconómico,Fortalecimiento Del Ecosistema Emprendedor,Servicios Económicos,Industria Y Comercio,Servicios No Personales,Servicios No Personales,0.0,59976234.0,59950856.66,367622651.15,367467101.45,Fiscal
2023,4,Administracion Central,Ministerio de Desarrollo Económico,Ministerio de Desarrollo Económico,Ministerio de Desarrollo Económico,Ss.Desarrolloeconómico,Estrategias Productivas,Servicios Económicos,Industria Y Comercio,Gastos En Personal,Remuneraciones Al Personal,33156368.0,70703852.0,70703845.48,433377286.05,433377246.09,Fiscal
2023,4,Administracion Central,Ministerio de Desarrollo Económico,Ministerio de Desarrollo Económico,Ministerio de Desarrollo Económico,Ss.Desarrolloeconómico,Estrategias Productivas,Servicios Económicos,Industria Y Comercio,Bienes De Consumo,Bienes De Consumo,323172.0,174856.0,174854.25,1071774.97,1071764.24,Fiscal
2023,4,Administracion Central,Ministerio de Desarrollo Económico,Ministerio de Desarrollo Económico,Ministerio de Desarrollo Económico,Ss.Desarrolloeconómico,Estrategias Productivas,Servicios Económicos,Industria Y Comercio,Servicios No Personales,Servicios No Personales,11968243.0,30990059.0,30990057.14,189952701.08,189952689.68,Fiscal
2023,4,Administracion Central,Ministerio de Desarrollo Económico,Ministerio de Desarrollo Económico,Ministerio de Desarrollo Económico,Ss.Desarrolloeconómico,Estrategias Productivas,Servicios Económicos,Industria Y Comercio,Bienes De Uso,Maquinaria Y Equipo,40603.0,0.0,0.0,0.0,0.0,Fiscal
2023,4,Administracion Central,Ministerio de Desarrollo Económico,Ministerio de Desarrollo Económico,Ministerio de Desarrollo Económico,Ss.Desarrolloeconómico,Ciencia Y Tecnologia,Servicios Económicos,Industria Y Comercio,Gastos En Personal,Remuneraciones Al Personal,44160274.0,69201435.0,69201426.28,424168263.02,424168209.57,Fiscal
2023,4,Administracion Central,Ministerio de Desarrollo Económico,Ministerio de Desarrollo Económico,Ministerio de Desarrollo Económico,Ss.Desarrolloeconómico,Ciencia Y Tecnologia,Servicios Económicos,Industria Y Comercio,Bienes De Consumo,Bienes De Consumo,1131106.0,265167.0,265165.1,1625333.72,1625322.07,Fiscal
2023,4,Administracion Central,Ministerio de Desarrollo Económico,Ministerio de Desarrollo Económico,Ministerio de Desarrollo Económico,Ss.Desarrolloeconómico,Ciencia Y Tecnologia,Servicios Económicos,Industria Y Comercio,Servicios No Personales,Servicios No Personales,38379251.0,47692332.0,47414331.19,292328816.93,290624818.73,Fiscal
2023,4,Administracion Central,Ministerio de Desarrollo Económico,Ministerio de Desarrollo Económico,Ministerio de Desarrollo Económico,Ss.Desarrolloeconómico,Ciencia Y Tecnologia,Servicios Económicos,Industria Y Comercio,Bienes De Uso,Maquinaria Y Equipo,40603.0,0.0,0.0,0.0,0.0,Fiscal
2023,4,Administracion Central,Ministerio de Desarrollo Económico,Ministerio de Desarrollo Económico,Ministerio de Desarrollo Económico,Ss.Administración De Bienes Inmuebles,Actividades Comunes,Servicios Económicos,Industria Y Comercio,Gastos En Personal,Remuneraciones Al Personal,33791503.0,60656973.0,60656964.86,371795221.84,371795171.94,Fiscal
2023,4,Administracion Central,Ministerio de Desarrollo Económico,Ministerio de Desarrollo Económico,Ministerio de Desarrollo Económico,Ss.Administración De Bienes Inmuebles,Actividades Comunes,Servicios Económicos,Industria Y Comercio,Bienes De Consumo,Bienes De Consumo,4681974.0,2550857.0,2548999.79,15635406.74,15624023.02,Fiscal
2023,4,Administracion Central,Ministerio de Desarrollo Económico,Ministerio de Desarrollo Económico,Ministerio de Desarrollo Económico,Ss.Administración De Bienes Inmuebles,Actividades Comunes,Servicios Económicos,Industria Y Comercio,Servicios No Personales,Servicios No Personales,417534682.0,543566462.0,540303516.5,3331775446.85,3311775313.54,Fiscal
2023,4,Administracion Central,Ministerio de Desarrollo Económico,Ministerio de Desarrollo Económico,Ministerio de Desarrollo Económico,Ss.Administración De Bienes Inmuebles,Actividades Comunes,Servicios Económicos,Industria Y Comercio,Bienes De Uso,Maquinaria Y Equipo,5869937.0,0.0,0.0,0.0,0.0,Fiscal
2023,4,Administracion Central,Ministerio de Desarrollo Económico,Ministerio de Desarrollo Económico,Ministerio de Desarrollo Económico,Ss.Administración De Bienes Inmuebles,Actividades Comunes,Servicios Económicos,Industria Y Comercio,Servicios No Personales,Servicios No Personales,0.0,5054297600.0,5053508011.24,30980175971.12,30975336208.87,Fiscal
2023,4,Administracion Central,Ministerio de Desarrollo Económico,Ministerio de Desarrollo Económico,Ministerio de Desarrollo Económico,Ss.Administración De Bienes Inmuebles,Administracion De Bienes,Administración Gubernamental,Administración Fiscal,Gastos En Personal,Remuneraciones Al Personal,104432332.0,235967385.0,235967370.19,1446355495.72,1446355404.94,Fiscal
2023,4,Administracion Central,Ministerio de Desarrollo Económico,Ministerio de Desarrollo Económico,Ministerio de Desarrollo Económico,Ss.Administración De Bienes Inmuebles,Administracion De Bienes,Administración Gubernamental,Administración Fiscal,Bienes De Consumo,Bienes De Consumo,5167543.0,3540283.0,3450260.92,21700065.77,21148277.94,Fiscal
2023,4,Administracion Central,Ministerio de Desarrollo Económico,Ministerio de Desarrollo Económico,Ministerio de Desarrollo Económico,Ss.Administración De Bienes Inmuebles,Administracion De Bienes,Administración Gubernamental,Administración Fiscal,Servicios No Personales,Servicios No Personales,293687096.0,1040378281.0,1040338267.26,6376969615.31,6376724352.2,Fiscal
2023,4,Administracion Central,Ministerio de Desarrollo Económico,Ministerio de Desarrollo Económico,Ministerio de Desarrollo Económico,Ss.Administración De Bienes Inmuebles,Administracion De Bienes,Administración Gubernamental,Administración Fiscal,Bienes De Uso,Maquinaria Y Equipo,73085.0,9744964.0,9744961.74,59731484.66,59731470.81,Fiscal
2023,4,Administracion Central,Ministerio de Desarrollo Económico,Ministerio de Desarrollo Económico,Ministerio de Desarrollo Económico,Ss.Administración De Bienes Inmuebles,Administracion De Bienes,Administración Gubernamental,Administración Fiscal,Servicios No Personales,Servicios No Personales,2360025.0,443821653.0,443820484.87,2720392425.99,2720385265.97,Fiscal
2023,4,Administracion Central,Ministerio de Desarrollo Económico,Ministerio de Desarrollo Económico,Ministerio de Desarrollo Económico,Ss.Administración De Bienes Inmuebles,Administracion De Bienes,Servicios Económicos,Industria Y Comercio,Servicios No Personales,Servicios No Personales,0.0,16591696.0,16591695.42,101698337.22,101698333.67,Fiscal
2023,4,Administracion Central,Ministerio de Desarrollo Económico,Ministerio de Desarrollo Económico,Ministerio de Desarrollo Económico,Ss.Administración De Bienes Inmuebles,Administracion De Bienes,Servicios Económicos,Industria Y Comercio,Bienes De Uso,Construcciones Del Dominio Privado,0.0,301452485.0,301452483.59,1847744587.15,1847744578.5,Fiscal
2023,4,Administracion Central,Ministerio de Desarrollo Económico,Ministerio de Desarrollo Económico,Ministerio de Desarrollo Económico,Ss.Administración De Bienes Inmuebles,Administracion De Bienes,Servicios Económicos,Industria Y Comercio,Bienes De Uso,Construcciones Del Dominio Público,341126864.0,0.0,0.0,0.0,0.0,Fiscal
2023,4,Administracion Central,Ministerio de Desarrollo Económico,Ministerio de Desarrollo Económico,Ministerio de Desarrollo Económico,Ss.Administración De Bienes Inmuebles,Administracion De Bienes,Servicios Económicos,Industria Y Comercio,Activos Financieros,Activos Financieros,0.0,112995898.0,112995897.7,692605200.78,692605198.94,Fiscal
2023,4,Administracion Central,Ministerio de Desarrollo Económico,Ministerio de Desarrollo Económico,Ministerio de Desarrollo Económico,Ss.Administración De Bienes Inmuebles,Administracion De Bienes,Administración Gubernamental,Administración Fiscal,Bienes De Consumo,Bienes De Consumo,0.0,1286600.0,1286600.0,7886178.76,7886178.76,Fiscal
2023,4,Administracion Central,Ministerio de Desarrollo Económico,Ministerio de Desarrollo Económico,Ministerio de Desarrollo Económico,Ss.Administración De Bienes Inmuebles,Relocalizacion Y Gestion Integral De Edificios De Gobierno,Administración Gubernamental,Dirección Ejecutiva,Gastos En Personal,Remuneraciones Al Personal,60529589.0,305759922.0,305759911.43,1874146901.93,1874146837.14,Fiscal
2023,4,Administracion Central,Ministerio de Desarrollo Económico,Ministerio de Desarrollo Económico,Ministerio de Desarrollo Económico,Ss.Administración De Bienes Inmuebles,Relocalizacion Y Gestion Integral De Edificios De Gobierno,Administración Gubernamental,Dirección Ejecutiva,Bienes De Consumo,Bienes De Consumo,6515982.0,97181.0,97180.0,595668.23,595662.1,Fiscal
2023,4,Administracion Central,Ministerio de Desarrollo Económico,Ministerio de Desarrollo Económico,Ministerio de Desarrollo Económico,Ss.Administración De Bienes Inmuebles,Relocalizacion Y Gestion Integral De Edificios De Gobierno,Administración Gubernamental,Dirección Ejecutiva,Servicios No Personales,Servicios No Personales,297242612.0,399508675.0,399508672.52,2448777265.01,2448777249.81,Fiscal
2023,4,Administracion Central,Ministerio de Desarrollo Económico,Ministerio de Desarrollo Económico,Ministerio de Desarrollo Económico,Ss.Administración De Bienes Inmuebles,Relocalizacion Y Gestion Integral De Edificios De Gobierno,Administración Gubernamental,Dirección Ejecutiva,Bienes De Uso,Maquinaria Y Equipo,2058043.0,7344967.0,7344965.27,45020770.08,45020759.48,Fiscal
2023,4,Administracion Central,Ministerio de Desarrollo Económico,Ministerio de Desarrollo Económico,Ministerio de Desarrollo Económico,Ss.Administración De Bienes Inmuebles,Relocalizacion Y Gestion Integral De Edificios De Gobierno,Administración Gubernamental,Dirección Ejecutiva,Bienes De Consumo,Bienes De Consumo,0.0,3414315.0,3414314.6,20927948.43,20927945.98,Fiscal
2023,4,Administracion Central,Ministerio de Desarrollo Económico,Ministerio de Desarrollo Económico,Ministerio de Desarrollo Económico,Ss.Administración De Bienes Inmuebles,Relocalizacion Y Gestion Integral De Edificios De Gobierno,Administración Gubernamental,Dirección Ejecutiva,Servicios No Personales,Servicios No Personales,0.0,31256964.0,31253994.45,191588687.82,191570486.05,Fiscal
2023,4,Administracion Central,Ministerio de Desarrollo Económico,Ministerio de Desarrollo Económico,Ministerio de Desarrollo Económico,Ss.Administración De Bienes Inmuebles,Relocalizacion Y Gestion Integral De Edificios De Gobierno,Administración Gubernamental,Dirección Ejecutiva,Bienes De Uso,Bienes De Uso,0.0,41071805.0,41071803.0,251748481.6,251748469.34,Fiscal
2023,4,Administracion Central,Ministerio de Desarrollo Económico,Ministerio de Desarrollo Económico,Ministerio de Desarrollo Económico,Ss.Administración De Bienes Inmuebles,Concesiones Y Permisos,Servicios Económicos,Industria Y Comercio,Gastos En Personal,Remuneraciones Al Personal,85963131.0,141677703.0,141677688.34,868409523.44,868409433.58,Fiscal
2023,4,Administracion Central,Ministerio de Desarrollo Económico,Ministerio de Desarrollo Económico,Ministerio de Desarrollo Económico,Ss.Administración De Bienes Inmuebles,Concesiones Y Permisos,Servicios Económicos,Industria Y Comercio,Bienes De Consumo,Bienes De Consumo,1656261.0,220335.0,220334.67,1350537.23,1350535.21,Fiscal
2023,4,Administracion Central,Ministerio de Desarrollo Económico,Ministerio de Desarrollo Económico,Ministerio de Desarrollo Económico,Ss.Administración De Bienes Inmuebles,Concesiones Y Permisos,Servicios Económicos,Industria Y Comercio,Servicios No Personales,Servicios No Personales,62302654.0,124737561.0,124737558.71,764575396.19,764575382.15,Fiscal
2023,4,Administracion Central,Ministerio de Desarrollo Económico,Ministerio de Desarrollo Económico,Ministerio de Desarrollo Económico,Ss.Administración De Bienes Inmuebles,Concesiones Y Permisos,Servicios Económicos,Industria Y Comercio,Bienes De Uso,Maquinaria Y Equipo,40603.0,105465.0,105464.05,646444.77,646438.95,Fiscal
2023,4,Administracion Central,Ministerio de Desarrollo Económico,Ministerio de Desarrollo Económico,Ministerio de Desarrollo Económico,Ss.Administración De Bienes Inmuebles,Parque De La Ciudad,Servicios Sociales,Promoción Y Acción Social,Gastos En Personal,Remuneraciones Al Personal,228458388.0,414365541.0,414365532.76,2539842010.2,2539841959.7,Fiscal
2023,4,Administracion Central,Ministerio de Desarrollo Económico,Ministerio de Desarrollo Económico,Ministerio de Desarrollo Económico,Ss.Administración De Bienes Inmuebles,Parque De La Ciudad,Servicios Sociales,Promoción Y Acción Social,Bienes De Consumo,Bienes De Consumo,11627617.0,9115578.0,9115572.64,55873680.75,55873647.9,Fiscal
2023,4,Administracion Central,Ministerio de Desarrollo Económico,Ministerio de Desarrollo Económico,Ministerio de Desarrollo Económico,Ss.Administración De Bienes Inmuebles,Parque De La Ciudad,Servicios Sociales,Promoción Y Acción Social,Servicios No Personales,Servicios No Personales,178091207.0,934892649.0,934684644.31,5730398380.21,5729123421.27,Fiscal
2023,4,Administracion Central,Ministerio de Desarrollo Económico,Ministerio de Desarrollo Económico,Ministerio de Desarrollo Económico,Ss.Administración De Bienes Inmuebles,Parque De La Ciudad,Servicios Sociales,Promoción Y Acción Social,Bienes De Uso,Maquinaria Y Equipo,801901.0,7611985.0,7611982.92,46657449.45,46657436.7,Fiscal
2023,4,Administracion Central,Ministerio de Desarrollo Económico,Ministerio de Desarrollo Económico,Ministerio de Desarrollo Económico,Ss.Administración De Bienes Inmuebles,Parque De La Ciudad,Servicios Sociales,Promoción Y Acción Social,Servicios No Personales,Servicios No Personales,0.0,252824767.0,252824764.97,1549682347.85,1549682335.41,Fiscal
2023,4,Administracion Central,Ministerio de Desarrollo Económico,Ministerio de Desarrollo Económico,Ministerio de Desarrollo Económico,Ss.Administración De Bienes Inmuebles,Parque De La Ciudad,Servicios Sociales,Promoción Y Acción Social,Bienes De Consumo,Bienes De Consumo,0.0,1761490.0,0.0,10797003.76,0.0,Fiscal
2023,4,Administracion Central,Ministerio de Desarrollo Económico,Ministerio de Desarrollo Económico,Ministerio de Desarrollo Económico,Ss.Administración De Bienes Inmuebles,Parque De La Ciudad,Servicios Sociales,Promoción Y Acción Social,Bienes De Uso,Bienes De Uso,0.0,6475523.0,0.0,39691537.37,0.0,Fiscal
2023,4,Administracion Central,Ministerio de Desarrollo Económico,Ministerio de Desarrollo Económico,Ministerio de Desarrollo Económico,Ss.Micro Peq Y Med.Empresas,"Desarrollo De La Micro, Pequeña Y Mediana Empresa",Servicios Económicos,Industria Y Comercio,Gastos En Personal,Remuneraciones Al Personal,45444379.0,78434603.0,78434594.25,480762708.39,480762654.75,Fiscal
2023,4,Administracion Central,Ministerio de Desarrollo Económico,Ministerio de Desarrollo Económico,Ministerio de Desarrollo Económico,Ss.Micro Peq Y Med.Empresas,"Desarrollo De La Micro, Pequeña Y Mediana Empresa",Servicios Económicos,Industria Y Comercio,Bienes De Consumo,Bienes De Consumo,323173.0,83173.0,83172.58,509806.58,509804.01,Fiscal
2023,4,Administracion Central,Ministerio de Desarrollo Económico,Ministerio de Desarrollo Económico,Ministerio de Desarrollo Económico,Ss.Micro Peq Y Med.Empresas,"Desarrollo De La Micro, Pequeña Y Mediana Empresa",Servicios Económicos,Industria Y Comercio,Servicios No Personales,Servicios No Personales,42217387.0,115929740.0,115929739.45,710588103.38,710588100.01,Fiscal
2023,4,Administracion Central,Ministerio de Desarrollo Económico,Ministerio de Desarrollo Económico,Ministerio de Desarrollo Económico,Ss.Micro Peq Y Med.Empresas,"Desarrollo De La Micro, Pequeña Y Mediana Empresa",Servicios Económicos,Industria Y Comercio,Bienes De Uso,Maquinaria Y Equipo,40603.0,0.0,0.0,0.0,0.0,Fiscal
2023,4,Administracion Central,Ministerio de Desarrollo Económico,Ministerio de Desarrollo Económico,Ministerio de Desarrollo Económico,Ss.Micro Peq Y Med.Empresas,"Desarrollo De La Micro, Pequeña Y Mediana Empresa",Servicios Económicos,Industria Y Comercio,Transferencias,Al Sector Privado,0.0,5000000.0,5000000.0,30647360.35,30647360.35,Fiscal
2023,4,Administracion Central,Ministerio de Desarrollo Económico,Ministerio de Desarrollo Económico,Ministerio de Desarrollo Económico,Ss.Micro Peq Y Med.Empresas,"Desarrollo De La Micro, Pequeña Y Mediana Empresa",Servicios Económicos,Industria Y Comercio,Transferencias,Al Sector Público,156172727.0,111875000.0,111875000.0,685734687.8,685734687.8,Fiscal
2023,4,Administracion Central,Ministerio de Desarrollo Económico,Ministerio de Desarrollo Económico,Ministerio de Desarrollo Económico,Ss.Micro Peq Y Med.Empresas,Relaciones Interjurisdiccionales Vinculadas Al Desarrollo Pyme,Servicios Económicos,Industria Y Comercio,Gastos En Personal,Remuneraciones Al Personal,27339696.0,47793347.0,47793336.64,292947985.55,292947922.05,Fiscal
2023,4,Administracion Central,Ministerio de Desarrollo Económico,Ministerio de Desarrollo Económico,Ministerio de Desarrollo Económico,Ss.Micro Peq Y Med.Empresas,Relaciones Interjurisdiccionales Vinculadas Al Desarrollo Pyme,Servicios Económicos,Industria Y Comercio,Bienes De Consumo,Bienes De Consumo,339332.0,0.0,0.0,0.0,0.0,Fiscal
2023,4,Administracion Central,Ministerio de Desarrollo Económico,Ministerio de Desarrollo Económico,Ministerio de Desarrollo Económico,Ss.Micro Peq Y Med.Empresas,Relaciones Interjurisdiccionales Vinculadas Al Desarrollo Pyme,Servicios Económicos,Industria Y Comercio,Servicios No Personales,Servicios No Personales,30362405.0,208850556.0,208838510.08,1280143649.74,1280069814.61,Fiscal
2023,4,Administracion Central,Ministerio de Desarrollo Económico,Ministerio de Desarrollo Económico,Ministerio de Desarrollo Económico,Ss.Micro Peq Y Med.Empresas,Relaciones Interjurisdiccionales Vinculadas Al Desarrollo Pyme,Servicios Económicos,Industria Y Comercio,Bienes De Uso,Maquinaria Y Equipo,1004914.0,711832.0,711831.66,4363154.36,4363152.28,Fiscal
2023,4,Administracion Central,Ministerio de Desarrollo Económico,Ministerio de Desarrollo Económico,Ministerio de Desarrollo Económico,Ss.Micro Peq Y Med.Empresas,Territorio Pyme,Servicios Económicos,Industria Y Comercio,Gastos En Personal,Remuneraciones Al Personal,48198252.0,83015350.0,83015338.79,508840269.18,508840200.47,Fiscal
2023,4,Administracion Central,Ministerio de Desarrollo Económico,Ministerio de Desarrollo Económico,Ministerio de Desarrollo Económico,Ss.Micro Peq Y Med.Empresas,Territorio Pyme,Servicios Económicos,Industria Y Comercio,Bienes De Consumo,Bienes De Consumo,2601545.0,629087.0,629084.66,3855971.2,3855956.85,Fiscal
2023,4,Administracion Central,Ministerio de Desarrollo Económico,Ministerio de Desarrollo Económico,Ministerio de Desarrollo Económico,Ss.Micro Peq Y Med.Empresas,Territorio Pyme,Servicios Económicos,Industria Y Comercio,Servicios No Personales,Servicios No Personales,484102727.0,2261884503.0,2261882289.92,13864157886.01,13864144321.0,Fiscal
2023,4,Administracion Central,Ministerio de Desarrollo Económico,Ministerio de Desarrollo Económico,Ministerio de Desarrollo Económico,Ss.Micro Peq Y Med.Empresas,Territorio Pyme,Servicios Económicos,Industria Y Comercio,Bienes De Uso,Maquinaria Y Equipo,1004914.0,1343148.0,1343146.61,8232788.15,8232779.63,Fiscal
2023,4,Administracion Central,Ministerio de Desarrollo Económico,Ministerio de Desarrollo Económico,Ministerio de Desarrollo Económico,Ss.Desarrollo Inclusivo,Actividades Comunes A Los Programas 21 Y 22,Servicios Sociales,Trabajo,Gastos En Personal,Remuneraciones Al Personal,45015658.0,76220586.0,76220577.67,467191953.02,467191901.96,Fiscal
2023,4,Administracion Central,Ministerio de Desarrollo Económico,Ministerio de Desarrollo Económico,Ministerio de Desarrollo Económico,Ss.Desarrollo Inclusivo,Actividades Comunes A Los Programas 21 Y 22,Servicios Sociales,Trabajo,Bienes De Consumo,Bienes De Consumo,3413521.0,749945.0,749940.19,4596766.93,4596737.45,Fiscal
2023,4,Administracion Central,Ministerio de Desarrollo Económico,Ministerio de Desarrollo Económico,Ministerio de Desarrollo Económico,Ss.Desarrollo Inclusivo,Actividades Comunes A Los Programas 21 Y 22,Servicios Sociales,Trabajo,Servicios No Personales,Servicios No Personales,74973380.0,151329820.0,151329813.72,927571905.0,927571866.51,Fiscal
2023,4,Administracion Central,Ministerio de Desarrollo Económico,Ministerio de Desarrollo Económico,Ministerio de Desarrollo Económico,Ss.Desarrollo Inclusivo,Actividades Comunes A Los Programas 21 Y 22,Servicios Sociales,Trabajo,Bienes De Uso,Maquinaria Y Equipo,2365100.0,0.0,0.0,0.0,0.0,Fiscal
2023,4,Administracion Central,Ministerio de Desarrollo Económico,Ministerio de Desarrollo Económico,Ministerio de Desarrollo Económico,Ss.Desarrollo Inclusivo,Actividades Comunes A Los Programas 21 Y 22,Servicios Sociales,Trabajo,Transferencias,Al Sector Público,77800630.0,67323490.0,67323489.8,412657451.59,412657450.36,Fiscal
2023,4,Administracion Central,Ministerio de Desarrollo Económico,Ministerio de Desarrollo Económico,Ministerio de Desarrollo Económico,Ss.Desarrollo Inclusivo,Insercion Laboral De La Mujer,Servicios Sociales,Trabajo,Gastos En Personal,Remuneraciones Al Personal,43637095.0,74952705.0,74952698.11,459420511.85,459420469.61,Fiscal
2023,4,Administracion Central,Ministerio de Desarrollo Económico,Ministerio de Desarrollo Económico,Ministerio de Desarrollo Económico,Ss.Desarrollo Inclusivo,Insercion Laboral De La Mujer,Servicios Sociales,Trabajo,Bienes De Consumo,Bienes De Consumo,1454279.0,389365.0,389362.54,2386601.89,2386586.81,Fiscal
2023,4,Administracion Central,Ministerio de Desarrollo Económico,Ministerio de Desarrollo Económico,Ministerio de Desarrollo Económico,Ss.Desarrollo Inclusivo,Insercion Laboral De La Mujer,Servicios Sociales,Trabajo,Servicios No Personales,Servicios No Personales,258540.0,583757.0,583757.0,3578122.23,3578122.23,Fiscal
2023,4,Administracion Central,Ministerio de Desarrollo Económico,Ministerio de Desarrollo Económico,Ministerio de Desarrollo Económico,Ss.Desarrollo Inclusivo,Insercion Laboral De La Mujer,Servicios Sociales,Trabajo,Bienes De Uso,Maquinaria Y Equipo,40603.0,32196.0,32194.52,197344.48,197335.41,Fiscal
2023,4,Administracion Central,Ministerio de Desarrollo Económico,Ministerio de Desarrollo Económico,Ministerio de Desarrollo Económico,Ss.Desarrollo Inclusivo,Insercion Laboral De La Mujer,Servicios Sociales,Trabajo,Transferencias,Al Sector Público,0.0,5971230.0,5971230.0,36600487.51,36600487.51,Fiscal
2023,4,Administracion Central,Ministerio de Desarrollo Económico,Ministerio de Desarrollo Económico,Ministerio de Desarrollo Económico,Ss.Desarrollo Inclusivo,Inclusion Social,Servicios Sociales,Trabajo,Gastos En Personal,Remuneraciones Al Personal,44327084.0,74823981.0,74823972.1,458631501.68,458631447.13,Fiscal
2023,4,Administracion Central,Ministerio de Desarrollo Económico,Ministerio de Desarrollo Económico,Ministerio de Desarrollo Económico,Ss.Desarrollo Inclusivo,Inclusion Social,Servicios Sociales,Trabajo,Bienes De Consumo,Bienes De Consumo,1454279.0,222213.0,222212.77,1362048.38,1362046.97,Fiscal
2023,4,Administracion Central,Ministerio de Desarrollo Económico,Ministerio de Desarrollo Económico,Ministerio de Desarrollo Económico,Ss.Desarrollo Inclusivo,Inclusion Social,Servicios Sociales,Trabajo,Servicios No Personales,Servicios No Personales,258540.0,878437.0,878436.54,5384355.06,5384352.24,Fiscal
2023,4,Administracion Central,Ministerio de Desarrollo Económico,Ministerio de Desarrollo Económico,Ministerio de Desarrollo Económico,Ss.Desarrollo Inclusivo,Inclusion Social,Servicios Sociales,Trabajo,Bienes De Uso,Maquinaria Y Equipo,40603.0,1.0,0.0,6.13,0.0,Fiscal
2023,4,Administracion Central,Ministerio de Desarrollo Económico,Ministerio de Desarrollo Económico,Ministerio de Desarrollo Económico,Ss.Desarrollo Inclusivo,Inclusion Social,Servicios Sociales,Trabajo,Transferencias,Al Sector Público,0.0,7679028.0,7679028.0,47068387.65,47068387.65,Fiscal
2023,4,Administracion Central,Ministerio de Desarrollo Económico,Ministerio de Desarrollo Económico,Ministerio de Desarrollo Económico,D.G.Políticas De Juventud,Politicas De Juventud,Servicios Sociales,Promoción Y Acción Social,Gastos En Personal,Remuneraciones Al Personal,87200575.0,162793045.0,162793035.53,997835422.47,997835364.42,Fiscal
2023,4,Administracion Central,Ministerio de Desarrollo Económico,Ministerio de Desarrollo Económico,Ministerio de Desarrollo Económico,D.G.Políticas De Juventud,Politicas De Juventud,Servicios Sociales,Promoción Y Acción Social,Bienes De Consumo,Bienes De Consumo,805914.0,243510.0,243507.25,1492587.74,1492570.89,Fiscal
2023,4,Administracion Central,Ministerio de Desarrollo Económico,Ministerio de Desarrollo Económico,Ministerio de Desarrollo Económico,D.G.Políticas De Juventud,Politicas De Juventud,Servicios Sociales,Promoción Y Acción Social,Servicios No Personales,Servicios No Personales,148722467.0,159885370.0,159410474.34,980012909.77,977102050.08,Fiscal
2023,4,Administracion Central,Ministerio de Desarrollo Económico,Ministerio de Desarrollo Económico,Ministerio de Desarrollo Económico,D.G.Políticas De Juventud,Politicas De Juventud,Servicios Sociales,Promoción Y Acción Social,Bienes De Uso,Maquinaria Y Equipo,507533.0,64093.0,64092.15,392856.25,392851.04,Fiscal
2023,4,Administracion Central,Ministerio de Desarrollo Económico,Ministerio de Desarrollo Económico,Ministerio de Desarrollo Económico,D.G.Políticas De Juventud,Politicas De Juventud,Servicios Sociales,Promoción Y Acción Social,Transferencias,Al Sector Privado,21324688.0,82329577.0,82329577.0,504636842.73,504636842.73,Fiscal
2023,4,Administracion Central,Ministerio de Desarrollo Económico,Ministerio de Desarrollo Económico,Ministerio de Desarrollo Económico,D.G.Políticas De Juventud,Politicas De Juventud,Servicios Sociales,Promoción Y Acción Social,Transferencias,Al Sector Público,15397531.0,28815000.0,28815000.0,176620737.69,176620737.69,Fiscal
2023,4,Administracion Central,Ministerio de Desarrollo Económico,Ministerio de Desarrollo Económico,Ministerio de Desarrollo Económico,D.G.Políticas Energéticas,Politicas Energeticas,Administración Gubernamental,Dirección Ejecutiva,Gastos En Personal,Remuneraciones Al Personal,32621159.0,58327777.0,58327770.1,357518480.01,357518437.72,Fiscal
2023,4,Administracion Central,Ministerio de Desarrollo Económico,Ministerio de Desarrollo Económico,Ministerio de Desarrollo Económico,D.G.Políticas Energéticas,Politicas Energeticas,Administración Gubernamental,Dirección Ejecutiva,Bienes De Consumo,Bienes De Consumo,549393.0,176398.0,176396.76,1081226.61,1081219.01,Fiscal
2023,4,Administracion Central,Ministerio de Desarrollo Económico,Ministerio de Desarrollo Económico,Ministerio de Desarrollo Económico,D.G.Políticas Energéticas,Politicas Energeticas,Administración Gubernamental,Dirección Ejecutiva,Servicios No Personales,Servicios No Personales,14613478.0,125925310.0,125925310.0,771855670.51,771855670.51,Fiscal
2023,4,Administracion Central,Ministerio de Desarrollo Económico,Ministerio de Desarrollo Económico,Ministerio de Desarrollo Económico,D.G.Políticas Energéticas,Politicas Energeticas,Administración Gubernamental,Dirección Ejecutiva,Bienes De Uso,Maquinaria Y Equipo,40603.0,21731.0,21729.96,133199.56,133193.18,Fiscal
2023,4,Administracion Central,Ministerio de Desarrollo Económico,Ministerio de Desarrollo Económico,Ministerio de Desarrollo Económico,D.G.Políticas Energéticas,Politicas Energeticas,Administración Gubernamental,Dirección Ejecutiva,Transferencias,Al Sector Público,0.0,7200000.0,7200000.0,44132198.9,44132198.9,Fiscal
2023,4,Administracion Central,Ministerio de Desarrollo Económico,Ministerio de Desarrollo Económico,Ministerio de Desarrollo Económico,Upe Parque De La Innovación,Parque De La Innovacion,Servicios Económicos,Industria Y Comercio,Gastos En Personal,Remuneraciones Al Personal,32935374.0,45061990.0,45061983.71,276206209.11,276206170.56,Fiscal
2023,4,Administracion Central,Ministerio de Desarrollo Económico,Ministerio de Desarrollo Económico,Ministerio de Desarrollo Económico,Upe Parque De La Innovación,Parque De La Innovacion,Servicios Económicos,Industria Y Comercio,Bienes De Consumo,Bienes De Consumo,575650.0,101517.0,101515.4,622245.62,622235.81,Fiscal
2023,4,Administracion Central,Ministerio de Desarrollo Económico,Ministerio de Desarrollo Económico,Ministerio de Desarrollo Económico,Upe Parque De La Innovación,Parque De La Innovacion,Servicios Económicos,Industria Y Comercio,Servicios No Personales,Servicios No Personales,68408321.0,80915221.0,80902217.29,495967587.13,495887881.26,Fiscal
2023,4,Administracion Central,Ministerio de Desarrollo Económico,Ministerio de Desarrollo Económico,Ministerio de Desarrollo Económico,Upe Parque De La Innovación,Parque De La Innovacion,Servicios Económicos,Industria Y Comercio,Bienes De Uso,Maquinaria Y Equipo,826646.0,695948.0,695945.3,4265793.83,4265777.28,Fiscal
2023,4,Administracion Central,Ministerio de Desarrollo Económico,Ministerio de Desarrollo Económico,Ministerio de Desarrollo Económico,Upe Parque De La Innovación,Parque De La Innovacion,Servicios Económicos,Industria Y Comercio,Transferencias,Al Sector Privado,0.0,295000000.0,295000000.0,1808194260.56,1808194260.56,Fiscal
2023,4,Administracion Central,Ministerio de Desarrollo Económico,Ministerio de Desarrollo Económico,Ministerio de Desarrollo Económico,Upe Parque De La Innovación,Parque De La Innovacion,Servicios Económicos,Industria Y Comercio,Servicios No Personales,Servicios No Personales,864563523.0,962896007.0,962752957.74,5902044180.93,5901167364.48,Fiscal
2023,4,Administracion Central,Ministerio de Desarrollo Económico,Ministerio de Desarrollo Económico,Ministerio de Desarrollo Económico,Upe Parque De La Innovación,Parque De La Innovacion,Servicios Económicos,Industria Y Comercio,Bienes De Uso,Bienes De Uso,445774019.0,116571626.0,116571624.13,714522525.69,714522514.22,Fiscal
2023,4,Administracion Central,Ministerio de Desarrollo Económico,Ministerio de Desarrollo Económico,Ministerio de Desarrollo Económico,Upe Parque De La Innovación,Parque De La Innovacion,Servicios Económicos,Industria Y Comercio,Bienes De Uso,Construcciones Del Dominio Público,619658237.0,2668409825.0,2662774114.09,16355943492.83,16321399560.22,Fiscal
2023,4,Administracion Central,Ministerio de Desarrollo Económico,Ministerio de Desarrollo Económico,Ministerio de Desarrollo Económico,Upe Parque De La Innovación,Parque De La Innovacion,Servicios Económicos,Industria Y Comercio,Activos Financieros,Activos Financieros,200474781.0,343365734.0,343365734.0,2104650676.24,2104650676.24,Fiscal
2023,4,Administracion Central,Ministerio de Desarrollo Económico,Ministerio de Desarrollo Económico,Ministerio de Desarrollo Económico,Upe Parque De La Innovación,Parque De La Innovacion,Servicios Económicos,Industria Y Comercio,Bienes De Uso,Construcciones Del Dominio Privado,801899124.0,2741488040.0,2741441051.55,16803874370.58,16803586356.19,Fiscal
2023,4,Administracion Central,Ministerio de Desarrollo Económico,Ministerio de Desarrollo Económico,Ministerio de Desarrollo Económico,Ue.Ex Auiii Ley 3396,Recuperacion De La Traza De La Ex-Au3,Servicios Sociales,Vivienda Y Urbanismo,Gastos En Personal,Remuneraciones Al Personal,50148533.0,82952629.0,82952620.33,508455822.56,508455769.42,Fiscal
2023,4,Administracion Central,Ministerio de Desarrollo Económico,Ministerio de Desarrollo Económico,Ministerio de Desarrollo Económico,Ue.Ex Auiii Ley 3396,Recuperacion De La Traza De La Ex-Au3,Servicios Sociales,Vivienda Y Urbanismo,Bienes De Consumo,Bienes De Consumo,758650.0,246391.0,246388.86,1510246.75,1510233.64,Fiscal
2023,4,Administracion Central,Ministerio de Desarrollo Económico,Ministerio de Desarrollo Económico,Ministerio de Desarrollo Económico,Ue.Ex Auiii Ley 3396,Recuperacion De La Traza De La Ex-Au3,Servicios Sociales,Vivienda Y Urbanismo,Servicios No Personales,Servicios No Personales,42933472.0,83495540.0,83430223.09,511783580.37,511383222.2,Fiscal
2023,4,Administracion Central,Ministerio de Desarrollo Económico,Ministerio de Desarrollo Económico,Ministerio de Desarrollo Económico,Ue.Ex Auiii Ley 3396,Recuperacion De La Traza De La Ex-Au3,Servicios Sociales,Vivienda Y Urbanismo,Bienes De Uso,Maquinaria Y Equipo,152260.0,127950.0,127948.69,784265.95,784257.92,Fiscal
2023,4,Administracion Central,Ministerio de Desarrollo Económico,Ministerio de Desarrollo Económico,Ministerio de Desarrollo Económico,Ue.Ex Auiii Ley 3396,Recuperacion De La Traza De La Ex-Au3,Servicios Sociales,Vivienda Y Urbanismo,Transferencias,Al Sector Privado,11219633.0,4650000.0,4650000.0,28502045.12,28502045.12,Fiscal
2023,4,Administracion Central,Ministerio de Desarrollo Económico,Ministerio de Desarrollo Económico,Ministerio de Desarrollo Económico,Ue.Ex Auiii Ley 3396,Recuperacion De La Traza De La Ex-Au3,Servicios Sociales,Vivienda Y Urbanismo,Servicios No Personales,Servicios No Personales,35527255.0,361015659.0,359136757.08,2212835398.56,2201318721.72,Fiscal
2023,4,Administracion Central,Ministerio de Desarrollo Económico,Ministerio de Desarrollo Económico,Ministerio de Desarrollo Económico,Ue.Ex Auiii Ley 3396,Recuperacion De La Traza De La Ex-Au3,Servicios Sociales,Vivienda Y Urbanismo,Bienes De Uso,Construcciones Del Dominio Público,812661548.0,815403854.0,806908861.18,4997995148.61,4945925327.39,Fiscal
2023,4,Administracion Central,Ministerio de Desarrollo Económico,Ministerio de Desarrollo Económico,Ministerio de Desarrollo Económico,Ue.Ex Auiii Ley 3396,Recuperacion De La Traza De La Ex-Au3,Servicios Sociales,Vivienda Y Urbanismo,Bienes De Uso,Bienes De Uso,0.0,336294.0,127390.0,2061304.68,780833.45,Fiscal
2023,4,Administracion Central,Ministerio de Desarrollo Económico,Ministerio de Desarrollo Económico,Ministerio de Desarrollo Económico,Ue.Ex Auiii Ley 3396,Recuperacion De La Traza De La Ex-Au3,Servicios Sociales,Vivienda Y Urbanismo,Activos Financieros,Activos Financieros,0.0,57249062.0,57249061.56,350906526.55,350906523.85,Fiscal
2023,4,Administracion Central,Ministerio de Desarrollo Económico,Ministerio de Desarrollo Económico,Ministerio de Desarrollo Económico,Corporación Bs.As.Sur S.E.,Corporacion Buenos Aires Sur S.E,Servicios Sociales,Promoción Y Acción Social,Servicios No Personales,Servicios No Personales,2634566.0,1215782.0,1215781.2,7452101.81,7452096.91,Fiscal
2023,4,Administracion Central,Ministerio de Desarrollo Económico,Ministerio de Desarrollo Económico,Ministerio de Desarrollo Económico,Corporación Bs.As.Sur S.E.,Corporacion Buenos Aires Sur S.E,Servicios Sociales,Promoción Y Acción Social,Transferencias,Al Sector Público,2092129242.0,2963364811.0,2963364810.49,18163861841.34,18163861838.21,Fiscal
2023,4,Administracion Central,Ministerio de Desarrollo Económico,Ministerio de Desarrollo Económico,Ministerio de Desarrollo Económico,Corporación Bs.As.Sur S.E.,Corporacion Buenos Aires Sur S.E,Servicios Sociales,Promoción Y Acción Social,Transferencias,Al Sector Público,281478857.0,464469452.0,464469452.0,2846952533.26,2846952533.26,Fiscal
2023,4,Administracion Central,Ministerio de Desarrollo Económico,Ministerio de Desarrollo Económico,Ministerio de Desarrollo Económico,Upe Simplificación Productiva,Simplificacion Productiva,Servicios Económicos,Industria Y Comercio,Gastos En Personal,Remuneraciones Al Personal,27795160.0,50768357.0,50768349.3,311183226.26,311183179.06,Fiscal
2023,4,Administracion Central,Ministerio de Desarrollo Económico,Ministerio de Desarrollo Económico,Ministerio de Desarrollo Económico,Upe Simplificación Productiva,Simplificacion Productiva,Servicios Económicos,Industria Y Comercio,Bienes De Consumo,Bienes De Consumo,898810.0,243512.0,243511.04,1492600.0,1492594.12,Fiscal
2023,4,Administracion Central,Ministerio de Desarrollo Económico,Ministerio de Desarrollo Económico,Ministerio de Desarrollo Económico,Upe Simplificación Productiva,Simplificacion Productiva,Servicios Económicos,Industria Y Comercio,Servicios No Personales,Servicios No Personales,19211643.0,26365460.0,26365460.0,161606350.67,161606350.67,Fiscal
2023,4,Administracion Central,Ministerio de Desarrollo Económico,Ministerio de Desarrollo Económico,Ministerio de Desarrollo Económico,Upe Simplificación Productiva,Simplificacion Productiva,Servicios Económicos,Industria Y Comercio,Bienes De Uso,Maquinaria Y Equipo,40603.0,5950.0,5950.0,36470.36,36470.36,Fiscal
2023,4,Administracion Central,Ministerio de Desarrollo Económico,Ministerio de Desarrollo Económico,Ministerio de Desarrollo Económico,Ente Público No Estatal Parque De La Innovación,Ente Publico No Estatal Parque De La Innovacion,Servicios Económicos,Industria Y Comercio,Transferencias,Al Sector Público,0.0,290212984.0,290212984.0,1778852379.69,1778852379.69,Fiscal
2023,4,Administracion Central,Ministerio de Desarrollo Económico,Ministerio de Desarrollo Económico,Ministerio de Desarrollo Económico,Ente Público No Estatal Parque De La Innovación,Ente Publico No Estatal Parque De La Innovacion,Servicios Económicos,Industria Y Comercio,Transferencias,Al Sector Público,0.0,447099874.0,447099874.0,2740486190.05,2740486190.05,Fiscal
2023,4,Organismos Descentralizados,Ministerio de Desarrollo Económico,Ministerio de Desarrollo Económico,Consejo Económico Y Social,Consejo Eco Y Soc De La Caba,Fomento Al Desarrollo Socio-Economico,Administración Gubernamental,Dirección Ejecutiva,Transferencias,Al Sector Público,496489559.0,643820643.0,643820642.0,3946280649.16,3946280643.03,Fiscal
2023,4,Administracion Central,Ministerio de Desarrollo Económico,Secretaria De Deportes,Secretaria De Deportes,Secretaria De Deportes,Actividades Centrales,Servicios Sociales,Educación,Gastos En Personal,Remuneraciones Al Personal,587772238.0,1165017549.0,1165017536.11,7140942527.3,7140942448.29,Fiscal
2023,4,Administracion Central,Ministerio de Desarrollo Económico,Secretaria De Deportes,Secretaria De Deportes,Secretaria De Deportes,Actividades Centrales,Servicios Sociales,Educación,Bienes De Consumo,Bienes De Consumo,3613409.0,1869511.0,1861788.53,11459115.46,11411780.79,Fiscal
2023,4,Administracion Central,Ministerio de Desarrollo Económico,Secretaria De Deportes,Secretaria De Deportes,Secretaria De Deportes,Actividades Centrales,Servicios Sociales,Educación,Servicios No Personales,Servicios No Personales,543735109.0,2376830553.0,2371457972.12,14568716489.01,14535785404.56,Fiscal
2023,4,Administracion Central,Ministerio de Desarrollo Económico,Secretaria De Deportes,Secretaria De Deportes,Secretaria De Deportes,Actividades Centrales,Servicios Sociales,Educación,Bienes De Uso,Maquinaria Y Equipo,103437.0,3413723.0,3413722.19,20924319.78,20924314.82,Fiscal
2023,4,Administracion Central,Ministerio de Desarrollo Económico,Secretaria De Deportes,Secretaria De Deportes,Secretaria De Deportes,Actividades Centrales,Servicios Sociales,Educación,Servicios No Personales,Servicios No Personales,0.0,94050526.0,94050524.79,576480072.26,576480064.84,Fiscal
2023,4,Administracion Central,Ministerio de Desarrollo Económico,Secretaria De Deportes,Secretaria De Deportes,Secretaria De Deportes,Colonias Deportivas Y Recreativas,Servicios Sociales,Educación,Gastos En Personal,Remuneraciones Al Personal,421176404.0,683913829.0,683913823.73,4192030712.93,4192030680.63,Fiscal
2023,4,Administracion Central,Ministerio de Desarrollo Económico,Secretaria De Deportes,Secretaria De Deportes,Secretaria De Deportes,Colonias Deportivas Y Recreativas,Servicios Sociales,Educación,Bienes De Consumo,Bienes De Consumo,35030755.0,55942304.0,55942302.24,342896789.88,342896779.09,Fiscal
2023,4,Administracion Central,Ministerio de Desarrollo Económico,Secretaria De Deportes,Secretaria De Deportes,Secretaria De Deportes,Colonias Deportivas Y Recreativas,Servicios Sociales,Educación,Servicios No Personales,Servicios No Personales,1281050134.0,1641192778.0,1641192776.22,10059645293.73,10059645282.82,Fiscal
2023,4,Administracion Central,Ministerio de Desarrollo Económico,Secretaria De Deportes,Secretaria De Deportes,Secretaria De Deportes,Colonias Deportivas Y Recreativas,Servicios Sociales,Educación,Bienes De Uso,Maquinaria Y Equipo,689582.0,0.0,0.0,0.0,0.0,Fiscal
2023,4,Administracion Central,Ministerio de Desarrollo Económico,Secretaria De Deportes,Secretaria De Deportes,Secretaria De Deportes,Promocion Y Desarrollo Deportivo,Servicios Sociales,Educación,Transferencias,Al Sector Privado,87132019.0,209698137.0,209698137.0,1285338873.81,1285338873.81,Fiscal
2023,4,Administracion Central,Ministerio de Desarrollo Económico,Secretaria De Deportes,Secretaria De Deportes,Secretaria De Deportes,Eventos Deportivos Y Recreativos,Servicios Sociales,Educación,Gastos En Personal,Remuneraciones Al Personal,30676459.0,58080783.0,58080779.82,356004537.18,356004517.69,Fiscal
2023,4,Administracion Central,Ministerio de Desarrollo Económico,Secretaria De Deportes,Secretaria De Deportes,Secretaria De Deportes,Eventos Deportivos Y Recreativos,Servicios Sociales,Educación,Bienes De Consumo,Bienes De Consumo,689582.0,19264905.0,19264904.93,118083697.12,118083696.69,Fiscal
2023,4,Administracion Central,Ministerio de Desarrollo Económico,Secretaria De Deportes,Secretaria De Deportes,Secretaria De Deportes,Eventos Deportivos Y Recreativos,Servicios Sociales,Educación,Servicios No Personales,Servicios No Personales,163465283.0,654887647.0,654887644.25,4014115541.07,4014115524.22,Fiscal
2023,4,Administracion Central,Ministerio de Desarrollo Económico,Secretaria De Deportes,Secretaria De Deportes,Secretaria De Deportes,Eventos Deportivos Y Recreativos,Servicios Sociales,Educación,Bienes De Uso,Maquinaria Y Equipo,184808.0,0.0,0.0,0.0,0.0,Fiscal
2023,4,Administracion Central,Ministerio de Desarrollo Económico,Secretaria De Deportes,Secretaria De Deportes,Secretaria De Deportes,Eventos Deportivos Y Recreativos,Servicios Sociales,Educación,Transferencias,Al Sector Privado,68454659.0,268500000.0,268500000.0,1645763250.71,1645763250.71,Fiscal
2023,4,Administracion Central,Ministerio de Desarrollo Económico,Secretaria De Deportes,Secretaria De Deportes,Direccion General Deporte Social Y Desarrollo Deportivo,Deporte Social Y Desarrollo Deportivo,Servicios Sociales,Educación,Gastos En Personal,Remuneraciones Al Personal,357968932.0,677039430.0,677039416.64,4149894276.27,4149894194.38,Fiscal
2023,4,Administracion Central,Ministerio de Desarrollo Económico,Secretaria De Deportes,Secretaria De Deportes,Direccion General Deporte Social Y Desarrollo Deportivo,Deporte Social Y Desarrollo Deportivo,Servicios Sociales,Educación,Servicios No Personales,Servicios No Personales,168870131.0,591970142.0,591669729.88,3628464451.48,3626623083.78,Fiscal
2023,4,Administracion Central,Ministerio de Desarrollo Económico,Secretaria De Deportes,Secretaria De Deportes,Direccion General Deporte Social Y Desarrollo Deportivo,Deporte Social Y Desarrollo Deportivo,Servicios Sociales,Educación,Bienes De Consumo,Bienes De Consumo,150739375.0,343906193.0,343888989.26,2107963404.59,2107857954.74,Fiscal
2023,4,Administracion Central,Ministerio de Desarrollo Económico,Secretaria De Deportes,Secretaria De Deportes,Direccion General Deporte Social Y Desarrollo Deportivo,Deporte Social Y Desarrollo Deportivo,Servicios Sociales,Educación,Bienes De Uso,Maquinaria Y Equipo,344791.0,0.0,0.0,0.0,0.0,Fiscal
2023,4,Administracion Central,Ministerio de Desarrollo Económico,Secretaria De Deportes,Secretaria De Deportes,Direccion General Deporte Social Y Desarrollo Deportivo,Deporte Social Y Desarrollo Deportivo,Servicios Sociales,Educación,Transferencias,Al Sector Privado,1034724.0,2681000.0,2681000.0,16433114.62,16433114.62,Fiscal
2023,4,Administracion Central,Ministerio de Desarrollo Económico,Secretaria De Deportes,Secretaria De Deportes,Direccion General De Infraestructura,Infraestructura,Servicios Sociales,Educación,Gastos En Personal,Remuneraciones Al Personal,1357816713.0,2576131287.0,2576131273.04,15790324771.53,15790324685.96,Fiscal
2023,4,Administracion Central,Ministerio de Desarrollo Económico,Secretaria De Deportes,Secretaria De Deportes,Direccion General De Infraestructura,Infraestructura,Servicios Sociales,Educación,Bienes De Consumo,Bienes De Consumo,50095359.0,68440400.0,68440395.44,419503520.24,419503492.29,Fiscal
2023,4,Administracion Central,Ministerio de Desarrollo Económico,Secretaria De Deportes,Secretaria De Deportes,Direccion General De Infraestructura,Infraestructura,Servicios Sociales,Educación,Servicios No Personales,Servicios No Personales,7723316.0,146644308.0,146011323.93,898852190.07,894972331.89,Fiscal
2023,4,Administracion Central,Ministerio de Desarrollo Económico,Secretaria De Deportes,Secretaria De Deportes,Direccion General De Infraestructura,Infraestructura,Servicios Sociales,Educación,Bienes De Uso,Maquinaria Y Equipo,337895.0,0.0,0.0,0.0,0.0,Fiscal
2023,4,Administracion Central,Ministerio de Desarrollo Económico,Secretaria De Deportes,Secretaria De Deportes,Direccion General De Infraestructura,Infraestructura,Servicios Sociales,Educación,Bienes De Uso,Construcciones Del Dominio Privado,510069848.0,0.0,0.0,0.0,0.0,Fiscal
2023,4,Administracion Central,Ministerio de Desarrollo Económico,Secretaria De Deportes,Secretaria De Deportes,Direccion General De Infraestructura,Infraestructura,Servicios Sociales,Educación,Servicios No Personales,Servicios No Personales,942303632.0,2635340072.0,2595318532.29,16153243365.47,15907932455.63,Fiscal
2023,4,Administracion Central,Ministerio de Desarrollo Económico,Secretaria De Deportes,Secretaria De Deportes,Direccion General De Infraestructura,Infraestructura,Servicios Sociales,Educación,Activos Financieros,Activos Financieros,0.0,76800000.0,76800000.0,470743454.95,470743454.95,Fiscal
2023,4,Administracion Central,Ministerio de Desarrollo Económico,Secretaria De Deportes,Secretaria De Deportes,Upe Autódromo De La Ciudad De Buenos Aires,Refuncionalizacion Del Autodromo De La Caba,Servicios Sociales,Educación,Gastos En Personal,Remuneraciones Al Personal,32822436.0,52388737.0,52388729.7,321115300.21,321115255.46,Fiscal
2023,4,Administracion Central,Ministerio de Desarrollo Económico,Secretaria De Deportes,Secretaria De Deportes,Upe Autódromo De La Ciudad De Buenos Aires,Refuncionalizacion Del Autodromo De La Caba,Servicios Sociales,Educación,Servicios No Personales,Servicios No Personales,40901723.0,79884242.0,79479804.51,489648230.15,487169241.85,Fiscal
2023,4,Administracion Central,Ministerio de Desarrollo Económico,Secretaria De Deportes,Secretaria De Deportes,Upe Autódromo De La Ciudad De Buenos Aires,Refuncionalizacion Del Autodromo De La Caba,Servicios Sociales,Educación,Bienes De Consumo,Bienes De Consumo,14826007.0,23290.0,23290.0,142755.4,142755.4,Fiscal
2023,4,Administracion Central,Ministerio de Desarrollo Económico,Secretaria De Deportes,Secretaria De Deportes,Upe Autódromo De La Ciudad De Buenos Aires,Refuncionalizacion Del Autodromo De La Caba,Servicios Sociales,Educación,Bienes De Uso,Maquinaria Y Equipo,255145.0,0.0,0.0,0.0,0.0,Fiscal
2023,4,Administracion Central,Ministerio de Desarrollo Económico,Secretaria De Deportes,Secretaria De Deportes,Upe Autódromo De La Ciudad De Buenos Aires,Refuncionalizacion Del Autodromo De La Caba,Servicios Sociales,Educación,Servicios No Personales,Servicios No Personales,0.0,1268075255.0,1268075254.82,7772631857.79,7772631856.69,Fiscal
2023,4,Administracion Central,Ministerio de Desarrollo Económico,Secretaria De Deportes,Secretaria De Deportes,Upe Autódromo De La Ciudad De Buenos Aires,Refuncionalizacion Del Autodromo De La Caba,Servicios Sociales,Educación,Bienes De Uso,Construcciones Del Dominio Privado,42339015.0,0.0,0.0,0.0,0.0,Fiscal
2023,4,Administracion Central,Ministerio de Desarrollo Económico,Secretaria De Deportes,Secretaria De Deportes,Dirección General Articulación Interjurisdiccional Del Deporte,Articulacion Interjurisdiccional Del Deporte,Servicios Sociales,Educación,Gastos En Personal,Remuneraciones Al Personal,26491878.0,47581938.0,47581929.77,291652159.99,291652109.55,Fiscal
2023,4,Administracion Central,Ministerio de Desarrollo Económico,Secretaria De Deportes,Secretaria De Deportes,Dirección General Articulación Interjurisdiccional Del Deporte,Articulacion Interjurisdiccional Del Deporte,Servicios Sociales,Educación,Bienes De Consumo,Bienes De Consumo,59648825.0,4033634.0,4033632.98,24724046.94,24724040.69,Fiscal
2023,4,Administracion Central,Ministerio de Desarrollo Económico,Secretaria De Deportes,Secretaria De Deportes,Dirección General Articulación Interjurisdiccional Del Deporte,Articulacion Interjurisdiccional Del Deporte,Servicios Sociales,Educación,Servicios No Personales,Servicios No Personales,161431096.0,254401992.0,254290388.54,1559349904.44,1558665834.15,Fiscal
2023,4,Administracion Central,Ministerio de Desarrollo Económico,Secretaria De Deportes,Secretaria De Deportes,Dirección General Articulación Interjurisdiccional Del Deporte,Articulacion Interjurisdiccional Del Deporte,Servicios Sociales,Educación,Bienes De Uso,Maquinaria Y Equipo,751644.0,0.0,0.0,0.0,0.0,Fiscal
2023,4,Administracion Central,Ministerio de Desarrollo Económico,Secretaria De Deportes,Secretaria De Deportes,Dirección General Alto Rendimiento Y Legado,Alto Rendimiento Y Legado,Servicios Sociales,Educación,Gastos En Personal,Remuneraciones Al Personal,34796952.0,68862585.0,68862576.66,422091291.4,422091240.28,Fiscal
2023,4,Administracion Central,Ministerio de Desarrollo Económico,Secretaria De Deportes,Secretaria De Deportes,Dirección General Alto Rendimiento Y Legado,Alto Rendimiento Y Legado,Servicios Sociales,Educación,Servicios No Personales,Servicios No Personales,33720549.0,320697606.0,320697203.36,1965707018.79,1965704550.82,Fiscal
2023,4,Administracion Central,Ministerio de Desarrollo Económico,Secretaria De Deportes,Secretaria De Deportes,Dirección General Alto Rendimiento Y Legado,Alto Rendimiento Y Legado,Servicios Sociales,Educación,Bienes De Consumo,Bienes De Consumo,15170799.0,37377561.0,37377559.28,229104716.18,229104705.64,Fiscal
2023,4,Administracion Central,Ministerio de Desarrollo Económico,Secretaria De Deportes,Secretaria De Deportes,Dirección General Alto Rendimiento Y Legado,Alto Rendimiento Y Legado,Servicios Sociales,Educación,Bienes De Uso,Maquinaria Y Equipo,758540.0,0.0,0.0,0.0,0.0,Fiscal
2023,4,Administracion Central,Servicio De La Deuda Publica,Servicio De La Deuda Publica,Servicio De La Deuda Publica,Ministerio De Hacienda Y Finanzas - Servicio De La Deuda Publica,Intereses De La Deuda Publica,Deuda Pública - Intereses Y Gastos,Deuda Pública - Intereses Y Gastos,Servicio De La Deuda Y Disminución De Otros Pasivos,Intereses,88854907749.0,99127771008.0,99127769467.51,607600903724.57,607600894282.18,Fiscal
2023,4,Administracion Central,Servicio De La Deuda Publica,Servicio De La Deuda Publica,Servicio De La Deuda Publica,Ministerio De Hacienda Y Finanzas - Servicio De La Deuda Publica,Intereses De La Deuda Publica,Deuda Pública - Intereses Y Gastos,Deuda Pública - Intereses Y Gastos,Servicio De La Deuda Y Disminución De Otros Pasivos,Servicios No Personales,598780222.0,170566380.0,170566378.98,1045481862.24,1045481855.99,Fiscal
2023,4,Administracion Central,Servicio De La Deuda Publica,Servicio De La Deuda Publica,Servicio De La Deuda Publica,Ministerio De Hacienda Y Finanzas - Servicio De La Deuda Publica,Amortizacion De La Deuda Publica,Gastos No Clasificados,Gastos No Clasificados,Servicio De La Deuda Y Disminución De Otros Pasivos,Amortización Deuda Interna A Corto Plazo,15000000000.0,0.0,0.0,0.0,0.0,Aplicaciones financieras
2023,4,Administracion Central,Servicio De La Deuda Publica,Servicio De La Deuda Publica,Servicio De La Deuda Publica,Ministerio De Hacienda Y Finanzas - Servicio De La Deuda Publica,Amortizacion De La Deuda Publica,Gastos No Clasificados,Gastos No Clasificados,Servicio De La Deuda Y Disminución De Otros Pasivos,Amortización Deuda Interna A Largo Plazo,14920704423.0,14948641772.0,14948641772.0,91627282221.34,91627282221.34,Aplicaciones financieras
2023,4,Administracion Central,Servicio De La Deuda Publica,Servicio De La Deuda Publica,Servicio De La Deuda Publica,Ministerio De Hacienda Y Finanzas - Servicio De La Deuda Publica,Amortizacion De La Deuda Publica,Gastos No Clasificados,Gastos No Clasificados,Servicio De La Deuda Y Disminución De Otros Pasivos,Amortización Deuda Externa A Largo Plazo,9288947240.0,11085431880.0,11085431879.22,67947845088.96,67947845084.18,Aplicaciones financieras
2023,4,Administracion Central,Servicio De La Deuda Publica,Servicio De La Deuda Publica,Servicio De La Deuda Publica,Ministerio De Hacienda Y Finanzas - Servicio De La Deuda Publica,Amortizacion De La Deuda Publica,Gastos No Clasificados,Gastos No Clasificados,Servicio De La Deuda Y Disminución De Otros Pasivos,Amortización De Préstamos A Largo Plazo,3091220983.0,8930644818.0,8930644817.78,54740137976.29,54740137974.94,Aplicaciones financieras
2023,4,Administracion Central,Servicio De La Deuda Publica,Servicio De La Deuda Publica,Servicio De La Deuda Publica,Ministerio De Hacienda Y Finanzas - Servicio De La Deuda Publica,Amortizacion De La Deuda Publica,Gastos No Clasificados,Gastos No Clasificados,Servicio De La Deuda Y Disminución De Otros Pasivos,Disminución De Otros Pasivos,62277312.0,30357550.0,30357549.44,186075754.83,186075751.4,Aplicaciones financieras
2023,4,Administracion Central,Obligaciones A Cargo Del Tesoro,Obligaciones A Cargo Del Tesoro,Obligaciones A Cargo Del Tesoro,Ministerio De Hacienda Y Finanzas - Obligaciones Del Tesoro,Otras Erogaciones No Asignables A Programas,Administración Gubernamental,Judicial,Servicios No Personales,Servicios No Personales,3061880560.0,0.0,0.0,0.0,0.0,Fiscal
2023,4,Administracion Central,Obligaciones A Cargo Del Tesoro,Obligaciones A Cargo Del Tesoro,Obligaciones A Cargo Del Tesoro,Ministerio De Hacienda Y Finanzas - Obligaciones Del Tesoro,Otras Erogaciones No Asignables A Programas,Administración Gubernamental,Dirección Ejecutiva,Servicios No Personales,Servicios No Personales,959328933.0,5033848639.0,5033776373.03,30854834635.82,30854391683.57,Fiscal
2023,4,Administracion Central,Obligaciones A Cargo Del Tesoro,Obligaciones A Cargo Del Tesoro,Obligaciones A Cargo Del Tesoro,Ministerio De Hacienda Y Finanzas - Obligaciones Del Tesoro,Otras Erogaciones No Asignables A Programas,Administración Gubernamental,Administración Fiscal,Gastos En Personal,Remuneraciones Al Personal,0.0,700780037.0,700780036.77,4295411663.79,4295411662.38,Fiscal
2023,4,Administracion Central,Obligaciones A Cargo Del Tesoro,Obligaciones A Cargo Del Tesoro,Obligaciones A Cargo Del Tesoro,Ministerio De Hacienda Y Finanzas - Obligaciones Del Tesoro,Otras Erogaciones No Asignables A Programas,Administración Gubernamental,Administración Fiscal,Servicios No Personales,Servicios No Personales,3648358148.0,2270954632.0,2270954631.29,13919752988.39,13919752984.03,Fiscal
2023,4,Administracion Central,Obligaciones A Cargo Del Tesoro,Obligaciones A Cargo Del Tesoro,Obligaciones A Cargo Del Tesoro,Ministerio De Hacienda Y Finanzas - Obligaciones Del Tesoro,Otras Erogaciones No Asignables A Programas,Administración Gubernamental,Administración Fiscal,Otros Gastos,Otras Pérdidas,0.0,59561963.0,59561961.56,365083388.62,365083379.8,Fiscal
2023,4,Administracion Central,Obligaciones A Cargo Del Tesoro,Obligaciones A Cargo Del Tesoro,Obligaciones A Cargo Del Tesoro,Ministerio De Hacienda Y Finanzas - Obligaciones Del Tesoro,Otras Erogaciones No Asignables A Programas,Administración Gubernamental,Control De La Gestión,Servicios No Personales,Servicios No Personales,424120736.0,0.0,0.0,0.0,0.0,Fiscal
2023,4,Administracion Central,Obligaciones A Cargo Del Tesoro,Obligaciones A Cargo Del Tesoro,Obligaciones A Cargo Del Tesoro,Ministerio De Hacienda Y Finanzas - Obligaciones Del Tesoro,Otras Erogaciones No Asignables A Programas,Administración Gubernamental,Control De La Gestión,Bienes De Uso,Maquinaria Y Equipo,17261369.0,0.0,0.0,0.0,0.0,Fiscal
2023,4,Administracion Central,Obligaciones A Cargo Del Tesoro,Obligaciones A Cargo Del Tesoro,Obligaciones A Cargo Del Tesoro,Ministerio De Hacienda Y Finanzas - Obligaciones Del Tesoro,Otras Erogaciones No Asignables A Programas,Servicios De Seguridad,Seguridad Interior,Servicios No Personales,Servicios No Personales,2376485403.0,0.0,0.0,0.0,0.0,Fiscal
2023,4,Administracion Central,Obligaciones A Cargo Del Tesoro,Obligaciones A Cargo Del Tesoro,Obligaciones A Cargo Del Tesoro,Ministerio De Hacienda Y Finanzas - Obligaciones Del Tesoro,Otras Erogaciones No Asignables A Programas,Servicios Sociales,Salud,Servicios No Personales,Servicios No Personales,4833414734.0,2973.0,2972.51,18222.92,18219.92,Fiscal
2023,4,Administracion Central,Obligaciones A Cargo Del Tesoro,Obligaciones A Cargo Del Tesoro,Obligaciones A Cargo Del Tesoro,Ministerio De Hacienda Y Finanzas - Obligaciones Del Tesoro,Otras Erogaciones No Asignables A Programas,Servicios Sociales,Salud,Bienes De Uso,Maquinaria Y Equipo,1736091632.0,0.0,0.0,0.0,0.0,Fiscal
2023,4,Administracion Central,Obligaciones A Cargo Del Tesoro,Obligaciones A Cargo Del Tesoro,Obligaciones A Cargo Del Tesoro,Ministerio De Hacienda Y Finanzas - Obligaciones Del Tesoro,Otras Erogaciones No Asignables A Programas,Servicios Sociales,Salud,Transferencias,Al Sector Privado,1633457949.0,1569868080.0,1569868080.0,9622462549.46,9622462549.46,Fiscal
2023,4,Administracion Central,Obligaciones A Cargo Del Tesoro,Obligaciones A Cargo Del Tesoro,Obligaciones A Cargo Del Tesoro,Ministerio De Hacienda Y Finanzas - Obligaciones Del Tesoro,Otras Erogaciones No Asignables A Programas,Servicios Sociales,Promoción Y Acción Social,Gastos En Personal,Remuneraciones Al Personal,0.0,3606424.0,3606422.61,22105475.18,22105466.66,Fiscal
2023,4,Administracion Central,Obligaciones A Cargo Del Tesoro,Obligaciones A Cargo Del Tesoro,Obligaciones A Cargo Del Tesoro,Ministerio De Hacienda Y Finanzas - Obligaciones Del Tesoro,Otras Erogaciones No Asignables A Programas,Servicios Sociales,Promoción Y Acción Social,Servicios No Personales,Servicios No Personales,2365614816.0,1203415793.0,1203415792.33,7376303491.42,7376303487.32,Fiscal
2023,4,Administracion Central,Obligaciones A Cargo Del Tesoro,Obligaciones A Cargo Del Tesoro,Obligaciones A Cargo Del Tesoro,Ministerio De Hacienda Y Finanzas - Obligaciones Del Tesoro,Otras Erogaciones No Asignables A Programas,Servicios Sociales,Promoción Y Acción Social,Bienes De Uso,Maquinaria Y Equipo,1956449415.0,0.0,0.0,0.0,0.0,Fiscal
2023,4,Administracion Central,Obligaciones A Cargo Del Tesoro,Obligaciones A Cargo Del Tesoro,Obligaciones A Cargo Del Tesoro,Ministerio De Hacienda Y Finanzas - Obligaciones Del Tesoro,Otras Erogaciones No Asignables A Programas,Servicios Sociales,Promoción Y Acción Social,Transferencias,Al Sector Privado,5749771982.0,2612500313.0,2612500312.07,16013247700.6,16013247694.9,Fiscal
2023,4,Administracion Central,Obligaciones A Cargo Del Tesoro,Obligaciones A Cargo Del Tesoro,Obligaciones A Cargo Del Tesoro,Ministerio De Hacienda Y Finanzas - Obligaciones Del Tesoro,Otras Erogaciones No Asignables A Programas,Servicios Sociales,Promoción Y Acción Social,Transferencias,Al Sector Público,25856908864.0,0.0,0.0,0.0,0.0,Fiscal
2023,4,Administracion Central,Obligaciones A Cargo Del Tesoro,Obligaciones A Cargo Del Tesoro,Obligaciones A Cargo Del Tesoro,Ministerio De Hacienda Y Finanzas - Obligaciones Del Tesoro,Otras Erogaciones No Asignables A Programas,Servicios Sociales,Educación,Bienes De Consumo,Bienes De Consumo,125486356.0,0.0,0.0,0.0,0.0,Fiscal
2023,4,Administracion Central,Obligaciones A Cargo Del Tesoro,Obligaciones A Cargo Del Tesoro,Obligaciones A Cargo Del Tesoro,Ministerio De Hacienda Y Finanzas - Obligaciones Del Tesoro,Otras Erogaciones No Asignables A Programas,Servicios Sociales,Educación,Servicios No Personales,Servicios No Personales,6397415943.0,1254504.0,1254503.71,7689447.23,7689445.45,Fiscal
2023,4,Administracion Central,Obligaciones A Cargo Del Tesoro,Obligaciones A Cargo Del Tesoro,Obligaciones A Cargo Del Tesoro,Ministerio De Hacienda Y Finanzas - Obligaciones Del Tesoro,Otras Erogaciones No Asignables A Programas,Servicios Sociales,Educación,Bienes De Uso,Maquinaria Y Equipo,6907665896.0,0.0,0.0,0.0,0.0,Fiscal
2023,4,Administracion Central,Obligaciones A Cargo Del Tesoro,Obligaciones A Cargo Del Tesoro,Obligaciones A Cargo Del Tesoro,Ministerio De Hacienda Y Finanzas - Obligaciones Del Tesoro,Otras Erogaciones No Asignables A Programas,Servicios Sociales,Cultura,Servicios No Personales,Servicios No Personales,2088522159.0,0.0,0.0,0.0,0.0,Fiscal
2023,4,Administracion Central,Obligaciones A Cargo Del Tesoro,Obligaciones A Cargo Del Tesoro,Obligaciones A Cargo Del Tesoro,Ministerio De Hacienda Y Finanzas - Obligaciones Del Tesoro,Otras Erogaciones No Asignables A Programas,Servicios Sociales,Cultura,Bienes De Uso,Maquinaria Y Equipo,207136425.0,0.0,0.0,0.0,0.0,Fiscal
2023,4,Administracion Central,Obligaciones A Cargo Del Tesoro,Obligaciones A Cargo Del Tesoro,Obligaciones A Cargo Del Tesoro,Ministerio De Hacienda Y Finanzas - Obligaciones Del Tesoro,Otras Erogaciones No Asignables A Programas,Servicios Sociales,Trabajo,Servicios No Personales,Servicios No Personales,267687336.0,0.0,0.0,0.0,0.0,Fiscal
2023,4,Administracion Central,Obligaciones A Cargo Del Tesoro,Obligaciones A Cargo Del Tesoro,Obligaciones A Cargo Del Tesoro,Ministerio De Hacienda Y Finanzas - Obligaciones Del Tesoro,Otras Erogaciones No Asignables A Programas,Servicios Sociales,Trabajo,Bienes De Uso,Maquinaria Y Equipo,17261369.0,0.0,0.0,0.0,0.0,Fiscal
2023,4,Administracion Central,Obligaciones A Cargo Del Tesoro,Obligaciones A Cargo Del Tesoro,Obligaciones A Cargo Del Tesoro,Ministerio De Hacienda Y Finanzas - Obligaciones Del Tesoro,Otras Erogaciones No Asignables A Programas,Servicios Sociales,Servicios Urbanos,Servicios No Personales,Servicios No Personales,70834147.0,0.0,0.0,0.0,0.0,Fiscal
2023,4,Administracion Central,Obligaciones A Cargo Del Tesoro,Obligaciones A Cargo Del Tesoro,Obligaciones A Cargo Del Tesoro,Ministerio De Hacienda Y Finanzas - Obligaciones Del Tesoro,Otras Erogaciones No Asignables A Programas,Servicios Económicos,Transporte,Servicios No Personales,Servicios No Personales,157087236.0,0.0,0.0,0.0,0.0,Fiscal
2023,4,Administracion Central,Obligaciones A Cargo Del Tesoro,Obligaciones A Cargo Del Tesoro,Obligaciones A Cargo Del Tesoro,Ministerio De Hacienda Y Finanzas - Obligaciones Del Tesoro,Otras Erogaciones No Asignables A Programas,Servicios Económicos,Ecología,Servicios No Personales,Servicios No Personales,322462592.0,0.0,0.0,0.0,0.0,Fiscal
2023,4,Administracion Central,Obligaciones A Cargo Del Tesoro,Obligaciones A Cargo Del Tesoro,Obligaciones A Cargo Del Tesoro,Ministerio De Hacienda Y Finanzas - Obligaciones Del Tesoro,Otras Erogaciones No Asignables A Programas,Servicios Económicos,Ecología,Bienes De Uso,Maquinaria Y Equipo,22681900.0,0.0,0.0,0.0,0.0,Fiscal
2023,4,Administracion Central,Obligaciones A Cargo Del Tesoro,Obligaciones A Cargo Del Tesoro,Obligaciones A Cargo Del Tesoro,Ministerio De Hacienda Y Finanzas - Obligaciones Del Tesoro,Otras Erogaciones No Asignables A Programas,Servicios Económicos,Turismo,Servicios No Personales,Servicios No Personales,1386450.0,0.0,0.0,0.0,0.0,Fiscal
2023,4,Administracion Central,Obligaciones A Cargo Del Tesoro,Obligaciones A Cargo Del Tesoro,Obligaciones A Cargo Del Tesoro,Ministerio De Hacienda Y Finanzas - Obligaciones Del Tesoro,Otras Erogaciones No Asignables A Programas,Servicios Económicos,Industria Y Comercio,Servicios No Personales,Servicios No Personales,392248474.0,0.0,0.0,0.0,0.0,Fiscal
2023,4,Administracion Central,Obligaciones A Cargo Del Tesoro,Obligaciones A Cargo Del Tesoro,Obligaciones A Cargo Del Tesoro,Ministerio De Hacienda Y Finanzas - Obligaciones Del Tesoro,Otras Erogaciones No Asignables A Programas,Servicios Económicos,Turismo,Transferencias,Al Sector Público,91838541.0,922851437.0,922851435.65,5656592107.57,5656592099.29,Fiscal
2023,4,Administracion Central,Obligaciones A Cargo Del Tesoro,Obligaciones A Cargo Del Tesoro,Obligaciones A Cargo Del Tesoro,Ministerio De Hacienda Y Finanzas - Obligaciones Del Tesoro,Otras Erogaciones No Asignables A Programas,Servicios Sociales,Salud,Transferencias,Al Sector Público,0.0,134836.0,134835.52,826473.5,826470.55,Fiscal
2023,4,Administracion Central,Obligaciones A Cargo Del Tesoro,Obligaciones A Cargo Del Tesoro,Obligaciones A Cargo Del Tesoro,Ministerio De Hacienda Y Finanzas - Obligaciones Del Tesoro,Aportes A Entes Publicos,Administración Gubernamental,Dirección Ejecutiva,Transferencias,Al Sector Público,1269133557.0,284684824.0,284684822.89,1744967677.37,1744967670.57,Fiscal
2023,4,Administracion Central,Obligaciones A Cargo Del Tesoro,Obligaciones A Cargo Del Tesoro,Obligaciones A Cargo Del Tesoro,Ministerio De Hacienda Y Finanzas - Obligaciones Del Tesoro,Aportes A Entes Publicos,Servicios Económicos,Industria Y Comercio,Transferencias,Al Sector Público,0.0,10000000.0,10000000.0,61294720.7,61294720.7,Fiscal
2023,4,Administracion Central,Obligaciones A Cargo Del Tesoro,Obligaciones A Cargo Del Tesoro,Obligaciones A Cargo Del Tesoro,Ministerio De Hacienda Y Finanzas - Obligaciones Del Tesoro,Aportes Con Fines Sociales,Servicios Sociales,Promoción Y Acción Social,Transferencias,Al Sector Privado,3050132694.0,1757073627.0,1757073626.37,10769933721.09,10769933717.23,Fiscal
2023,4,Administracion Central,Obligaciones A Cargo Del Tesoro,Obligaciones A Cargo Del Tesoro,Obligaciones A Cargo Del Tesoro,Ministerio De Hacienda Y Finanzas - Obligaciones Del Tesoro,R.A.D,Administración Gubernamental,Dirección Ejecutiva,Gastos En Personal,Remuneraciones Al Personal,14378409.0,34252514.0,34252511.47,209949827.88,209949812.37,Fiscal
2023,4,Administracion Central,Obligaciones A Cargo Del Tesoro,Obligaciones A Cargo Del Tesoro,Obligaciones A Cargo Del Tesoro,Ministerio De Hacienda Y Finanzas - Obligaciones Del Tesoro,Ley 471,Administración Gubernamental,Legislativa,Gastos En Personal,Remuneraciones Al Personal,161394.0,1045361548.0,0.0,6407514411.2,0.0,Fiscal
2023,4,Administracion Central,Obligaciones A Cargo Del Tesoro,Obligaciones A Cargo Del Tesoro,Obligaciones A Cargo Del Tesoro,Ministerio De Hacienda Y Finanzas - Obligaciones Del Tesoro,Ley 471,Administración Gubernamental,Judicial,Gastos En Personal,Remuneraciones Al Personal,560625086.0,1899911285.0,87390737.27,11645453156.3,535659083.25,Fiscal
2023,4,Administracion Central,Obligaciones A Cargo Del Tesoro,Obligaciones A Cargo Del Tesoro,Obligaciones A Cargo Del Tesoro,Ministerio De Hacienda Y Finanzas - Obligaciones Del Tesoro,Ley 471,Administración Gubernamental,Dirección Ejecutiva,Gastos En Personal,Remuneraciones Al Personal,1465005251.0,729592301.0,729592298.33,4472015631.24,4472015614.88,Fiscal
2023,4,Administracion Central,Obligaciones A Cargo Del Tesoro,Obligaciones A Cargo Del Tesoro,Obligaciones A Cargo Del Tesoro,Ministerio De Hacienda Y Finanzas - Obligaciones Del Tesoro,Ley 471,Administración Gubernamental,Administración Fiscal,Gastos En Personal,Remuneraciones Al Personal,3340224485.0,3352501786.0,1080679593.89,20549066060.89,6623995387.04,Fiscal
2023,4,Administracion Central,Obligaciones A Cargo Del Tesoro,Obligaciones A Cargo Del Tesoro,Obligaciones A Cargo Del Tesoro,Ministerio De Hacienda Y Finanzas - Obligaciones Del Tesoro,Ley 471,Administración Gubernamental,Control De La Gestión,Gastos En Personal,Remuneraciones Al Personal,626105853.0,42420058.0,29745583.82,260012560.71,182324725.22,Fiscal
2023,4,Administracion Central,Obligaciones A Cargo Del Tesoro,Obligaciones A Cargo Del Tesoro,Obligaciones A Cargo Del Tesoro,Ministerio De Hacienda Y Finanzas - Obligaciones Del Tesoro,Ley 471,Servicios De Seguridad,Seguridad Interior,Gastos En Personal,Remuneraciones Al Personal,46286774828.0,289418036.0,283061341.99,1773979768.13,1735016589.74,Fiscal
2023,4,Administracion Central,Obligaciones A Cargo Del Tesoro,Obligaciones A Cargo Del Tesoro,Obligaciones A Cargo Del Tesoro,Ministerio De Hacienda Y Finanzas - Obligaciones Del Tesoro,Ley 471,Servicios Sociales,Salud,Gastos En Personal,Remuneraciones Al Personal,25725015548.0,173083473.0,113345152.06,1060910313.48,694745943.79,Fiscal
2023,4,Administracion Central,Obligaciones A Cargo Del Tesoro,Obligaciones A Cargo Del Tesoro,Obligaciones A Cargo Del Tesoro,Ministerio De Hacienda Y Finanzas - Obligaciones Del Tesoro,Ley 471,Servicios Sociales,Promoción Y Acción Social,Gastos En Personal,Remuneraciones Al Personal,25668677980.0,1839313400.0,352726628.79,11274020112.71,2162028019.41,Fiscal
2023,4,Administracion Central,Obligaciones A Cargo Del Tesoro,Obligaciones A Cargo Del Tesoro,Obligaciones A Cargo Del Tesoro,Ministerio De Hacienda Y Finanzas - Obligaciones Del Tesoro,Ley 471,Servicios Sociales,Educación,Gastos En Personal,Remuneraciones Al Personal,48458774528.0,598739247.0,438368178.77,3669955491.52,2686965508.01,Fiscal
2023,4,Administracion Central,Obligaciones A Cargo Del Tesoro,Obligaciones A Cargo Del Tesoro,Obligaciones A Cargo Del Tesoro,Ministerio De Hacienda Y Finanzas - Obligaciones Del Tesoro,Ley 471,Servicios Sociales,Cultura,Gastos En Personal,Remuneraciones Al Personal,3562893587.0,859789665.0,859789663.51,5270056737.43,5270056728.3,Fiscal
2023,4,Administracion Central,Obligaciones A Cargo Del Tesoro,Obligaciones A Cargo Del Tesoro,Obligaciones A Cargo Del Tesoro,Ministerio De Hacienda Y Finanzas - Obligaciones Del Tesoro,Ley 471,Servicios Sociales,Trabajo,Gastos En Personal,Remuneraciones Al Personal,196243589.0,36986805.0,36986804.72,226709588.19,226709586.48,Fiscal
2023,4,Administracion Central,Obligaciones A Cargo Del Tesoro,Obligaciones A Cargo Del Tesoro,Obligaciones A Cargo Del Tesoro,Ministerio De Hacienda Y Finanzas - Obligaciones Del Tesoro,Ley 471,Servicios Sociales,Vivienda Y Urbanismo,Gastos En Personal,Remuneraciones Al Personal,661029121.0,905990144.0,305176380.44,5553241283.07,1870570100.24,Fiscal
2023,4,Administracion Central,Obligaciones A Cargo Del Tesoro,Obligaciones A Cargo Del Tesoro,Obligaciones A Cargo Del Tesoro,Ministerio De Hacienda Y Finanzas - Obligaciones Del Tesoro,Ley 471,Servicios Sociales,Agua Potable Y Alcantarillado,Gastos En Personal,Remuneraciones Al Personal,57363551.0,24523322.0,6384372.58,150315017.26,39132833.41,Fiscal
2023,4,Administracion Central,Obligaciones A Cargo Del Tesoro,Obligaciones A Cargo Del Tesoro,Obligaciones A Cargo Del Tesoro,Ministerio De Hacienda Y Finanzas - Obligaciones Del Tesoro,Ley 471,Servicios Sociales,Servicios Urbanos,Gastos En Personal,Remuneraciones Al Personal,249066810.0,242190526.0,110578644.58,1484500064.66,677788713.46,Fiscal
2023,4,Administracion Central,Obligaciones A Cargo Del Tesoro,Obligaciones A Cargo Del Tesoro,Obligaciones A Cargo Del Tesoro,Ministerio De Hacienda Y Finanzas - Obligaciones Del Tesoro,Ley 471,Servicios Económicos,Transporte,Gastos En Personal,Remuneraciones Al Personal,333791280.0,160618544.0,66354815.34,984506879.32,406719987.32,Fiscal
2023,4,Administracion Central,Obligaciones A Cargo Del Tesoro,Obligaciones A Cargo Del Tesoro,Obligaciones A Cargo Del Tesoro,Ministerio De Hacienda Y Finanzas - Obligaciones Del Tesoro,Ley 471,Servicios Económicos,Ecología,Gastos En Personal,Remuneraciones Al Personal,87856023.0,267855658.0,169421035.25,1641813774.42,1038461503.58,Fiscal
2023,4,Administracion Central,Obligaciones A Cargo Del Tesoro,Obligaciones A Cargo Del Tesoro,Obligaciones A Cargo Del Tesoro,Ministerio De Hacienda Y Finanzas - Obligaciones Del Tesoro,Ley 471,Servicios Económicos,Turismo,Gastos En Personal,Remuneraciones Al Personal,0.0,42427153.0,19264268.79,260056049.31,118079797.49,Fiscal
2023,4,Administracion Central,Obligaciones A Cargo Del Tesoro,Obligaciones A Cargo Del Tesoro,Obligaciones A Cargo Del Tesoro,Ministerio De Hacienda Y Finanzas - Obligaciones Del Tesoro,Ley 471,Servicios Económicos,Industria Y Comercio,Gastos En Personal,Remuneraciones Al Personal,321986246.0,11046451.0,9528864.76,67708912.87,58406910.4,Fiscal
2023,4,Administracion Central,Obligaciones A Cargo Del Tesoro,Obligaciones A Cargo Del Tesoro,Obligaciones A Cargo Del Tesoro,Ministerio De Hacienda Y Finanzas - Obligaciones Del Tesoro,Aplicaciones Financieras,Gastos No Clasificados,Gastos No Clasificados,Activos Financieros,Incremento De Otros Activos Financieros,26356777894.0,36925389854.0,36925389853.84,226333145772.66,226333145771.68,Aplicaciones financieras
2023,4,Administracion Central,Jefatura De Gobierno,Sec.Gral. Y Relaciones Internacionales,Sec.Gral. Y Relaciones Internacionales,Unidad Para La Igualdad De Género Y Asuntos Institucionales,Igualdad De Genero Y Asuntos Institucionales,Administración Gubernamental,Dirección Ejecutiva,Bienes De Uso,Maquinaria Y Equipo,0.0,0.0,0.0,0.0,0.0,Fiscal
2023,4,Administracion Central,Jefatura De Gobierno,Sec.Gral. Y Relaciones Internacionales,Sec.Gral. Y Relaciones Internacionales,Unidad Para La Igualdad De Género Y Asuntos Institucionales,Asuntos Institucionales,Administración Gubernamental,Dirección Ejecutiva,Gastos En Personal,Remuneraciones Al Personal,0.0,0.0,0.0,0.0,0.0,Fiscal
2023,4,Administracion Central,Jefatura De Gobierno,Unidad De Proyección Federal Y Desarrollo Territorial,Unidad De Proyección Federal Y Desarrollo Territorial,Secretaría De Atención Ciudadana Y Gestión Comunal,Fondo De Emergencia Para Subsidios Por Inundaciones - Ley 1575,Servicios Sociales,Promoción Y Acción Social,Transferencias,Al Sector Privado,0.0,0.0,0.0,0.0,0.0,Fiscal
2023,4,Administracion Central,Ministerio De Salud,Ministerio De Salud,Ministerio De Salud,Subsecretaria Para Personas Mayores,Acciones Para Personas Mayores,Servicios Sociales,Salud,Activos Financieros,Adelanto A Proveedores Y Contratistas,0.0,0.0,0.0,0.0,0.0,Fiscal
2023,4,Administracion Central,Ministerio De Desarrollo Humano Y Hábitat,Ministerio De Desarrollo Humano Y Hábitat,Ministerio De Desarrollo Humano Y Hábitat,Dir.Gral. Desarrollo E Inclusion Social,Desarrollo E Inclusion Social,Servicios Sociales,Promoción Y Acción Social,Bienes De Uso,Maquinaria Y Equipo,0.0,0.0,0.0,0.0,0.0,Fiscal
2023,4,Administracion Central,Ministerio De Desarrollo Humano Y Hábitat,Ministerio De Desarrollo Humano Y Hábitat,Ministerio De Desarrollo Humano Y Hábitat,Dir. Gral. Desarrollo De Infancias Y Adolescencias,Fortalecimiento De Vinculos,Servicios Sociales,Promoción Y Acción Social,Bienes De Uso,Maquinaria Y Equipo,0.0,0.0,0.0,0.0,0.0,Fiscal
2023,4,Administracion Central,Ministerio De Desarrollo Humano Y Hábitat,Ministerio De Desarrollo Humano Y Hábitat,Ministerio De Desarrollo Humano Y Hábitat,Dir.Gral.Mujer,"Deteccion, Proteccion Y Asistencia A Victimas De Trata De Personas-Ley 2781",Servicios Sociales,Promoción Y Acción Social,Bienes De Uso,Maquinaria Y Equipo,0.0,0.0,0.0,0.0,0.0,Fiscal
2023,4,Administracion Central,Ministerio De Justicia Y Seguridad,Plan De Seguridad Publica,Plan De Seguridad Publica,Subsecretaria De Gestion Administrativa,Policia De La Ciudad,Servicios De Seguridad,Seguridad Interior,Activos Financieros,Activos Financieros,0.0,0.0,0.0,0.0,0.0,Fiscal
2023,4,Administracion Central,Ministerio De Justicia Y Seguridad,Plan De Seguridad Publica,Plan De Seguridad Publica,Secretaria De Seguridad,Actividades Centrales,Servicios De Seguridad,Seguridad Interior,Bienes De Uso,Maquinaria Y Equipo,0.0,0.0,0.0,0.0,0.0,Fiscal
2023,4,Administracion Central,Ministerio De Cultura,Ministerio De Cultura,Ministerio De Cultura,Ministerio De Cultura,Actividades Centrales,Administración Gubernamental,Control De La Gestión,Bienes De Uso,Maquinaria Y Equipo,0.0,0.0,0.0,0.0,0.0,Fiscal
2023,4,Organismos Descentralizados,Jefatura De Gobierno,No Determina,Oficina De Integridad Pública,Oficina De Integridad Publica,Integridad Publica,Administración Gubernamental,Dirección Ejecutiva,Bienes De Uso,Activos Intangibles,0.0,0.0,0.0,0.0,0.0,Fiscal
2023,4,Administracion Central,Ministerio De Espacio Publico E Higiene Urbana,Ministerio De Espacio Publico E Higiene Urbana,Ministerio De Espacio Publico E Higiene Urbana,Dg.Obras En Vías Peatonales,Obras En Vias Peatonales,Servicios Sociales,Vivienda Y Urbanismo,Bienes De Uso,Construcciones Del Dominio Privado,0.0,0.0,0.0,0.0,0.0,Fiscal
2023,4,Administracion Central,Ministerio De Salud,Ministerio De Salud,Ministerio De Salud,Htal. Jose M.Ramos Mejia,Atencion Medica General En Hospitales De Agudos,Servicios Sociales,Salud,Bienes De Uso,Activos Intangibles,0.0,0.0,0.0,0.0,0.0,Fiscal
2023,4,Organismos Descentralizados,Ministerio De Desarrollo Humano Y Hábitat,Ministerio De Desarrollo Humano Y Hábitat,Instituto Para La Vivienda,Inst.De La Vivienda De La Ciudad,Demanda General,Servicios Sociales,Vivienda Y Urbanismo,Servicios No Personales,Servicios No Personales,0.0,0.0,0.0,0.0,0.0,Fiscal
2023,4,Administracion Central,Procuracion General De La Ciudad,Procuracion General De La Ciudad,Procuracion General De La Ciudad,Procuracion General De La Ciudad,Actividades Centrales,Administración Gubernamental,Dirección Ejecutiva,Bienes De Uso,Construcciones Del Dominio Público,0.0,0.0,0.0,0.0,0.0,Fiscal
2023,4,Organismos Descentralizados,Ministerio De Gobierno,Ministerio De Gobierno,Instituto De Gestión Electoral,Instituto De Gestion Electoral,Gestion Electoral,Administración Gubernamental,Dirección Ejecutiva,Servicios No Personales,Servicios No Personales,0.0,0.0,0.0,0.0,0.0,Fiscal
2023,4,Organismos Descentralizados,Ministerio De Gobierno,Ministerio De Gobierno,Instituto De Gestión Electoral,Instituto De Gestion Electoral,Gestion Electoral,Administración Gubernamental,Dirección Ejecutiva,Transferencias,Al Sector Privado,0.0,0.0,0.0,0.0,0.0,Fiscal
2023,4,Organismos Descentralizados,Ministerio De Gobierno,Ministerio De Gobierno,Instituto De Gestión Electoral,Instituto De Gestion Electoral,Gestion Electoral,Administración Gubernamental,Dirección Ejecutiva,Transferencias,Al Sector Público,0.0,0.0,0.0,0.0,0.0,Fiscal
2023,4,Organismos Descentralizados,Ministerio De Gobierno,Ministerio De Gobierno,Instituto De Gestión Electoral,Instituto De Gestion Electoral,Gestion Electoral,Administración Gubernamental,Dirección Ejecutiva,Gastos En Personal,Remuneraciones Al Personal,0.0,0.0,0.0,0.0,0.0,Fiscal
2023,4,Organismos Descentralizados,Ministerio De Gobierno,Ministerio De Gobierno,Instituto De Gestión Electoral,Instituto De Gestion Electoral,Gestion Electoral,Administración Gubernamental,Dirección Ejecutiva,Bienes De Consumo,Bienes De Consumo,0.0,0.0,0.0,0.0,0.0,Fiscal
2023,4,Administracion Central,Ministerio De Cultura,Ministerio De Cultura,Ministerio De Cultura,Dirección General Desarrollo Cultural Y Creativo,Desarrollo Cultural Y Creativo,Servicios Sociales,Cultura,Bienes De Consumo,Bienes De Consumo,0.0,0.0,0.0,0.0,0.0,Fiscal
2023,4,Administracion Central,Ministerio De Cultura,Ministerio De Cultura,Ministerio De Cultura,Dg.Planif.Y Seguim,Planificacion Y Seguimiento,Servicios Sociales,Cultura,Bienes De Uso,Construcciones Del Dominio Privado,0.0,0.0,0.0,0.0,0.0,Fiscal
2023,4,Administracion Central,Ministerio De Cultura,Ministerio De Cultura,Ministerio De Cultura,Dg.Planif.Y Seguim,Planificacion Y Seguimiento,Servicios Sociales,Cultura,Activos Financieros,Activos Financieros,0.0,0.0,0.0,0.0,0.0,Fiscal
2023,4,Administracion Central,Ministerio de Desarrollo Económico,Ministerio de Desarrollo Económico,Ministerio de Desarrollo Económico,Ss.Trabajo Industria Y Comercio,Resolucion De Conflictos Individuales Y Colectivos,Servicios Sociales,Trabajo,Transferencias,Al Sector Privado,0.0,0.0,0.0,0.0,0.0,Fiscal
2023,4,Administracion Central,Ministerio de Desarrollo Económico,Ministerio de Desarrollo Económico,Ministerio de Desarrollo Económico,Ss.Trabajo Industria Y Comercio,Proteccion De Trabajo,Servicios Sociales,Trabajo,Transferencias,Al Sector Privado,0.0,0.0,0.0,0.0,0.0,Fiscal
2023,4,Administracion Central,Ministerio de Desarrollo Económico,Ministerio de Desarrollo Económico,Ministerio de Desarrollo Económico,Ss.Desarrolloeconómico,Ciencia Y Tecnologia,Servicios Económicos,Industria Y Comercio,Transferencias,Al Sector Privado,0.0,0.0,0.0,0.0,0.0,Fiscal
2023,4,Administracion Central,Consejo De La Magistratura,Consejo De La Magistratura,Consejo De La Magistratura,Consejo De La Magistratura,Centro De Justicia De La Mujer,Administración Gubernamental,Judicial,Bienes De Uso,Construcciones Del Dominio Privado,0.0,0.0,0.0,0.0,0.0,Fiscal
2023,4,Administracion Central,Obligaciones A Cargo Del Tesoro,Obligaciones A Cargo Del Tesoro,Obligaciones A Cargo Del Tesoro,Ministerio De Hacienda Y Finanzas - Obligaciones Del Tesoro,Otras Erogaciones No Asignables A Programas,Servicios De Seguridad,Seguridad Interior,Bienes De Uso,Maquinaria Y Equipo,0.0,0.0,0.0,0.0,0.0,Fiscal
2023,4,Administracion Central,Obligaciones A Cargo Del Tesoro,Obligaciones A Cargo Del Tesoro,Obligaciones A Cargo Del Tesoro,Ministerio De Hacienda Y Finanzas - Obligaciones Del Tesoro,Otras Erogaciones No Asignables A Programas,Servicios Sociales,Vivienda Y Urbanismo,Bienes De Uso,Maquinaria Y Equipo,0.0,0.0,0.0,0.0,0.0,Fiscal
2023,4,Administracion Central,Ministerio De Espacio Publico E Higiene Urbana,Ministerio De Espacio Publico E Higiene Urbana,Ministerio De Espacio Publico E Higiene Urbana,Min.Esp.Público E Hig. Urbana,Actividades Centrales,Servicios Económicos,Ecología,Bienes De Uso,Maquinaria Y Equipo,0.0,0.0,0.0,0.0,0.0,Fiscal
2023,4,Administracion Central,Ministerio De Espacio Publico E Higiene Urbana,Ministerio De Espacio Publico E Higiene Urbana,Ministerio De Espacio Publico E Higiene Urbana,Dg.Monitoreo Y Sistemas,Monitoreo Y Sistemas,Servicios Económicos,Ecología,Bienes De Uso,Maquinaria Y Equipo,0.0,0.0,0.0,0.0,0.0,Fiscal
2023,4,Administracion Central,Ministerio De Espacio Publico E Higiene Urbana,Ministerio De Espacio Publico E Higiene Urbana,Ministerio De Espacio Publico E Higiene Urbana,Direccion General Conservacion Del Pasaje Urbano,Conservacion Del Paisaje Urbano,Servicios Sociales,Vivienda Y Urbanismo,Bienes De Uso,Construcciones Del Dominio Público,0.0,0.0,0.0,0.0,0.0,Fiscal
2023,4,Administracion Central,Ministerio De Desarrollo Humano Y Hábitat,Ministerio De Desarrollo Humano Y Hábitat,Ministerio De Desarrollo Humano Y Hábitat,Direccion General Planificacion Y Control De Gestion,Planificacion Y Control De Gestion,Servicios Sociales,Promoción Y Acción Social,Bienes De Uso,Maquinaria Y Equipo,0.0,0.0,0.0,0.0,0.0,Fiscal
2023,4,Organismos Descentralizados,Jefatura De Gobierno,Sec.Gral. Y Relaciones Internacionales,Ente De Turismo,Ente De Turismo,Turismo De La Ciudad,Servicios Económicos,Turismo,Servicios No Personales,Servicios No Personales,0.0,0.0,0.0,0.0,0.0,Fiscal
2023,4,Organismos Descentralizados,Jefatura De Gobierno,No Determina,Ente Regulador De Servicios Publicos,Ente Regulador De Los Servicios Publicos,Actividades Centrales,Administración Gubernamental,Control De La Gestión,Servicios No Personales,Servicios No Personales,0.0,0.0,0.0,0.0,0.0,Fiscal
2023,4,Administracion Central,Jefatura De Gabinete De Ministros,Jefatura De Gabinete De Ministros,Jefatura De Gabinete De Ministros,Sec.De Innov.Transf.,Actividades Comunes,Administración Gubernamental,Dirección Ejecutiva,Servicios No Personales,Servicios No Personales,0.0,0.0,0.0,0.0,0.0,Fiscal
2023,4,Organismos Descentralizados,Ministerio De Justicia Y Seguridad,Ministerio De Justicia Y Seguridad,Agencia Gubernamental De Control,Agencia Gubernamental De Control,Actividades Comunes,Servicios De Seguridad,Seguridad Interior,Servicios No Personales,Servicios No Personales,0.0,0.0,0.0,0.0,0.0,Fiscal
2023,4,Administracion Central,Ministerio De Espacio Publico E Higiene Urbana,Ministerio De Espacio Publico E Higiene Urbana,Ministerio De Espacio Publico E Higiene Urbana,Ss.Mantenimiento Urbano,Actividades Comunes,Servicios Económicos,Ecología,Bienes De Uso,Maquinaria Y Equipo,0.0,0.0,0.0,0.0,0.0,Fiscal
2023,4,Administracion Central,Ministerio De Hacienda Y Finanzas,Ministerio De Hacienda Y Finanzas,Ministerio De Hacienda Y Finanzas,Ministro De Hacienda Y Finanzas,Actividades Centrales,Administración Gubernamental,Administración Fiscal,Servicios No Personales,Servicios No Personales,0.0,0.0,0.0,0.0,0.0,Fiscal
2023,4,Administracion Central,Ministerio de Desarrollo Económico,Ministerio de Desarrollo Económico,Ministerio de Desarrollo Económico,Subsecretaría De Políticas Gastronómicas,Eventos De Desarrollo Gastronomico,Servicios Sociales,Salud,Servicios No Personales,Servicios No Personales,0.0,0.0,0.0,0.0,0.0,Fiscal
2023,4,Administracion Central,Ministerio de Desarrollo Económico,Ministerio de Desarrollo Económico,Ministerio de Desarrollo Económico,Ss.Trabajo Industria Y Comercio,Actividades Comunes,Servicios Sociales,Trabajo,Transferencias,Al Sector Público,0.0,0.0,0.0,0.0,0.0,Fiscal
2023,4,Administracion Central,Ministerio de Desarrollo Económico,Ministerio de Desarrollo Económico,Ministerio de Desarrollo Económico,Upe Parque De La Innovación,Parque De La Innovacion,Servicios Económicos,Industria Y Comercio,Transferencias,Al Sector Público,0.0,0.0,0.0,0.0,0.0,Fiscal
2023,4,Administracion Central,Ministerio De Gobierno,Ministerio De Gobierno,Ministerio De Gobierno,Dirección General Gestión Metropolitana,Gestion Metropolitana,Servicios Sociales,Promoción Y Acción Social,Transferencias,Al Sector Público,0.0,0.0,0.0,0.0,0.0,Fiscal
2023,4,Administracion Central,Ministerio De Salud,Ministerio De Salud,Ministerio De Salud,Secretaria De Bienestar Integral,Actividades Comunes,Servicios Sociales,Salud,Bienes De Uso,Construcciones Del Dominio Privado,0.0,0.0,0.0,0.0,0.0,Fiscal
2023,4,Administracion Central,Ministerio De Salud,Ministerio De Salud,Ministerio De Salud,Direccion General Promocion Social Y Bienestar,Promocion Social Y Bienestar,Servicios Sociales,Salud,Bienes De Uso,Construcciones Del Dominio Privado,0.0,0.0,0.0,0.0,0.0,Fiscal
2023,4,Administracion Central,Ministerio de Desarrollo Económico,Ministerio de Desarrollo Económico,Ministerio de Desarrollo Económico,Ss.Administración De Bienes Inmuebles,Parque De La Ciudad,Servicios Sociales,Promoción Y Acción Social,Bienes De Uso,Construcciones Del Dominio Público,0.0,0.0,0.0,0.0,0.0,Fiscal
2023,4,Administracion Central,Ministerio de Desarrollo Económico,Ministerio de Desarrollo Económico,Ministerio de Desarrollo Económico,Ue.Ex Auiii Ley 3396,Recuperacion De La Traza De La Ex-Au3,Servicios Sociales,Vivienda Y Urbanismo,Bienes De Uso,Construcciones Del Dominio Privado,0.0,0.0,0.0,0.0,0.0,Fiscal
2023,4,Administracion Central,Obligaciones A Cargo Del Tesoro,Obligaciones A Cargo Del Tesoro,Obligaciones A Cargo Del Tesoro,Ministerio De Hacienda Y Finanzas - Obligaciones Del Tesoro,Otras Erogaciones No Asignables A Programas,Administración Gubernamental,Dirección Ejecutiva,Bienes De Uso,Maquinaria Y Equipo,0.0,0.0,0.0,0.0,0.0,Fiscal
2023,4,Administracion Central,Obligaciones A Cargo Del Tesoro,Obligaciones A Cargo Del Tesoro,Obligaciones A Cargo Del Tesoro,Ministerio De Hacienda Y Finanzas - Obligaciones Del Tesoro,Otras Erogaciones No Asignables A Programas,Administración Gubernamental,Administración Fiscal,Bienes De Uso,Maquinaria Y Equipo,0.0,0.0,0.0,0.0,0.0,Fiscal
2023,4,Administracion Central,Obligaciones A Cargo Del Tesoro,Obligaciones A Cargo Del Tesoro,Obligaciones A Cargo Del Tesoro,Ministerio De Hacienda Y Finanzas - Obligaciones Del Tesoro,Otras Erogaciones No Asignables A Programas,Servicios Sociales,Vivienda Y Urbanismo,Servicios No Personales,Servicios No Personales,0.0,0.0,0.0,0.0,0.0,Fiscal
2023,4,Administracion Central,Obligaciones A Cargo Del Tesoro,Obligaciones A Cargo Del Tesoro,Obligaciones A Cargo Del Tesoro,Ministerio De Hacienda Y Finanzas - Obligaciones Del Tesoro,Otras Erogaciones No Asignables A Programas,Servicios Sociales,Agua Potable Y Alcantarillado,Servicios No Personales,Servicios No Personales,0.0,0.0,0.0,0.0,0.0,Fiscal
2023,4,Administracion Central,Obligaciones A Cargo Del Tesoro,Obligaciones A Cargo Del Tesoro,Obligaciones A Cargo Del Tesoro,Ministerio De Hacienda Y Finanzas - Obligaciones Del Tesoro,Otras Erogaciones No Asignables A Programas,Servicios Sociales,Agua Potable Y Alcantarillado,Bienes De Uso,Maquinaria Y Equipo,0.0,0.0,0.0,0.0,0.0,Fiscal
2023,4,Administracion Central,Obligaciones A Cargo Del Tesoro,Obligaciones A Cargo Del Tesoro,Obligaciones A Cargo Del Tesoro,Ministerio De Hacienda Y Finanzas - Obligaciones Del Tesoro,Otras Erogaciones No Asignables A Programas,Servicios Sociales,Servicios Urbanos,Bienes De Uso,Maquinaria Y Equipo,0.0,0.0,0.0,0.0,0.0,Fiscal
2023,4,Administracion Central,Obligaciones A Cargo Del Tesoro,Obligaciones A Cargo Del Tesoro,Obligaciones A Cargo Del Tesoro,Ministerio De Hacienda Y Finanzas - Obligaciones Del Tesoro,Otras Erogaciones No Asignables A Programas,Servicios Económicos,Transporte,Bienes De Uso,Maquinaria Y Equipo,0.0,0.0,0.0,0.0,0.0,Fiscal
2023,4,Administracion Central,Obligaciones A Cargo Del Tesoro,Obligaciones A Cargo Del Tesoro,Obligaciones A Cargo Del Tesoro,Ministerio De Hacienda Y Finanzas - Obligaciones Del Tesoro,Otras Erogaciones No Asignables A Programas,Servicios Económicos,Turismo,Bienes De Uso,Maquinaria Y Equipo,0.0,0.0,0.0,0.0,0.0,Fiscal
2023,4,Administracion Central,Obligaciones A Cargo Del Tesoro,Obligaciones A Cargo Del Tesoro,Obligaciones A Cargo Del Tesoro,Ministerio De Hacienda Y Finanzas - Obligaciones Del Tesoro,Otras Erogaciones No Asignables A Programas,Servicios Económicos,Industria Y Comercio,Bienes De Uso,Maquinaria Y Equipo,0.0,0.0,0.0,0.0,0.0,Fiscal
2023,4,Administracion Central,Ministerio De Justicia Y Seguridad,Ministerio De Justicia Y Seguridad,Ministerio De Justicia Y Seguridad,"Secretaría De Administración, Justicia Y Soporte Operativo De Seguridad",Soporte Operativo De Seguridad,Servicios De Seguridad,Seguridad Interior,Bienes De Consumo,Bienes De Consumo,0.0,0.0,0.0,0.0,0.0,Fiscal
2023,4,Administracion Central,Ministerio De Justicia Y Seguridad,Ministerio De Justicia Y Seguridad,Ministerio De Justicia Y Seguridad,"Secretaría De Administración, Justicia Y Soporte Operativo De Seguridad",Actividades Comunes,Servicios De Seguridad,Seguridad Interior,Bienes De Consumo,Bienes De Consumo,0.0,0.0,0.0,0.0,0.0,Fiscal
2023,4,Administracion Central,Ministerio De Desarrollo Humano Y Hábitat,Ministerio De Desarrollo Humano Y Hábitat,Ministerio De Desarrollo Humano Y Hábitat,Consejo Social,Consejo Social,Servicios Sociales,Promoción Y Acción Social,Bienes De Consumo,Bienes De Consumo,0.0,0.0,0.0,0.0,0.0,Fiscal
2023,4,Administracion Central,Consejo De La Magistratura,Consejo De La Magistratura,Consejo De La Magistratura,Consejo De La Magistratura,Justicia Electoral,Administración Gubernamental,Judicial,Bienes De Uso,Activos Intangibles,0.0,0.0,0.0,0.0,0.0,Fiscal
2023,4,Administracion Central,Ministerio de Desarrollo Económico,Secretaria De Deportes,Secretaria De Deportes,Secretaria De Deportes,Eventos Deportivos Y Recreativos,Servicios Sociales,Educación,Transferencias,Al Sector Público,0.0,0.0,0.0,0.0,0.0,Fiscal
2023,4,Administracion Central,Obligaciones A Cargo Del Tesoro,Obligaciones A Cargo Del Tesoro,Obligaciones A Cargo Del Tesoro,Ministerio De Hacienda Y Finanzas - Obligaciones Del Tesoro,Otras Erogaciones No Asignables A Programas,Servicios Sociales,Educación,Transferencias,Al Sector Privado,0.0,0.0,0.0,0.0,0.0,Fiscal
2023,4,Administracion Central,Obligaciones A Cargo Del Tesoro,Obligaciones A Cargo Del Tesoro,Obligaciones A Cargo Del Tesoro,Ministerio De Hacienda Y Finanzas - Obligaciones Del Tesoro,Aportes Con Fines Sociales,Servicios Sociales,Promoción Y Acción Social,Servicios No Personales,Servicios No Personales,0.0,0.0,0.0,0.0,0.0,Fiscal
2023,4,Administracion Central,Jefatura De Gabinete De Ministros,Jefatura De Gabinete De Ministros,Jefatura De Gabinete De Ministros,Dg.Proyec.De Arquitectura,Proyectos De Arquitectura,Servicios Sociales,Vivienda Y Urbanismo,Servicios No Personales,Servicios No Personales,0.0,0.0,0.0,0.0,0.0,Fiscal
2023,4,Organismos Descentralizados,Jefatura De Gobierno,Sec. Ambiente,Agencia Ambiental,Dg.De Control,Control Ambiental,Servicios Económicos,Ecología,Bienes De Uso,Maquinaria Y Equipo,0.0,0.0,0.0,0.0,0.0,Fiscal
2023,4,Administracion Central,Jefatura De Gabinete De Ministros,Jefatura De Gabinete De Ministros,Jefatura De Gabinete De Ministros,Dg Gest..Servs De Movilidad,Regulacion Y Operacion Servicios De Transporte,Servicios Económicos,Transporte,Bienes De Uso,Activos Intangibles,0.0,0.0,0.0,0.0,0.0,Fiscal
2023,4,Administracion Central,Ministerio De Desarrollo Humano Y Hábitat,Ministerio De Desarrollo Humano Y Hábitat,Ministerio De Desarrollo Humano Y Hábitat,Dir. Gral. Desarrollo De Infancias Y Adolescencias,Programa A La Par,Servicios Sociales,Promoción Y Acción Social,Transferencias,Al Sector Privado,0.0,0.0,0.0,0.0,0.0,Fiscal
2023,4,Administracion Central,Ministerio De Desarrollo Humano Y Hábitat,Ministerio De Desarrollo Humano Y Hábitat,Ministerio De Desarrollo Humano Y Hábitat,Upe Urbanizacion Barrio Padre Carlos Mugica,"Obras, Proyectos Y Diseño Urbano",Servicios Sociales,Vivienda Y Urbanismo,Bienes De Uso,Bienes De Uso,0.0,0.0,0.0,0.0,0.0,Fiscal
2023,4,Organismos Descentralizados,Ministerio De Desarrollo Humano Y Hábitat,Ministerio De Desarrollo Humano Y Hábitat,Instituto Para La Vivienda,Inst.De La Vivienda De La Ciudad,Planes De Alquileres Ba,Servicios Sociales,Vivienda Y Urbanismo,Servicios No Personales,Servicios No Personales,0.0,0.0,0.0,0.0,0.0,Fiscal
2023,4,Administracion Central,Obligaciones A Cargo Del Tesoro,Obligaciones A Cargo Del Tesoro,Obligaciones A Cargo Del Tesoro,Ministerio De Hacienda Y Finanzas - Obligaciones Del Tesoro,Otras Erogaciones No Asignables A Programas,Administración Gubernamental,Legislativa,Servicios No Personales,Servicios No Personales,0.0,0.0,0.0,0.0,0.0,Fiscal
2023,4,Administracion Central,Obligaciones A Cargo Del Tesoro,Obligaciones A Cargo Del Tesoro,Obligaciones A Cargo Del Tesoro,Ministerio De Hacienda Y Finanzas - Obligaciones Del Tesoro,Otras Erogaciones No Asignables A Programas,Administración Gubernamental,Judicial,Bienes De Uso,Maquinaria Y Equipo,0.0,0.0,0.0,0.0,0.0,Fiscal
