año,trimestre,caracter,jurisdiccion,subjurisdiccion,entidad,unidad_ejecutora,programa,finalidad,funcion,inciso,economica,sancion_nominal,vigente_nominal,devengado_nominal,vigente_precios_2T2026,devengado_precios_2T2026,universo
2017,4,Administracion Central,Legislatura De La Ciudad De Buenos Aires,Legislatura De La Ciudad De Buenos Aires,Legislatura De La Ciudad De Buenos Aires,Secretaria Administrativa,Formacion Y Sancion De Leyes,Administración Gubernamental,Legislativa,Gastos En Personal,Remuneraciones Al Personal,1836000000.0,2076400000.0,2068814716.51,201016790895.49,200282457749.09,Fiscal
2017,4,Administracion Central,Legislatura De La Ciudad De Buenos Aires,Legislatura De La Ciudad De Buenos Aires,Legislatura De La Ciudad De Buenos Aires,Secretaria Administrativa,Formacion Y Sancion De Leyes,Administración Gubernamental,Legislativa,Bienes De Consumo,Bienes De Consumo,155197100.0,34817100.0,20801883.53,3370651950.63,2013835422.74,Fiscal
2017,4,Administracion Central,Legislatura De La Ciudad De Buenos Aires,Legislatura De La Ciudad De Buenos Aires,Legislatura De La Ciudad De Buenos Aires,Secretaria Administrativa,Formacion Y Sancion De Leyes,Administración Gubernamental,Legislativa,Servicios No Personales,Servicios No Personales,590963559.0,630943559.0,487452495.55,61081799974.17,47190395092.21,Fiscal
2017,4,Administracion Central,Legislatura De La Ciudad De Buenos Aires,Legislatura De La Ciudad De Buenos Aires,Legislatura De La Ciudad De Buenos Aires,Secretaria Administrativa,Formacion Y Sancion De Leyes,Administración Gubernamental,Legislativa,Bienes De Uso,Maquinaria Y Equipo,25670520.0,65873020.0,65487154.14,6377183147.27,6339827379.17,Fiscal
2017,4,Administracion Central,Legislatura De La Ciudad De Buenos Aires,Legislatura De La Ciudad De Buenos Aires,Legislatura De La Ciudad De Buenos Aires,Secretaria Administrativa,Formacion Y Sancion De Leyes,Administración Gubernamental,Legislativa,Bienes De Uso,Activos Intangibles,2760000.0,7560000.0,7490256.35,731885445.56,725133545.78,Fiscal
2017,4,Administracion Central,Legislatura De La Ciudad De Buenos Aires,Legislatura De La Ciudad De Buenos Aires,Legislatura De La Ciudad De Buenos Aires,Secretaria Administrativa,Formacion Y Sancion De Leyes,Administración Gubernamental,Legislativa,Transferencias,Al Sector Privado,10000000.0,10000000.0,75000.0,968102441.22,7260768.31,Fiscal
2017,4,Administracion Central,Legislatura De La Ciudad De Buenos Aires,Legislatura De La Ciudad De Buenos Aires,Legislatura De La Ciudad De Buenos Aires,Secretaria Administrativa,Formacion Y Sancion De Leyes,Administración Gubernamental,Legislativa,Bienes De Uso,Construcciones Del Dominio Privado,31750000.0,26747500.0,16500000.0,2589432004.66,1597369028.02,Fiscal
2017,4,Organismos Descentralizados,Auditoria General De La Ciudad De Buenos Aires,Auditoria General De La Ciudad De Buenos Aires,Auditoria General De La Ciudad De Buenos Aires,Auditoria Ciudad De Buenos Aires,Control Externo,Administración Gubernamental,Control De La Gestión,Gastos En Personal,Remuneraciones Al Personal,562896175.0,622038175.0,602880898.75,60219667575.12,58365046984.64,Fiscal
2017,4,Organismos Descentralizados,Auditoria General De La Ciudad De Buenos Aires,Auditoria General De La Ciudad De Buenos Aires,Auditoria General De La Ciudad De Buenos Aires,Auditoria Ciudad De Buenos Aires,Control Externo,Administración Gubernamental,Control De La Gestión,Bienes De Consumo,Bienes De Consumo,6867494.0,6607735.0,6325658.45,639696438.45,612388538.78,Fiscal
2017,4,Organismos Descentralizados,Auditoria General De La Ciudad De Buenos Aires,Auditoria General De La Ciudad De Buenos Aires,Auditoria General De La Ciudad De Buenos Aires,Auditoria Ciudad De Buenos Aires,Control Externo,Administración Gubernamental,Control De La Gestión,Servicios No Personales,Servicios No Personales,63147588.0,71907347.0,71587551.9,6961367817.26,6930408375.56,Fiscal
2017,4,Organismos Descentralizados,Auditoria General De La Ciudad De Buenos Aires,Auditoria General De La Ciudad De Buenos Aires,Auditoria General De La Ciudad De Buenos Aires,Auditoria Ciudad De Buenos Aires,Control Externo,Administración Gubernamental,Control De La Gestión,Bienes De Uso,Maquinaria Y Equipo,4061227.0,2261227.0,1766418.11,218909937.89,171007368.45,Fiscal
2017,4,Organismos Descentralizados,Auditoria General De La Ciudad De Buenos Aires,Auditoria General De La Ciudad De Buenos Aires,Auditoria General De La Ciudad De Buenos Aires,Auditoria Ciudad De Buenos Aires,Control Externo,Administración Gubernamental,Control De La Gestión,Bienes De Uso,Activos Intangibles,6605891.0,8405891.0,7728699.23,813776359.78,748217259.2,Fiscal
2017,4,Organismos Descentralizados,Auditoria General De La Ciudad De Buenos Aires,Auditoria General De La Ciudad De Buenos Aires,Auditoria General De La Ciudad De Buenos Aires,Auditoria Ciudad De Buenos Aires,Control Externo,Administración Gubernamental,Control De La Gestión,Transferencias,Al Sector Privado,342144.0,542144.0,470107.41,52485092.99,45511213.13,Fiscal
2017,4,Organismos Descentralizados,Defensoria Del Pueblo,Defensoria Del Pueblo,Defensoria Del Pueblo,Defensoria Del Pueblo,Defensa De Los Derechos,Administración Gubernamental,Control De La Gestión,Gastos En Personal,Remuneraciones Al Personal,617575165.0,760532937.0,760523395.43,73627379294.0,73626455572.28,Fiscal
2017,4,Organismos Descentralizados,Defensoria Del Pueblo,Defensoria Del Pueblo,Defensoria Del Pueblo,Defensoria Del Pueblo,Defensa De Los Derechos,Administración Gubernamental,Control De La Gestión,Bienes De Consumo,Bienes De Consumo,9359578.0,9785757.0,9784436.64,947361524.09,947233699.72,Fiscal
2017,4,Organismos Descentralizados,Defensoria Del Pueblo,Defensoria Del Pueblo,Defensoria Del Pueblo,Defensoria Del Pueblo,Defensa De Los Derechos,Administración Gubernamental,Control De La Gestión,Servicios No Personales,Servicios No Personales,150307975.0,157571475.0,156857210.89,15254532961.46,15185384878.6,Fiscal
2017,4,Organismos Descentralizados,Defensoria Del Pueblo,Defensoria Del Pueblo,Defensoria Del Pueblo,Defensoria Del Pueblo,Defensa De Los Derechos,Administración Gubernamental,Control De La Gestión,Bienes De Uso,Maquinaria Y Equipo,26458593.0,6647654.0,6647649.39,643561006.58,643560560.29,Fiscal
2017,4,Organismos Descentralizados,Defensoria Del Pueblo,Defensoria Del Pueblo,Defensoria Del Pueblo,Defensoria Del Pueblo,Defensa De Los Derechos,Administración Gubernamental,Control De La Gestión,Bienes De Uso,Activos Intangibles,2810768.0,1119219.0,1119217.85,108351864.62,108351753.28,Fiscal
2017,4,Organismos Descentralizados,Defensoria Del Pueblo,Defensoria Del Pueblo,Defensoria Del Pueblo,Defensoria Del Pueblo,Defensa De Los Derechos,Administración Gubernamental,Control De La Gestión,Transferencias,Al Sector Externo,120000.0,42680.0,42675.35,4131861.22,4131411.05,Fiscal
2017,4,Organismos Descentralizados,Defensoria Del Pueblo,Defensoria Del Pueblo,Defensoria Del Pueblo,Defensoria Del Pueblo,Regis.Publ.De Bases De Datos Pers.Ley 1845,Administración Gubernamental,Control De La Gestión,Gastos En Personal,Remuneraciones Al Personal,23424835.0,9346085.0,9346078.88,904796770.44,904796177.96,Fiscal
2017,4,Organismos Descentralizados,Defensoria Del Pueblo,Defensoria Del Pueblo,Defensoria Del Pueblo,Defensoria Del Pueblo,Regis.Publ.De Bases De Datos Pers.Ley 1845,Administración Gubernamental,Control De La Gestión,Bienes De Consumo,Bienes De Consumo,132324.0,42752.0,42752.0,4138831.56,4138831.56,Fiscal
2017,4,Organismos Descentralizados,Defensoria Del Pueblo,Defensoria Del Pueblo,Defensoria Del Pueblo,Defensoria Del Pueblo,Regis.Publ.De Bases De Datos Pers.Ley 1845,Administración Gubernamental,Control De La Gestión,Servicios No Personales,Servicios No Personales,454697.0,481445.0,481445.0,46608807.98,46608807.98,Fiscal
2017,4,Organismos Descentralizados,Defensoria Del Pueblo,Defensoria Del Pueblo,Defensoria Del Pueblo,Defensoria Del Pueblo,Regis.Publ.De Bases De Datos Pers.Ley 1845,Administración Gubernamental,Control De La Gestión,Bienes De Uso,Maquinaria Y Equipo,36069.0,0.0,0.0,0.0,0.0,Fiscal
2017,4,Administracion Central,Ministerio Publico,Ministerio Publico,Ministerio Publico,Ministerio Publico,Asesoria General Tutelar,Administración Gubernamental,Judicial,Gastos En Personal,Remuneraciones Al Personal,313660361.0,351010311.0,351010307.91,33981393897.35,33981393598.2,Fiscal
2017,4,Administracion Central,Ministerio Publico,Ministerio Publico,Ministerio Publico,Ministerio Publico,Asesoria General Tutelar,Administración Gubernamental,Judicial,Bienes De Consumo,Bienes De Consumo,2200045.0,3016915.0,3016905.89,292068277.65,292067395.7,Fiscal
2017,4,Administracion Central,Ministerio Publico,Ministerio Publico,Ministerio Publico,Ministerio Publico,Asesoria General Tutelar,Administración Gubernamental,Judicial,Servicios No Personales,Servicios No Personales,16023650.0,21824131.0,21821136.42,2112799449.87,2112509543.85,Fiscal
2017,4,Administracion Central,Ministerio Publico,Ministerio Publico,Ministerio Publico,Ministerio Publico,Asesoria General Tutelar,Administración Gubernamental,Judicial,Bienes De Uso,Maquinaria Y Equipo,4440954.0,12458992.0,12458990.27,1206158057.04,1206157889.56,Fiscal
2017,4,Administracion Central,Ministerio Publico,Ministerio Publico,Ministerio Publico,Ministerio Publico,Asesoria General Tutelar,Administración Gubernamental,Judicial,Bienes De Uso,Activos Intangibles,194625.0,8749526.0,8749525.5,847043748.01,847043699.61,Fiscal
2017,4,Administracion Central,Ministerio Publico,Ministerio Publico,Ministerio Publico,Ministerio Publico,Asesoria General Tutelar,Administración Gubernamental,Judicial,Transferencias,Al Sector Privado,1979570.0,537200.0,537200.0,52006463.14,52006463.14,Fiscal
2017,4,Administracion Central,Ministerio Publico,Ministerio Publico,Ministerio Publico,Ministerio Publico,Ministerio Publico De La Defensa,Administración Gubernamental,Judicial,Gastos En Personal,Remuneraciones Al Personal,1052964746.0,1234286788.0,1234286784.49,119491605263.18,119491604923.37,Fiscal
2017,4,Administracion Central,Ministerio Publico,Ministerio Publico,Ministerio Publico,Ministerio Publico,Ministerio Publico De La Defensa,Administración Gubernamental,Judicial,Bienes De Consumo,Bienes De Consumo,3777566.0,9930819.0,9930808.16,961405011.72,961403962.3,Fiscal
2017,4,Administracion Central,Ministerio Publico,Ministerio Publico,Ministerio Publico,Ministerio Publico,Ministerio Publico De La Defensa,Administración Gubernamental,Judicial,Servicios No Personales,Servicios No Personales,81831001.0,123550837.0,123550796.95,11960986691.48,11960982814.23,Fiscal
2017,4,Administracion Central,Ministerio Publico,Ministerio Publico,Ministerio Publico,Ministerio Publico,Ministerio Publico De La Defensa,Administración Gubernamental,Judicial,Bienes De Uso,Maquinaria Y Equipo,27962277.0,26378757.0,26378753.79,2553733904.81,2553733594.05,Fiscal
2017,4,Administracion Central,Ministerio Publico,Ministerio Publico,Ministerio Publico,Ministerio Publico,Ministerio Publico De La Defensa,Administración Gubernamental,Judicial,Bienes De Uso,Activos Intangibles,1251781.0,13105254.0,13105253.83,1268722839.02,1268722822.57,Fiscal
2017,4,Administracion Central,Ministerio Publico,Ministerio Publico,Ministerio Publico,Ministerio Publico,Ministerio Publico De La Defensa,Administración Gubernamental,Judicial,Transferencias,Al Sector Privado,5215950.0,1640934.0,1640933.02,158859221.13,158859126.25,Fiscal
2017,4,Administracion Central,Ministerio Publico,Ministerio Publico,Ministerio Publico,Ministerio Publico,Ministerio Publico Fiscal,Administración Gubernamental,Judicial,Gastos En Personal,Remuneraciones Al Personal,1379593384.0,1634296982.0,1620170531.54,158216689795.72,156849104678.1,Fiscal
2017,4,Administracion Central,Ministerio Publico,Ministerio Publico,Ministerio Publico,Ministerio Publico,Ministerio Publico Fiscal,Administración Gubernamental,Judicial,Bienes De Consumo,Bienes De Consumo,10238303.0,17228975.0,17199196.78,1667941275.73,1665058438.98,Fiscal
2017,4,Administracion Central,Ministerio Publico,Ministerio Publico,Ministerio Publico,Ministerio Publico,Ministerio Publico Fiscal,Administración Gubernamental,Judicial,Servicios No Personales,Servicios No Personales,105563234.0,94881010.0,93157527.52,9185453740.67,9018602981.04,Fiscal
2017,4,Administracion Central,Ministerio Publico,Ministerio Publico,Ministerio Publico,Ministerio Publico,Ministerio Publico Fiscal,Administración Gubernamental,Judicial,Bienes De Uso,Maquinaria Y Equipo,16968728.0,20736941.0,20704120.4,2007548320.56,2004370950.26,Fiscal
2017,4,Administracion Central,Ministerio Publico,Ministerio Publico,Ministerio Publico,Ministerio Publico,Ministerio Publico Fiscal,Administración Gubernamental,Judicial,Bienes De Uso,Activos Intangibles,7169767.0,14386574.0,14383126.84,1392767741.02,1392434020.62,Fiscal
2017,4,Administracion Central,Ministerio Publico,Ministerio Publico,Ministerio Publico,Ministerio Publico,Ministerio Publico Fiscal,Administración Gubernamental,Judicial,Transferencias,Al Sector Privado,22142323.0,15242131.0,14898314.39,1475594423.05,1442309453.11,Fiscal
2017,4,Administracion Central,Ministerio Publico,Ministerio Publico,Ministerio Publico,Ministerio Publico,Apoyo A Las Funciones De La Seguridad Pública,Servicios De Seguridad,Seguridad Interior,Gastos En Personal,Remuneraciones Al Personal,0.0,6176000.0,0.0,597900067.7,0.0,Fiscal
2017,4,Administracion Central,Ministerio Publico,Ministerio Publico,Ministerio Publico,Ministerio Publico,Apoyo A Las Funciones De La Seguridad Pública,Servicios De Seguridad,Seguridad Interior,Bienes De Consumo,Bienes De Consumo,0.0,3758823.0,3345281.3,363892572.24,323857499.31,Fiscal
2017,4,Administracion Central,Ministerio Publico,Ministerio Publico,Ministerio Publico,Ministerio Publico,Apoyo A Las Funciones De La Seguridad Pública,Servicios De Seguridad,Seguridad Interior,Servicios No Personales,Servicios No Personales,0.0,29615513.0,28999280.0,2867085043.34,2807427376.17,Fiscal
2017,4,Administracion Central,Ministerio Publico,Ministerio Publico,Ministerio Publico,Ministerio Publico,Apoyo A Las Funciones De La Seguridad Pública,Servicios De Seguridad,Seguridad Interior,Bienes De Uso,Maquinaria Y Equipo,0.0,19234485.0,14517627.08,1862095188.42,1405455021.69,Fiscal
2017,4,Administracion Central,Ministerio Publico,Ministerio Publico,Ministerio Publico,Ministerio Publico,Apoyo A Las Funciones De La Seguridad Pública,Servicios De Seguridad,Seguridad Interior,Transferencias,Al Sector Privado,0.0,1802129.0,203058.9,174464548.43,19658181.68,Fiscal
2017,4,Administracion Central,Ministerio Publico,Ministerio Publico,Ministerio Publico,Ministerio Publico,Apoyo A Las Funciones De La Seguridad Pública,Servicios De Seguridad,Seguridad Interior,Servicios No Personales,Servicios No Personales,0.0,1213334.0,1192999.11,117463160.74,115494535.08,Fiscal
2017,4,Administracion Central,Ministerio Publico,Ministerio Publico,Ministerio Publico,Ministerio Publico,Comision Conjunta De Administracion Ministerio Publico,Administración Gubernamental,Judicial,Gastos En Personal,Remuneraciones Al Personal,79540408.0,84949504.0,84949502.0,8223982220.31,8223982026.69,Fiscal
2017,4,Administracion Central,Ministerio Publico,Ministerio Publico,Ministerio Publico,Ministerio Publico,Comision Conjunta De Administracion Ministerio Publico,Administración Gubernamental,Judicial,Bienes De Consumo,Bienes De Consumo,921934.0,1858816.0,1858810.18,179952430.74,179951867.3,Fiscal
2017,4,Administracion Central,Ministerio Publico,Ministerio Publico,Ministerio Publico,Ministerio Publico,Comision Conjunta De Administracion Ministerio Publico,Administración Gubernamental,Judicial,Servicios No Personales,Servicios No Personales,120019770.0,130844045.0,130838977.67,12667043938.4,12666553368.94,Fiscal
2017,4,Administracion Central,Ministerio Publico,Ministerio Publico,Ministerio Publico,Ministerio Publico,Comision Conjunta De Administracion Ministerio Publico,Administración Gubernamental,Judicial,Bienes De Uso,Maquinaria Y Equipo,2257650.0,453189.0,453186.91,43873337.72,43873135.39,Fiscal
2017,4,Administracion Central,Ministerio Publico,Ministerio Publico,Ministerio Publico,Ministerio Publico,Comision Conjunta De Administracion Ministerio Publico,Administración Gubernamental,Judicial,Transferencias,Al Sector Privado,1167750.0,531510.0,531510.0,51455612.85,51455612.85,Fiscal
2017,4,Administracion Central,Tribunal Superior De Justicia,Tribunal Superior De Justicia,Tribunal Superior De Justicia,Tribunal Superior,Actividades Centrales,Administración Gubernamental,Judicial,Gastos En Personal,Remuneraciones Al Personal,142501173.0,131512656.0,98076207.88,12731772332.53,9494781627.45,Fiscal
2017,4,Administracion Central,Tribunal Superior De Justicia,Tribunal Superior De Justicia,Tribunal Superior De Justicia,Tribunal Superior,Actividades Centrales,Administración Gubernamental,Judicial,Bienes De Consumo,Bienes De Consumo,1501925.0,1801559.0,693445.56,174409366.59,67132633.95,Fiscal
2017,4,Administracion Central,Tribunal Superior De Justicia,Tribunal Superior De Justicia,Tribunal Superior De Justicia,Tribunal Superior,Actividades Centrales,Administración Gubernamental,Judicial,Servicios No Personales,Servicios No Personales,18367969.0,15290107.0,8167759.82,1480238991.33,790722822.11,Fiscal
2017,4,Administracion Central,Tribunal Superior De Justicia,Tribunal Superior De Justicia,Tribunal Superior De Justicia,Tribunal Superior,Actividades Centrales,Administración Gubernamental,Judicial,Bienes De Uso,Maquinaria Y Equipo,16746583.0,11246583.0,1459271.08,1088784445.77,141272389.5,Fiscal
2017,4,Administracion Central,Tribunal Superior De Justicia,Tribunal Superior De Justicia,Tribunal Superior De Justicia,Tribunal Superior,Actividades Centrales,Administración Gubernamental,Judicial,Bienes De Uso,Activos Intangibles,4000000.0,9199973.0,4457014.57,890651632.05,431484668.58,Fiscal
2017,4,Administracion Central,Tribunal Superior De Justicia,Tribunal Superior De Justicia,Tribunal Superior De Justicia,Tribunal Superior,Actividades Centrales,Administración Gubernamental,Judicial,Activos Financieros,Concesión De Préstamo De Corto Plazo,500000.0,500000.0,0.0,48405122.06,0.0,Fiscal
2017,4,Administracion Central,Tribunal Superior De Justicia,Tribunal Superior De Justicia,Tribunal Superior De Justicia,Tribunal Superior,Actividades Centrales,Administración Gubernamental,Judicial,Bienes De Uso,Construcciones Del Dominio Privado,2000000.0,2000000.0,1172534.57,193620488.24,113513357.96,Fiscal
2017,4,Administracion Central,Tribunal Superior De Justicia,Tribunal Superior De Justicia,Tribunal Superior De Justicia,Tribunal Superior,Tutela Judicial,Administración Gubernamental,Judicial,Gastos En Personal,Remuneraciones Al Personal,219514294.0,189514294.0,158634887.07,18346925066.8,15357482143.56,Fiscal
2017,4,Administracion Central,Tribunal Superior De Justicia,Tribunal Superior De Justicia,Tribunal Superior De Justicia,Tribunal Superior,Tutela Judicial,Administración Gubernamental,Judicial,Bienes De Consumo,Bienes De Consumo,1697804.0,1351125.0,1040709.61,130802741.09,100751351.4,Fiscal
2017,4,Administracion Central,Tribunal Superior De Justicia,Tribunal Superior De Justicia,Tribunal Superior De Justicia,Tribunal Superior,Tutela Judicial,Administración Gubernamental,Judicial,Servicios No Personales,Servicios No Personales,8132031.0,9489465.0,7575284.7,918677423.24,733365161.1,Fiscal
2017,4,Administracion Central,Tribunal Superior De Justicia,Tribunal Superior De Justicia,Tribunal Superior De Justicia,Tribunal Superior,Tutela Judicial,Administración Gubernamental,Judicial,Bienes De Uso,Maquinaria Y Equipo,5987689.0,5987689.0,2660914.18,579669633.82,257603751.35,Fiscal
2017,4,Administracion Central,Tribunal Superior De Justicia,Tribunal Superior De Justicia,Tribunal Superior De Justicia,Tribunal Superior,Tutela Judicial,Administración Gubernamental,Judicial,Bienes De Uso,Activos Intangibles,198277.0,198277.0,30161.88,19195244.77,2919978.97,Fiscal
2017,4,Administracion Central,Tribunal Superior De Justicia,Tribunal Superior De Justicia,Tribunal Superior De Justicia,Tribunal Superior,Tutela Judicial,Administración Gubernamental,Judicial,Transferencias,Al Sector Privado,515060.0,515060.0,311802.51,49863084.34,30185677.11,Fiscal
2017,4,Administracion Central,Tribunal Superior De Justicia,Tribunal Superior De Justicia,Tribunal Superior De Justicia,Tribunal Superior,Centro De Formacion Judicial,Administración Gubernamental,Judicial,Gastos En Personal,Remuneraciones Al Personal,28800000.0,28800000.0,24257801.24,2788135030.72,2348403659.91,Fiscal
2017,4,Administracion Central,Tribunal Superior De Justicia,Tribunal Superior De Justicia,Tribunal Superior De Justicia,Tribunal Superior,Centro De Formacion Judicial,Administración Gubernamental,Judicial,Bienes De Consumo,Bienes De Consumo,296417.0,296417.0,191227.31,28696202.13,18512762.56,Fiscal
2017,4,Administracion Central,Tribunal Superior De Justicia,Tribunal Superior De Justicia,Tribunal Superior De Justicia,Tribunal Superior,Centro De Formacion Judicial,Administración Gubernamental,Judicial,Servicios No Personales,Servicios No Personales,7175404.0,8464795.0,7573207.15,819478870.4,733164032.98,Fiscal
2017,4,Administracion Central,Tribunal Superior De Justicia,Tribunal Superior De Justicia,Tribunal Superior De Justicia,Tribunal Superior,Centro De Formacion Judicial,Administración Gubernamental,Judicial,Bienes De Uso,Maquinaria Y Equipo,1779574.0,1779574.0,174113.34,172280993.37,16855954.95,Fiscal
2017,4,Administracion Central,Tribunal Superior De Justicia,Tribunal Superior De Justicia,Tribunal Superior De Justicia,Tribunal Superior,Centro De Formacion Judicial,Administración Gubernamental,Judicial,Bienes De Uso,Activos Intangibles,240500.0,240500.0,60323.76,23282863.71,5839957.93,Fiscal
2017,4,Administracion Central,Tribunal Superior De Justicia,Tribunal Superior De Justicia,Tribunal Superior De Justicia,Tribunal Superior,Centro De Formacion Judicial,Administración Gubernamental,Judicial,Transferencias,Al Sector Privado,4012059.0,3816552.0,2493377.73,369481330.83,241384506.73,Fiscal
2017,4,Administracion Central,Tribunal Superior De Justicia,Tribunal Superior De Justicia,Tribunal Superior De Justicia,Tribunal Superior,Oficina De Género,Administración Gubernamental,Judicial,Gastos En Personal,Remuneraciones Al Personal,2973146.0,3961663.0,3570009.79,383529562.16,345613519.29,Fiscal
2017,4,Administracion Central,Tribunal Superior De Justicia,Tribunal Superior De Justicia,Tribunal Superior De Justicia,Tribunal Superior,Oficina De Género,Administración Gubernamental,Judicial,Bienes De Consumo,Bienes De Consumo,500000.0,603647.0,404564.09,58439213.43,39165948.32,Fiscal
2017,4,Administracion Central,Tribunal Superior De Justicia,Tribunal Superior De Justicia,Tribunal Superior De Justicia,Tribunal Superior,Oficina De Género,Administración Gubernamental,Judicial,Servicios No Personales,Servicios No Personales,1500000.0,1964435.0,1092201.8,190177431.91,105736322.89,Fiscal
2017,4,Administracion Central,Consejo De La Magistratura,Consejo De La Magistratura,Consejo De La Magistratura,Consejo De La Magistratura,Actividades Especificas Del Consejo De La Magistratura,Administración Gubernamental,Judicial,Gastos En Personal,Remuneraciones Al Personal,507844147.0,642184363.0,623062183.0,62170024953.54,60318802039.59,Fiscal
2017,4,Administracion Central,Consejo De La Magistratura,Consejo De La Magistratura,Consejo De La Magistratura,Consejo De La Magistratura,Actividades Especificas Del Consejo De La Magistratura,Administración Gubernamental,Judicial,Bienes De Consumo,Bienes De Consumo,8527690.0,7288169.0,7288169.0,705569420.09,705569420.09,Fiscal
2017,4,Administracion Central,Consejo De La Magistratura,Consejo De La Magistratura,Consejo De La Magistratura,Consejo De La Magistratura,Actividades Especificas Del Consejo De La Magistratura,Administración Gubernamental,Judicial,Servicios No Personales,Servicios No Personales,148510485.0,110761562.0,91761562.0,10722853856.58,8883459218.26,Fiscal
2017,4,Administracion Central,Consejo De La Magistratura,Consejo De La Magistratura,Consejo De La Magistratura,Consejo De La Magistratura,Actividades Especificas Del Consejo De La Magistratura,Administración Gubernamental,Judicial,Bienes De Uso,Edificios E Instalaciones,0.0,260000000.0,258096711.0,25170663471.79,24986405599.07,Fiscal
2017,4,Administracion Central,Consejo De La Magistratura,Consejo De La Magistratura,Consejo De La Magistratura,Consejo De La Magistratura,Actividades Especificas Del Consejo De La Magistratura,Administración Gubernamental,Judicial,Bienes De Uso,Maquinaria Y Equipo,20176229.0,5738445.0,5738445.0,555540261.33,555540261.33,Fiscal
2017,4,Administracion Central,Consejo De La Magistratura,Consejo De La Magistratura,Consejo De La Magistratura,Consejo De La Magistratura,Actividades Especificas Del Consejo De La Magistratura,Administración Gubernamental,Judicial,Bienes De Uso,Activos Intangibles,8996387.0,5338560.0,5338560.0,516827296.86,516827296.86,Fiscal
2017,4,Administracion Central,Consejo De La Magistratura,Consejo De La Magistratura,Consejo De La Magistratura,Consejo De La Magistratura,Actividades Especificas Del Consejo De La Magistratura,Administración Gubernamental,Judicial,Transferencias,Al Sector Privado,10061417.0,7892320.0,7892320.0,764057425.89,764057425.89,Fiscal
2017,4,Administracion Central,Consejo De La Magistratura,Consejo De La Magistratura,Consejo De La Magistratura,Consejo De La Magistratura,Actividades Especificas Del Consejo De La Magistratura,Administración Gubernamental,Judicial,Bienes De Uso,Construcciones Del Dominio Privado,60630480.0,13443466.0,13443466.0,1301465225.31,1301465225.31,Fiscal
2017,4,Administracion Central,Consejo De La Magistratura,Consejo De La Magistratura,Consejo De La Magistratura,Consejo De La Magistratura,"Justicia Contenciosa, Administrativa Y Tributaria",Administración Gubernamental,Judicial,Gastos En Personal,Remuneraciones Al Personal,748193414.0,864877877.0,864877877.0,83729038408.32,83729038408.32,Fiscal
2017,4,Administracion Central,Consejo De La Magistratura,Consejo De La Magistratura,Consejo De La Magistratura,Consejo De La Magistratura,"Justicia Contenciosa, Administrativa Y Tributaria",Administración Gubernamental,Judicial,Bienes De Consumo,Bienes De Consumo,4186659.0,4818391.0,4818391.0,466469608.99,466469608.99,Fiscal
2017,4,Administracion Central,Consejo De La Magistratura,Consejo De La Magistratura,Consejo De La Magistratura,Consejo De La Magistratura,"Justicia Contenciosa, Administrativa Y Tributaria",Administración Gubernamental,Judicial,Servicios No Personales,Servicios No Personales,86410069.0,91198380.0,91198380.0,8828937431.36,8828937431.36,Fiscal
2017,4,Administracion Central,Consejo De La Magistratura,Consejo De La Magistratura,Consejo De La Magistratura,Consejo De La Magistratura,"Justicia Contenciosa, Administrativa Y Tributaria",Administración Gubernamental,Judicial,Bienes De Uso,Maquinaria Y Equipo,38651655.0,11346701.0,11346701.0,1098476893.79,1098476893.79,Fiscal
2017,4,Administracion Central,Consejo De La Magistratura,Consejo De La Magistratura,Consejo De La Magistratura,Consejo De La Magistratura,"Justicia Contenciosa, Administrativa Y Tributaria",Administración Gubernamental,Judicial,Bienes De Uso,Activos Intangibles,19596906.0,16456153.0,16456153.0,1593124189.24,1593124189.24,Fiscal
2017,4,Administracion Central,Consejo De La Magistratura,Consejo De La Magistratura,Consejo De La Magistratura,Consejo De La Magistratura,"Justicia Penal, Contravencional Y De Faltas",Administración Gubernamental,Judicial,Gastos En Personal,Remuneraciones Al Personal,594769911.0,648453581.0,648453581.0,62776949478.57,62776949478.57,Fiscal
2017,4,Administracion Central,Consejo De La Magistratura,Consejo De La Magistratura,Consejo De La Magistratura,Consejo De La Magistratura,"Justicia Penal, Contravencional Y De Faltas",Administración Gubernamental,Judicial,Bienes De Consumo,Bienes De Consumo,3228034.0,4501440.0,4501440.0,435785505.3,435785505.3,Fiscal
2017,4,Administracion Central,Consejo De La Magistratura,Consejo De La Magistratura,Consejo De La Magistratura,Consejo De La Magistratura,"Justicia Penal, Contravencional Y De Faltas",Administración Gubernamental,Judicial,Servicios No Personales,Servicios No Personales,48963164.0,57686504.0,57686504.0,5584644534.8,5584644534.8,Fiscal
2017,4,Administracion Central,Consejo De La Magistratura,Consejo De La Magistratura,Consejo De La Magistratura,Consejo De La Magistratura,"Justicia Penal, Contravencional Y De Faltas",Administración Gubernamental,Judicial,Bienes De Uso,Maquinaria Y Equipo,27420673.0,29525602.0,29525602.0,2858380737.48,2858380737.48,Fiscal
2017,4,Administracion Central,Consejo De La Magistratura,Consejo De La Magistratura,Consejo De La Magistratura,Consejo De La Magistratura,"Justicia Penal, Contravencional Y De Faltas",Administración Gubernamental,Judicial,Bienes De Uso,Activos Intangibles,12883642.0,12526023.0,12526023.0,1212647344.51,1212647344.51,Fiscal
2017,4,Administracion Central,Consejo De La Magistratura,Consejo De La Magistratura,Consejo De La Magistratura,Consejo De La Magistratura,Metodos Alternativos De Resolucion De Conflictos Y Justicia Vecinal,Administración Gubernamental,Judicial,Gastos En Personal,Remuneraciones Al Personal,48465682.0,57719631.0,57719631.0,5587851567.76,5587851567.76,Fiscal
2017,4,Administracion Central,Consejo De La Magistratura,Consejo De La Magistratura,Consejo De La Magistratura,Consejo De La Magistratura,Metodos Alternativos De Resolucion De Conflictos Y Justicia Vecinal,Administración Gubernamental,Judicial,Bienes De Consumo,Bienes De Consumo,203913.0,551691.0,551691.0,53409340.39,53409340.39,Fiscal
2017,4,Administracion Central,Consejo De La Magistratura,Consejo De La Magistratura,Consejo De La Magistratura,Consejo De La Magistratura,Metodos Alternativos De Resolucion De Conflictos Y Justicia Vecinal,Administración Gubernamental,Judicial,Servicios No Personales,Servicios No Personales,4183610.0,3213657.0,3213657.0,311114918.7,311114918.7,Fiscal
2017,4,Administracion Central,Consejo De La Magistratura,Consejo De La Magistratura,Consejo De La Magistratura,Consejo De La Magistratura,Metodos Alternativos De Resolucion De Conflictos Y Justicia Vecinal,Administración Gubernamental,Judicial,Bienes De Uso,Maquinaria Y Equipo,2073870.0,351281.0,351281.0,34007599.37,34007599.37,Fiscal
2017,4,Administracion Central,Consejo De La Magistratura,Consejo De La Magistratura,Consejo De La Magistratura,Consejo De La Magistratura,Metodos Alternativos De Resolucion De Conflictos Y Justicia Vecinal,Administración Gubernamental,Judicial,Bienes De Uso,Activos Intangibles,774607.0,453477.0,453477.0,43901219.07,43901219.07,Fiscal
2017,4,Administracion Central,Consejo De La Magistratura,Consejo De La Magistratura,Consejo De La Magistratura,Consejo De La Magistratura,Actividades Operativas Y Comunes Del Poder Judicial,Administración Gubernamental,Judicial,Gastos En Personal,Remuneraciones Al Personal,601698534.0,706910277.0,706910277.0,68436156488.91,68436156488.91,Fiscal
2017,4,Administracion Central,Consejo De La Magistratura,Consejo De La Magistratura,Consejo De La Magistratura,Consejo De La Magistratura,Actividades Operativas Y Comunes Del Poder Judicial,Administración Gubernamental,Judicial,Bienes De Consumo,Bienes De Consumo,5270481.0,13029293.0,13029293.0,1261369036.07,1261369036.07,Fiscal
2017,4,Administracion Central,Consejo De La Magistratura,Consejo De La Magistratura,Consejo De La Magistratura,Consejo De La Magistratura,Actividades Operativas Y Comunes Del Poder Judicial,Administración Gubernamental,Judicial,Servicios No Personales,Servicios No Personales,109831242.0,172507389.0,172507389.0,16700482441.99,16700482441.99,Fiscal
2017,4,Administracion Central,Consejo De La Magistratura,Consejo De La Magistratura,Consejo De La Magistratura,Consejo De La Magistratura,Actividades Operativas Y Comunes Del Poder Judicial,Administración Gubernamental,Judicial,Bienes De Uso,Maquinaria Y Equipo,43486906.0,21603652.0,19708091.0,2091454824.05,1907945100.89,Fiscal
2017,4,Administracion Central,Consejo De La Magistratura,Consejo De La Magistratura,Consejo De La Magistratura,Consejo De La Magistratura,Actividades Operativas Y Comunes Del Poder Judicial,Administración Gubernamental,Judicial,Bienes De Uso,Activos Intangibles,14544330.0,24377604.0,24377604.0,2360001794.36,2360001794.36,Fiscal
2017,4,Organismos Descentralizados,Sindicatura General De La Ciudad De Buenos Aires,Sindicatura General De La Ciudad De Buenos Aires,Sindicatura General De La Ciudad De Buenos Aires,Sindicatura General De La Ciudad De Buenos Aires,Control Interno Del Gobierno Central Y Organismos Descentralizados,Administración Gubernamental,Control De La Gestión,Gastos En Personal,Remuneraciones Al Personal,100252529.0,119705492.0,119676206.15,11588717903.3,11585882733.01,Fiscal
2017,4,Organismos Descentralizados,Sindicatura General De La Ciudad De Buenos Aires,Sindicatura General De La Ciudad De Buenos Aires,Sindicatura General De La Ciudad De Buenos Aires,Sindicatura General De La Ciudad De Buenos Aires,Control Interno Del Gobierno Central Y Organismos Descentralizados,Administración Gubernamental,Control De La Gestión,Bienes De Consumo,Bienes De Consumo,654063.0,409425.0,395805.49,39636534.2,38318026.11,Fiscal
2017,4,Organismos Descentralizados,Sindicatura General De La Ciudad De Buenos Aires,Sindicatura General De La Ciudad De Buenos Aires,Sindicatura General De La Ciudad De Buenos Aires,Sindicatura General De La Ciudad De Buenos Aires,Control Interno Del Gobierno Central Y Organismos Descentralizados,Administración Gubernamental,Control De La Gestión,Servicios No Personales,Servicios No Personales,18647215.0,22974854.0,22541469.06,2224201224.41,2182245122.57,Fiscal
2017,4,Organismos Descentralizados,Sindicatura General De La Ciudad De Buenos Aires,Sindicatura General De La Ciudad De Buenos Aires,Sindicatura General De La Ciudad De Buenos Aires,Sindicatura General De La Ciudad De Buenos Aires,Control Interno Del Gobierno Central Y Organismos Descentralizados,Administración Gubernamental,Control De La Gestión,Bienes De Uso,Maquinaria Y Equipo,810500.0,670979.0,670976.78,64957640.79,64957425.87,Fiscal
2017,4,Organismos Descentralizados,Sindicatura General De La Ciudad De Buenos Aires,Sindicatura General De La Ciudad De Buenos Aires,Sindicatura General De La Ciudad De Buenos Aires,Sindicatura General De La Ciudad De Buenos Aires,Control Interno Del Gobierno Central Y Organismos Descentralizados,Administración Gubernamental,Control De La Gestión,Bienes De Uso,Activos Intangibles,565000.0,429355.0,429355.0,41565962.37,41565962.37,Fiscal
2017,4,Administracion Central,Procuracion General De La Ciudad,Procuracion General De La Ciudad,Procuracion General De La Ciudad,Procuracion General De La Ciudad,Actividades Centrales Procuración General,Administración Gubernamental,Dirección Ejecutiva,Gastos En Personal,Remuneraciones Al Personal,145199610.0,174576634.0,174555866.35,16900806555.58,16898796034.32,Fiscal
2017,4,Administracion Central,Procuracion General De La Ciudad,Procuracion General De La Ciudad,Procuracion General De La Ciudad,Procuracion General De La Ciudad,Actividades Centrales Procuración General,Administración Gubernamental,Dirección Ejecutiva,Bienes De Consumo,Bienes De Consumo,3918282.0,3276643.0,3044222.66,317212608.73,294711938.88,Fiscal
2017,4,Administracion Central,Procuracion General De La Ciudad,Procuracion General De La Ciudad,Procuracion General De La Ciudad,Procuracion General De La Ciudad,Actividades Centrales Procuración General,Administración Gubernamental,Dirección Ejecutiva,Servicios No Personales,Servicios No Personales,35865633.0,29586327.0,29586314.26,2864259539.55,2864258306.19,Fiscal
2017,4,Administracion Central,Procuracion General De La Ciudad,Procuracion General De La Ciudad,Procuracion General De La Ciudad,Procuracion General De La Ciudad,Actividades Centrales Procuración General,Administración Gubernamental,Dirección Ejecutiva,Servicios No Personales,Impuestos Directos,0.0,10994.0,10993.2,1064331.82,1064254.38,Fiscal
2017,4,Administracion Central,Procuracion General De La Ciudad,Procuracion General De La Ciudad,Procuracion General De La Ciudad,Procuracion General De La Ciudad,Actividades Centrales Procuración General,Administración Gubernamental,Dirección Ejecutiva,Bienes De Uso,Maquinaria Y Equipo,3958580.0,4479760.0,4457273.42,433686659.21,431509727.91,Fiscal
2017,4,Administracion Central,Procuracion General De La Ciudad,Procuracion General De La Ciudad,Procuracion General De La Ciudad,Procuracion General De La Ciudad,Actividades Centrales Procuración General,Administración Gubernamental,Dirección Ejecutiva,Bienes De Uso,Activos Intangibles,0.0,15857.0,15514.0,1535120.04,1501914.13,Fiscal
2017,4,Administracion Central,Procuracion General De La Ciudad,Procuracion General De La Ciudad,Procuracion General De La Ciudad,Procuracion General De La Ciudad,Actividades Centrales Procuración General,Administración Gubernamental,Control De La Gestión,Gastos En Personal,Remuneraciones Al Personal,8933456.0,15117157.0,15117149.68,1463495659.6,1463494950.95,Fiscal
2017,4,Administracion Central,Procuracion General De La Ciudad,Procuracion General De La Ciudad,Procuracion General De La Ciudad,Procuracion General De La Ciudad,Actividades Centrales Procuración General,Administración Gubernamental,Control De La Gestión,Bienes De Consumo,Bienes De Consumo,44000.0,28798.0,28795.86,2787941.41,2787734.24,Fiscal
2017,4,Administracion Central,Procuracion General De La Ciudad,Procuracion General De La Ciudad,Procuracion General De La Ciudad,Procuracion General De La Ciudad,Actividades Centrales Procuración General,Administración Gubernamental,Control De La Gestión,Servicios No Personales,Servicios No Personales,240635.0,199971.0,199971.0,19359241.33,19359241.33,Fiscal
2017,4,Administracion Central,Procuracion General De La Ciudad,Procuracion General De La Ciudad,Procuracion General De La Ciudad,Procuracion General De La Ciudad,Actividades Centrales Procuración General,Administración Gubernamental,Control De La Gestión,Bienes De Uso,Maquinaria Y Equipo,5500.0,5500.0,4098.16,532456.34,396743.87,Fiscal
2017,4,Administracion Central,Procuracion General De La Ciudad,Procuracion General De La Ciudad,Procuracion General De La Ciudad,Procuracion General De La Ciudad,Actividades Centrales Procuración General,Administración Gubernamental,Dirección Ejecutiva,Bienes De Uso,Construcciones Del Dominio Privado,26700000.0,20799160.0,20799159.53,2013571757.14,2013571711.64,Fiscal
2017,4,Administracion Central,Procuracion General De La Ciudad,Procuracion General De La Ciudad,Procuracion General De La Ciudad,Procuracion General De La Ciudad,Actividades Centrales Procuración General,Administración Gubernamental,Dirección Ejecutiva,Bienes De Uso,Bienes De Uso,4300000.0,4300000.0,4296880.0,416284049.73,415982001.76,Fiscal
2017,4,Administracion Central,Procuracion General De La Ciudad,Procuracion General De La Ciudad,Procuracion General De La Ciudad,Procuracion General De La Ciudad,Actividades Centrales Procuración General,Administración Gubernamental,Dirección Ejecutiva,Activos Financieros,Activos Financieros,9000000.0,0.0,0.0,0.0,0.0,Fiscal
2017,4,Administracion Central,Procuracion General De La Ciudad,Procuracion General De La Ciudad,Procuracion General De La Ciudad,Procuracion General De La Ciudad,Asuntos Patrimoniales Y Fiscales,Administración Gubernamental,Dirección Ejecutiva,Gastos En Personal,Remuneraciones Al Personal,173286270.0,247057922.0,247057898.52,23917737741.16,23917735468.06,Fiscal
2017,4,Administracion Central,Procuracion General De La Ciudad,Procuracion General De La Ciudad,Procuracion General De La Ciudad,Procuracion General De La Ciudad,Asuntos Patrimoniales Y Fiscales,Administración Gubernamental,Dirección Ejecutiva,Bienes De Consumo,Bienes De Consumo,922955.0,115278.0,115271.76,11160091.32,11159487.23,Fiscal
2017,4,Administracion Central,Procuracion General De La Ciudad,Procuracion General De La Ciudad,Procuracion General De La Ciudad,Procuracion General De La Ciudad,Asuntos Patrimoniales Y Fiscales,Administración Gubernamental,Dirección Ejecutiva,Servicios No Personales,Servicios No Personales,16800013.0,10550322.0,10390307.17,1021379248.39,1005888173.63,Fiscal
2017,4,Administracion Central,Procuracion General De La Ciudad,Procuracion General De La Ciudad,Procuracion General De La Ciudad,Procuracion General De La Ciudad,Asuntos Patrimoniales Y Fiscales,Administración Gubernamental,Dirección Ejecutiva,Bienes De Uso,Maquinaria Y Equipo,51000.0,51000.0,3126.04,4937322.45,302632.7,Fiscal
2017,4,Administracion Central,Procuracion General De La Ciudad,Procuracion General De La Ciudad,Procuracion General De La Ciudad,Procuracion General De La Ciudad,"Asuntos Institucionales, Empleo Publico Y Penales",Administración Gubernamental,Dirección Ejecutiva,Gastos En Personal,Remuneraciones Al Personal,238197997.0,279002882.0,279002846.08,27010337117.24,27010333639.81,Fiscal
2017,4,Administracion Central,Procuracion General De La Ciudad,Procuracion General De La Ciudad,Procuracion General De La Ciudad,Procuracion General De La Ciudad,"Asuntos Institucionales, Empleo Publico Y Penales",Administración Gubernamental,Dirección Ejecutiva,Bienes De Consumo,Bienes De Consumo,205810.0,392336.0,392330.61,37982143.94,37981622.13,Fiscal
2017,4,Administracion Central,Procuracion General De La Ciudad,Procuracion General De La Ciudad,Procuracion General De La Ciudad,Procuracion General De La Ciudad,"Asuntos Institucionales, Empleo Publico Y Penales",Administración Gubernamental,Dirección Ejecutiva,Servicios No Personales,Servicios No Personales,3789065.0,4532430.0,4531716.3,438785654.77,438716561.3,Fiscal
2017,4,Administracion Central,Procuracion General De La Ciudad,Procuracion General De La Ciudad,Procuracion General De La Ciudad,Procuracion General De La Ciudad,"Asuntos Institucionales, Empleo Publico Y Penales",Administración Gubernamental,Dirección Ejecutiva,Bienes De Uso,Maquinaria Y Equipo,30405.0,150405.0,137047.31,14560744.77,13267583.54,Fiscal
2017,4,Administracion Central,Jefatura De Gobierno,Jefatura De Gobierno,Jefatura De Gobierno,Jefe De Gobierno,Conduccion Superior,Administración Gubernamental,Dirección Ejecutiva,Gastos En Personal,Remuneraciones Al Personal,8035642.0,10309227.0,10308796.94,998038782.58,997997148.37,Fiscal
2017,4,Administracion Central,Jefatura De Gobierno,Jefatura De Gobierno,Jefatura De Gobierno,Jefe De Gobierno,Conduccion Superior,Administración Gubernamental,Dirección Ejecutiva,Bienes De Consumo,Bienes De Consumo,718229.0,661690.0,421684.03,64058370.43,40823333.89,Fiscal
2017,4,Administracion Central,Jefatura De Gobierno,Jefatura De Gobierno,Jefatura De Gobierno,Jefe De Gobierno,Conduccion Superior,Administración Gubernamental,Dirección Ejecutiva,Servicios No Personales,Servicios No Personales,15556219.0,19545802.0,16716303.79,1892233863.19,1618309450.73,Fiscal
2017,4,Administracion Central,Jefatura De Gobierno,Jefatura De Gobierno,Jefatura De Gobierno,Jefe De Gobierno,Conduccion Superior,Administración Gubernamental,Dirección Ejecutiva,Bienes De Uso,Maquinaria Y Equipo,480000.0,647022.0,597020.71,62638357.77,57797720.68,Fiscal
2017,4,Administracion Central,Jefatura De Gobierno,Jefatura De Gobierno,Jefatura De Gobierno,Subsecretaria De Contenidos,"Actividades Comunes A Los Programas 19, 26 Y 27",Administración Gubernamental,Dirección Ejecutiva,Gastos En Personal,Remuneraciones Al Personal,10365783.0,17948937.0,17948926.65,1737640972.71,1737639970.72,Fiscal
2017,4,Administracion Central,Jefatura De Gobierno,Jefatura De Gobierno,Jefatura De Gobierno,Subsecretaria De Contenidos,"Actividades Comunes A Los Programas 19, 26 Y 27",Administración Gubernamental,Dirección Ejecutiva,Bienes De Consumo,Bienes De Consumo,1330800.0,421580.0,421248.8,40813262.72,40781199.16,Fiscal
2017,4,Administracion Central,Jefatura De Gobierno,Jefatura De Gobierno,Jefatura De Gobierno,Subsecretaria De Contenidos,"Actividades Comunes A Los Programas 19, 26 Y 27",Administración Gubernamental,Dirección Ejecutiva,Servicios No Personales,Servicios No Personales,62739850.0,117863770.0,117863766.4,11410420346.87,11410419998.35,Fiscal
2017,4,Administracion Central,Jefatura De Gobierno,Jefatura De Gobierno,Jefatura De Gobierno,Subsecretaria De Contenidos,"Actividades Comunes A Los Programas 19, 26 Y 27",Administración Gubernamental,Dirección Ejecutiva,Bienes De Uso,Maquinaria Y Equipo,10000000.0,2492766.0,2492763.61,241325285.0,241325053.62,Fiscal
2017,4,Administracion Central,Jefatura De Gobierno,Jefatura De Gobierno,Jefatura De Gobierno,Subsecretaria De Contenidos,"Actividades Comunes A Los Programas 19, 26 Y 27",Administración Gubernamental,Dirección Ejecutiva,Bienes De Uso,Activos Intangibles,0.0,2765343.0,2765342.32,267713530.91,267713465.08,Fiscal
2017,4,Administracion Central,Jefatura De Gobierno,Jefatura De Gobierno,Jefatura De Gobierno,Dir.Gral.Contenidos Y Marcas,Contenidos,Administración Gubernamental,Dirección Ejecutiva,Gastos En Personal,Remuneraciones Al Personal,12503407.0,12925528.0,12925524.56,1251323521.09,1251323188.06,Fiscal
2017,4,Administracion Central,Jefatura De Gobierno,Jefatura De Gobierno,Jefatura De Gobierno,Dir.Gral.Contenidos Y Marcas,Contenidos,Administración Gubernamental,Dirección Ejecutiva,Bienes De Consumo,Bienes De Consumo,290400.0,48905.0,48903.74,4734504.99,4734383.01,Fiscal
2017,4,Administracion Central,Jefatura De Gobierno,Jefatura De Gobierno,Jefatura De Gobierno,Dir.Gral.Contenidos Y Marcas,Contenidos,Administración Gubernamental,Dirección Ejecutiva,Servicios No Personales,Servicios No Personales,96350935.0,79364862.0,77724861.04,7683331664.95,7524562771.65,Fiscal
2017,4,Administracion Central,Jefatura De Gobierno,Jefatura De Gobierno,Jefatura De Gobierno,Dir.Gral.Contenidos Y Marcas,Contenidos,Administración Gubernamental,Dirección Ejecutiva,Bienes De Uso,Activos Intangibles,0.0,19700.0,19700.0,1907161.81,1907161.81,Fiscal
2017,4,Administracion Central,Jefatura De Gobierno,Jefatura De Gobierno,Jefatura De Gobierno,Dir.Gral.Contenidos Y Marcas,Produccion General De Contenidos Del Gcba,Administración Gubernamental,Dirección Ejecutiva,Gastos En Personal,Remuneraciones Al Personal,2524215.0,911510.0,911508.58,88243505.62,88243368.15,Fiscal
2017,4,Administracion Central,Jefatura De Gobierno,Jefatura De Gobierno,Jefatura De Gobierno,Dir.Gral.Contenidos Y Marcas,Produccion General De Contenidos Del Gcba,Administración Gubernamental,Dirección Ejecutiva,Bienes De Consumo,Bienes De Consumo,290400.0,0.0,0.0,0.0,0.0,Fiscal
2017,4,Administracion Central,Jefatura De Gobierno,Jefatura De Gobierno,Jefatura De Gobierno,Dir.Gral.Contenidos Y Marcas,Produccion General De Contenidos Del Gcba,Administración Gubernamental,Dirección Ejecutiva,Servicios No Personales,Servicios No Personales,44325600.0,0.0,0.0,0.0,0.0,Fiscal
2017,4,Administracion Central,Jefatura De Gobierno,Jefatura De Gobierno,Jefatura De Gobierno,Direccion General De Opinion Publica,Opinion Publica,Administración Gubernamental,Dirección Ejecutiva,Gastos En Personal,Remuneraciones Al Personal,2524215.0,4032541.0,4032538.76,390391278.64,390391061.79,Fiscal
2017,4,Administracion Central,Jefatura De Gobierno,Jefatura De Gobierno,Jefatura De Gobierno,Direccion General De Opinion Publica,Opinion Publica,Administración Gubernamental,Dirección Ejecutiva,Bienes De Consumo,Bienes De Consumo,209300.0,68145.0,68096.84,6597134.09,6592471.7,Fiscal
2017,4,Administracion Central,Jefatura De Gobierno,Jefatura De Gobierno,Jefatura De Gobierno,Direccion General De Opinion Publica,Opinion Publica,Administración Gubernamental,Dirección Ejecutiva,Servicios No Personales,Servicios No Personales,15902273.0,16142124.0,16142122.46,1562722965.09,1562722816.0,Fiscal
2017,4,Administracion Central,Jefatura De Gobierno,Jefatura De Gobierno,Jefatura De Gobierno,Direccion General De Opinion Publica,Opinion Publica,Administración Gubernamental,Dirección Ejecutiva,Bienes De Uso,Maquinaria Y Equipo,136400.0,15852.0,15851.87,1534635.99,1534623.4,Fiscal
2017,4,Administracion Central,Jefatura De Gobierno,Jefatura De Gobierno,Jefatura De Gobierno,Direccion General Comunicacion Directa,Comunicacion Directa,Administración Gubernamental,Dirección Ejecutiva,Gastos En Personal,Remuneraciones Al Personal,2524215.0,3996465.0,3996461.78,386898752.28,386898440.55,Fiscal
2017,4,Administracion Central,Jefatura De Gobierno,Jefatura De Gobierno,Jefatura De Gobierno,Direccion General Comunicacion Directa,Comunicacion Directa,Administración Gubernamental,Dirección Ejecutiva,Bienes De Consumo,Bienes De Consumo,3312800.0,63197.0,63130.19,6118117.0,6111649.11,Fiscal
2017,4,Administracion Central,Jefatura De Gobierno,Jefatura De Gobierno,Jefatura De Gobierno,Direccion General Comunicacion Directa,Comunicacion Directa,Administración Gubernamental,Dirección Ejecutiva,Servicios No Personales,Servicios No Personales,19210785.0,6003355.0,5743231.1,581186263.1,556003604.84,Fiscal
2017,4,Administracion Central,Jefatura De Gobierno,Jefatura De Gobierno,Jefatura De Gobierno,Direccion General Comunicacion Directa,Comunicacion Directa,Administración Gubernamental,Dirección Ejecutiva,Bienes De Uso,Maquinaria Y Equipo,774000.0,4671.0,4670.47,452200.65,452149.34,Fiscal
2017,4,Administracion Central,Jefatura De Gobierno,Jefatura De Gobierno,Jefatura De Gobierno,Direccion General Comunicacion Participativa,Comunicacion Participativa,Administración Gubernamental,Dirección Ejecutiva,Gastos En Personal,Remuneraciones Al Personal,2524215.0,5043511.0,5043504.24,488263531.14,488262876.71,Fiscal
2017,4,Administracion Central,Jefatura De Gobierno,Jefatura De Gobierno,Jefatura De Gobierno,Direccion General Comunicacion Participativa,Comunicacion Participativa,Administración Gubernamental,Dirección Ejecutiva,Bienes De Consumo,Bienes De Consumo,5857560.0,3252415.0,3252230.83,314867090.14,314849260.59,Fiscal
2017,4,Administracion Central,Jefatura De Gobierno,Jefatura De Gobierno,Jefatura De Gobierno,Direccion General Comunicacion Participativa,Comunicacion Participativa,Administración Gubernamental,Dirección Ejecutiva,Servicios No Personales,Servicios No Personales,55183735.0,38295002.0,36181825.4,3707348492.28,3502771349.76,Fiscal
2017,4,Administracion Central,Jefatura De Gobierno,Jefatura De Gobierno,Jefatura De Gobierno,Direccion General Comunicacion Participativa,Comunicacion Participativa,Administración Gubernamental,Dirección Ejecutiva,Bienes De Uso,Maquinaria Y Equipo,4132300.0,3632781.0,3557660.79,351690415.45,344418009.58,Fiscal
2017,4,Administracion Central,Jefatura De Gobierno,Jefatura De Gobierno,Jefatura De Gobierno,Direccion General Eventos De Gobierno,Diseño De Eventos De Gobierno,Administración Gubernamental,Dirección Ejecutiva,Gastos En Personal,Remuneraciones Al Personal,2524215.0,6610957.0,6610953.43,640008361.05,640008015.44,Fiscal
2017,4,Administracion Central,Jefatura De Gobierno,Jefatura De Gobierno,Jefatura De Gobierno,Direccion General Eventos De Gobierno,Diseño De Eventos De Gobierno,Administración Gubernamental,Dirección Ejecutiva,Bienes De Consumo,Bienes De Consumo,4290400.0,1396377.0,1396374.77,135183598.26,135183382.37,Fiscal
2017,4,Administracion Central,Jefatura De Gobierno,Jefatura De Gobierno,Jefatura De Gobierno,Direccion General Eventos De Gobierno,Diseño De Eventos De Gobierno,Administración Gubernamental,Dirección Ejecutiva,Servicios No Personales,Servicios No Personales,56727600.0,105814891.0,105354350.53,10243965429.48,10199380394.15,Fiscal
2017,4,Administracion Central,Jefatura De Gobierno,Jefatura De Gobierno,Jefatura De Gobierno,Direccion General Eventos De Gobierno,Diseño De Eventos De Gobierno,Administración Gubernamental,Dirección Ejecutiva,Bienes De Uso,Maquinaria Y Equipo,0.0,4114286.0,4114284.56,398305032.05,398304892.64,Fiscal
2017,4,Administracion Central,Jefatura De Gobierno,Jefatura De Gobierno,Jefatura De Gobierno,Direccion General Eventos De Gobierno,Diseño De Eventos De Gobierno,Administración Gubernamental,Dirección Ejecutiva,Bienes De Uso,Activos Intangibles,0.0,78800.0,78800.0,7628647.24,7628647.24,Fiscal
2017,4,Administracion Central,Jefatura De Gobierno,Jefatura De Gobierno,Jefatura De Gobierno,Direccion General Eventos De Gobierno,Diseño De Eventos De Gobierno,Administración Gubernamental,Dirección Ejecutiva,Activos Financieros,Activos Financieros,0.0,6916111.0,6916110.0,669550394.29,669550297.48,Fiscal
2017,4,Administracion Central,Jefatura De Gobierno,Jefatura De Gobierno,Jefatura De Gobierno,Upe Estrategia Y Comunicacion Digital,Comunicacion Digital,Administración Gubernamental,Dirección Ejecutiva,Gastos En Personal,Remuneraciones Al Personal,2524215.0,5599099.0,5599093.27,542050141.05,542049586.33,Fiscal
2017,4,Administracion Central,Jefatura De Gobierno,Jefatura De Gobierno,Jefatura De Gobierno,Upe Estrategia Y Comunicacion Digital,Comunicacion Digital,Administración Gubernamental,Dirección Ejecutiva,Bienes De Consumo,Bienes De Consumo,281100.0,72444.0,72052.29,7013321.33,6975399.78,Fiscal
2017,4,Administracion Central,Jefatura De Gobierno,Jefatura De Gobierno,Jefatura De Gobierno,Upe Estrategia Y Comunicacion Digital,Comunicacion Digital,Administración Gubernamental,Dirección Ejecutiva,Servicios No Personales,Servicios No Personales,17652975.0,11338652.0,11338651.24,1097697668.14,1097697594.56,Fiscal
2017,4,Administracion Central,Jefatura De Gobierno,Jefatura De Gobierno,Jefatura De Gobierno,Upe Estrategia Y Comunicacion Digital,Comunicacion Digital,Administración Gubernamental,Dirección Ejecutiva,Bienes De Uso,Maquinaria Y Equipo,1080500.0,438974.0,438973.6,42497180.1,42497141.38,Fiscal
2017,4,Administracion Central,Jefatura De Gobierno,Jefatura De Gobierno,Jefatura De Gobierno,Subsecretaria De Comunicacion,"Actividades Comunes A Los Programas 22,23,24 Y 25",Administración Gubernamental,Dirección Ejecutiva,Gastos En Personal,Remuneraciones Al Personal,4597149.0,6840100.0,6840094.34,662191750.82,662191202.87,Fiscal
2017,4,Administracion Central,Jefatura De Gobierno,Jefatura De Gobierno,Jefatura De Gobierno,Subsecretaria De Comunicacion,"Actividades Comunes A Los Programas 22,23,24 Y 25",Administración Gubernamental,Dirección Ejecutiva,Servicios No Personales,Servicios No Personales,11184765.0,124181679.0,123658784.34,12022058659.5,11971437099.82,Fiscal
2017,4,Administracion Central,Jefatura De Gobierno,Jefatura De Gobierno,Jefatura De Gobierno,Subsecretaria De Comunicacion,"Actividades Comunes A Los Programas 22,23,24 Y 25",Administración Gubernamental,Dirección Ejecutiva,Bienes De Consumo,Bienes De Consumo,309500.0,877032.0,877027.59,84905682.02,84905255.09,Fiscal
2017,4,Administracion Central,Jefatura De Gobierno,Jefatura De Gobierno,Jefatura De Gobierno,Subsecretaria De Comunicacion,"Actividades Comunes A Los Programas 22,23,24 Y 25",Administración Gubernamental,Dirección Ejecutiva,Bienes De Uso,Maquinaria Y Equipo,697900.0,2628270.0,2628269.26,254443460.32,254443388.68,Fiscal
2017,4,Administracion Central,Jefatura De Gobierno,Jefatura De Gobierno,Jefatura De Gobierno,Subsecretaria De Comunicacion,"Actividades Comunes A Los Programas 22,23,24 Y 25",Administración Gubernamental,Dirección Ejecutiva,Bienes De Uso,Activos Intangibles,0.0,1550000.0,1533608.25,150055878.39,148468989.07,Fiscal
2017,4,Administracion Central,Jefatura De Gobierno,Vicejefatura De Gobierno,Vicejefatura De Gobierno,Direccion General Politicas De Juventud,"Diseño, Coordinacion Y Monitoreo De Politicas De Juventud",Servicios Sociales,Promoción Y Acción Social,Gastos En Personal,Remuneraciones Al Personal,10219763.0,11779181.0,11735754.21,1140345388.17,1136141230.03,Fiscal
2017,4,Administracion Central,Jefatura De Gobierno,Vicejefatura De Gobierno,Vicejefatura De Gobierno,Direccion General Politicas De Juventud,"Diseño, Coordinacion Y Monitoreo De Politicas De Juventud",Servicios Sociales,Promoción Y Acción Social,Bienes De Consumo,Bienes De Consumo,1625426.0,1046741.0,1038177.65,101335251.74,100506231.74,Fiscal
2017,4,Administracion Central,Jefatura De Gobierno,Vicejefatura De Gobierno,Vicejefatura De Gobierno,Direccion General Politicas De Juventud,"Diseño, Coordinacion Y Monitoreo De Politicas De Juventud",Servicios Sociales,Promoción Y Acción Social,Servicios No Personales,Servicios No Personales,28586191.0,30876795.0,30864793.7,2989190061.66,2988028212.88,Fiscal
2017,4,Administracion Central,Jefatura De Gobierno,Vicejefatura De Gobierno,Vicejefatura De Gobierno,Direccion General Politicas De Juventud,"Diseño, Coordinacion Y Monitoreo De Politicas De Juventud",Servicios Sociales,Promoción Y Acción Social,Bienes De Uso,Maquinaria Y Equipo,778676.0,5340.0,0.0,516966.7,0.0,Fiscal
2017,4,Administracion Central,Jefatura De Gobierno,Vicejefatura De Gobierno,Vicejefatura De Gobierno,Direccion General Politicas De Juventud,"Diseño, Coordinacion Y Monitoreo De Politicas De Juventud",Servicios Sociales,Promoción Y Acción Social,Transferencias,Al Sector Privado,969888.0,2127981.0,2126500.0,206010360.1,205866984.13,Fiscal
2017,4,Administracion Central,Jefatura De Gobierno,Vicejefatura De Gobierno,Vicejefatura De Gobierno,Direccion General Politicas De Juventud,"Diseño, Coordinacion Y Monitoreo De Politicas De Juventud",Servicios Sociales,Promoción Y Acción Social,Transferencias,Al Sector Público,147553.0,0.0,0.0,0.0,0.0,Fiscal
2017,4,Administracion Central,Jefatura De Gobierno,Vicejefatura De Gobierno,Vicejefatura De Gobierno,Direccion General Politicas De Juventud,"Diseño, Coordinacion Y Monitoreo De Politicas De Juventud",Servicios Sociales,Promoción Y Acción Social,Transferencias,Al Sector Externo,10540.0,0.0,0.0,0.0,0.0,Fiscal
2017,4,Administracion Central,Jefatura De Gobierno,Vicejefatura De Gobierno,Vicejefatura De Gobierno,Secretaria De Desarrollo Ciudadano,"Actividades Comunes A Los Programas 29,35 Y 45",Servicios Sociales,Promoción Y Acción Social,Gastos En Personal,Remuneraciones Al Personal,852085.0,981958.0,981956.06,95063593.7,95063405.89,Fiscal
2017,4,Administracion Central,Jefatura De Gobierno,Vicejefatura De Gobierno,Vicejefatura De Gobierno,Secretaria De Desarrollo Ciudadano,"Actividades Comunes A Los Programas 29,35 Y 45",Servicios Sociales,Promoción Y Acción Social,Bienes De Consumo,Bienes De Consumo,1698405.0,742170.0,657928.83,71849658.88,63694250.65,Fiscal
2017,4,Administracion Central,Jefatura De Gobierno,Vicejefatura De Gobierno,Vicejefatura De Gobierno,Secretaria De Desarrollo Ciudadano,"Actividades Comunes A Los Programas 29,35 Y 45",Servicios Sociales,Promoción Y Acción Social,Servicios No Personales,Servicios No Personales,17972534.0,42019413.0,41851252.01,4067909630.4,4051629923.91,Fiscal
2017,4,Administracion Central,Jefatura De Gobierno,Vicejefatura De Gobierno,Vicejefatura De Gobierno,Secretaria De Desarrollo Ciudadano,"Actividades Comunes A Los Programas 29,35 Y 45",Servicios Sociales,Promoción Y Acción Social,Bienes De Uso,Maquinaria Y Equipo,404015.0,116528.0,116527.82,11281104.13,11281086.7,Fiscal
2017,4,Administracion Central,Jefatura De Gobierno,Vicejefatura De Gobierno,Vicejefatura De Gobierno,Subs.Derechos Humanos Y Pluralismo Cultural,"Actividades Comunes A Los Programas 20, 21,25, 26, 27 Y 32",Servicios Sociales,Promoción Y Acción Social,Gastos En Personal,Remuneraciones Al Personal,27638264.0,31809109.0,31802800.63,3079447607.6,3078836892.76,Fiscal
2017,4,Administracion Central,Jefatura De Gobierno,Vicejefatura De Gobierno,Vicejefatura De Gobierno,Subs.Derechos Humanos Y Pluralismo Cultural,"Actividades Comunes A Los Programas 20, 21,25, 26, 27 Y 32",Servicios Sociales,Promoción Y Acción Social,Bienes De Consumo,Bienes De Consumo,356802.0,337858.0,331933.8,32708115.46,32134592.21,Fiscal
2017,4,Administracion Central,Jefatura De Gobierno,Vicejefatura De Gobierno,Vicejefatura De Gobierno,Subs.Derechos Humanos Y Pluralismo Cultural,"Actividades Comunes A Los Programas 20, 21,25, 26, 27 Y 32",Servicios Sociales,Promoción Y Acción Social,Servicios No Personales,Servicios No Personales,19238500.0,23027334.0,23010946.01,2229281826.03,2227695300.71,Fiscal
2017,4,Administracion Central,Jefatura De Gobierno,Vicejefatura De Gobierno,Vicejefatura De Gobierno,Subs.Derechos Humanos Y Pluralismo Cultural,"Actividades Comunes A Los Programas 20, 21,25, 26, 27 Y 32",Servicios Sociales,Promoción Y Acción Social,Bienes De Uso,Maquinaria Y Equipo,151819.0,31457.0,25733.95,3045359.85,2491309.98,Fiscal
2017,4,Administracion Central,Jefatura De Gobierno,Vicejefatura De Gobierno,Vicejefatura De Gobierno,Subs.Derechos Humanos Y Pluralismo Cultural,"Actividades Comunes A Los Programas 20, 21,25, 26, 27 Y 32",Servicios Sociales,Promoción Y Acción Social,Bienes De Uso,Activos Intangibles,0.0,495000.0,495000.0,47921070.84,47921070.84,Fiscal
2017,4,Administracion Central,Jefatura De Gobierno,Vicejefatura De Gobierno,Vicejefatura De Gobierno,Subs.Derechos Humanos Y Pluralismo Cultural,"Actividades Comunes A Los Programas 20, 21,25, 26, 27 Y 32",Servicios Sociales,Promoción Y Acción Social,Transferencias,Al Sector Privado,4198383.0,4398383.0,4128383.0,425808531.97,399669766.06,Fiscal
2017,4,Administracion Central,Jefatura De Gobierno,Vicejefatura De Gobierno,Vicejefatura De Gobierno,Subs.Derechos Humanos Y Pluralismo Cultural,Ente Publico Espacio Para La Memoria,Servicios Sociales,Promoción Y Acción Social,Gastos En Personal,Remuneraciones Al Personal,0.0,376717.0,376716.26,36470064.74,36469993.1,Fiscal
2017,4,Administracion Central,Jefatura De Gobierno,Vicejefatura De Gobierno,Vicejefatura De Gobierno,Subs.Derechos Humanos Y Pluralismo Cultural,Ente Publico Espacio Para La Memoria,Servicios Sociales,Promoción Y Acción Social,Transferencias,Al Sector Privado,12547051.0,12547051.0,12547051.0,1214683070.32,1214683070.32,Fiscal
2017,4,Administracion Central,Jefatura De Gobierno,Vicejefatura De Gobierno,Vicejefatura De Gobierno,Subs.Derechos Humanos Y Pluralismo Cultural,Asistencia Integral A Querellantes Y Víctimas Del Terrorismo De Estado Ley 2939,Servicios Sociales,Promoción Y Acción Social,Bienes De Consumo,Bienes De Consumo,9411.0,0.0,0.0,0.0,0.0,Fiscal
2017,4,Administracion Central,Jefatura De Gobierno,Vicejefatura De Gobierno,Vicejefatura De Gobierno,Subs.Derechos Humanos Y Pluralismo Cultural,Asistencia Integral A Querellantes Y Víctimas Del Terrorismo De Estado Ley 2939,Servicios Sociales,Promoción Y Acción Social,Servicios No Personales,Servicios No Personales,81556.0,0.0,0.0,0.0,0.0,Fiscal
2017,4,Administracion Central,Jefatura De Gobierno,Vicejefatura De Gobierno,Vicejefatura De Gobierno,Subs.Derechos Humanos Y Pluralismo Cultural,Asistencia Integral A Querellantes Y Víctimas Del Terrorismo De Estado Ley 2939,Servicios Sociales,Promoción Y Acción Social,Transferencias,Al Sector Privado,800000.0,0.0,0.0,0.0,0.0,Fiscal
2017,4,Administracion Central,Jefatura De Gobierno,Vicejefatura De Gobierno,Vicejefatura De Gobierno,Subs.Derechos Humanos Y Pluralismo Cultural,Centro De Día Trans,Servicios Sociales,Promoción Y Acción Social,Bienes De Consumo,Bienes De Consumo,80302.0,0.0,0.0,0.0,0.0,Fiscal
2017,4,Administracion Central,Jefatura De Gobierno,Vicejefatura De Gobierno,Vicejefatura De Gobierno,Subs.Derechos Humanos Y Pluralismo Cultural,Centro De Día Trans,Servicios Sociales,Promoción Y Acción Social,Servicios No Personales,Servicios No Personales,685069.0,435539.0,435538.45,42164636.91,42164583.67,Fiscal
2017,4,Administracion Central,Jefatura De Gobierno,Vicejefatura De Gobierno,Vicejefatura De Gobierno,Subs.Derechos Humanos Y Pluralismo Cultural,Centro De Día Trans,Servicios Sociales,Promoción Y Acción Social,Bienes De Uso,Maquinaria Y Equipo,150564.0,0.0,0.0,0.0,0.0,Fiscal
2017,4,Administracion Central,Jefatura De Gobierno,Vicejefatura De Gobierno,Vicejefatura De Gobierno,Subs.Derechos Humanos Y Pluralismo Cultural,Promoción De La Diversidad E Igualdad Entre Personas,Servicios Sociales,Promoción Y Acción Social,Gastos En Personal,Remuneraciones Al Personal,1891001.0,980973.0,958839.23,94968235.61,92825459.93,Fiscal
2017,4,Administracion Central,Jefatura De Gobierno,Vicejefatura De Gobierno,Vicejefatura De Gobierno,Subs.Derechos Humanos Y Pluralismo Cultural,Promoción De La Diversidad E Igualdad Entre Personas,Servicios Sociales,Promoción Y Acción Social,Bienes De Consumo,Bienes De Consumo,233692.0,442755.0,422753.03,42863219.64,40926824.04,Fiscal
2017,4,Administracion Central,Jefatura De Gobierno,Vicejefatura De Gobierno,Vicejefatura De Gobierno,Subs.Derechos Humanos Y Pluralismo Cultural,Promoción De La Diversidad E Igualdad Entre Personas,Servicios Sociales,Promoción Y Acción Social,Servicios No Personales,Servicios No Personales,5301759.0,5079880.0,5067878.9,491784422.91,490622593.49,Fiscal
2017,4,Administracion Central,Jefatura De Gobierno,Vicejefatura De Gobierno,Vicejefatura De Gobierno,Subs.Derechos Humanos Y Pluralismo Cultural,Promoción De La Diversidad E Igualdad Entre Personas,Servicios Sociales,Promoción Y Acción Social,Transferencias,Al Sector Privado,425472.0,365472.0,294104.0,35381433.54,28472280.04,Fiscal
2017,4,Administracion Central,Jefatura De Gobierno,Vicejefatura De Gobierno,Vicejefatura De Gobierno,Subs.Derechos Humanos Y Pluralismo Cultural,Fortalecimiento De La Diversidad Cultural,Servicios Sociales,Cultura,Gastos En Personal,Remuneraciones Al Personal,1045388.0,3117694.0,3083915.43,301824717.24,298554605.63,Fiscal
2017,4,Administracion Central,Jefatura De Gobierno,Vicejefatura De Gobierno,Vicejefatura De Gobierno,Subs.Derechos Humanos Y Pluralismo Cultural,Fortalecimiento De La Diversidad Cultural,Servicios Sociales,Cultura,Bienes De Consumo,Bienes De Consumo,162483.0,31874.0,29514.6,3085729.72,2857315.63,Fiscal
2017,4,Administracion Central,Jefatura De Gobierno,Vicejefatura De Gobierno,Vicejefatura De Gobierno,Subs.Derechos Humanos Y Pluralismo Cultural,Fortalecimiento De La Diversidad Cultural,Servicios Sociales,Cultura,Servicios No Personales,Servicios No Personales,8894350.0,36938027.0,36928226.69,3575979411.27,3575030640.86,Fiscal
2017,4,Administracion Central,Jefatura De Gobierno,Vicejefatura De Gobierno,Vicejefatura De Gobierno,Subs.Derechos Humanos Y Pluralismo Cultural,Fortalecimiento De La Diversidad Cultural,Servicios Sociales,Cultura,Bienes De Uso,Maquinaria Y Equipo,31368.0,2294.0,1491.25,222082.7,144368.28,Fiscal
2017,4,Administracion Central,Jefatura De Gobierno,Vicejefatura De Gobierno,Vicejefatura De Gobierno,Consejo De Gestion Del Parque De La Memoria,Gestión Del Parque De La Memoria Y Del Monumento A Las Víctimas,Servicios Sociales,Cultura,Gastos En Personal,Remuneraciones Al Personal,5695042.0,8463592.0,8451169.7,819362407.67,818159801.78,Fiscal
2017,4,Administracion Central,Jefatura De Gobierno,Vicejefatura De Gobierno,Vicejefatura De Gobierno,Consejo De Gestion Del Parque De La Memoria,Gestión Del Parque De La Memoria Y Del Monumento A Las Víctimas,Servicios Sociales,Cultura,Bienes De Consumo,Bienes De Consumo,1355096.0,2019841.0,2007071.37,195541300.3,194305069.3,Fiscal
2017,4,Administracion Central,Jefatura De Gobierno,Vicejefatura De Gobierno,Vicejefatura De Gobierno,Consejo De Gestion Del Parque De La Memoria,Gestión Del Parque De La Memoria Y Del Monumento A Las Víctimas,Servicios Sociales,Cultura,Servicios No Personales,Servicios No Personales,7697621.0,5438424.0,5438421.82,526495155.08,526494944.03,Fiscal
2017,4,Administracion Central,Jefatura De Gobierno,Vicejefatura De Gobierno,Vicejefatura De Gobierno,Consejo De Gestion Del Parque De La Memoria,Gestión Del Parque De La Memoria Y Del Monumento A Las Víctimas,Servicios Sociales,Cultura,Bienes De Uso,Maquinaria Y Equipo,451694.0,44044.0,31182.2,4263910.39,3018756.39,Fiscal
2017,4,Administracion Central,Jefatura De Gobierno,Vicejefatura De Gobierno,Vicejefatura De Gobierno,Ss De Coordinacion Y Promocion De Eventos,Coordinacion Y Promocion De Eventos,Servicios Sociales,Promoción Y Acción Social,Gastos En Personal,Remuneraciones Al Personal,0.0,5467312.0,5467305.64,529291809.41,529291193.7,Fiscal
2017,4,Administracion Central,Jefatura De Gobierno,Vicejefatura De Gobierno,Vicejefatura De Gobierno,Ss De Coordinacion Y Promocion De Eventos,Coordinacion Y Promocion De Eventos,Servicios Sociales,Promoción Y Acción Social,Bienes De Consumo,Bienes De Consumo,0.0,48811.0,48309.97,4725404.83,4676899.99,Fiscal
2017,4,Administracion Central,Jefatura De Gobierno,Vicejefatura De Gobierno,Vicejefatura De Gobierno,Ss De Coordinacion Y Promocion De Eventos,Coordinacion Y Promocion De Eventos,Servicios Sociales,Promoción Y Acción Social,Servicios No Personales,Servicios No Personales,0.0,15584528.0,15584526.67,1508741960.21,1508741831.45,Fiscal
2017,4,Administracion Central,Jefatura De Gobierno,Vicejefatura De Gobierno,Vicejefatura De Gobierno,Ss De Coordinacion Y Promocion De Eventos,Coordinacion Y Promocion De Eventos,Servicios Sociales,Promoción Y Acción Social,Bienes De Uso,Maquinaria Y Equipo,0.0,82374.0,76852.02,7974647.05,7440062.82,Fiscal
2017,4,Administracion Central,Jefatura De Gobierno,Vicejefatura De Gobierno,Vicejefatura De Gobierno,Subsecretaria De Deportes,"Actividades Comunes A Los Programas 81, 82, 83 85 Y 86",Servicios Sociales,Cultura,Gastos En Personal,Remuneraciones Al Personal,55710736.0,61833298.0,61663593.46,5986096674.27,5969667536.32,Fiscal
2017,4,Administracion Central,Jefatura De Gobierno,Vicejefatura De Gobierno,Vicejefatura De Gobierno,Subsecretaria De Deportes,"Actividades Comunes A Los Programas 81, 82, 83 85 Y 86",Servicios Sociales,Cultura,Bienes De Consumo,Bienes De Consumo,16671899.0,5257175.0,5185488.71,508948395.14,502008427.91,Fiscal
2017,4,Administracion Central,Jefatura De Gobierno,Vicejefatura De Gobierno,Vicejefatura De Gobierno,Subsecretaria De Deportes,"Actividades Comunes A Los Programas 81, 82, 83 85 Y 86",Servicios Sociales,Cultura,Servicios No Personales,Servicios No Personales,73896309.0,59894403.0,59611559.4,5798391775.99,5771009618.02,Fiscal
2017,4,Administracion Central,Jefatura De Gobierno,Vicejefatura De Gobierno,Vicejefatura De Gobierno,Subsecretaria De Deportes,"Actividades Comunes A Los Programas 81, 82, 83 85 Y 86",Servicios Sociales,Cultura,Bienes De Uso,Maquinaria Y Equipo,6398998.0,901689.0,899277.35,87292732.21,87059259.79,Fiscal
2017,4,Administracion Central,Jefatura De Gobierno,Vicejefatura De Gobierno,Vicejefatura De Gobierno,Subsecretaria De Deportes,"Actividades Comunes A Los Programas 81, 82, 83 85 Y 86",Servicios Sociales,Cultura,Transferencias,Al Sector Privado,10773526.0,26558776.0,25704230.0,2571161588.15,2488432781.28,Fiscal
2017,4,Administracion Central,Jefatura De Gobierno,Vicejefatura De Gobierno,Vicejefatura De Gobierno,Subsecretaria De Deportes,Colonias Deportivas Y Recreativas,Servicios Sociales,Cultura,Gastos En Personal,Remuneraciones Al Personal,175084184.0,201984471.0,201978403.52,19554165946.42,19553578552.2,Fiscal
2017,4,Administracion Central,Jefatura De Gobierno,Vicejefatura De Gobierno,Vicejefatura De Gobierno,Subsecretaria De Deportes,Colonias Deportivas Y Recreativas,Servicios Sociales,Cultura,Bienes De Consumo,Bienes De Consumo,2176914.0,640674.0,640672.3,62023806.34,62023641.77,Fiscal
2017,4,Administracion Central,Jefatura De Gobierno,Vicejefatura De Gobierno,Vicejefatura De Gobierno,Subsecretaria De Deportes,Colonias Deportivas Y Recreativas,Servicios Sociales,Cultura,Servicios No Personales,Servicios No Personales,94573475.0,96028957.0,95742447.77,9296586769.98,9268849741.48,Fiscal
2017,4,Administracion Central,Jefatura De Gobierno,Vicejefatura De Gobierno,Vicejefatura De Gobierno,Subsecretaria De Deportes,Colonias Deportivas Y Recreativas,Servicios Sociales,Cultura,Bienes De Uso,Maquinaria Y Equipo,238394.0,0.0,0.0,0.0,0.0,Fiscal
2017,4,Administracion Central,Jefatura De Gobierno,Vicejefatura De Gobierno,Vicejefatura De Gobierno,Subsecretaria De Deportes,Promocion Y Desarrollo Deportivo,Servicios Sociales,Cultura,Gastos En Personal,Remuneraciones Al Personal,1893925.0,2190208.0,2190205.38,212034571.16,212034317.52,Fiscal
2017,4,Administracion Central,Jefatura De Gobierno,Vicejefatura De Gobierno,Vicejefatura De Gobierno,Subsecretaria De Deportes,Promocion Y Desarrollo Deportivo,Servicios Sociales,Cultura,Transferencias,Al Sector Privado,16309410.0,17027512.0,16999386.0,1648437593.51,1645714708.59,Fiscal
2017,4,Administracion Central,Jefatura De Gobierno,Vicejefatura De Gobierno,Vicejefatura De Gobierno,Subsecretaria De Deportes,Promocion Y Desarrollo Deportivo,Servicios Sociales,Cultura,Transferencias,Al Sector Privado,6000000.0,6000000.0,5967900.0,580861464.73,577753855.9,Fiscal
2017,4,Administracion Central,Jefatura De Gobierno,Vicejefatura De Gobierno,Vicejefatura De Gobierno,Subsecretaria De Deportes,Eventos Deportivos Y Recreativos,Servicios Sociales,Cultura,Gastos En Personal,Remuneraciones Al Personal,2537827.0,2205642.0,2205639.01,213528740.47,213528451.0,Fiscal
2017,4,Administracion Central,Jefatura De Gobierno,Vicejefatura De Gobierno,Vicejefatura De Gobierno,Subsecretaria De Deportes,Eventos Deportivos Y Recreativos,Servicios Sociales,Cultura,Bienes De Consumo,Bienes De Consumo,784191.0,11742.0,11740.15,1136745.89,1136566.79,Fiscal
2017,4,Administracion Central,Jefatura De Gobierno,Vicejefatura De Gobierno,Vicejefatura De Gobierno,Subsecretaria De Deportes,Eventos Deportivos Y Recreativos,Servicios Sociales,Cultura,Servicios No Personales,Servicios No Personales,9473025.0,7307256.0,7307255.59,707417237.22,707417197.53,Fiscal
2017,4,Administracion Central,Jefatura De Gobierno,Vicejefatura De Gobierno,Vicejefatura De Gobierno,Subsecretaria De Deportes,Eventos Deportivos Y Recreativos,Servicios Sociales,Cultura,Bienes De Uso,Maquinaria Y Equipo,595985.0,124573.0,123848.0,12059942.54,11989755.11,Fiscal
2017,4,Administracion Central,Jefatura De Gobierno,Vicejefatura De Gobierno,Vicejefatura De Gobierno,Subsecretaria De Deportes,Eventos Deportivos Y Recreativos,Servicios Sociales,Cultura,Transferencias,Al Sector Privado,11800000.0,15800000.0,15800000.0,1529601857.13,1529601857.13,Fiscal
2017,4,Administracion Central,Jefatura De Gobierno,Vicejefatura De Gobierno,Vicejefatura De Gobierno,Direccion General De Desarrollo Saludable,Politicas De Desarrollo Saludable,Servicios Sociales,Salud,Gastos En Personal,Remuneraciones Al Personal,14052744.0,13688467.0,13688462.01,1325183831.93,1325183348.85,Fiscal
2017,4,Administracion Central,Jefatura De Gobierno,Vicejefatura De Gobierno,Vicejefatura De Gobierno,Direccion General De Desarrollo Saludable,Politicas De Desarrollo Saludable,Servicios Sociales,Salud,Bienes De Consumo,Bienes De Consumo,5449812.0,5435460.0,5424716.44,526208209.52,525168122.85,Fiscal
2017,4,Administracion Central,Jefatura De Gobierno,Vicejefatura De Gobierno,Vicejefatura De Gobierno,Direccion General De Desarrollo Saludable,Politicas De Desarrollo Saludable,Servicios Sociales,Salud,Servicios No Personales,Servicios No Personales,42013989.0,51836307.0,51809752.43,5018285535.07,5015714780.66,Fiscal
2017,4,Administracion Central,Jefatura De Gobierno,Vicejefatura De Gobierno,Vicejefatura De Gobierno,Direccion General De Desarrollo Saludable,Politicas De Desarrollo Saludable,Servicios Sociales,Salud,Bienes De Uso,Maquinaria Y Equipo,552008.0,335337.0,335336.26,32464056.83,32463985.19,Fiscal
2017,4,Administracion Central,Jefatura De Gobierno,Vicejefatura De Gobierno,Vicejefatura De Gobierno,Direccion General De Desarrollo Saludable,Promocion De Politicas De Bienestar Social,Servicios Sociales,Salud,Gastos En Personal,Remuneraciones Al Personal,2524215.0,104692.0,104689.51,10135258.08,10135017.02,Fiscal
2017,4,Administracion Central,Jefatura De Gobierno,Vicejefatura De Gobierno,Vicejefatura De Gobierno,Direccion General De Desarrollo Saludable,Promocion De Politicas De Bienestar Social,Servicios Sociales,Salud,Bienes De Consumo,Bienes De Consumo,3925346.0,0.0,0.0,0.0,0.0,Fiscal
2017,4,Administracion Central,Jefatura De Gobierno,Vicejefatura De Gobierno,Vicejefatura De Gobierno,Direccion General De Desarrollo Saludable,Promocion De Politicas De Bienestar Social,Servicios Sociales,Salud,Servicios No Personales,Servicios No Personales,37295358.0,13000000.0,13000000.0,1258533173.59,1258533173.59,Fiscal
2017,4,Administracion Central,Jefatura De Gobierno,Vicejefatura De Gobierno,Vicejefatura De Gobierno,Subsecretaria De Bienestar Ciudadano,"Actividades Comunes A Los Programas 16, 33 Y 34",Servicios Sociales,Salud,Gastos En Personal,Remuneraciones Al Personal,4063543.0,4978254.0,4978249.97,481945985.04,481945594.9,Fiscal
2017,4,Administracion Central,Jefatura De Gobierno,Vicejefatura De Gobierno,Vicejefatura De Gobierno,Subsecretaria De Bienestar Ciudadano,"Actividades Comunes A Los Programas 16, 33 Y 34",Servicios Sociales,Salud,Bienes De Consumo,Bienes De Consumo,239649.0,86505.0,84929.24,8374570.17,8222020.46,Fiscal
2017,4,Administracion Central,Jefatura De Gobierno,Vicejefatura De Gobierno,Vicejefatura De Gobierno,Subsecretaria De Bienestar Ciudadano,"Actividades Comunes A Los Programas 16, 33 Y 34",Servicios Sociales,Salud,Servicios No Personales,Servicios No Personales,7258469.0,43400258.0,43395737.1,4201589571.95,4201151902.52,Fiscal
2017,4,Administracion Central,Jefatura De Gobierno,Vicejefatura De Gobierno,Vicejefatura De Gobierno,Subsecretaria De Bienestar Ciudadano,"Actividades Comunes A Los Programas 16, 33 Y 34",Servicios Sociales,Salud,Bienes De Uso,Maquinaria Y Equipo,1066500.0,1623293.0,1623291.82,157151391.61,157151277.38,Fiscal
2017,4,Administracion Central,Jefatura De Gobierno,Vicejefatura De Gobierno,Vicejefatura De Gobierno,Subsecretaria De Bienestar Ciudadano,"Actividades Comunes A Los Programas 16, 33 Y 34",Servicios Sociales,Salud,Bienes De Uso,Construcciones Del Dominio Privado,0.0,540000.0,0.0,52277531.83,0.0,Fiscal
2017,4,Administracion Central,Jefatura De Gobierno,Vicejefatura De Gobierno,Vicejefatura De Gobierno,Subsecretaria De Bienestar Ciudadano,"Actividades Comunes A Los Programas 16, 33 Y 34",Servicios Sociales,Salud,Activos Financieros,Activos Financieros,0.0,2400000.0,2146736.1,232344585.89,207826045.91,Fiscal
2017,4,Administracion Central,Jefatura De Gobierno,Vicejefatura De Gobierno,Vicejefatura De Gobierno,Vicejefatura De Gobierno,Actividades Centrales Vicejefatura De Gobierno,Administración Gubernamental,Dirección Ejecutiva,Gastos En Personal,Remuneraciones Al Personal,13018583.0,12016985.0,12016975.72,1163367251.46,1163366353.06,Fiscal
2017,4,Administracion Central,Jefatura De Gobierno,Vicejefatura De Gobierno,Vicejefatura De Gobierno,Vicejefatura De Gobierno,Actividades Centrales Vicejefatura De Gobierno,Administración Gubernamental,Dirección Ejecutiva,Bienes De Consumo,Bienes De Consumo,358650.0,268874.0,188870.25,26029757.58,18284575.01,Fiscal
2017,4,Administracion Central,Jefatura De Gobierno,Vicejefatura De Gobierno,Vicejefatura De Gobierno,Vicejefatura De Gobierno,Actividades Centrales Vicejefatura De Gobierno,Administración Gubernamental,Dirección Ejecutiva,Servicios No Personales,Servicios No Personales,25084695.0,35176286.0,34944672.69,3405424834.97,3383002293.89,Fiscal
2017,4,Administracion Central,Jefatura De Gobierno,Vicejefatura De Gobierno,Vicejefatura De Gobierno,Vicejefatura De Gobierno,Actividades Centrales Vicejefatura De Gobierno,Administración Gubernamental,Dirección Ejecutiva,Bienes De Uso,Maquinaria Y Equipo,1003764.0,901701.0,888974.01,87293893.94,86061790.93,Fiscal
2017,4,Administracion Central,Jefatura De Gobierno,Vicejefatura De Gobierno,Vicejefatura De Gobierno,Direccion General Desarrollo Gastronomico,Desarrollo Gastronomico,Servicios Sociales,Salud,Gastos En Personal,Remuneraciones Al Personal,2524215.0,3749579.0,3749576.59,362997658.35,362997425.03,Fiscal
2017,4,Administracion Central,Jefatura De Gobierno,Vicejefatura De Gobierno,Vicejefatura De Gobierno,Direccion General Desarrollo Gastronomico,Desarrollo Gastronomico,Servicios Sociales,Salud,Bienes De Consumo,Bienes De Consumo,690088.0,160166.0,160163.75,15505709.56,15505491.74,Fiscal
2017,4,Administracion Central,Jefatura De Gobierno,Vicejefatura De Gobierno,Vicejefatura De Gobierno,Direccion General Desarrollo Gastronomico,Desarrollo Gastronomico,Servicios Sociales,Salud,Servicios No Personales,Servicios No Personales,56726877.0,58077824.0,58077822.07,5622528319.53,5622528132.69,Fiscal
2017,4,Administracion Central,Jefatura De Gobierno,Vicejefatura De Gobierno,Vicejefatura De Gobierno,Direccion General Desarrollo Gastronomico,Desarrollo Gastronomico,Servicios Sociales,Salud,Bienes De Uso,Maquinaria Y Equipo,0.0,39700.0,39665.23,3843366.69,3840000.6,Fiscal
2017,4,Administracion Central,Jefatura De Gobierno,Vicejefatura De Gobierno,Vicejefatura De Gobierno,Direccion General Deporte Social Y Desarrollo Deportivo,Deporte Social Y Desarrollo Deportivo,Servicios Sociales,Cultura,Gastos En Personal,Remuneraciones Al Personal,14890174.0,17103969.0,17103953.04,1655839414.35,1655837869.26,Fiscal
2017,4,Administracion Central,Jefatura De Gobierno,Vicejefatura De Gobierno,Vicejefatura De Gobierno,Direccion General Deporte Social Y Desarrollo Deportivo,Deporte Social Y Desarrollo Deportivo,Servicios Sociales,Cultura,Bienes De Consumo,Bienes De Consumo,6883168.0,2508375.0,2508370.68,242836396.1,242835977.88,Fiscal
2017,4,Administracion Central,Jefatura De Gobierno,Vicejefatura De Gobierno,Vicejefatura De Gobierno,Direccion General Deporte Social Y Desarrollo Deportivo,Deporte Social Y Desarrollo Deportivo,Servicios Sociales,Cultura,Servicios No Personales,Servicios No Personales,6524467.0,4265048.0,4265045.96,412900338.07,412900140.58,Fiscal
2017,4,Administracion Central,Jefatura De Gobierno,Vicejefatura De Gobierno,Vicejefatura De Gobierno,Direccion General Deporte Social Y Desarrollo Deportivo,Deporte Social Y Desarrollo Deportivo,Servicios Sociales,Cultura,Bienes De Uso,Maquinaria Y Equipo,1783480.0,129780.0,124201.0,12564033.48,12023929.13,Fiscal
2017,4,Administracion Central,Jefatura De Gobierno,Vicejefatura De Gobierno,Vicejefatura De Gobierno,Direccion General Deporte Social Y Desarrollo Deportivo,Deporte Social Y Desarrollo Deportivo,Servicios Sociales,Cultura,Transferencias,Al Sector Privado,240000.0,219930.0,219930.0,21291476.99,21291476.99,Fiscal
2017,4,Administracion Central,Jefatura De Gobierno,Vicejefatura De Gobierno,Vicejefatura De Gobierno,Direccion General De Infraestructura Deportiva,Infraestructura Deportiva,Servicios Sociales,Cultura,Gastos En Personal,Remuneraciones Al Personal,115757753.0,147054045.0,147053342.51,14236337995.62,14236269987.39,Fiscal
2017,4,Administracion Central,Jefatura De Gobierno,Vicejefatura De Gobierno,Vicejefatura De Gobierno,Direccion General De Infraestructura Deportiva,Infraestructura Deportiva,Servicios Sociales,Cultura,Bienes De Consumo,Bienes De Consumo,5209761.0,1110093.0,1065081.82,107468374.33,103110831.0,Fiscal
2017,4,Administracion Central,Jefatura De Gobierno,Vicejefatura De Gobierno,Vicejefatura De Gobierno,Direccion General De Infraestructura Deportiva,Infraestructura Deportiva,Servicios Sociales,Cultura,Servicios No Personales,Servicios No Personales,23385195.0,21060797.0,20399085.78,2038900898.98,1974840474.23,Fiscal
2017,4,Administracion Central,Jefatura De Gobierno,Vicejefatura De Gobierno,Vicejefatura De Gobierno,Direccion General De Infraestructura Deportiva,Infraestructura Deportiva,Servicios Sociales,Cultura,Bienes De Uso,Maquinaria Y Equipo,1838143.0,143791.0,134115.0,13920441.81,12983705.89,Fiscal
2017,4,Administracion Central,Jefatura De Gobierno,Vicejefatura De Gobierno,Vicejefatura De Gobierno,Direccion General De Infraestructura Deportiva,Infraestructura Deportiva,Servicios Sociales,Promoción Y Acción Social,Bienes De Uso,Construcciones Del Dominio Privado,80126255.0,135946682.0,135933378.64,13161031472.03,13159743570.5,Fiscal
2017,4,Administracion Central,Jefatura De Gobierno,Vicejefatura De Gobierno,Vicejefatura De Gobierno,Direccion General De Desarrollo Familiar,"Diseño,Coordinacion Y Monitoreo De Politicas De Desarrollo Familiar",Servicios Sociales,Promoción Y Acción Social,Gastos En Personal,Remuneraciones Al Personal,2524215.0,2785629.0,2785624.7,269677423.52,269677007.24,Fiscal
2017,4,Administracion Central,Jefatura De Gobierno,Vicejefatura De Gobierno,Vicejefatura De Gobierno,Direccion General De Desarrollo Familiar,"Diseño,Coordinacion Y Monitoreo De Politicas De Desarrollo Familiar",Servicios Sociales,Promoción Y Acción Social,Bienes De Consumo,Bienes De Consumo,2126725.0,128437.0,123188.54,12434017.32,11925912.63,Fiscal
2017,4,Administracion Central,Jefatura De Gobierno,Vicejefatura De Gobierno,Vicejefatura De Gobierno,Direccion General De Desarrollo Familiar,"Diseño,Coordinacion Y Monitoreo De Politicas De Desarrollo Familiar",Servicios Sociales,Promoción Y Acción Social,Servicios No Personales,Servicios No Personales,10869488.0,12170416.0,12170413.9,1178220944.03,1178220740.73,Fiscal
2017,4,Administracion Central,Jefatura De Gobierno,Vicejefatura De Gobierno,Vicejefatura De Gobierno,Direccion General De Desarrollo Familiar,"Diseño,Coordinacion Y Monitoreo De Politicas De Desarrollo Familiar",Servicios Sociales,Promoción Y Acción Social,Bienes De Uso,Maquinaria Y Equipo,2446675.0,991394.0,990567.65,95977095.16,95897096.02,Fiscal
2017,4,Administracion Central,Jefatura De Gobierno,Vicejefatura De Gobierno,Vicejefatura De Gobierno,Direccion General De Desarrollo Familiar,"Diseño,Coordinacion Y Monitoreo De Politicas De Desarrollo Familiar",Servicios Sociales,Promoción Y Acción Social,Bienes De Uso,Activos Intangibles,376412.0,412.0,0.0,39885.82,0.0,Fiscal
2017,4,Administracion Central,Jefatura De Gobierno,Sec.Gral. Y Realaciones Internacionales,Sec.Gral. Y Realaciones Internacionales,Unidad De Coordinacion Del Plan Estrategico,Planes Estrategicos De La Ciudad De Buenos Aires,Administración Gubernamental,Dirección Ejecutiva,Gastos En Personal,Remuneraciones Al Personal,7824032.0,10552454.0,10551752.19,1021585647.83,1021517705.43,Fiscal
2017,4,Administracion Central,Jefatura De Gobierno,Sec.Gral. Y Realaciones Internacionales,Sec.Gral. Y Realaciones Internacionales,Unidad De Coordinacion Del Plan Estrategico,Planes Estrategicos De La Ciudad De Buenos Aires,Administración Gubernamental,Dirección Ejecutiva,Bienes De Consumo,Bienes De Consumo,1248663.0,225086.0,224501.28,21790630.61,21734023.72,Fiscal
2017,4,Administracion Central,Jefatura De Gobierno,Sec.Gral. Y Realaciones Internacionales,Sec.Gral. Y Realaciones Internacionales,Unidad De Coordinacion Del Plan Estrategico,Planes Estrategicos De La Ciudad De Buenos Aires,Administración Gubernamental,Dirección Ejecutiva,Servicios No Personales,Servicios No Personales,10336925.0,9842859.0,9676660.59,952889582.65,936799874.01,Fiscal
2017,4,Administracion Central,Jefatura De Gobierno,Sec.Gral. Y Realaciones Internacionales,Sec.Gral. Y Realaciones Internacionales,Unidad De Coordinacion Del Plan Estrategico,Planes Estrategicos De La Ciudad De Buenos Aires,Administración Gubernamental,Dirección Ejecutiva,Bienes De Uso,Maquinaria Y Equipo,655200.0,359540.0,341537.92,34807155.17,33064369.41,Fiscal
2017,4,Administracion Central,Jefatura De Gobierno,Sec.Gral. Y Realaciones Internacionales,Sec.Gral. Y Realaciones Internacionales,Unidad De Coordinacion Del Plan Estrategico,Planes Estrategicos De La Ciudad De Buenos Aires,Administración Gubernamental,Dirección Ejecutiva,Transferencias,Al Sector Público,1750100.0,1750000.0,1750000.0,169417927.21,169417927.21,Fiscal
2017,4,Administracion Central,Jefatura De Gobierno,Sec.Gral. Y Realaciones Internacionales,Sec.Gral. Y Realaciones Internacionales,Unidad De Coordinacion Del Plan Estrategico,Planes Estrategicos De La Ciudad De Buenos Aires,Administración Gubernamental,Dirección Ejecutiva,Transferencias,Al Sector Externo,187500.0,94096.0,93120.0,9109456.73,9014969.93,Fiscal
2017,4,Administracion Central,Jefatura De Gobierno,Sec.Gral. Y Realaciones Internacionales,Sec.Gral. Y Realaciones Internacionales,Dir.Gral De Cultos,Relaciones Con Los Cultos,Servicios Sociales,Promoción Y Acción Social,Gastos En Personal,Remuneraciones Al Personal,6397475.0,7070951.0,7070932.52,684540492.49,684538703.43,Fiscal
2017,4,Administracion Central,Jefatura De Gobierno,Sec.Gral. Y Realaciones Internacionales,Sec.Gral. Y Realaciones Internacionales,Dir.Gral De Cultos,Relaciones Con Los Cultos,Servicios Sociales,Promoción Y Acción Social,Bienes De Consumo,Bienes De Consumo,104939.0,142118.0,142114.03,13758478.27,13758093.94,Fiscal
2017,4,Administracion Central,Jefatura De Gobierno,Sec.Gral. Y Realaciones Internacionales,Sec.Gral. Y Realaciones Internacionales,Dir.Gral De Cultos,Relaciones Con Los Cultos,Servicios Sociales,Promoción Y Acción Social,Servicios No Personales,Servicios No Personales,3962477.0,5280407.0,5280404.72,511197490.73,511197270.01,Fiscal
2017,4,Administracion Central,Jefatura De Gobierno,Sec.Gral. Y Realaciones Internacionales,Sec.Gral. Y Realaciones Internacionales,Dir.Gral De Cultos,Relaciones Con Los Cultos,Servicios Sociales,Promoción Y Acción Social,Bienes De Uso,Maquinaria Y Equipo,34867.0,46516.0,46516.0,4503225.32,4503225.32,Fiscal
2017,4,Administracion Central,Jefatura De Gobierno,Sec.Gral. Y Realaciones Internacionales,Sec.Gral. Y Realaciones Internacionales,Subsecretaria Gestion Estrategica Y Calidad Institucional,Actividades Comunes A Los Programas 53 Y 54,Administración Gubernamental,Dirección Ejecutiva,Gastos En Personal,Remuneraciones Al Personal,0.0,4684520.0,4684513.98,453509524.8,453508942.0,Fiscal
2017,4,Administracion Central,Jefatura De Gobierno,Sec.Gral. Y Realaciones Internacionales,Sec.Gral. Y Realaciones Internacionales,Subsecretaria Gestion Estrategica Y Calidad Institucional,Actividades Comunes A Los Programas 53 Y 54,Administración Gubernamental,Dirección Ejecutiva,Bienes De Consumo,Bienes De Consumo,331887.0,157994.0,149407.61,15295437.71,14464187.2,Fiscal
2017,4,Administracion Central,Jefatura De Gobierno,Sec.Gral. Y Realaciones Internacionales,Sec.Gral. Y Realaciones Internacionales,Subsecretaria Gestion Estrategica Y Calidad Institucional,Actividades Comunes A Los Programas 53 Y 54,Administración Gubernamental,Dirección Ejecutiva,Servicios No Personales,Servicios No Personales,11753400.0,6863190.0,6645480.58,664427099.36,643350597.26,Fiscal
2017,4,Administracion Central,Jefatura De Gobierno,Sec.Gral. Y Realaciones Internacionales,Sec.Gral. Y Realaciones Internacionales,Subsecretaria Gestion Estrategica Y Calidad Institucional,Actividades Comunes A Los Programas 53 Y 54,Administración Gubernamental,Dirección Ejecutiva,Bienes De Uso,Maquinaria Y Equipo,52439.0,497117.0,497116.21,48126018.13,48125941.65,Fiscal
2017,4,Administracion Central,Jefatura De Gobierno,Sec.Gral. Y Realaciones Internacionales,Sec.Gral. Y Realaciones Internacionales,Subsecretaria Gestion Estrategica Y Calidad Institucional,Actividades Comunes A Los Programas 53 Y 54,Administración Gubernamental,Dirección Ejecutiva,Bienes De Uso,Activos Intangibles,0.0,20000.0,20000.0,1936204.88,1936204.88,Fiscal
2017,4,Administracion Central,Jefatura De Gobierno,Sec.Gral. Y Realaciones Internacionales,Sec.Gral. Y Realaciones Internacionales,Direccion General Calidad Institucional Y Gobierno Abierto,Planificacion De La Calidad Institucional,Administración Gubernamental,Dirección Ejecutiva,Gastos En Personal,Remuneraciones Al Personal,3376300.0,3333840.0,3333835.42,322749864.26,322749420.87,Fiscal
2017,4,Administracion Central,Jefatura De Gobierno,Sec.Gral. Y Realaciones Internacionales,Sec.Gral. Y Realaciones Internacionales,Direccion General Calidad Institucional Y Gobierno Abierto,Planificacion De La Calidad Institucional,Administración Gubernamental,Dirección Ejecutiva,Bienes De Consumo,Bienes De Consumo,92761.0,67814.0,67813.06,6565089.89,6564998.89,Fiscal
2017,4,Administracion Central,Jefatura De Gobierno,Sec.Gral. Y Realaciones Internacionales,Sec.Gral. Y Realaciones Internacionales,Direccion General Calidad Institucional Y Gobierno Abierto,Planificacion De La Calidad Institucional,Administración Gubernamental,Dirección Ejecutiva,Servicios No Personales,Servicios No Personales,2438325.0,3677821.0,3650620.51,356050748.85,353417462.77,Fiscal
2017,4,Administracion Central,Jefatura De Gobierno,Sec.Gral. Y Realaciones Internacionales,Sec.Gral. Y Realaciones Internacionales,Subsecretaria De Relaciones Internacionales E Institucionales,Actividades Comunes A Los Programas 21 27 28 Y 29,Administración Gubernamental,Dirección Ejecutiva,Gastos En Personal,Remuneraciones Al Personal,12374529.0,11966306.0,11966297.45,1158461005.1,1158460177.37,Fiscal
2017,4,Administracion Central,Jefatura De Gobierno,Sec.Gral. Y Realaciones Internacionales,Sec.Gral. Y Realaciones Internacionales,Subsecretaria De Relaciones Internacionales E Institucionales,Actividades Comunes A Los Programas 21 27 28 Y 29,Administración Gubernamental,Dirección Ejecutiva,Bienes De Consumo,Bienes De Consumo,986513.0,118292.0,118285.84,11451877.4,11451281.05,Fiscal
2017,4,Administracion Central,Jefatura De Gobierno,Sec.Gral. Y Realaciones Internacionales,Sec.Gral. Y Realaciones Internacionales,Subsecretaria De Relaciones Internacionales E Institucionales,Actividades Comunes A Los Programas 21 27 28 Y 29,Administración Gubernamental,Dirección Ejecutiva,Servicios No Personales,Servicios No Personales,12508042.0,10923517.0,10629559.61,1057508347.44,1029050260.76,Fiscal
2017,4,Administracion Central,Jefatura De Gobierno,Sec.Gral. Y Realaciones Internacionales,Sec.Gral. Y Realaciones Internacionales,Subsecretaria De Relaciones Internacionales E Institucionales,Actividades Comunes A Los Programas 21 27 28 Y 29,Administración Gubernamental,Dirección Ejecutiva,Bienes De Uso,Maquinaria Y Equipo,53766.0,497793.0,497792.2,48191461.85,48191384.4,Fiscal
2017,4,Administracion Central,Jefatura De Gobierno,Sec.Gral. Y Realaciones Internacionales,Sec.Gral. Y Realaciones Internacionales,Subsecretaria De Relaciones Internacionales E Institucionales,Actividades Comunes A Los Programas 21 27 28 Y 29,Administración Gubernamental,Dirección Ejecutiva,Bienes De Uso,Activos Intangibles,207360.0,0.0,0.0,0.0,0.0,Fiscal
2017,4,Administracion Central,Jefatura De Gobierno,Sec.Gral. Y Realaciones Internacionales,Sec.Gral. Y Realaciones Internacionales,Unidad De Gestion De Cumplimiento,Planificacion De Gestion Del Cumplimiento,Administración Gubernamental,Dirección Ejecutiva,Gastos En Personal,Remuneraciones Al Personal,4915627.0,6498338.0,6498332.02,629105688.17,629105109.24,Fiscal
2017,4,Administracion Central,Jefatura De Gobierno,Sec.Gral. Y Realaciones Internacionales,Sec.Gral. Y Realaciones Internacionales,Unidad De Gestion De Cumplimiento,Planificacion De Gestion Del Cumplimiento,Administración Gubernamental,Dirección Ejecutiva,Bienes De Consumo,Bienes De Consumo,337288.0,54484.0,54481.07,5274609.34,5274325.69,Fiscal
2017,4,Administracion Central,Jefatura De Gobierno,Sec.Gral. Y Realaciones Internacionales,Sec.Gral. Y Realaciones Internacionales,Unidad De Gestion De Cumplimiento,Planificacion De Gestion Del Cumplimiento,Administración Gubernamental,Dirección Ejecutiva,Servicios No Personales,Servicios No Personales,8208325.0,6900152.0,6875349.8,668005399.6,665604292.56,Fiscal
2017,4,Administracion Central,Jefatura De Gobierno,Sec.Gral. Y Realaciones Internacionales,Sec.Gral. Y Realaciones Internacionales,Unidad De Gestion De Cumplimiento,Planificacion De Gestion Del Cumplimiento,Administración Gubernamental,Dirección Ejecutiva,Bienes De Uso,Maquinaria Y Equipo,57089.0,517216.0,517216.0,50071807.22,50071807.22,Fiscal
2017,4,Administracion Central,Jefatura De Gobierno,Sec.Gral. Y Realaciones Internacionales,Sec.Gral. Y Realaciones Internacionales,Unidad De Gestion De Cumplimiento,Planificacion De Gestion Del Cumplimiento,Administración Gubernamental,Dirección Ejecutiva,Bienes De Uso,Activos Intangibles,24000.0,0.0,0.0,0.0,0.0,Fiscal
2017,4,Administracion Central,Jefatura De Gobierno,Sec.Gral. Y Realaciones Internacionales,Sec.Gral. Y Realaciones Internacionales,Direccion General Gestion Estrategica,Coordinacion De La Gestion Estrategica,Administración Gubernamental,Dirección Ejecutiva,Gastos En Personal,Remuneraciones Al Personal,3199181.0,3430679.0,3430673.58,332124871.5,332124346.78,Fiscal
2017,4,Administracion Central,Jefatura De Gobierno,Sec.Gral. Y Realaciones Internacionales,Sec.Gral. Y Realaciones Internacionales,Direccion General Gestion Estrategica,Coordinacion De La Gestion Estrategica,Administración Gubernamental,Dirección Ejecutiva,Bienes De Consumo,Bienes De Consumo,92761.0,77707.0,77706.37,7522833.64,7522772.65,Fiscal
2017,4,Administracion Central,Jefatura De Gobierno,Sec.Gral. Y Realaciones Internacionales,Sec.Gral. Y Realaciones Internacionales,Direccion General Gestion Estrategica,Coordinacion De La Gestion Estrategica,Administración Gubernamental,Dirección Ejecutiva,Servicios No Personales,Servicios No Personales,8483325.0,6264415.0,6248253.63,606459545.43,604894959.26,Fiscal
2017,4,Administracion Central,Jefatura De Gobierno,Sec.Gral. Y Realaciones Internacionales,Sec.Gral. Y Realaciones Internacionales,Direccion General Gestion Estrategica,Coordinacion De La Gestion Estrategica,Administración Gubernamental,Dirección Ejecutiva,Bienes De Uso,Maquinaria Y Equipo,57089.0,39300.0,39300.0,3804642.59,3804642.59,Fiscal
2017,4,Administracion Central,Jefatura De Gobierno,Sec.Gral. Y Realaciones Internacionales,Sec.Gral. Y Realaciones Internacionales,Direccion General Gestion Estrategica,Coordinacion De La Gestion Estrategica,Administración Gubernamental,Dirección Ejecutiva,Bienes De Uso,Activos Intangibles,24000.0,0.0,0.0,0.0,0.0,Fiscal
2017,4,Administracion Central,Jefatura De Gobierno,Sec.Gral. Y Realaciones Internacionales,Sec.Gral. Y Realaciones Internacionales,Direccion General Protocolo Y Ceremonial,Relaciones Protocolares,Administración Gubernamental,Dirección Ejecutiva,Gastos En Personal,Remuneraciones Al Personal,33251880.0,35528104.0,35523188.68,3439484421.44,3439008568.11,Fiscal
2017,4,Administracion Central,Jefatura De Gobierno,Sec.Gral. Y Realaciones Internacionales,Sec.Gral. Y Realaciones Internacionales,Direccion General Protocolo Y Ceremonial,Relaciones Protocolares,Administración Gubernamental,Dirección Ejecutiva,Bienes De Consumo,Bienes De Consumo,643799.0,593083.0,569107.08,57416510.01,55095395.35,Fiscal
2017,4,Administracion Central,Jefatura De Gobierno,Sec.Gral. Y Realaciones Internacionales,Sec.Gral. Y Realaciones Internacionales,Direccion General Protocolo Y Ceremonial,Relaciones Protocolares,Administración Gubernamental,Dirección Ejecutiva,Servicios No Personales,Servicios No Personales,3406053.0,3587273.0,3566911.88,347284774.86,345313609.87,Fiscal
2017,4,Administracion Central,Jefatura De Gobierno,Sec.Gral. Y Realaciones Internacionales,Sec.Gral. Y Realaciones Internacionales,Direccion General Protocolo Y Ceremonial,Relaciones Protocolares,Administración Gubernamental,Dirección Ejecutiva,Bienes De Uso,Maquinaria Y Equipo,46920.0,559235.0,559234.53,54139676.87,54139631.37,Fiscal
2017,4,Administracion Central,Jefatura De Gobierno,Sec.Gral. Y Realaciones Internacionales,Sec.Gral. Y Realaciones Internacionales,Direccion General Relaciones Internacionales Y Cooperacion,Coordinacion De Relaciones Internacionales Y Cooperacion,Administración Gubernamental,Dirección Ejecutiva,Gastos En Personal,Remuneraciones Al Personal,2524215.0,2665635.0,2665630.52,258060775.09,258060341.38,Fiscal
2017,4,Administracion Central,Jefatura De Gobierno,Sec.Gral. Y Realaciones Internacionales,Sec.Gral. Y Realaciones Internacionales,Direccion General Relaciones Internacionales Y Cooperacion,Coordinacion De Relaciones Internacionales Y Cooperacion,Administración Gubernamental,Dirección Ejecutiva,Bienes De Consumo,Bienes De Consumo,173647.0,55130.0,55128.77,5337148.76,5337029.68,Fiscal
2017,4,Administracion Central,Jefatura De Gobierno,Sec.Gral. Y Realaciones Internacionales,Sec.Gral. Y Realaciones Internacionales,Direccion General Relaciones Internacionales Y Cooperacion,Coordinacion De Relaciones Internacionales Y Cooperacion,Administración Gubernamental,Dirección Ejecutiva,Servicios No Personales,Servicios No Personales,8087339.0,6200389.0,5993783.23,600261172.74,580259617.71,Fiscal
2017,4,Administracion Central,Jefatura De Gobierno,Sec.Gral. Y Realaciones Internacionales,Sec.Gral. Y Realaciones Internacionales,Direccion General Relaciones Internacionales Y Cooperacion,Coordinacion De Relaciones Internacionales Y Cooperacion,Administración Gubernamental,Dirección Ejecutiva,Bienes De Uso,Maquinaria Y Equipo,48601.0,31700.0,31700.0,3068884.74,3068884.74,Fiscal
2017,4,Administracion Central,Jefatura De Gobierno,Sec.Gral. Y Realaciones Internacionales,Sec.Gral. Y Realaciones Internacionales,Direccion General Relaciones Internacionales Y Cooperacion,Coordinacion De Relaciones Internacionales Y Cooperacion,Administración Gubernamental,Dirección Ejecutiva,Transferencias,Al Sector Externo,0.0,682840.0,682840.0,66105907.1,66105907.1,Fiscal
2017,4,Administracion Central,Jefatura De Gobierno,Sec.Gral. Y Realaciones Internacionales,Sec.Gral. Y Realaciones Internacionales,Sec.Gral. Y Relaciones Internacionales,Actividades Centrales De La Secretaria General Y Relaciones Internacionales,Administración Gubernamental,Dirección Ejecutiva,Gastos En Personal,Remuneraciones Al Personal,13016915.0,11146970.0,11146962.75,1079140886.92,1079140185.05,Fiscal
2017,4,Administracion Central,Jefatura De Gobierno,Sec.Gral. Y Realaciones Internacionales,Sec.Gral. Y Realaciones Internacionales,Sec.Gral. Y Relaciones Internacionales,Actividades Centrales De La Secretaria General Y Relaciones Internacionales,Administración Gubernamental,Dirección Ejecutiva,Bienes De Consumo,Bienes De Consumo,845690.0,251748.0,246953.06,24371785.34,23907586.03,Fiscal
2017,4,Administracion Central,Jefatura De Gobierno,Sec.Gral. Y Realaciones Internacionales,Sec.Gral. Y Realaciones Internacionales,Sec.Gral. Y Relaciones Internacionales,Actividades Centrales De La Secretaria General Y Relaciones Internacionales,Administración Gubernamental,Dirección Ejecutiva,Servicios No Personales,Servicios No Personales,55261304.0,19903505.0,19672152.63,1926863177.94,1904465898.52,Fiscal
2017,4,Administracion Central,Jefatura De Gobierno,Sec.Gral. Y Realaciones Internacionales,Sec.Gral. Y Realaciones Internacionales,Sec.Gral. Y Relaciones Internacionales,Actividades Centrales De La Secretaria General Y Relaciones Internacionales,Administración Gubernamental,Dirección Ejecutiva,Bienes De Uso,Maquinaria Y Equipo,1730462.0,567225.0,567225.0,54913190.72,54913190.72,Fiscal
2017,4,Administracion Central,Jefatura De Gobierno,Sec.Gral. Y Realaciones Internacionales,Sec.Gral. Y Realaciones Internacionales,Sec.Gral. Y Relaciones Internacionales,Actividades Centrales De La Secretaria General Y Relaciones Internacionales,Administración Gubernamental,Dirección Ejecutiva,Bienes De Uso,Activos Intangibles,24000.0,0.0,0.0,0.0,0.0,Fiscal
2017,4,Administracion Central,Jefatura De Gobierno,Sec.Gral. Y Realaciones Internacionales,Sec.Gral. Y Realaciones Internacionales,Sec.Gral. Y Relaciones Internacionales,Actividades Centrales De La Secretaria General Y Relaciones Internacionales,Administración Gubernamental,Dirección Ejecutiva,Transferencias,Al Sector Externo,2472000.0,0.0,0.0,0.0,0.0,Fiscal
2017,4,Administracion Central,Jefatura De Gobierno,Sec.Gral. Y Realaciones Internacionales,Sec.Gral. Y Realaciones Internacionales,Sec.Gral. Y Relaciones Internacionales,Actividades Centrales De La Secretaria General Y Relaciones Internacionales,Servicios De Seguridad,Seguridad Interior,Servicios No Personales,Servicios No Personales,6885179.0,7913583.0,7881304.37,766115902.11,762991000.06,Fiscal
2017,4,Administracion Central,Jefatura De Gobierno,Secretaria Legal Y Tecnica,Secretaria Legal Y Tecnica,Secretaria Legal Y Tecnica,Actividades Centrales Secretaria Legal Y Tecnica,Administración Gubernamental,Dirección Ejecutiva,Gastos En Personal,Remuneraciones Al Personal,64107798.0,51769424.0,51769401.8,5011810575.51,5011808426.32,Fiscal
2017,4,Administracion Central,Jefatura De Gobierno,Secretaria Legal Y Tecnica,Secretaria Legal Y Tecnica,Secretaria Legal Y Tecnica,Actividades Centrales Secretaria Legal Y Tecnica,Administración Gubernamental,Dirección Ejecutiva,Bienes De Consumo,Bienes De Consumo,1150000.0,946551.0,757679.78,91635833.38,73351164.47,Fiscal
2017,4,Administracion Central,Jefatura De Gobierno,Secretaria Legal Y Tecnica,Secretaria Legal Y Tecnica,Secretaria Legal Y Tecnica,Actividades Centrales Secretaria Legal Y Tecnica,Administración Gubernamental,Dirección Ejecutiva,Servicios No Personales,Servicios No Personales,96460272.0,118403992.0,116435706.9,11462719370.57,11272169209.54,Fiscal
2017,4,Administracion Central,Jefatura De Gobierno,Secretaria Legal Y Tecnica,Secretaria Legal Y Tecnica,Secretaria Legal Y Tecnica,Actividades Centrales Secretaria Legal Y Tecnica,Administración Gubernamental,Dirección Ejecutiva,Bienes De Uso,Maquinaria Y Equipo,1720000.0,1209600.0,844183.17,117101671.29,81725578.77,Fiscal
2017,4,Administracion Central,Jefatura De Gobierno,Secretaria Legal Y Tecnica,Secretaria Legal Y Tecnica,Secretaria Legal Y Tecnica,Actividades Centrales Secretaria Legal Y Tecnica,Administración Gubernamental,Dirección Ejecutiva,Bienes De Uso,Activos Intangibles,0.0,119906.0,119906.0,11608129.13,11608129.13,Fiscal
2017,4,Administracion Central,Jefatura De Gobierno,Secretaria Legal Y Tecnica,Secretaria Legal Y Tecnica,Secretaria Legal Y Tecnica,Actividades Centrales Secretaria Legal Y Tecnica,Administración Gubernamental,Dirección Ejecutiva,Transferencias,Al Sector Público,3105000.0,3101847.0,3043047.0,300290565.3,294598122.95,Fiscal
2017,4,Administracion Central,Jefatura De Gobierno,Secretaria Legal Y Tecnica,Secretaria Legal Y Tecnica,Secretaria Legal Y Tecnica,Actividades Centrales Secretaria Legal Y Tecnica,Administración Gubernamental,Control De La Gestión,Gastos En Personal,Remuneraciones Al Personal,4956868.0,6542553.0,6542547.9,633386153.11,633385659.38,Fiscal
2017,4,Administracion Central,Jefatura De Gobierno,Secretaria Legal Y Tecnica,Secretaria Legal Y Tecnica,Secretaria Legal Y Tecnica,Actividades Centrales Secretaria Legal Y Tecnica,Administración Gubernamental,Control De La Gestión,Bienes De Consumo,Bienes De Consumo,200000.0,45898.0,45896.83,4443396.58,4443283.32,Fiscal
2017,4,Administracion Central,Jefatura De Gobierno,Secretaria Legal Y Tecnica,Secretaria Legal Y Tecnica,Secretaria Legal Y Tecnica,Actividades Centrales Secretaria Legal Y Tecnica,Administración Gubernamental,Control De La Gestión,Servicios No Personales,Servicios No Personales,300000.0,42366.0,42365.81,4101462.8,4101444.41,Fiscal
2017,4,Administracion Central,Jefatura De Gobierno,Secretaria Legal Y Tecnica,Secretaria Legal Y Tecnica,Direccion General De Escribania General,Titularidades De Dominio,Servicios Sociales,Vivienda,Gastos En Personal,Remuneraciones Al Personal,9011373.0,10327724.0,10327711.62,999829481.67,999828283.16,Fiscal
2017,4,Administracion Central,Jefatura De Gobierno,Secretaria Legal Y Tecnica,Secretaria Legal Y Tecnica,Direccion General De Escribania General,Titularidades De Dominio,Servicios Sociales,Vivienda,Bienes De Consumo,Bienes De Consumo,200000.0,26221.0,21219.3,2538461.41,2054245.61,Fiscal
2017,4,Administracion Central,Jefatura De Gobierno,Secretaria Legal Y Tecnica,Secretaria Legal Y Tecnica,Direccion General De Escribania General,Titularidades De Dominio,Servicios Sociales,Vivienda,Servicios No Personales,Servicios No Personales,983325.0,1754551.0,1176797.21,169858510.63,113926025.18,Fiscal
2017,4,Administracion Central,Jefatura De Gobierno,Secretaria Legal Y Tecnica,Secretaria Legal Y Tecnica,Direccion General De Escribania General,Titularidades De Dominio,Servicios Sociales,Vivienda,Bienes De Uso,Activos Intangibles,0.0,356224.0,356224.0,34486132.4,34486132.4,Fiscal
2017,4,Administracion Central,Jefatura De Gobierno,Secretaria Legal Y Tecnica,Secretaria Legal Y Tecnica,"Dir.Gral.Mesa De Entradas, Salidas Y Archivo",Gestion Administrativa De Expedientes Y Archivos,Administración Gubernamental,Dirección Ejecutiva,Gastos En Personal,Remuneraciones Al Personal,42973427.0,49457155.0,49457131.63,4787959249.14,4787956986.69,Fiscal
2017,4,Administracion Central,Jefatura De Gobierno,Secretaria Legal Y Tecnica,Secretaria Legal Y Tecnica,"Dir.Gral.Mesa De Entradas, Salidas Y Archivo",Gestion Administrativa De Expedientes Y Archivos,Administración Gubernamental,Dirección Ejecutiva,Bienes De Consumo,Bienes De Consumo,9280000.0,8779036.0,8665910.33,849900618.32,838948894.59,Fiscal
2017,4,Administracion Central,Jefatura De Gobierno,Secretaria Legal Y Tecnica,Secretaria Legal Y Tecnica,"Dir.Gral.Mesa De Entradas, Salidas Y Archivo",Gestion Administrativa De Expedientes Y Archivos,Administración Gubernamental,Dirección Ejecutiva,Servicios No Personales,Servicios No Personales,39789957.0,64984620.0,63599421.13,6291176926.39,6157075485.63,Fiscal
2017,4,Administracion Central,Jefatura De Gobierno,Secretaria Legal Y Tecnica,Secretaria Legal Y Tecnica,"Dir.Gral.Mesa De Entradas, Salidas Y Archivo",Gestion Administrativa De Expedientes Y Archivos,Administración Gubernamental,Dirección Ejecutiva,Bienes De Uso,Maquinaria Y Equipo,1150000.0,7880494.0,7880489.29,762912547.94,762912091.97,Fiscal
2017,4,Administracion Central,Jefatura De Gobierno,Secretaria Legal Y Tecnica,Secretaria Legal Y Tecnica,"Dir.Gral.Mesa De Entradas, Salidas Y Archivo",Gestion Administrativa De Expedientes Y Archivos,Administración Gubernamental,Dirección Ejecutiva,Bienes De Uso,Activos Intangibles,0.0,581264.0,581263.8,56272309.74,56272290.38,Fiscal
2017,4,Administracion Central,Jefatura De Gobierno,Secretaria Legal Y Tecnica,Secretaria Legal Y Tecnica,"Dir.Gral.Mesa De Entradas, Salidas Y Archivo",Gestion Administrativa De Expedientes Y Archivos,Administración Gubernamental,Dirección Ejecutiva,Bienes De Uso,Construcciones Del Dominio Privado,0.0,8700000.0,8488237.56,842249123.86,821748350.35,Fiscal
2017,4,Administracion Central,Jefatura De Gobierno,Secretaria Legal Y Tecnica,Secretaria Legal Y Tecnica,Direccion General Gestion Documental,Gestion Documental,Administración Gubernamental,Dirección Ejecutiva,Gastos En Personal,Remuneraciones Al Personal,4959361.0,4298155.0,4298146.43,416105434.83,416104605.16,Fiscal
2017,4,Administracion Central,Jefatura De Gobierno,Secretaria Legal Y Tecnica,Secretaria Legal Y Tecnica,Direccion General Gestion Documental,Gestion Documental,Administración Gubernamental,Dirección Ejecutiva,Bienes De Consumo,Bienes De Consumo,220000.0,41258.0,21257.31,3994197.05,2057925.37,Fiscal
2017,4,Administracion Central,Jefatura De Gobierno,Secretaria Legal Y Tecnica,Secretaria Legal Y Tecnica,Direccion General Gestion Documental,Gestion Documental,Administración Gubernamental,Dirección Ejecutiva,Servicios No Personales,Servicios No Personales,752000.0,152149.0,142148.33,14729581.83,13761414.53,Fiscal
2017,4,Administracion Central,Jefatura De Gobierno,Secretaria Legal Y Tecnica,Secretaria Legal Y Tecnica,Direccion General Gestion Documental,Gestion Documental,Administración Gubernamental,Dirección Ejecutiva,Bienes De Uso,Maquinaria Y Equipo,200000.0,189620.0,140619.04,18357158.49,13613363.59,Fiscal
2017,4,Administracion Central,Jefatura De Gobierno,Secretaria Legal Y Tecnica,Secretaria Legal Y Tecnica,Direccion General Gestion Documental,Gestion Documental,Administración Gubernamental,Dirección Ejecutiva,Bienes De Uso,Activos Intangibles,8000000.0,13616441.0,13616441.0,1318210977.29,1318210977.29,Fiscal
2017,4,Organismos Descentralizados,Jefatura De Gobierno,Organismos Descentralizados,Consejo De Las Niñas Niños Y Adolescentes,"Consejo De Los Derechos De Las Niñas, Niños Y Adolescentes","Actividades Comunes A Los Programas 71,72,73,74",Servicios Sociales,Promoción Y Acción Social,Gastos En Personal,Remuneraciones Al Personal,48192045.0,104307670.0,104307648.88,10098050996.53,10098048951.89,Fiscal
2017,4,Organismos Descentralizados,Jefatura De Gobierno,Organismos Descentralizados,Consejo De Las Niñas Niños Y Adolescentes,"Consejo De Los Derechos De Las Niñas, Niños Y Adolescentes","Actividades Comunes A Los Programas 71,72,73,74",Servicios Sociales,Promoción Y Acción Social,Bienes De Consumo,Bienes De Consumo,1851100.0,2601696.0,2599931.43,251870824.89,251699996.44,Fiscal
2017,4,Organismos Descentralizados,Jefatura De Gobierno,Organismos Descentralizados,Consejo De Las Niñas Niños Y Adolescentes,"Consejo De Los Derechos De Las Niñas, Niños Y Adolescentes","Actividades Comunes A Los Programas 71,72,73,74",Servicios Sociales,Promoción Y Acción Social,Servicios No Personales,Servicios No Personales,15931000.0,27861758.0,27841924.76,2697303593.66,2695383532.85,Fiscal
2017,4,Organismos Descentralizados,Jefatura De Gobierno,Organismos Descentralizados,Consejo De Las Niñas Niños Y Adolescentes,"Consejo De Los Derechos De Las Niñas, Niños Y Adolescentes","Actividades Comunes A Los Programas 71,72,73,74",Servicios Sociales,Promoción Y Acción Social,Bienes De Uso,Maquinaria Y Equipo,183200.0,1629314.0,1628183.14,157734286.09,157624807.26,Fiscal
2017,4,Organismos Descentralizados,Jefatura De Gobierno,Organismos Descentralizados,Consejo De Las Niñas Niños Y Adolescentes,"Consejo De Los Derechos De Las Niñas, Niños Y Adolescentes","Actividades Comunes A Los Programas 71,72,73,74",Servicios Sociales,Promoción Y Acción Social,Transferencias,Al Sector Externo,2750.0,2750.0,2586.09,266228.17,250360.0,Fiscal
2017,4,Organismos Descentralizados,Jefatura De Gobierno,Organismos Descentralizados,Consejo De Las Niñas Niños Y Adolescentes,"Consejo De Los Derechos De Las Niñas, Niños Y Adolescentes","Actividades Comunes A Los Programas 71,72,73,74",Administración Gubernamental,Control De La Gestión,Gastos En Personal,Remuneraciones Al Personal,4157755.0,4061983.0,4061979.11,393241565.85,393241189.26,Fiscal
2017,4,Organismos Descentralizados,Jefatura De Gobierno,Organismos Descentralizados,Consejo De Las Niñas Niños Y Adolescentes,"Consejo De Los Derechos De Las Niñas, Niños Y Adolescentes","Actividades Comunes A Los Programas 71,72,73,74",Administración Gubernamental,Control De La Gestión,Bienes De Consumo,Bienes De Consumo,1210.0,1210.0,0.0,117140.4,0.0,Fiscal
2017,4,Organismos Descentralizados,Jefatura De Gobierno,Organismos Descentralizados,Consejo De Las Niñas Niños Y Adolescentes,"Consejo De Los Derechos De Las Niñas, Niños Y Adolescentes","Actividades Comunes A Los Programas 71,72,73,74",Servicios Sociales,Promoción Y Acción Social,Bienes De Uso,Construcciones Del Dominio Privado,4000000.0,2144710.0,1263372.07,207629898.67,122307358.51,Fiscal
2017,4,Organismos Descentralizados,Jefatura De Gobierno,Organismos Descentralizados,Consejo De Las Niñas Niños Y Adolescentes,"Consejo De Los Derechos De Las Niñas, Niños Y Adolescentes","Actividades Comunes A Los Programas 71,72,73,74",Servicios Sociales,Promoción Y Acción Social,Activos Financieros,Activos Financieros,0.0,144459.0,144458.52,13985111.06,13985064.59,Fiscal
2017,4,Organismos Descentralizados,Jefatura De Gobierno,Organismos Descentralizados,Consejo De Las Niñas Niños Y Adolescentes,"Consejo De Los Derechos De Las Niñas, Niños Y Adolescentes",Servicios De Emergencia Y Programas Transversales,Servicios Sociales,Promoción Y Acción Social,Gastos En Personal,Remuneraciones Al Personal,60776373.0,52143903.0,52143883.34,5048063978.92,5048062075.63,Fiscal
2017,4,Organismos Descentralizados,Jefatura De Gobierno,Organismos Descentralizados,Consejo De Las Niñas Niños Y Adolescentes,"Consejo De Los Derechos De Las Niñas, Niños Y Adolescentes",Servicios De Emergencia Y Programas Transversales,Servicios Sociales,Promoción Y Acción Social,Bienes De Consumo,Bienes De Consumo,176129.0,1118826.0,1118818.3,108313818.19,108313072.75,Fiscal
2017,4,Organismos Descentralizados,Jefatura De Gobierno,Organismos Descentralizados,Consejo De Las Niñas Niños Y Adolescentes,"Consejo De Los Derechos De Las Niñas, Niños Y Adolescentes",Servicios De Emergencia Y Programas Transversales,Servicios Sociales,Promoción Y Acción Social,Servicios No Personales,Servicios No Personales,10653898.0,14379444.0,14279830.38,1392077483.98,1382433865.11,Fiscal
2017,4,Organismos Descentralizados,Jefatura De Gobierno,Organismos Descentralizados,Consejo De Las Niñas Niños Y Adolescentes,"Consejo De Los Derechos De Las Niñas, Niños Y Adolescentes",Servicios De Emergencia Y Programas Transversales,Servicios Sociales,Promoción Y Acción Social,Bienes De Uso,Maquinaria Y Equipo,368560.0,3000546.0,3000459.13,290483590.76,290475180.85,Fiscal
2017,4,Organismos Descentralizados,Jefatura De Gobierno,Organismos Descentralizados,Consejo De Las Niñas Niños Y Adolescentes,"Consejo De Los Derechos De Las Niñas, Niños Y Adolescentes",Servicios De Emergencia Y Programas Transversales,Servicios Sociales,Promoción Y Acción Social,Transferencias,Al Sector Privado,1317500.0,1680096.0,1653596.0,162650503.91,160085032.44,Fiscal
2017,4,Organismos Descentralizados,Jefatura De Gobierno,Organismos Descentralizados,Consejo De Las Niñas Niños Y Adolescentes,"Consejo De Los Derechos De Las Niñas, Niños Y Adolescentes","Promocion Y Proteccion De Los Derechos De Niñas, Niños Y Adolescentes",Servicios Sociales,Promoción Y Acción Social,Gastos En Personal,Remuneraciones Al Personal,81611465.0,79355081.0,79355076.24,7682384763.95,7682384303.14,Fiscal
2017,4,Organismos Descentralizados,Jefatura De Gobierno,Organismos Descentralizados,Consejo De Las Niñas Niños Y Adolescentes,"Consejo De Los Derechos De Las Niñas, Niños Y Adolescentes","Promocion Y Proteccion De Los Derechos De Niñas, Niños Y Adolescentes",Servicios Sociales,Promoción Y Acción Social,Bienes De Consumo,Bienes De Consumo,129399.0,294167.0,294165.23,28478379.08,28478207.73,Fiscal
2017,4,Organismos Descentralizados,Jefatura De Gobierno,Organismos Descentralizados,Consejo De Las Niñas Niños Y Adolescentes,"Consejo De Los Derechos De Las Niñas, Niños Y Adolescentes","Promocion Y Proteccion De Los Derechos De Niñas, Niños Y Adolescentes",Servicios Sociales,Promoción Y Acción Social,Servicios No Personales,Servicios No Personales,14345250.0,12128727.0,12006038.28,1174185021.76,1162307496.83,Fiscal
2017,4,Organismos Descentralizados,Jefatura De Gobierno,Organismos Descentralizados,Consejo De Las Niñas Niños Y Adolescentes,"Consejo De Los Derechos De Las Niñas, Niños Y Adolescentes","Promocion Y Proteccion De Los Derechos De Niñas, Niños Y Adolescentes",Servicios Sociales,Promoción Y Acción Social,Bienes De Uso,Maquinaria Y Equipo,198240.0,275440.0,275430.0,26665413.64,26664445.54,Fiscal
2017,4,Organismos Descentralizados,Jefatura De Gobierno,Organismos Descentralizados,Consejo De Las Niñas Niños Y Adolescentes,"Consejo De Los Derechos De Las Niñas, Niños Y Adolescentes","Promocion Y Proteccion De Los Derechos De Niñas, Niños Y Adolescentes",Servicios Sociales,Promoción Y Acción Social,Transferencias,Al Sector Privado,1275875.0,1165560.0,1164560.0,112838148.14,112741337.9,Fiscal
2017,4,Organismos Descentralizados,Jefatura De Gobierno,Organismos Descentralizados,Consejo De Las Niñas Niños Y Adolescentes,"Consejo De Los Derechos De Las Niñas, Niños Y Adolescentes",Registros,Servicios Sociales,Promoción Y Acción Social,Gastos En Personal,Remuneraciones Al Personal,21619535.0,21204948.0,21204935.86,2052856192.48,2052855017.2,Fiscal
2017,4,Organismos Descentralizados,Jefatura De Gobierno,Organismos Descentralizados,Consejo De Las Niñas Niños Y Adolescentes,"Consejo De Los Derechos De Las Niñas, Niños Y Adolescentes",Registros,Servicios Sociales,Promoción Y Acción Social,Bienes De Consumo,Bienes De Consumo,2805.0,1005.0,1000.0,97294.3,96810.24,Fiscal
2017,4,Organismos Descentralizados,Jefatura De Gobierno,Organismos Descentralizados,Consejo De Las Niñas Niños Y Adolescentes,"Consejo De Los Derechos De Las Niñas, Niños Y Adolescentes",Registros,Servicios Sociales,Promoción Y Acción Social,Servicios No Personales,Servicios No Personales,180000.0,5665143.0,5664594.0,548443876.82,548390727.99,Fiscal
2017,4,Organismos Descentralizados,Jefatura De Gobierno,Organismos Descentralizados,Consejo De Las Niñas Niños Y Adolescentes,"Consejo De Los Derechos De Las Niñas, Niños Y Adolescentes","Promocion Y Capacitacion En Derechos De Niñas, Niños Y Adolescentes",Servicios Sociales,Promoción Y Acción Social,Gastos En Personal,Remuneraciones Al Personal,5595118.0,5717257.0,5717248.61,553489045.88,553488233.64,Fiscal
2017,4,Organismos Descentralizados,Jefatura De Gobierno,Organismos Descentralizados,Consejo De Las Niñas Niños Y Adolescentes,"Consejo De Los Derechos De Las Niñas, Niños Y Adolescentes","Promocion Y Capacitacion En Derechos De Niñas, Niños Y Adolescentes",Servicios Sociales,Promoción Y Acción Social,Bienes De Consumo,Bienes De Consumo,362.0,62.0,0.0,6002.24,0.0,Fiscal
2017,4,Organismos Descentralizados,Jefatura De Gobierno,Organismos Descentralizados,Consejo De Las Niñas Niños Y Adolescentes,"Consejo De Los Derechos De Las Niñas, Niños Y Adolescentes","Promocion Y Capacitacion En Derechos De Niñas, Niños Y Adolescentes",Servicios Sociales,Promoción Y Acción Social,Transferencias,Al Sector Privado,483875.0,482140.0,482130.0,46676091.1,46675123.0,Fiscal
2017,4,Organismos Descentralizados,Jefatura De Gobierno,Organismos Descentralizados,Consejo De Las Niñas Niños Y Adolescentes,"Consejo De Los Derechos De Las Niñas, Niños Y Adolescentes","Promocion Y Capacitacion En Derechos De Niñas, Niños Y Adolescentes",Servicios Sociales,Promoción Y Acción Social,Servicios No Personales,Servicios No Personales,200.0,0.0,0.0,0.0,0.0,Fiscal
2017,4,Organismos Descentralizados,Jefatura De Gobierno,Organismos Descentralizados,Consejo De Las Niñas Niños Y Adolescentes,"Consejo De Los Derechos De Las Niñas, Niños Y Adolescentes",Control E Intervencion De Jovenes En Conflicto Con La Ley Penal,Servicios Sociales,Promoción Y Acción Social,Gastos En Personal,Remuneraciones Al Personal,0.0,144585453.0,144585446.97,13997353001.46,13997352417.69,Fiscal
2017,4,Organismos Descentralizados,Jefatura De Gobierno,Organismos Descentralizados,Consejo De Las Niñas Niños Y Adolescentes,"Consejo De Los Derechos De Las Niñas, Niños Y Adolescentes",Control E Intervencion De Jovenes En Conflicto Con La Ley Penal,Servicios Sociales,Promoción Y Acción Social,Bienes De Consumo,Bienes De Consumo,0.0,5446043.0,5446027.99,527232752.33,527231299.21,Fiscal
2017,4,Organismos Descentralizados,Jefatura De Gobierno,Organismos Descentralizados,Consejo De Las Niñas Niños Y Adolescentes,"Consejo De Los Derechos De Las Niñas, Niños Y Adolescentes",Control E Intervencion De Jovenes En Conflicto Con La Ley Penal,Servicios Sociales,Promoción Y Acción Social,Servicios No Personales,Servicios No Personales,0.0,32661596.0,32556926.6,3161977082.18,3151844012.02,Fiscal
2017,4,Organismos Descentralizados,Jefatura De Gobierno,Organismos Descentralizados,Consejo De Las Niñas Niños Y Adolescentes,"Consejo De Los Derechos De Las Niñas, Niños Y Adolescentes",Control E Intervencion De Jovenes En Conflicto Con La Ley Penal,Servicios Sociales,Promoción Y Acción Social,Bienes De Uso,Maquinaria Y Equipo,0.0,2509700.0,2498404.5,242964669.67,241871149.56,Fiscal
2017,4,Organismos Descentralizados,Jefatura De Gobierno,Organismos Descentralizados,Consejo De Las Niñas Niños Y Adolescentes,"Consejo De Los Derechos De Las Niñas, Niños Y Adolescentes",Control E Intervencion De Jovenes En Conflicto Con La Ley Penal,Servicios Sociales,Promoción Y Acción Social,Transferencias,Al Sector Privado,0.0,1200000.0,1170324.0,116172292.95,113299352.14,Fiscal
2017,4,Organismos Descentralizados,Jefatura De Gobierno,Organismos Descentralizados,Consejo De Las Niñas Niños Y Adolescentes,"Consejo De Los Derechos De Las Niñas, Niños Y Adolescentes",Control E Intervencion De Jovenes En Conflicto Con La Ley Penal,Servicios Sociales,Promoción Y Acción Social,Transferencias,Al Sector Público,0.0,1113750.0,1113750.0,107822409.39,107822409.39,Fiscal
2017,4,Organismos Descentralizados,Jefatura De Gobierno,Organismos Descentralizados,Ente Regulador De Servicios Publicos,Ente Regulador De Los Servicios Publicos,Actividades Centrales,Administración Gubernamental,Control De La Gestión,Gastos En Personal,Remuneraciones Al Personal,161612501.0,150701501.0,150663829.97,14589449101.4,14585802159.79,Fiscal
2017,4,Organismos Descentralizados,Jefatura De Gobierno,Organismos Descentralizados,Ente Regulador De Servicios Publicos,Ente Regulador De Los Servicios Publicos,Actividades Centrales,Administración Gubernamental,Control De La Gestión,Bienes De Consumo,Bienes De Consumo,2761612.0,1383612.0,1062644.9,133947815.49,102874912.18,Fiscal
2017,4,Organismos Descentralizados,Jefatura De Gobierno,Organismos Descentralizados,Ente Regulador De Servicios Publicos,Ente Regulador De Los Servicios Publicos,Actividades Centrales,Administración Gubernamental,Control De La Gestión,Servicios No Personales,Servicios No Personales,64926298.0,78965433.0,73296576.0,7644662845.95,7095859415.89,Fiscal
2017,4,Organismos Descentralizados,Jefatura De Gobierno,Organismos Descentralizados,Ente Regulador De Servicios Publicos,Ente Regulador De Los Servicios Publicos,Actividades Centrales,Administración Gubernamental,Control De La Gestión,Bienes De Uso,Edificios E Instalaciones,6884371.0,1118088.0,0.0,108242372.23,0.0,Fiscal
2017,4,Organismos Descentralizados,Jefatura De Gobierno,Organismos Descentralizados,Ente Regulador De Servicios Publicos,Ente Regulador De Los Servicios Publicos,Actividades Centrales,Administración Gubernamental,Control De La Gestión,Bienes De Uso,Maquinaria Y Equipo,7591390.0,2553142.0,1860682.89,247170300.3,180133164.82,Fiscal
2017,4,Organismos Descentralizados,Jefatura De Gobierno,Organismos Descentralizados,Ente Regulador De Servicios Publicos,Ente Regulador De Los Servicios Publicos,Actividades Centrales,Administración Gubernamental,Control De La Gestión,Bienes De Uso,Activos Intangibles,621730.0,47943.0,7535.93,4641373.53,729555.22,Fiscal
2017,4,Organismos Descentralizados,Jefatura De Gobierno,Organismos Descentralizados,Ente Regulador De Servicios Publicos,Ente Regulador De Los Servicios Publicos,Vinculos Con Los Usuarios,Administración Gubernamental,Control De La Gestión,Gastos En Personal,Remuneraciones Al Personal,19489308.0,21186308.0,21106360.08,2051051649.53,2043311871.88,Fiscal
2017,4,Organismos Descentralizados,Jefatura De Gobierno,Organismos Descentralizados,Ente Regulador De Servicios Publicos,Ente Regulador De Los Servicios Publicos,Vinculos Con Los Usuarios,Administración Gubernamental,Control De La Gestión,Bienes De Consumo,Bienes De Consumo,552639.0,362265.0,140073.1,35070963.09,13560511.01,Fiscal
2017,4,Organismos Descentralizados,Jefatura De Gobierno,Organismos Descentralizados,Ente Regulador De Servicios Publicos,Ente Regulador De Los Servicios Publicos,Vinculos Con Los Usuarios,Administración Gubernamental,Control De La Gestión,Servicios No Personales,Servicios No Personales,4847692.0,4776392.0,4442589.5,462403675.54,430088174.03,Fiscal
2017,4,Organismos Descentralizados,Jefatura De Gobierno,Organismos Descentralizados,Ente Regulador De Servicios Publicos,Ente Regulador De Los Servicios Publicos,Vinculos Con Los Usuarios,Administración Gubernamental,Control De La Gestión,Bienes De Uso,Maquinaria Y Equipo,1026460.0,476460.0,139052.0,46126208.91,13461658.07,Fiscal
2017,4,Organismos Descentralizados,Jefatura De Gobierno,Organismos Descentralizados,Ente Regulador De Servicios Publicos,Ente Regulador De Los Servicios Publicos,Vinculos Con Los Usuarios,Administración Gubernamental,Control De La Gestión,Bienes De Uso,Activos Intangibles,54858.0,54858.0,0.0,5310816.37,0.0,Fiscal
2017,4,Organismos Descentralizados,Jefatura De Gobierno,Organismos Descentralizados,Ente Regulador De Servicios Publicos,Ente Regulador De Los Servicios Publicos,Vinculos Con Los Usuarios,Administración Gubernamental,Control De La Gestión,Transferencias,Al Sector Privado,2760000.0,1460000.0,1424000.0,141342956.42,137857787.63,Fiscal
2017,4,Organismos Descentralizados,Jefatura De Gobierno,Organismos Descentralizados,Ente Regulador De Servicios Publicos,Ente Regulador De Los Servicios Publicos,Control Técnico De Los Servicios Públicos,Administración Gubernamental,Control De La Gestión,Gastos En Personal,Remuneraciones Al Personal,80886955.0,113738955.0,113736865.62,11011095999.76,11010893726.37,Fiscal
2017,4,Organismos Descentralizados,Jefatura De Gobierno,Organismos Descentralizados,Ente Regulador De Servicios Publicos,Ente Regulador De Los Servicios Publicos,Control Técnico De Los Servicios Públicos,Administración Gubernamental,Control De La Gestión,Bienes De Consumo,Bienes De Consumo,814767.0,1076167.0,647893.17,104183989.99,62722695.95,Fiscal
2017,4,Organismos Descentralizados,Jefatura De Gobierno,Organismos Descentralizados,Ente Regulador De Servicios Publicos,Ente Regulador De Los Servicios Publicos,Control Técnico De Los Servicios Públicos,Administración Gubernamental,Control De La Gestión,Servicios No Personales,Servicios No Personales,3785566.0,2422166.0,2228070.47,234490481.76,215700046.12,Fiscal
2017,4,Organismos Descentralizados,Jefatura De Gobierno,Organismos Descentralizados,Ente Regulador De Servicios Publicos,Ente Regulador De Los Servicios Publicos,Control Técnico De Los Servicios Públicos,Administración Gubernamental,Control De La Gestión,Bienes De Uso,Maquinaria Y Equipo,690831.0,854831.0,553002.74,82756397.79,53536330.26,Fiscal
2017,4,Organismos Descentralizados,Jefatura De Gobierno,Organismos Descentralizados,Ente Regulador De Servicios Publicos,Ente Regulador De Los Servicios Publicos,Control Técnico De Los Servicios Públicos,Administración Gubernamental,Control De La Gestión,Bienes De Uso,Activos Intangibles,423586.0,249888.0,0.0,24191718.28,0.0,Fiscal
2017,4,Organismos Descentralizados,Jefatura De Gobierno,Organismos Descentralizados,Ente Regulador De Servicios Publicos,Ente Regulador De Los Servicios Publicos,Actividades En Comunas,Administración Gubernamental,Control De La Gestión,Gastos En Personal,Remuneraciones Al Personal,9018856.0,11376461.0,11373879.52,1101357966.66,1101108052.95,Fiscal
2017,4,Organismos Descentralizados,Jefatura De Gobierno,Organismos Descentralizados,Ente Regulador De Servicios Publicos,Ente Regulador De Los Servicios Publicos,Actividades En Comunas,Administración Gubernamental,Control De La Gestión,Bienes De Consumo,Bienes De Consumo,201391.0,157391.0,64345.3,15237061.13,6229284.2,Fiscal
2017,4,Organismos Descentralizados,Jefatura De Gobierno,Organismos Descentralizados,Ente Regulador De Servicios Publicos,Ente Regulador De Los Servicios Publicos,Actividades En Comunas,Administración Gubernamental,Control De La Gestión,Servicios No Personales,Servicios No Personales,1464559.0,1995557.0,1928513.68,193190360.33,186699880.15,Fiscal
2017,4,Organismos Descentralizados,Jefatura De Gobierno,Organismos Descentralizados,Ente Regulador De Servicios Publicos,Ente Regulador De Los Servicios Publicos,Actividades En Comunas,Administración Gubernamental,Control De La Gestión,Bienes De Uso,Maquinaria Y Equipo,230212.0,230212.0,127155.0,22286879.92,12309906.59,Fiscal
2017,4,Organismos Descentralizados,Jefatura De Gobierno,Organismos Descentralizados,Ente Regulador De Servicios Publicos,Ente Regulador De Los Servicios Publicos,Actividades En Comunas,Administración Gubernamental,Control De La Gestión,Bienes De Uso,Activos Intangibles,116356.0,116356.0,0.0,11264452.77,0.0,Fiscal
2017,4,Organismos Descentralizados,Jefatura De Gobierno,Organismos Descentralizados,Ente Regulador De Servicios Publicos,Ente Regulador De Los Servicios Publicos,Gestión De La Información,Administración Gubernamental,Control De La Gestión,Gastos En Personal,Remuneraciones Al Personal,12492380.0,14496775.0,14365842.49,1403436326.74,1390760718.48,Fiscal
2017,4,Organismos Descentralizados,Jefatura De Gobierno,Organismos Descentralizados,Ente Regulador De Servicios Publicos,Ente Regulador De Los Servicios Publicos,Gestión De La Información,Administración Gubernamental,Control De La Gestión,Bienes De Consumo,Bienes De Consumo,355728.0,213728.0,134982.17,20691059.86,13067656.83,Fiscal
2017,4,Organismos Descentralizados,Jefatura De Gobierno,Organismos Descentralizados,Ente Regulador De Servicios Publicos,Ente Regulador De Los Servicios Publicos,Gestión De La Información,Administración Gubernamental,Control De La Gestión,Servicios No Personales,Servicios No Personales,597978.0,587858.0,558542.6,56910676.49,54072645.46,Fiscal
2017,4,Organismos Descentralizados,Jefatura De Gobierno,Organismos Descentralizados,Ente Regulador De Servicios Publicos,Ente Regulador De Los Servicios Publicos,Gestión De La Información,Administración Gubernamental,Control De La Gestión,Bienes De Uso,Maquinaria Y Equipo,1220303.0,2898303.0,2043408.4,280585420.97,197822866.05,Fiscal
2017,4,Organismos Descentralizados,Jefatura De Gobierno,Organismos Descentralizados,Ente Regulador De Servicios Publicos,Ente Regulador De Los Servicios Publicos,Gestión De La Información,Administración Gubernamental,Control De La Gestión,Bienes De Uso,Activos Intangibles,139903.0,767680.0,286900.0,74319288.21,27774859.04,Fiscal
2017,4,Administracion Central,Jefatura De Gobierno,Secretaria De Medios,Secretaria De Medios,Secretaria De Medios,Actividades Centrales De La Secretaria De Medios,Administración Gubernamental,Dirección Ejecutiva,Gastos En Personal,Remuneraciones Al Personal,11294115.0,12640179.0,12640169.71,1223698814.74,1223697915.37,Fiscal
2017,4,Administracion Central,Jefatura De Gobierno,Secretaria De Medios,Secretaria De Medios,Secretaria De Medios,Actividades Centrales De La Secretaria De Medios,Administración Gubernamental,Dirección Ejecutiva,Servicios No Personales,Servicios No Personales,8654199.0,9658860.0,9337634.2,935076594.54,903978646.43,Fiscal
2017,4,Administracion Central,Jefatura De Gobierno,Secretaria De Medios,Secretaria De Medios,Secretaria De Medios,Actividades Centrales De La Secretaria De Medios,Administración Gubernamental,Dirección Ejecutiva,Bienes De Consumo,Bienes De Consumo,131000.0,114698.0,79133.75,11103941.38,7660957.66,Fiscal
2017,4,Administracion Central,Jefatura De Gobierno,Secretaria De Medios,Secretaria De Medios,Secretaria De Medios,Actividades Centrales De La Secretaria De Medios,Administración Gubernamental,Dirección Ejecutiva,Bienes De Uso,Maquinaria Y Equipo,310000.0,272550.0,256815.91,26385632.04,24862410.94,Fiscal
2017,4,Administracion Central,Jefatura De Gobierno,Secretaria De Medios,Secretaria De Medios,Secretaria De Medios,Actividades Centrales De La Secretaria De Medios,Administración Gubernamental,Dirección Ejecutiva,Bienes De Uso,Activos Intangibles,20000.0,0.0,0.0,0.0,0.0,Fiscal
2017,4,Administracion Central,Jefatura De Gobierno,Secretaria De Medios,Secretaria De Medios,Direccion General De Coordinacion De Prensa,Coordinacion De Prensa,Administración Gubernamental,Dirección Ejecutiva,Gastos En Personal,Remuneraciones Al Personal,21947759.0,26620171.0,26620160.04,2577105253.09,2577104192.05,Fiscal
2017,4,Administracion Central,Jefatura De Gobierno,Secretaria De Medios,Secretaria De Medios,Direccion General De Coordinacion De Prensa,Coordinacion De Prensa,Administración Gubernamental,Dirección Ejecutiva,Bienes De Consumo,Bienes De Consumo,321000.0,313313.0,287896.94,30331908.02,27871373.04,Fiscal
2017,4,Administracion Central,Jefatura De Gobierno,Secretaria De Medios,Secretaria De Medios,Direccion General De Coordinacion De Prensa,Coordinacion De Prensa,Administración Gubernamental,Dirección Ejecutiva,Servicios No Personales,Servicios No Personales,999000.0,319715.0,312714.8,30951687.2,30273996.13,Fiscal
2017,4,Administracion Central,Jefatura De Gobierno,Secretaria De Medios,Secretaria De Medios,Direccion General De Coordinacion De Prensa,Coordinacion De Prensa,Administración Gubernamental,Dirección Ejecutiva,Bienes De Uso,Maquinaria Y Equipo,370000.0,4000.0,699.0,387240.98,67670.36,Fiscal
2017,4,Administracion Central,Jefatura De Gobierno,Secretaria De Medios,Secretaria De Medios,Direccion General De Coordinacion De Prensa,Coordinacion De Prensa,Administración Gubernamental,Dirección Ejecutiva,Bienes De Uso,Activos Intangibles,20000.0,0.0,0.0,0.0,0.0,Fiscal
2017,4,Administracion Central,Jefatura De Gobierno,Secretaria De Medios,Secretaria De Medios,Ls1 Radio De La Ciudad Y Fm 2x4,Señal Am Y Fm,Servicios Sociales,Cultura,Gastos En Personal,Remuneraciones Al Personal,58089459.0,67383701.0,67383679.66,6523432543.67,6523430477.74,Fiscal
2017,4,Administracion Central,Jefatura De Gobierno,Secretaria De Medios,Secretaria De Medios,Ls1 Radio De La Ciudad Y Fm 2x4,Señal Am Y Fm,Servicios Sociales,Cultura,Bienes De Consumo,Bienes De Consumo,1146000.0,996664.0,990450.9,96487285.15,95885793.42,Fiscal
2017,4,Administracion Central,Jefatura De Gobierno,Secretaria De Medios,Secretaria De Medios,Ls1 Radio De La Ciudad Y Fm 2x4,Señal Am Y Fm,Servicios Sociales,Cultura,Servicios No Personales,Servicios No Personales,65439100.0,65406346.0,64861522.97,6332004323.41,6279259872.87,Fiscal
2017,4,Administracion Central,Jefatura De Gobierno,Secretaria De Medios,Secretaria De Medios,Ls1 Radio De La Ciudad Y Fm 2x4,Señal Am Y Fm,Servicios Sociales,Cultura,Bienes De Uso,Maquinaria Y Equipo,3120000.0,7231000.0,7230976.17,700034875.25,700032568.26,Fiscal
2017,4,Administracion Central,Jefatura De Gobierno,Secretaria De Medios,Secretaria De Medios,Señal De Cable Ciudad Abierta,Cable De La Ciudad,Servicios Sociales,Cultura,Gastos En Personal,Remuneraciones Al Personal,17478816.0,21529602.0,21529586.49,2084286025.48,2084284523.95,Fiscal
2017,4,Administracion Central,Jefatura De Gobierno,Secretaria De Medios,Secretaria De Medios,Señal De Cable Ciudad Abierta,Cable De La Ciudad,Servicios Sociales,Cultura,Bienes De Consumo,Bienes De Consumo,500000.0,378210.0,378202.31,36614602.43,36613857.96,Fiscal
2017,4,Administracion Central,Jefatura De Gobierno,Secretaria De Medios,Secretaria De Medios,Señal De Cable Ciudad Abierta,Cable De La Ciudad,Servicios Sociales,Cultura,Servicios No Personales,Servicios No Personales,62931410.0,62973967.0,62624109.66,6096525118.62,6062655344.12,Fiscal
2017,4,Administracion Central,Jefatura De Gobierno,Secretaria De Medios,Secretaria De Medios,Señal De Cable Ciudad Abierta,Cable De La Ciudad,Servicios Sociales,Cultura,Bienes De Uso,Maquinaria Y Equipo,3120000.0,3442927.0,3442924.76,333310603.37,333310386.51,Fiscal
2017,4,Administracion Central,Jefatura De Gobierno,Secretaria De Medios,Secretaria De Medios,Subsecretaria De Medios Y Prensa,Acciones De La Subsecretaria De Medios Y Prensa,Administración Gubernamental,Dirección Ejecutiva,Bienes De Consumo,Bienes De Consumo,35000.0,0.0,0.0,0.0,0.0,Fiscal
2017,4,Administracion Central,Jefatura De Gobierno,Secretaria De Medios,Secretaria De Medios,Subsecretaria De Medios Y Prensa,Acciones De La Subsecretaria De Medios Y Prensa,Administración Gubernamental,Dirección Ejecutiva,Gastos En Personal,Remuneraciones Al Personal,1359240.0,5382786.0,5382780.38,521108826.72,521108282.64,Fiscal
2017,4,Administracion Central,Jefatura De Gobierno,Secretaria De Medios,Secretaria De Medios,Subsecretaria De Medios Y Prensa,Acciones De La Subsecretaria De Medios Y Prensa,Administración Gubernamental,Dirección Ejecutiva,Servicios No Personales,Servicios No Personales,117000.0,0.0,0.0,0.0,0.0,Fiscal
2017,4,Administracion Central,Jefatura De Gobierno,Secretaria De Medios,Secretaria De Medios,Subsecretaria De Medios Y Prensa,Acciones De La Subsecretaria De Medios Y Prensa,Administración Gubernamental,Dirección Ejecutiva,Bienes De Uso,Maquinaria Y Equipo,110000.0,0.0,0.0,0.0,0.0,Fiscal
2017,4,Administracion Central,Jefatura De Gobierno,Secretaria De Medios,Secretaria De Medios,Subsecretaria De Medios Y Prensa,Acciones De La Subsecretaria De Medios Y Prensa,Administración Gubernamental,Dirección Ejecutiva,Bienes De Uso,Activos Intangibles,40000.0,0.0,0.0,0.0,0.0,Fiscal
2017,4,Administracion Central,Jefatura De Gobierno,Secretaria De Medios,Secretaria De Medios,Direccion General Planeamiento De Medios,Planeamiento De Medios,Administración Gubernamental,Dirección Ejecutiva,Gastos En Personal,Remuneraciones Al Personal,4046200.0,5557876.0,5557871.36,538059332.36,538058883.16,Fiscal
2017,4,Administracion Central,Jefatura De Gobierno,Secretaria De Medios,Secretaria De Medios,Direccion General Planeamiento De Medios,Planeamiento De Medios,Administración Gubernamental,Dirección Ejecutiva,Bienes De Consumo,Bienes De Consumo,276000.0,205092.0,204147.25,19855006.59,19763545.11,Fiscal
2017,4,Administracion Central,Jefatura De Gobierno,Secretaria De Medios,Secretaria De Medios,Direccion General Planeamiento De Medios,Planeamiento De Medios,Administración Gubernamental,Dirección Ejecutiva,Servicios No Personales,Servicios No Personales,574948.0,3579492.0,3579489.01,346531494.35,346531204.89,Fiscal
2017,4,Administracion Central,Jefatura De Gobierno,Secretaria De Medios,Secretaria De Medios,Direccion General Planeamiento De Medios,Planeamiento De Medios,Administración Gubernamental,Dirección Ejecutiva,Bienes De Uso,Maquinaria Y Equipo,50000.0,196000.0,107526.89,18974807.85,10409704.47,Fiscal
2017,4,Administracion Central,Jefatura De Gobierno,Secretaria De Medios,Secretaria De Medios,Subsecr.Comunicaciòn Social,Desarrollo Y Planificacion De Acciones Comunicacionales,Administración Gubernamental,Dirección Ejecutiva,Gastos En Personal,Remuneraciones Al Personal,4564132.0,5938958.0,5938952.47,574951973.81,574951438.45,Fiscal
2017,4,Administracion Central,Jefatura De Gobierno,Secretaria De Medios,Secretaria De Medios,Subsecr.Comunicaciòn Social,Desarrollo Y Planificacion De Acciones Comunicacionales,Administración Gubernamental,Dirección Ejecutiva,Bienes De Consumo,Bienes De Consumo,2761300.0,157609.0,157603.86,15258165.77,15257668.16,Fiscal
2017,4,Administracion Central,Jefatura De Gobierno,Secretaria De Medios,Secretaria De Medios,Subsecr.Comunicaciòn Social,Desarrollo Y Planificacion De Acciones Comunicacionales,Administración Gubernamental,Dirección Ejecutiva,Servicios No Personales,Servicios No Personales,151845889.0,448552219.0,443925545.61,43424449822.98,42976540442.62,Fiscal
2017,4,Administracion Central,Jefatura De Gobierno,Secretaria De Medios,Secretaria De Medios,Subsecr.Comunicaciòn Social,Desarrollo Y Planificacion De Acciones Comunicacionales,Administración Gubernamental,Dirección Ejecutiva,Bienes De Uso,Maquinaria Y Equipo,600000.0,782450.0,761256.8,75749175.51,73697456.65,Fiscal
2017,4,Administracion Central,Jefatura De Gobierno,Secretaria De Medios,Secretaria De Medios,Subsecr.Comunicaciòn Social,Desarrollo Y Planificacion De Acciones Comunicacionales,Servicios De Seguridad,Seguridad Interior,Servicios No Personales,Servicios No Personales,75000000.0,34998699.0,34970708.59,3388232594.15,3385522835.73,Fiscal
2017,4,Administracion Central,Jefatura De Gobierno,Secretaria De Medios,Secretaria De Medios,Subsecr.Comunicaciòn Social,Desarrollo Y Planificacion De Acciones Comunicacionales,Servicios Sociales,Salud,Servicios No Personales,Servicios No Personales,65000000.0,14955299.0,14648325.44,1447826147.11,1418107961.83,Fiscal
2017,4,Administracion Central,Jefatura De Gobierno,Secretaria De Medios,Secretaria De Medios,Subsecr.Comunicaciòn Social,Desarrollo Y Planificacion De Acciones Comunicacionales,Servicios Sociales,Promoción Y Acción Social,Servicios No Personales,Servicios No Personales,65000000.0,34982000.0,34804511.84,3386615959.89,3369433287.79,Fiscal
2017,4,Administracion Central,Jefatura De Gobierno,Secretaria De Medios,Secretaria De Medios,Subsecr.Comunicaciòn Social,Desarrollo Y Planificacion De Acciones Comunicacionales,Servicios Sociales,Educación,Servicios No Personales,Servicios No Personales,65000000.0,99802614.0,99166287.01,9661915425.38,9600312454.14,Fiscal
2017,4,Administracion Central,Jefatura De Gobierno,Secretaria De Medios,Secretaria De Medios,Subsecr.Comunicaciòn Social,Desarrollo Y Planificacion De Acciones Comunicacionales,Servicios Sociales,Cultura,Servicios No Personales,Servicios No Personales,65000000.0,64905709.0,64829260.58,6283537533.22,6276136543.02,Fiscal
2017,4,Administracion Central,Jefatura De Gobierno,Secretaria De Medios,Secretaria De Medios,Subsecr.Comunicaciòn Social,Desarrollo Y Planificacion De Acciones Comunicacionales,Servicios Sociales,Trabajo,Servicios No Personales,Servicios No Personales,40000000.0,14101148.0,14101147.42,1365135580.28,1365135524.13,Fiscal
2017,4,Administracion Central,Jefatura De Gobierno,Secretaria De Medios,Secretaria De Medios,Subsecr.Comunicaciòn Social,Desarrollo Y Planificacion De Acciones Comunicacionales,Servicios Sociales,Vivienda,Servicios No Personales,Servicios No Personales,50000000.0,0.0,0.0,0.0,0.0,Fiscal
2017,4,Administracion Central,Jefatura De Gobierno,Secretaria De Medios,Secretaria De Medios,Subsecr.Comunicaciòn Social,Desarrollo Y Planificacion De Acciones Comunicacionales,Servicios Económicos,Transporte,Servicios No Personales,Servicios No Personales,40000000.0,39895977.0,39818419.74,3862339272.87,3854830935.59,Fiscal
2017,4,Administracion Central,Jefatura De Gobierno,Secretaria De Medios,Secretaria De Medios,Subsecr.Comunicaciòn Social,Desarrollo Y Planificacion De Acciones Comunicacionales,Servicios Económicos,Turismo,Servicios No Personales,Servicios No Personales,40000000.0,39906926.0,39745572.34,3863399248.23,3847778561.01,Fiscal
2017,4,Administracion Central,Jefatura De Gobierno,Secretaria De Medios,Secretaria De Medios,Subsecr.Comunicaciòn Social,Desarrollo Y Planificacion De Acciones Comunicacionales,Servicios Económicos,Industria Y Comercio,Servicios No Personales,Servicios No Personales,30000000.0,29793823.0,29793822.81,2884347277.97,2884347259.57,Fiscal
2017,4,Administracion Central,Jefatura De Gabinete De Ministros,Jefatura De Gabinete De Ministros,Jefatura De Gabinete De Ministros,Instituto Superior De La Carrera Administrativa,Capacitación Del Personal,Servicios Sociales,Trabajo,Gastos En Personal,Remuneraciones Al Personal,59658798.0,41529678.0,41529661.91,4020498265.5,4020496707.82,Fiscal
2017,4,Administracion Central,Jefatura De Gabinete De Ministros,Jefatura De Gabinete De Ministros,Jefatura De Gabinete De Ministros,Instituto Superior De La Carrera Administrativa,Capacitación Del Personal,Servicios Sociales,Trabajo,Bienes De Consumo,Bienes De Consumo,302879.0,298181.0,287705.82,28866975.4,27852870.67,Fiscal
2017,4,Administracion Central,Jefatura De Gabinete De Ministros,Jefatura De Gabinete De Ministros,Jefatura De Gabinete De Ministros,Instituto Superior De La Carrera Administrativa,Capacitación Del Personal,Servicios Sociales,Trabajo,Servicios No Personales,Servicios No Personales,14126355.0,19951803.0,19951799.76,1931538919.11,1931538605.44,Fiscal
2017,4,Administracion Central,Jefatura De Gabinete De Ministros,Jefatura De Gabinete De Ministros,Jefatura De Gabinete De Ministros,Instituto Superior De La Carrera Administrativa,Capacitación Del Personal,Servicios Sociales,Trabajo,Bienes De Uso,Maquinaria Y Equipo,847700.0,942592.0,942589.04,91252561.63,91252275.07,Fiscal
2017,4,Administracion Central,Jefatura De Gabinete De Ministros,Jefatura De Gabinete De Ministros,Jefatura De Gabinete De Ministros,Jefatura De Gabinete De Ministros,Actividades Centrales De La Jefatura De Gabinete De Ministros,Administración Gubernamental,Dirección Ejecutiva,Gastos En Personal,Remuneraciones Al Personal,52661920.0,43027600.0,43027586.25,4165512460.0,4165511128.85,Fiscal
2017,4,Administracion Central,Jefatura De Gabinete De Ministros,Jefatura De Gabinete De Ministros,Jefatura De Gabinete De Ministros,Jefatura De Gabinete De Ministros,Actividades Centrales De La Jefatura De Gabinete De Ministros,Administración Gubernamental,Dirección Ejecutiva,Bienes De Consumo,Bienes De Consumo,917000.0,870347.0,870332.72,84258505.54,84257123.09,Fiscal
2017,4,Administracion Central,Jefatura De Gabinete De Ministros,Jefatura De Gabinete De Ministros,Jefatura De Gabinete De Ministros,Jefatura De Gabinete De Ministros,Actividades Centrales De La Jefatura De Gabinete De Ministros,Administración Gubernamental,Dirección Ejecutiva,Servicios No Personales,Servicios No Personales,79996007.0,65869423.0,65744157.51,6376834920.82,6364707938.16,Fiscal
2017,4,Administracion Central,Jefatura De Gabinete De Ministros,Jefatura De Gabinete De Ministros,Jefatura De Gabinete De Ministros,Jefatura De Gabinete De Ministros,Actividades Centrales De La Jefatura De Gabinete De Ministros,Administración Gubernamental,Dirección Ejecutiva,Bienes De Uso,Maquinaria Y Equipo,140360.0,454907.0,454906.14,44039657.72,44039574.47,Fiscal
2017,4,Administracion Central,Jefatura De Gabinete De Ministros,Jefatura De Gabinete De Ministros,Jefatura De Gabinete De Ministros,Jefatura De Gabinete De Ministros,Actividades Centrales De La Jefatura De Gabinete De Ministros,Administración Gubernamental,Control De La Gestión,Gastos En Personal,Remuneraciones Al Personal,0.0,1609392.0,1609390.06,155805632.41,155805444.6,Fiscal
2017,4,Administracion Central,Jefatura De Gabinete De Ministros,Jefatura De Gabinete De Ministros,Jefatura De Gabinete De Ministros,Jefatura De Gabinete De Ministros,Actividades Centrales De La Jefatura De Gabinete De Ministros,Administración Gubernamental,Control De La Gestión,Bienes De Consumo,Bienes De Consumo,36164.0,55750.0,55749.23,5397171.11,5397096.57,Fiscal
2017,4,Administracion Central,Jefatura De Gabinete De Ministros,Jefatura De Gabinete De Ministros,Jefatura De Gabinete De Ministros,Jefatura De Gabinete De Ministros,Actividades Centrales De La Jefatura De Gabinete De Ministros,Administración Gubernamental,Control De La Gestión,Servicios No Personales,Servicios No Personales,1447600.0,2523523.0,2523522.95,244302877.68,244302872.84,Fiscal
2017,4,Administracion Central,Jefatura De Gabinete De Ministros,Jefatura De Gabinete De Ministros,Jefatura De Gabinete De Ministros,Jefatura De Gabinete De Ministros,Actividades Centrales De La Jefatura De Gabinete De Ministros,Servicios De Seguridad,Seguridad Interior,Servicios No Personales,Servicios No Personales,200795867.0,227163329.0,224985625.2,21991737336.12,21780913299.61,Fiscal
2017,4,Administracion Central,Jefatura De Gabinete De Ministros,Jefatura De Gabinete De Ministros,Jefatura De Gabinete De Ministros,Dir Gral Mant Esp Pub Comunal,Mantenimiento Del Espacio Público,Servicios Económicos,Servicios Urbanos,Gastos En Personal,Remuneraciones Al Personal,245231995.0,283047784.0,283047750.99,27401925067.31,27401921871.6,Fiscal
2017,4,Administracion Central,Jefatura De Gabinete De Ministros,Jefatura De Gabinete De Ministros,Jefatura De Gabinete De Ministros,Dir Gral Mant Esp Pub Comunal,Mantenimiento Del Espacio Público,Servicios Económicos,Servicios Urbanos,Bienes De Consumo,Bienes De Consumo,303205.0,322783.0,322777.11,31248701.03,31248130.82,Fiscal
2017,4,Administracion Central,Jefatura De Gabinete De Ministros,Jefatura De Gabinete De Ministros,Jefatura De Gabinete De Ministros,Dir Gral Mant Esp Pub Comunal,Mantenimiento Del Espacio Público,Servicios Económicos,Servicios Urbanos,Servicios No Personales,Servicios No Personales,372045.0,3198781.0,3198777.04,309674769.5,309674386.14,Fiscal
2017,4,Administracion Central,Jefatura De Gabinete De Ministros,Jefatura De Gabinete De Ministros,Jefatura De Gabinete De Ministros,Dir Gral Mant Esp Pub Comunal,Mantenimiento Del Espacio Público,Servicios Económicos,Servicios Urbanos,Bienes De Uso,Maquinaria Y Equipo,40773.0,841208.0,838289.6,81437551.84,81155020.82,Fiscal
2017,4,Administracion Central,Jefatura De Gabinete De Ministros,Jefatura De Gabinete De Ministros,Jefatura De Gabinete De Ministros,Dir Gral Mant Esp Pub Comunal,Mantenimiento Del Espacio Público,Servicios Económicos,Ecología,Servicios No Personales,Servicios No Personales,3600000.0,1890000.0,1890000.0,182971361.39,182971361.39,Fiscal
2017,4,Administracion Central,Jefatura De Gabinete De Ministros,Jefatura De Gabinete De Ministros,Jefatura De Gabinete De Ministros,Dir Gral Mant Esp Pub Comunal,Mantenimiento Del Espacio Público,Servicios Económicos,Ecología,Bienes De Uso,Construcciones Del Dominio Público,3000000.0,0.0,0.0,0.0,0.0,Fiscal
2017,4,Administracion Central,Jefatura De Gabinete De Ministros,Jefatura De Gabinete De Ministros,Jefatura De Gabinete De Ministros,Dir Gral Mant Esp Pub Comunal,Mantenimiento Del Espacio Público,Servicios Económicos,Servicios Urbanos,Bienes De Consumo,Bienes De Consumo,44050000.0,10828936.0,10819753.64,1048351937.74,1047462991.23,Fiscal
2017,4,Administracion Central,Jefatura De Gabinete De Ministros,Jefatura De Gabinete De Ministros,Jefatura De Gabinete De Ministros,Dir Gral Mant Esp Pub Comunal,Mantenimiento Del Espacio Público,Servicios Económicos,Servicios Urbanos,Servicios No Personales,Servicios No Personales,15950000.0,54694432.0,53905123.9,5294981314.05,5218568204.2,Fiscal
2017,4,Administracion Central,Jefatura De Gabinete De Ministros,Jefatura De Gabinete De Ministros,Jefatura De Gabinete De Ministros,Dir Gral Mant Esp Pub Comunal,Mantenimiento Del Espacio Público,Servicios Económicos,Servicios Urbanos,Bienes De Uso,Bienes De Uso,0.0,68000.0,0.0,6583096.6,0.0,Fiscal
2017,4,Administracion Central,Jefatura De Gabinete De Ministros,Jefatura De Gabinete De Ministros,Jefatura De Gabinete De Ministros,Sec Integracion Social Y Urbana,Actividades Comunes A Los Programas 21 Y 22,Servicios Sociales,Promoción Y Acción Social,Gastos En Personal,Remuneraciones Al Personal,24490587.0,26915416.0,26915407.66,2605687993.61,2605687186.22,Fiscal
2017,4,Administracion Central,Jefatura De Gabinete De Ministros,Jefatura De Gabinete De Ministros,Jefatura De Gabinete De Ministros,Sec Integracion Social Y Urbana,Actividades Comunes A Los Programas 21 Y 22,Servicios Sociales,Promoción Y Acción Social,Bienes De Consumo,Bienes De Consumo,914100.0,523273.0,509934.62,50658186.87,49366895.05,Fiscal
2017,4,Administracion Central,Jefatura De Gabinete De Ministros,Jefatura De Gabinete De Ministros,Jefatura De Gabinete De Ministros,Sec Integracion Social Y Urbana,Actividades Comunes A Los Programas 21 Y 22,Servicios Sociales,Promoción Y Acción Social,Servicios No Personales,Servicios No Personales,59446227.0,104484419.0,104447758.79,10115162110.36,10111613026.48,Fiscal
2017,4,Administracion Central,Jefatura De Gabinete De Ministros,Jefatura De Gabinete De Ministros,Jefatura De Gabinete De Ministros,Sec Integracion Social Y Urbana,Actividades Comunes A Los Programas 21 Y 22,Servicios Sociales,Promoción Y Acción Social,Bienes De Uso,Maquinaria Y Equipo,1032138.0,1569228.0,1470510.81,151917345.76,142360510.5,Fiscal
2017,4,Administracion Central,Jefatura De Gabinete De Ministros,Jefatura De Gabinete De Ministros,Jefatura De Gabinete De Ministros,Sec Integracion Social Y Urbana,Planeamiento Y Gestión Comunitaria En Barrios 31 Y 31 Bis,Servicios Sociales,Promoción Y Acción Social,Gastos En Personal,Remuneraciones Al Personal,1224461.0,4406613.0,4406609.17,426605280.28,426604909.5,Fiscal
2017,4,Administracion Central,Jefatura De Gabinete De Ministros,Jefatura De Gabinete De Ministros,Jefatura De Gabinete De Ministros,Sec Integracion Social Y Urbana,Planeamiento Y Gestión Comunitaria En Barrios 31 Y 31 Bis,Servicios Sociales,Promoción Y Acción Social,Bienes De Consumo,Bienes De Consumo,755316.0,398965.0,398956.14,38623899.05,38623041.31,Fiscal
2017,4,Administracion Central,Jefatura De Gabinete De Ministros,Jefatura De Gabinete De Ministros,Jefatura De Gabinete De Ministros,Sec Integracion Social Y Urbana,Planeamiento Y Gestión Comunitaria En Barrios 31 Y 31 Bis,Servicios Sociales,Promoción Y Acción Social,Servicios No Personales,Servicios No Personales,36063922.0,29419124.0,28503687.44,2848072576.3,2759448939.45,Fiscal
2017,4,Administracion Central,Jefatura De Gabinete De Ministros,Jefatura De Gabinete De Ministros,Jefatura De Gabinete De Ministros,Sec Integracion Social Y Urbana,Planeamiento Y Gestión Comunitaria En Barrios 31 Y 31 Bis,Servicios Sociales,Promoción Y Acción Social,Bienes De Uso,Maquinaria Y Equipo,2215570.0,1339517.0,1339515.19,129678967.78,129678792.55,Fiscal
2017,4,Administracion Central,Jefatura De Gabinete De Ministros,Jefatura De Gabinete De Ministros,Jefatura De Gabinete De Ministros,Sec Integracion Social Y Urbana,Planeamiento Y Gestión Comunitaria En Barrios 31 Y 31 Bis,Servicios Sociales,Promoción Y Acción Social,Transferencias,Al Sector Privado,52652860.0,61635060.0,57078924.66,5966905205.09,5525824630.57,Fiscal
2017,4,Administracion Central,Jefatura De Gabinete De Ministros,Jefatura De Gabinete De Ministros,Jefatura De Gabinete De Ministros,Sec Integracion Social Y Urbana,Infraestructura Urbana Y Coordinación Gubernamental En Barrios 31 Y 31 Bis,Servicios Sociales,Promoción Y Acción Social,Gastos En Personal,Remuneraciones Al Personal,852085.0,3346652.0,3346646.38,323990197.11,323989653.04,Fiscal
2017,4,Administracion Central,Jefatura De Gabinete De Ministros,Jefatura De Gabinete De Ministros,Jefatura De Gabinete De Ministros,Sec Integracion Social Y Urbana,Infraestructura Urbana Y Coordinación Gubernamental En Barrios 31 Y 31 Bis,Servicios Sociales,Promoción Y Acción Social,Bienes De Consumo,Bienes De Consumo,905792.0,1055070.0,1043160.99,102141584.27,100988670.1,Fiscal
2017,4,Administracion Central,Jefatura De Gabinete De Ministros,Jefatura De Gabinete De Ministros,Jefatura De Gabinete De Ministros,Sec Integracion Social Y Urbana,Infraestructura Urbana Y Coordinación Gubernamental En Barrios 31 Y 31 Bis,Servicios Sociales,Promoción Y Acción Social,Servicios No Personales,Servicios No Personales,5205160.0,12424211.0,11253302.99,1202790899.94,1089435009.64,Fiscal
2017,4,Administracion Central,Jefatura De Gabinete De Ministros,Jefatura De Gabinete De Ministros,Jefatura De Gabinete De Ministros,Sec Integracion Social Y Urbana,Infraestructura Urbana Y Coordinación Gubernamental En Barrios 31 Y 31 Bis,Servicios Sociales,Promoción Y Acción Social,Bienes De Uso,Maquinaria Y Equipo,1369965.0,815410.0,763670.97,78940041.16,73931173.03,Fiscal
2017,4,Administracion Central,Jefatura De Gabinete De Ministros,Jefatura De Gabinete De Ministros,Jefatura De Gabinete De Ministros,Sec Integracion Social Y Urbana,Infraestructura Urbana Y Coordinación Gubernamental En Barrios 31 Y 31 Bis,Servicios Sociales,Promoción Y Acción Social,Transferencias,Al Sector Privado,7740000.0,0.0,0.0,0.0,0.0,Fiscal
2017,4,Administracion Central,Jefatura De Gabinete De Ministros,Jefatura De Gabinete De Ministros,Jefatura De Gabinete De Ministros,Sec Integracion Social Y Urbana,Infraestructura Urbana Y Coordinación Gubernamental En Barrios 31 Y 31 Bis,Servicios Sociales,Promoción Y Acción Social,Servicios No Personales,Servicios No Personales,22731000.0,180176742.0,178009541.72,17442954378.18,17233147190.01,Fiscal
2017,4,Administracion Central,Jefatura De Gabinete De Ministros,Jefatura De Gabinete De Ministros,Jefatura De Gabinete De Ministros,Sec Integracion Social Y Urbana,Infraestructura Urbana Y Coordinación Gubernamental En Barrios 31 Y 31 Bis,Servicios Sociales,Promoción Y Acción Social,Bienes De Uso,Construcciones Del Dominio Público,468415384.0,290804818.0,235852150.54,28152885422.51,22832904270.54,Fiscal
2017,4,Administracion Central,Jefatura De Gabinete De Ministros,Jefatura De Gabinete De Ministros,Jefatura De Gabinete De Ministros,Sec Integracion Social Y Urbana,Infraestructura Urbana Y Coordinación Gubernamental En Barrios 31 Y 31 Bis,Servicios Sociales,Promoción Y Acción Social,Activos Financieros,Activos Financieros,0.0,411178671.0,383222036.71,39806307517.38,37099818926.93,Fiscal
2017,4,Administracion Central,Jefatura De Gabinete De Ministros,Jefatura De Gabinete De Ministros,Jefatura De Gabinete De Ministros,Sec Integracion Social Y Urbana,Infraestructura Urbana Y Coordinación Gubernamental En Barrios 31 Y 31 Bis,Servicios Sociales,Promoción Y Acción Social,Bienes De Uso,Construcciones Del Dominio Privado,739186740.0,307989150.0,272752730.43,29816504798.51,26405258417.95,Fiscal
2017,4,Administracion Central,Jefatura De Gabinete De Ministros,Jefatura De Gabinete De Ministros,Jefatura De Gabinete De Ministros,Sec Integracion Social Y Urbana,Infraestructura Urbana Y Coordinación Gubernamental En Barrios 31 Y 31 Bis,Servicios Sociales,Promoción Y Acción Social,Transferencias,Transferencias,67866876.0,181529765.0,181529493.56,17573940865.11,17573914586.94,Fiscal
2017,4,Administracion Central,Jefatura De Gabinete De Ministros,Jefatura De Gabinete De Ministros,Jefatura De Gabinete De Ministros,Sec Integracion Social Y Urbana,Infraestructura Urbana Y Coordinación Gubernamental En Barrios 31 Y 31 Bis,Servicios Sociales,Promoción Y Acción Social,Bienes De Uso,Bienes De Uso,5000000.0,4719000.0,4719000.0,456847542.01,456847542.01,Fiscal
2017,4,Administracion Central,Jefatura De Gabinete De Ministros,Jefatura De Gabinete De Ministros,Jefatura De Gabinete De Ministros,Ss De Coordinacion Y Promocion De Eventos,Coordinación Y Promoción De Eventos,Servicios Sociales,Promoción Y Acción Social,Gastos En Personal,Remuneraciones Al Personal,4063543.0,0.0,0.0,0.0,0.0,Fiscal
2017,4,Administracion Central,Jefatura De Gabinete De Ministros,Jefatura De Gabinete De Ministros,Jefatura De Gabinete De Ministros,Ss De Coordinacion Y Promocion De Eventos,Coordinación Y Promoción De Eventos,Servicios Sociales,Promoción Y Acción Social,Bienes De Consumo,Bienes De Consumo,163900.0,0.0,0.0,0.0,0.0,Fiscal
2017,4,Administracion Central,Jefatura De Gabinete De Ministros,Jefatura De Gabinete De Ministros,Jefatura De Gabinete De Ministros,Ss De Coordinacion Y Promocion De Eventos,Coordinación Y Promoción De Eventos,Servicios Sociales,Promoción Y Acción Social,Servicios No Personales,Servicios No Personales,21025351.0,0.0,0.0,0.0,0.0,Fiscal
2017,4,Administracion Central,Jefatura De Gabinete De Ministros,Jefatura De Gabinete De Ministros,Jefatura De Gabinete De Ministros,Ss De Coordinacion Y Promocion De Eventos,Coordinación Y Promoción De Eventos,Servicios Sociales,Promoción Y Acción Social,Bienes De Uso,Maquinaria Y Equipo,220000.0,0.0,0.0,0.0,0.0,Fiscal
2017,4,Administracion Central,Jefatura De Gabinete De Ministros,Jefatura De Gabinete De Ministros,Jefatura De Gabinete De Ministros,Dir.Gral.Defensa Y Protección Al Consumidor,Defensa Y Protección Al Consumidor,Servicios Sociales,Promoción Y Acción Social,Gastos En Personal,Remuneraciones Al Personal,51543458.0,57081016.0,57081002.62,5526027093.71,5526025798.39,Fiscal
2017,4,Administracion Central,Jefatura De Gabinete De Ministros,Jefatura De Gabinete De Ministros,Jefatura De Gabinete De Ministros,Dir.Gral.Defensa Y Protección Al Consumidor,Defensa Y Protección Al Consumidor,Servicios Sociales,Promoción Y Acción Social,Bienes De Consumo,Bienes De Consumo,415404.0,736963.0,714141.56,71345567.94,69136218.76,Fiscal
2017,4,Administracion Central,Jefatura De Gabinete De Ministros,Jefatura De Gabinete De Ministros,Jefatura De Gabinete De Ministros,Dir.Gral.Defensa Y Protección Al Consumidor,Defensa Y Protección Al Consumidor,Servicios Sociales,Promoción Y Acción Social,Servicios No Personales,Servicios No Personales,18037755.0,12013453.0,10829598.04,1163025317.68,1048416030.0,Fiscal
2017,4,Administracion Central,Jefatura De Gabinete De Ministros,Jefatura De Gabinete De Ministros,Jefatura De Gabinete De Ministros,Dir.Gral.Defensa Y Protección Al Consumidor,Defensa Y Protección Al Consumidor,Servicios Sociales,Promoción Y Acción Social,Bienes De Uso,Maquinaria Y Equipo,65000.0,313384.0,301091.36,30338781.54,29148728.06,Fiscal
2017,4,Administracion Central,Jefatura De Gabinete De Ministros,Jefatura De Gabinete De Ministros,Jefatura De Gabinete De Ministros,Dir.Gral.Defensa Y Protección Al Consumidor,Defensa Y Protección Al Consumidor,Servicios Sociales,Promoción Y Acción Social,Transferencias,Al Sector Privado,6000000.0,830050.0,829216.0,80357343.13,80276603.39,Fiscal
2017,4,Administracion Central,Jefatura De Gabinete De Ministros,Jefatura De Gabinete De Ministros,Jefatura De Gabinete De Ministros,Dir.Gral. Descentralizacion Comunal,Descentralización Y Distribución De Competencias Concurrentes,Servicios Sociales,Promoción Y Acción Social,Gastos En Personal,Remuneraciones Al Personal,5661056.0,5599973.0,5599956.62,542134753.21,542133167.46,Fiscal
2017,4,Administracion Central,Jefatura De Gabinete De Ministros,Jefatura De Gabinete De Ministros,Jefatura De Gabinete De Ministros,Dir.Gral. Descentralizacion Comunal,Descentralización Y Distribución De Competencias Concurrentes,Servicios Sociales,Promoción Y Acción Social,Bienes De Consumo,Bienes De Consumo,205885.0,138614.0,138611.62,13419255.18,13419024.77,Fiscal
2017,4,Administracion Central,Jefatura De Gabinete De Ministros,Jefatura De Gabinete De Ministros,Jefatura De Gabinete De Ministros,Dir.Gral. Descentralizacion Comunal,Descentralización Y Distribución De Competencias Concurrentes,Servicios Sociales,Promoción Y Acción Social,Servicios No Personales,Servicios No Personales,413908.0,250800.0,250800.0,24280009.23,24280009.23,Fiscal
2017,4,Administracion Central,Jefatura De Gabinete De Ministros,Jefatura De Gabinete De Ministros,Jefatura De Gabinete De Ministros,Dir.Gral. Descentralizacion Comunal,Descentralización Y Distribución De Competencias Concurrentes,Servicios Sociales,Promoción Y Acción Social,Bienes De Uso,Maquinaria Y Equipo,38665.0,3665.0,3581.82,354809.54,346756.87,Fiscal
2017,4,Administracion Central,Jefatura De Gabinete De Ministros,Jefatura De Gabinete De Ministros,Jefatura De Gabinete De Ministros,Dir.Gral.De Servicios Desconcentrados,Participación Ciudadana,Servicios Sociales,Promoción Y Acción Social,Gastos En Personal,Remuneraciones Al Personal,5747662.0,3589065.0,3589059.61,347458258.82,347457737.01,Fiscal
2017,4,Administracion Central,Jefatura De Gabinete De Ministros,Jefatura De Gabinete De Ministros,Jefatura De Gabinete De Ministros,Dir.Gral.De Servicios Desconcentrados,Participación Ciudadana,Servicios Sociales,Promoción Y Acción Social,Bienes De Consumo,Bienes De Consumo,18388.0,0.0,0.0,0.0,0.0,Fiscal
2017,4,Administracion Central,Jefatura De Gabinete De Ministros,Jefatura De Gabinete De Ministros,Jefatura De Gabinete De Ministros,Dir.Gral.De Servicios Desconcentrados,Participación Ciudadana,Servicios Sociales,Promoción Y Acción Social,Servicios No Personales,Servicios No Personales,90232.0,0.0,0.0,0.0,0.0,Fiscal
2017,4,Administracion Central,Jefatura De Gabinete De Ministros,Jefatura De Gabinete De Ministros,Jefatura De Gabinete De Ministros,Dir.Gral.De Servicios Desconcentrados,Participación Ciudadana,Servicios Sociales,Promoción Y Acción Social,Bienes De Uso,Activos Intangibles,220000.0,100000.0,99856.0,9681024.41,9667083.74,Fiscal
2017,4,Administracion Central,Jefatura De Gabinete De Ministros,Jefatura De Gabinete De Ministros,Jefatura De Gabinete De Ministros,Dir.Gral.De Servicios Desconcentrados,Participación Ciudadana,Servicios Sociales,Promoción Y Acción Social,Bienes De Uso,Maquinaria Y Equipo,11634.0,0.0,0.0,0.0,0.0,Fiscal
2017,4,Administracion Central,Jefatura De Gabinete De Ministros,Jefatura De Gabinete De Ministros,Jefatura De Gabinete De Ministros,Dir.Gral.De Servicios Desconcentrados,Intervenciones En El Espacio Público Comunal,Servicios Económicos,Servicios Urbanos,Servicios No Personales,Servicios No Personales,0.0,13891613.0,13891613.0,1344850445.78,1344850445.78,Fiscal
2017,4,Administracion Central,Jefatura De Gabinete De Ministros,Jefatura De Gabinete De Ministros,Jefatura De Gabinete De Ministros,Dir.Gral.De Servicios Desconcentrados,Intervenciones En El Espacio Público Comunal,Servicios Económicos,Ecología,Servicios No Personales,Servicios No Personales,0.0,8173000.0,8172279.0,791230125.21,791160325.03,Fiscal
2017,4,Administracion Central,Jefatura De Gabinete De Ministros,Jefatura De Gabinete De Ministros,Jefatura De Gabinete De Ministros,Dir.Gral.De Servicios Desconcentrados,Intervenciones En El Espacio Público Comunal,Servicios Económicos,Ecología,Bienes De Uso,Construcciones Del Dominio Público,4339200.0,1992795.0,1992793.44,192922970.44,192922819.41,Fiscal
2017,4,Administracion Central,Jefatura De Gabinete De Ministros,Jefatura De Gabinete De Ministros,Jefatura De Gabinete De Ministros,Dir.Gral.De Servicios Desconcentrados,Intervenciones En El Espacio Público Comunal,Servicios Económicos,Ecología,Activos Financieros,Activos Financieros,1550000.0,0.0,0.0,0.0,0.0,Fiscal
2017,4,Administracion Central,Jefatura De Gabinete De Ministros,Jefatura De Gabinete De Ministros,Jefatura De Gabinete De Ministros,Dir.Gral.De Servicios Desconcentrados,Intervenciones En El Espacio Público Comunal,Servicios Económicos,Servicios Urbanos,Servicios No Personales,Servicios No Personales,0.0,12622886.0,12496783.9,1222024675.19,1209816700.1,Fiscal
2017,4,Administracion Central,Jefatura De Gabinete De Ministros,Jefatura De Gabinete De Ministros,Jefatura De Gabinete De Ministros,Dir.Gral.De Servicios Desconcentrados,Intervenciones En El Espacio Público Comunal,Servicios Económicos,Servicios Urbanos,Bienes De Uso,Construcciones Del Dominio Público,10940000.0,8008404.0,7840006.59,775295546.27,758992951.9,Fiscal
2017,4,Administracion Central,Jefatura De Gabinete De Ministros,Jefatura De Gabinete De Ministros,Jefatura De Gabinete De Ministros,Dir.Gral.De Servicios Desconcentrados,Intervenciones En El Espacio Público Comunal,Servicios Económicos,Servicios Urbanos,Transferencias,Transferencias,0.0,23803603.0,23792999.0,2304432617.42,2303406041.59,Fiscal
2017,4,Administracion Central,Jefatura De Gabinete De Ministros,Jefatura De Gabinete De Ministros,Jefatura De Gabinete De Ministros,Dir.Gral.De Servicios Desconcentrados,Intervenciones En El Espacio Público Comunal,Servicios Económicos,Servicios Urbanos,Activos Financieros,Activos Financieros,3720000.0,20492463.0,20322244.33,1983880345.7,1967401434.7,Fiscal
2017,4,Administracion Central,Jefatura De Gabinete De Ministros,Jefatura De Gabinete De Ministros,Jefatura De Gabinete De Ministros,Dir.Gral.De Servicios Desconcentrados,Obras De Infraestructura Comunal,Servicios Económicos,Servicios Urbanos,Servicios No Personales,Servicios No Personales,13600000.0,9141260.0,9041316.86,884967612.19,875292092.4,Fiscal
2017,4,Administracion Central,Jefatura De Gabinete De Ministros,Jefatura De Gabinete De Ministros,Jefatura De Gabinete De Ministros,Dir.Gral.De Servicios Desconcentrados,Obras De Infraestructura Comunal,Servicios Económicos,Servicios Urbanos,Bienes De Uso,Construcciones Del Dominio Privado,64104800.0,34360185.0,34360175.92,3326417897.94,3326417018.9,Fiscal
2017,4,Administracion Central,Jefatura De Gabinete De Ministros,Jefatura De Gabinete De Ministros,Jefatura De Gabinete De Ministros,Dir.Gral.De Servicios Desconcentrados,Obras De Infraestructura Comunal,Servicios Económicos,Servicios Urbanos,Activos Financieros,Activos Financieros,24746000.0,0.0,0.0,0.0,0.0,Fiscal
2017,4,Administracion Central,Jefatura De Gabinete De Ministros,Jefatura De Gabinete De Ministros,Jefatura De Gabinete De Ministros,Dir.Gral.De Servicios Desconcentrados,Obras De Infraestructura Comunal,Servicios Económicos,Servicios Urbanos,Bienes De Consumo,Bienes De Consumo,12400000.0,0.0,0.0,0.0,0.0,Fiscal
2017,4,Administracion Central,Jefatura De Gabinete De Ministros,Jefatura De Gabinete De Ministros,Jefatura De Gabinete De Ministros,Dir.Gral.De Servicios Desconcentrados,Desconcentración De Servicios Y Atención Al Ciudadano,Administración Gubernamental,Dirección Ejecutiva,Gastos En Personal,Remuneraciones Al Personal,78263747.0,92905885.0,92905820.18,8994241407.25,8994235132.01,Fiscal
2017,4,Administracion Central,Jefatura De Gabinete De Ministros,Jefatura De Gabinete De Ministros,Jefatura De Gabinete De Ministros,Dir.Gral.De Servicios Desconcentrados,Desconcentración De Servicios Y Atención Al Ciudadano,Administración Gubernamental,Dirección Ejecutiva,Bienes De Consumo,Bienes De Consumo,1450215.0,8287232.0,8273406.41,802288953.02,800950494.27,Fiscal
2017,4,Administracion Central,Jefatura De Gabinete De Ministros,Jefatura De Gabinete De Ministros,Jefatura De Gabinete De Ministros,Dir.Gral.De Servicios Desconcentrados,Desconcentración De Servicios Y Atención Al Ciudadano,Administración Gubernamental,Dirección Ejecutiva,Servicios No Personales,Servicios No Personales,125480086.0,144501072.0,143123579.29,13989184056.25,13855828650.72,Fiscal
2017,4,Administracion Central,Jefatura De Gabinete De Ministros,Jefatura De Gabinete De Ministros,Jefatura De Gabinete De Ministros,Dir.Gral.De Servicios Desconcentrados,Desconcentración De Servicios Y Atención Al Ciudadano,Administración Gubernamental,Dirección Ejecutiva,Bienes De Uso,Maquinaria Y Equipo,3956131.0,10893826.0,10893823.12,1054633954.49,1054633675.67,Fiscal
2017,4,Administracion Central,Jefatura De Gabinete De Ministros,Jefatura De Gabinete De Ministros,Jefatura De Gabinete De Ministros,Dir.Gral.Gestion Calidad Y Demanda Ciudadana,Atención Ciudadana De Calidad,Administración Gubernamental,Dirección Ejecutiva,Gastos En Personal,Remuneraciones Al Personal,5080470.0,2153418.0,2153414.93,208472922.28,208472625.07,Fiscal
2017,4,Administracion Central,Jefatura De Gabinete De Ministros,Jefatura De Gabinete De Ministros,Jefatura De Gabinete De Ministros,Dir.Gral.Gestion Calidad Y Demanda Ciudadana,Atención Ciudadana De Calidad,Administración Gubernamental,Dirección Ejecutiva,Bienes De Consumo,Bienes De Consumo,102080.0,80504.0,80500.61,7793611.89,7793283.71,Fiscal
2017,4,Administracion Central,Jefatura De Gabinete De Ministros,Jefatura De Gabinete De Ministros,Jefatura De Gabinete De Ministros,Dir.Gral.Gestion Calidad Y Demanda Ciudadana,Atención Ciudadana De Calidad,Administración Gubernamental,Dirección Ejecutiva,Servicios No Personales,Servicios No Personales,1079194.0,1597178.0,1597077.1,154623192.09,154613423.93,Fiscal
2017,4,Administracion Central,Jefatura De Gabinete De Ministros,Jefatura De Gabinete De Ministros,Jefatura De Gabinete De Ministros,Dir.Gral.Gestion Calidad Y Demanda Ciudadana,Atención Ciudadana De Calidad,Administración Gubernamental,Dirección Ejecutiva,Bienes De Uso,Maquinaria Y Equipo,36300.0,35000.0,35000.0,3388358.54,3388358.54,Fiscal
2017,4,Administracion Central,Jefatura De Gabinete De Ministros,Jefatura De Gabinete De Ministros,Jefatura De Gabinete De Ministros,Dir.Gral.Gestion Calidad Y Demanda Ciudadana,Demanda Ciudadana,Administración Gubernamental,Dirección Ejecutiva,Gastos En Personal,Remuneraciones Al Personal,3376300.0,3785991.0,3785985.27,366522712.95,366522158.23,Fiscal
2017,4,Administracion Central,Jefatura De Gabinete De Ministros,Jefatura De Gabinete De Ministros,Jefatura De Gabinete De Ministros,Dir.Gral.Gestion Calidad Y Demanda Ciudadana,Demanda Ciudadana,Administración Gubernamental,Dirección Ejecutiva,Bienes De Consumo,Bienes De Consumo,99035.0,26153.0,26150.62,2531878.31,2531647.91,Fiscal
2017,4,Administracion Central,Jefatura De Gabinete De Ministros,Jefatura De Gabinete De Ministros,Jefatura De Gabinete De Ministros,Dir.Gral.Gestion Calidad Y Demanda Ciudadana,Demanda Ciudadana,Administración Gubernamental,Dirección Ejecutiva,Servicios No Personales,Servicios No Personales,2104500.0,19533703.0,19533703.0,1891062556.04,1891062556.04,Fiscal
2017,4,Administracion Central,Jefatura De Gabinete De Ministros,Jefatura De Gabinete De Ministros,Jefatura De Gabinete De Ministros,Dir.Gral.Gestion Calidad Y Demanda Ciudadana,Demanda Ciudadana,Administración Gubernamental,Dirección Ejecutiva,Bienes De Uso,Maquinaria Y Equipo,50000.0,117500.0,117500.0,11375203.68,11375203.68,Fiscal
2017,4,Administracion Central,Jefatura De Gabinete De Ministros,Jefatura De Gabinete De Ministros,Jefatura De Gabinete De Ministros,Sec.De Descentralizaciòn,"Actividades Comunes A Los Programas 56, 64, 69, 71, 73, 74 Y 75",Administración Gubernamental,Dirección Ejecutiva,Gastos En Personal,Remuneraciones Al Personal,17878679.0,19481786.0,19481776.73,1886036458.6,1886035561.17,Fiscal
2017,4,Administracion Central,Jefatura De Gabinete De Ministros,Jefatura De Gabinete De Ministros,Jefatura De Gabinete De Ministros,Sec.De Descentralizaciòn,"Actividades Comunes A Los Programas 56, 64, 69, 71, 73, 74 Y 75",Administración Gubernamental,Dirección Ejecutiva,Bienes De Consumo,Bienes De Consumo,530410.0,1004410.0,1004400.29,97237177.3,97236237.27,Fiscal
2017,4,Administracion Central,Jefatura De Gabinete De Ministros,Jefatura De Gabinete De Ministros,Jefatura De Gabinete De Ministros,Sec.De Descentralizaciòn,"Actividades Comunes A Los Programas 56, 64, 69, 71, 73, 74 Y 75",Administración Gubernamental,Dirección Ejecutiva,Servicios No Personales,Servicios No Personales,73017761.0,117185602.0,116848522.64,11344766737.24,11312134002.11,Fiscal
2017,4,Administracion Central,Jefatura De Gabinete De Ministros,Jefatura De Gabinete De Ministros,Jefatura De Gabinete De Ministros,Sec.De Descentralizaciòn,"Actividades Comunes A Los Programas 56, 64, 69, 71, 73, 74 Y 75",Administración Gubernamental,Dirección Ejecutiva,Bienes De Uso,Maquinaria Y Equipo,88000.0,896497.0,896495.77,86790093.42,86789974.35,Fiscal
2017,4,Administracion Central,Jefatura De Gabinete De Ministros,Jefatura De Gabinete De Ministros,Jefatura De Gabinete De Ministros,Sec.De Descentralizaciòn,Acciones Del Consejo De Coordinación Intercomunal,Administración Gubernamental,Dirección Ejecutiva,Bienes De Consumo,Bienes De Consumo,55386.0,308.0,308.0,29817.56,29817.56,Fiscal
2017,4,Administracion Central,Jefatura De Gabinete De Ministros,Jefatura De Gabinete De Ministros,Jefatura De Gabinete De Ministros,Sec.De Descentralizaciòn,Acciones Del Consejo De Coordinación Intercomunal,Administración Gubernamental,Dirección Ejecutiva,Servicios No Personales,Servicios No Personales,66600.0,0.0,0.0,0.0,0.0,Fiscal
2017,4,Administracion Central,Jefatura De Gabinete De Ministros,Jefatura De Gabinete De Ministros,Jefatura De Gabinete De Ministros,Subsecretaria Sistemas Y Procesos,Estrategia Y Desarrollo,Administración Gubernamental,Dirección Ejecutiva,Gastos En Personal,Remuneraciones Al Personal,14835947.0,15477524.0,15477511.12,1498382876.85,1498381629.93,Fiscal
2017,4,Administracion Central,Jefatura De Gabinete De Ministros,Jefatura De Gabinete De Ministros,Jefatura De Gabinete De Ministros,Subsecretaria Sistemas Y Procesos,Estrategia Y Desarrollo,Administración Gubernamental,Dirección Ejecutiva,Bienes De Consumo,Bienes De Consumo,462990.0,202408.0,201246.82,19595167.89,19482753.77,Fiscal
2017,4,Administracion Central,Jefatura De Gabinete De Ministros,Jefatura De Gabinete De Ministros,Jefatura De Gabinete De Ministros,Subsecretaria Sistemas Y Procesos,Estrategia Y Desarrollo,Administración Gubernamental,Dirección Ejecutiva,Servicios No Personales,Servicios No Personales,11520760.0,18436550.0,18436545.24,1784846906.27,1784846445.46,Fiscal
2017,4,Administracion Central,Jefatura De Gabinete De Ministros,Jefatura De Gabinete De Ministros,Jefatura De Gabinete De Ministros,Subsecretaria Sistemas Y Procesos,Estrategia Y Desarrollo,Administración Gubernamental,Dirección Ejecutiva,Bienes De Uso,Maquinaria Y Equipo,467500.0,702355.0,702353.6,67995159.01,67995023.48,Fiscal
2017,4,Administracion Central,Jefatura De Gabinete De Ministros,Jefatura De Gabinete De Ministros,Jefatura De Gabinete De Ministros,Subsecretaria Sistemas Y Procesos,Estrategia Y Desarrollo,Administración Gubernamental,Dirección Ejecutiva,Servicios No Personales,Servicios No Personales,15200000.0,39221913.0,39215714.6,3797082972.47,3796482903.86,Fiscal
2017,4,Administracion Central,Jefatura De Gabinete De Ministros,Jefatura De Gabinete De Ministros,Jefatura De Gabinete De Ministros,"Subs.Demanda Ciudadana,Calidad Y Cercanìa","Actividades Comunes A Los Programas 59, 61, 68, 80 Y 90",Administración Gubernamental,Dirección Ejecutiva,Gastos En Personal,Remuneraciones Al Personal,7087596.0,10165960.0,10165951.79,984169069.34,984168274.53,Fiscal
2017,4,Administracion Central,Jefatura De Gabinete De Ministros,Jefatura De Gabinete De Ministros,Jefatura De Gabinete De Ministros,"Subs.Demanda Ciudadana,Calidad Y Cercanìa","Actividades Comunes A Los Programas 59, 61, 68, 80 Y 90",Administración Gubernamental,Dirección Ejecutiva,Bienes De Consumo,Bienes De Consumo,84852.0,140492.0,136281.2,13601064.82,13193416.24,Fiscal
2017,4,Administracion Central,Jefatura De Gabinete De Ministros,Jefatura De Gabinete De Ministros,Jefatura De Gabinete De Ministros,"Subs.Demanda Ciudadana,Calidad Y Cercanìa","Actividades Comunes A Los Programas 59, 61, 68, 80 Y 90",Administración Gubernamental,Dirección Ejecutiva,Servicios No Personales,Servicios No Personales,29191857.0,62098867.0,61895739.84,6011806473.99,5992141684.04,Fiscal
2017,4,Administracion Central,Jefatura De Gabinete De Ministros,Jefatura De Gabinete De Ministros,Jefatura De Gabinete De Ministros,"Subs.Demanda Ciudadana,Calidad Y Cercanìa","Actividades Comunes A Los Programas 59, 61, 68, 80 Y 90",Administración Gubernamental,Dirección Ejecutiva,Bienes De Uso,Maquinaria Y Equipo,55000.0,143057.0,143054.46,13849383.09,13849137.2,Fiscal
2017,4,Administracion Central,Jefatura De Gabinete De Ministros,Jefatura De Gabinete De Ministros,Jefatura De Gabinete De Ministros,"Subs.Demanda Ciudadana,Calidad Y Cercanìa",Fondo De Emergencia Para Subsidios Por Inundaciones - Ley 1575,Servicios Sociales,Promoción Y Acción Social,Transferencias,Al Sector Privado,127414147.0,116086147.0,464395.0,11238328230.28,44958193.32,Fiscal
2017,4,Administracion Central,Jefatura De Gabinete De Ministros,Jefatura De Gabinete De Ministros,Jefatura De Gabinete De Ministros,D.G.Atenciòn Y Cercanìa Ciudadana,Mejora Continua De Atención Al Ciudadano,Administración Gubernamental,Dirección Ejecutiva,Gastos En Personal,Remuneraciones Al Personal,7283096.0,8089966.0,8089949.3,783191583.4,783189966.67,Fiscal
2017,4,Administracion Central,Jefatura De Gabinete De Ministros,Jefatura De Gabinete De Ministros,Jefatura De Gabinete De Ministros,D.G.Atenciòn Y Cercanìa Ciudadana,Mejora Continua De Atención Al Ciudadano,Administración Gubernamental,Dirección Ejecutiva,Bienes De Consumo,Bienes De Consumo,175892.0,1186810.0,1154112.21,114895365.83,111729884.79,Fiscal
2017,4,Administracion Central,Jefatura De Gabinete De Ministros,Jefatura De Gabinete De Ministros,Jefatura De Gabinete De Ministros,D.G.Atenciòn Y Cercanìa Ciudadana,Mejora Continua De Atención Al Ciudadano,Administración Gubernamental,Dirección Ejecutiva,Servicios No Personales,Servicios No Personales,182637673.0,311203832.0,309993418.22,30127718947.71,30010538494.18,Fiscal
2017,4,Administracion Central,Jefatura De Gabinete De Ministros,Jefatura De Gabinete De Ministros,Jefatura De Gabinete De Ministros,D.G.Atenciòn Y Cercanìa Ciudadana,Mejora Continua De Atención Al Ciudadano,Administración Gubernamental,Dirección Ejecutiva,Bienes De Uso,Maquinaria Y Equipo,67590.0,32885249.0,32741923.97,3183628983.71,3169753652.57,Fiscal
2017,4,Administracion Central,Jefatura De Gabinete De Ministros,Jefatura De Gabinete De Ministros,Jefatura De Gabinete De Ministros,Sec.Planificacion Evaluacion Y Coordinacion De Gestion,"Planificación, Evaluación Y Coordinación De Gestión",Administración Gubernamental,Dirección Ejecutiva,Gastos En Personal,Remuneraciones Al Personal,15259415.0,22896525.0,22896510.11,2216618174.8,2216616733.3,Fiscal
2017,4,Administracion Central,Jefatura De Gabinete De Ministros,Jefatura De Gabinete De Ministros,Jefatura De Gabinete De Ministros,Sec.Planificacion Evaluacion Y Coordinacion De Gestion,"Planificación, Evaluación Y Coordinación De Gestión",Administración Gubernamental,Dirección Ejecutiva,Bienes De Consumo,Bienes De Consumo,431120.0,636855.0,633397.54,61654088.02,61319370.47,Fiscal
2017,4,Administracion Central,Jefatura De Gabinete De Ministros,Jefatura De Gabinete De Ministros,Jefatura De Gabinete De Ministros,Sec.Planificacion Evaluacion Y Coordinacion De Gestion,"Planificación, Evaluación Y Coordinación De Gestión",Administración Gubernamental,Dirección Ejecutiva,Servicios No Personales,Servicios No Personales,32716541.0,42236228.0,41952824.65,4088899543.48,4061463195.99,Fiscal
2017,4,Administracion Central,Jefatura De Gabinete De Ministros,Jefatura De Gabinete De Ministros,Jefatura De Gabinete De Ministros,Sec.Planificacion Evaluacion Y Coordinacion De Gestion,"Planificación, Evaluación Y Coordinación De Gestión",Administración Gubernamental,Dirección Ejecutiva,Bienes De Uso,Maquinaria Y Equipo,1254000.0,295919.0,295918.6,28647990.63,28647951.91,Fiscal
2017,4,Administracion Central,Jefatura De Gabinete De Ministros,Jefatura De Gabinete De Ministros,Jefatura De Gabinete De Ministros,Secretaria Cultura Ciudadana Y Funcion Publica,"Actividades Comunes A Los Programas 10, 31 Y 32",Servicios Sociales,Cultura,Gastos En Personal,Remuneraciones Al Personal,21294683.0,17382809.0,17382799.9,1682833982.82,1682833101.85,Fiscal
2017,4,Administracion Central,Jefatura De Gabinete De Ministros,Jefatura De Gabinete De Ministros,Jefatura De Gabinete De Ministros,Secretaria Cultura Ciudadana Y Funcion Publica,"Actividades Comunes A Los Programas 10, 31 Y 32",Servicios Sociales,Cultura,Bienes De Consumo,Bienes De Consumo,2044346.0,752506.0,719851.98,72850289.56,69689045.92,Fiscal
2017,4,Administracion Central,Jefatura De Gabinete De Ministros,Jefatura De Gabinete De Ministros,Jefatura De Gabinete De Ministros,Secretaria Cultura Ciudadana Y Funcion Publica,"Actividades Comunes A Los Programas 10, 31 Y 32",Servicios Sociales,Cultura,Servicios No Personales,Servicios No Personales,36952597.0,58342038.0,58342031.4,5648106941.37,5648106302.42,Fiscal
2017,4,Administracion Central,Jefatura De Gabinete De Ministros,Jefatura De Gabinete De Ministros,Jefatura De Gabinete De Ministros,Secretaria Cultura Ciudadana Y Funcion Publica,"Actividades Comunes A Los Programas 10, 31 Y 32",Servicios Sociales,Cultura,Bienes De Uso,Maquinaria Y Equipo,580000.0,10974.0,10974.0,1062395.62,1062395.62,Fiscal
2017,4,Administracion Central,Jefatura De Gabinete De Ministros,Jefatura De Gabinete De Ministros,Jefatura De Gabinete De Ministros,Secretaria Cultura Ciudadana Y Funcion Publica,"Actividades Comunes A Los Programas 10, 31 Y 32",Servicios Sociales,Cultura,Bienes De Uso,Activos Intangibles,100000.0,0.0,0.0,0.0,0.0,Fiscal
2017,4,Administracion Central,Jefatura De Gabinete De Ministros,Jefatura De Gabinete De Ministros,Jefatura De Gabinete De Ministros,Secretaria Cultura Ciudadana Y Funcion Publica,Función Pública,Servicios Sociales,Cultura,Gastos En Personal,Remuneraciones Al Personal,0.0,2999024.0,2999021.02,290336245.57,290335957.07,Fiscal
2017,4,Administracion Central,Jefatura De Gabinete De Ministros,Jefatura De Gabinete De Ministros,Jefatura De Gabinete De Ministros,Secretaria Cultura Ciudadana Y Funcion Publica,Función Pública,Servicios Sociales,Cultura,Bienes De Consumo,Bienes De Consumo,665713.0,1390499.0,1382183.78,134614547.64,133809549.16,Fiscal
2017,4,Administracion Central,Jefatura De Gabinete De Ministros,Jefatura De Gabinete De Ministros,Jefatura De Gabinete De Ministros,Secretaria Cultura Ciudadana Y Funcion Publica,Función Pública,Servicios Sociales,Cultura,Servicios No Personales,Servicios No Personales,6400000.0,16218511.0,16176703.78,1570118009.21,1566070642.04,Fiscal
2017,4,Administracion Central,Jefatura De Gabinete De Ministros,Jefatura De Gabinete De Ministros,Jefatura De Gabinete De Ministros,Secretaria Cultura Ciudadana Y Funcion Publica,Función Pública,Servicios Sociales,Cultura,Bienes De Uso,Maquinaria Y Equipo,0.0,910724.0,910723.82,88167412.77,88167395.34,Fiscal
2017,4,Administracion Central,Jefatura De Gabinete De Ministros,Jefatura De Gabinete De Ministros,Jefatura De Gabinete De Ministros,Secretaria Cultura Ciudadana Y Funcion Publica,Cambio Cultural,Servicios Sociales,Cultura,Gastos En Personal,Remuneraciones Al Personal,852085.0,5855237.0,5855230.27,566846923.36,566846271.83,Fiscal
2017,4,Administracion Central,Jefatura De Gabinete De Ministros,Jefatura De Gabinete De Ministros,Jefatura De Gabinete De Ministros,Secretaria Cultura Ciudadana Y Funcion Publica,Cambio Cultural,Servicios Sociales,Cultura,Bienes De Consumo,Bienes De Consumo,1872759.0,2106357.0,2106349.34,203916935.38,203916193.81,Fiscal
2017,4,Administracion Central,Jefatura De Gabinete De Ministros,Jefatura De Gabinete De Ministros,Jefatura De Gabinete De Ministros,Secretaria Cultura Ciudadana Y Funcion Publica,Cambio Cultural,Servicios Sociales,Cultura,Servicios No Personales,Servicios No Personales,9331100.0,21659337.0,21659331.34,2096845702.5,2096845154.55,Fiscal
2017,4,Administracion Central,Jefatura De Gabinete De Ministros,Jefatura De Gabinete De Ministros,Jefatura De Gabinete De Ministros,Secretaria Cultura Ciudadana Y Funcion Publica,Cambio Cultural,Servicios Sociales,Cultura,Bienes De Uso,Maquinaria Y Equipo,384710.0,1978653.0,1978652.78,191553879.96,191553858.67,Fiscal
2017,4,Administracion Central,Jefatura De Gabinete De Ministros,Jefatura De Gabinete De Ministros,Jefatura De Gabinete De Ministros,Secretaria Cultura Ciudadana Y Funcion Publica,Cambio Cultural,Servicios Sociales,Cultura,Bienes De Uso,Activos Intangibles,467000.0,0.0,0.0,0.0,0.0,Fiscal
2017,4,Organismos Descentralizados,Jefatura De Gabinete De Ministros,Jefatura De Gabinete De Ministros,Comuna 1,Comuna 1,Gestión De La Comuna 1,Administración Gubernamental,Dirección Ejecutiva,Gastos En Personal,Remuneraciones Al Personal,14737554.0,17920631.0,17920626.31,1734900661.94,1734900207.9,Fiscal
2017,4,Organismos Descentralizados,Jefatura De Gabinete De Ministros,Jefatura De Gabinete De Ministros,Comuna 1,Comuna 1,Gestión De La Comuna 1,Administración Gubernamental,Dirección Ejecutiva,Bienes De Consumo,Bienes De Consumo,561044.0,297804.0,196141.76,28830477.94,18988531.67,Fiscal
2017,4,Organismos Descentralizados,Jefatura De Gabinete De Ministros,Jefatura De Gabinete De Ministros,Comuna 1,Comuna 1,Gestión De La Comuna 1,Administración Gubernamental,Dirección Ejecutiva,Servicios No Personales,Servicios No Personales,6144037.0,6299210.0,5238003.82,609828057.88,507092428.53,Fiscal
2017,4,Organismos Descentralizados,Jefatura De Gabinete De Ministros,Jefatura De Gabinete De Ministros,Comuna 1,Comuna 1,Gestión De La Comuna 1,Administración Gubernamental,Dirección Ejecutiva,Bienes De Uso,Maquinaria Y Equipo,715124.0,311171.0,306016.52,30124540.47,29625534.01,Fiscal
2017,4,Organismos Descentralizados,Jefatura De Gabinete De Ministros,Jefatura De Gabinete De Ministros,Comuna 1,Comuna 1,Gestión De La Comuna 1,Servicios Económicos,Ecología,Bienes De Uso,Construcciones Del Dominio Público,13654940.0,9650285.0,8582658.43,934246446.7,830889257.83,Fiscal
2017,4,Organismos Descentralizados,Jefatura De Gabinete De Ministros,Jefatura De Gabinete De Ministros,Comuna 1,Comuna 1,Gestión De La Comuna 1,Servicios Económicos,Servicios Urbanos,Bienes De Uso,Construcciones Del Dominio Público,12006400.0,3814179.0,3814172.17,369251600.12,369250938.9,Fiscal
2017,4,Organismos Descentralizados,Jefatura De Gabinete De Ministros,Jefatura De Gabinete De Ministros,Comuna 1,Comuna 1,Gestión De La Comuna 1,Servicios Económicos,Servicios Urbanos,Activos Financieros,Activos Financieros,1200000.0,1626187.0,1626186.98,157431560.46,157431558.52,Fiscal
2017,4,Organismos Descentralizados,Jefatura De Gabinete De Ministros,Jefatura De Gabinete De Ministros,Comuna 1,Comuna 1,Gestión De La Comuna 1,Servicios Económicos,Ecología,Servicios No Personales,Servicios No Personales,34162800.0,97135550.0,89516289.04,9403716308.45,8666093794.88,Fiscal
2017,4,Organismos Descentralizados,Jefatura De Gabinete De Ministros,Jefatura De Gabinete De Ministros,Comuna 2,Comuna 2,Gestión De La Comuna 2,Administración Gubernamental,Dirección Ejecutiva,Gastos En Personal,Remuneraciones Al Personal,16444368.0,15980242.0,15980234.12,1547051129.15,1547050366.29,Fiscal
2017,4,Organismos Descentralizados,Jefatura De Gabinete De Ministros,Jefatura De Gabinete De Ministros,Comuna 2,Comuna 2,Gestión De La Comuna 2,Administración Gubernamental,Dirección Ejecutiva,Bienes De Consumo,Bienes De Consumo,481140.0,728517.0,663664.57,70527908.62,64249529.04,Fiscal
2017,4,Organismos Descentralizados,Jefatura De Gabinete De Ministros,Jefatura De Gabinete De Ministros,Comuna 2,Comuna 2,Gestión De La Comuna 2,Administración Gubernamental,Dirección Ejecutiva,Servicios No Personales,Servicios No Personales,9626422.0,9316937.0,9018924.0,901974945.44,873124234.16,Fiscal
2017,4,Organismos Descentralizados,Jefatura De Gabinete De Ministros,Jefatura De Gabinete De Ministros,Comuna 2,Comuna 2,Gestión De La Comuna 2,Administración Gubernamental,Dirección Ejecutiva,Bienes De Uso,Maquinaria Y Equipo,715124.0,749007.0,701664.42,72511550.52,67928303.79,Fiscal
2017,4,Organismos Descentralizados,Jefatura De Gabinete De Ministros,Jefatura De Gabinete De Ministros,Comuna 2,Comuna 2,Gestión De La Comuna 2,Servicios Económicos,Ecología,Bienes De Uso,Construcciones Del Dominio Público,9055000.0,5278632.0,5105404.44,511025652.55,494255450.18,Fiscal
2017,4,Organismos Descentralizados,Jefatura De Gabinete De Ministros,Jefatura De Gabinete De Ministros,Comuna 2,Comuna 2,Gestión De La Comuna 2,Servicios Económicos,Servicios Urbanos,Bienes De Uso,Construcciones Del Dominio Público,9362300.0,4429186.0,4429106.33,428790577.92,428782865.05,Fiscal
2017,4,Organismos Descentralizados,Jefatura De Gabinete De Ministros,Jefatura De Gabinete De Ministros,Comuna 2,Comuna 2,Gestión De La Comuna 2,Servicios Económicos,Servicios Urbanos,Servicios No Personales,Servicios No Personales,0.0,8900000.0,8900000.0,861611172.69,861611172.69,Fiscal
2017,4,Organismos Descentralizados,Jefatura De Gabinete De Ministros,Jefatura De Gabinete De Ministros,Comuna 2,Comuna 2,Gestión De La Comuna 2,Servicios Económicos,Servicios Urbanos,Activos Financieros,Activos Financieros,1200000.0,6202509.0,6192147.0,600466410.46,599463262.71,Fiscal
2017,4,Organismos Descentralizados,Jefatura De Gabinete De Ministros,Jefatura De Gabinete De Ministros,Comuna 2,Comuna 2,Gestión De La Comuna 2,Servicios Económicos,Ecología,Servicios No Personales,Servicios No Personales,45318000.0,60358804.0,59143988.08,5843350550.17,5725743924.39,Fiscal
2017,4,Organismos Descentralizados,Jefatura De Gabinete De Ministros,Jefatura De Gabinete De Ministros,Comuna 3,Comuna 3,Gestión De La Comuna 3,Administración Gubernamental,Dirección Ejecutiva,Gastos En Personal,Remuneraciones Al Personal,16343651.0,20023565.0,20023551.96,1938486215.85,1938484953.44,Fiscal
2017,4,Organismos Descentralizados,Jefatura De Gabinete De Ministros,Jefatura De Gabinete De Ministros,Comuna 3,Comuna 3,Gestión De La Comuna 3,Administración Gubernamental,Dirección Ejecutiva,Bienes De Consumo,Bienes De Consumo,645651.0,1069687.0,1068893.08,103556659.6,103479800.02,Fiscal
2017,4,Organismos Descentralizados,Jefatura De Gabinete De Ministros,Jefatura De Gabinete De Ministros,Comuna 3,Comuna 3,Gestión De La Comuna 3,Administración Gubernamental,Dirección Ejecutiva,Servicios No Personales,Servicios No Personales,4957002.0,5634566.0,5620217.88,545483709.98,544094664.98,Fiscal
2017,4,Organismos Descentralizados,Jefatura De Gabinete De Ministros,Jefatura De Gabinete De Ministros,Comuna 3,Comuna 3,Gestión De La Comuna 3,Administración Gubernamental,Dirección Ejecutiva,Bienes De Uso,Maquinaria Y Equipo,700218.0,105891.0,104300.49,10251333.56,10097355.9,Fiscal
2017,4,Organismos Descentralizados,Jefatura De Gabinete De Ministros,Jefatura De Gabinete De Ministros,Comuna 3,Comuna 3,Gestión De La Comuna 3,Servicios Económicos,Ecología,Bienes De Uso,Construcciones Del Dominio Público,12133700.0,13812005.0,13811943.07,1337143575.87,1337137580.41,Fiscal
2017,4,Organismos Descentralizados,Jefatura De Gabinete De Ministros,Jefatura De Gabinete De Ministros,Comuna 3,Comuna 3,Gestión De La Comuna 3,Servicios Económicos,Servicios Urbanos,Bienes De Uso,Construcciones Del Dominio Público,9732200.0,6268792.0,6268791.44,606883283.87,606883229.66,Fiscal
2017,4,Organismos Descentralizados,Jefatura De Gabinete De Ministros,Jefatura De Gabinete De Ministros,Comuna 3,Comuna 3,Gestión De La Comuna 3,Servicios Económicos,Servicios Urbanos,Activos Financieros,Activos Financieros,1200000.0,0.0,0.0,0.0,0.0,Fiscal
2017,4,Organismos Descentralizados,Jefatura De Gabinete De Ministros,Jefatura De Gabinete De Ministros,Comuna 3,Comuna 3,Gestión De La Comuna 3,Servicios Económicos,Ecología,Servicios No Personales,Servicios No Personales,6274800.0,20075506.0,19924989.61,1943514636.74,1928943108.28,Fiscal
2017,4,Organismos Descentralizados,Jefatura De Gabinete De Ministros,Jefatura De Gabinete De Ministros,Comuna 4,Comuna 4,Gestión De La Comuna 4,Administración Gubernamental,Dirección Ejecutiva,Gastos En Personal,Remuneraciones Al Personal,24855671.0,31972116.0,31972100.21,3095228355.07,3095226826.43,Fiscal
2017,4,Organismos Descentralizados,Jefatura De Gabinete De Ministros,Jefatura De Gabinete De Ministros,Comuna 4,Comuna 4,Gestión De La Comuna 4,Administración Gubernamental,Dirección Ejecutiva,Bienes De Consumo,Bienes De Consumo,563431.0,154420.0,103454.14,14949437.9,10015420.55,Fiscal
2017,4,Organismos Descentralizados,Jefatura De Gabinete De Ministros,Jefatura De Gabinete De Ministros,Comuna 4,Comuna 4,Gestión De La Comuna 4,Administración Gubernamental,Dirección Ejecutiva,Servicios No Personales,Servicios No Personales,7805497.0,7999705.0,7638023.49,774453393.96,739438918.68,Fiscal
2017,4,Organismos Descentralizados,Jefatura De Gabinete De Ministros,Jefatura De Gabinete De Ministros,Comuna 4,Comuna 4,Gestión De La Comuna 4,Administración Gubernamental,Dirección Ejecutiva,Bienes De Uso,Maquinaria Y Equipo,672550.0,272550.0,266084.03,26385632.04,25759659.9,Fiscal
2017,4,Organismos Descentralizados,Jefatura De Gabinete De Ministros,Jefatura De Gabinete De Ministros,Comuna 4,Comuna 4,Gestión De La Comuna 4,Servicios Económicos,Ecología,Bienes De Uso,Construcciones Del Dominio Público,31402740.0,37481274.0,37481273.24,3628571285.95,3628571212.38,Fiscal
2017,4,Organismos Descentralizados,Jefatura De Gabinete De Ministros,Jefatura De Gabinete De Ministros,Comuna 4,Comuna 4,Gestión De La Comuna 4,Servicios Económicos,Servicios Urbanos,Bienes De Uso,Construcciones Del Dominio Público,14403900.0,7000000.0,6998704.92,677671708.86,677546331.84,Fiscal
2017,4,Organismos Descentralizados,Jefatura De Gabinete De Ministros,Jefatura De Gabinete De Ministros,Comuna 4,Comuna 4,Gestión De La Comuna 4,Servicios Económicos,Servicios Urbanos,Activos Financieros,Activos Financieros,1200000.0,0.0,0.0,0.0,0.0,Fiscal
2017,4,Organismos Descentralizados,Jefatura De Gabinete De Ministros,Jefatura De Gabinete De Ministros,Comuna 4,Comuna 4,Gestión De La Comuna 4,Servicios Económicos,Ecología,Servicios No Personales,Servicios No Personales,85929900.0,133292840.0,132328054.73,12904112380.15,12810711282.64,Fiscal
2017,4,Organismos Descentralizados,Jefatura De Gabinete De Ministros,Jefatura De Gabinete De Ministros,Comuna 5,Comuna 5,Gestión De La Comuna 5,Administración Gubernamental,Dirección Ejecutiva,Gastos En Personal,Remuneraciones Al Personal,17909885.0,20907310.0,20907304.02,2024041785.04,2024041206.11,Fiscal
2017,4,Organismos Descentralizados,Jefatura De Gabinete De Ministros,Jefatura De Gabinete De Ministros,Comuna 5,Comuna 5,Gestión De La Comuna 5,Administración Gubernamental,Dirección Ejecutiva,Bienes De Consumo,Bienes De Consumo,643915.0,854851.0,803177.9,82758334.0,77755848.57,Fiscal
2017,4,Organismos Descentralizados,Jefatura De Gabinete De Ministros,Jefatura De Gabinete De Ministros,Comuna 5,Comuna 5,Gestión De La Comuna 5,Administración Gubernamental,Dirección Ejecutiva,Servicios No Personales,Servicios No Personales,4942632.0,4167413.0,4094403.54,403448269.89,396380206.24,Fiscal
2017,4,Organismos Descentralizados,Jefatura De Gabinete De Ministros,Jefatura De Gabinete De Ministros,Comuna 5,Comuna 5,Gestión De La Comuna 5,Administración Gubernamental,Dirección Ejecutiva,Bienes De Uso,Maquinaria Y Equipo,690655.0,305192.0,304612.04,29545712.02,29489565.95,Fiscal
2017,4,Organismos Descentralizados,Jefatura De Gabinete De Ministros,Jefatura De Gabinete De Ministros,Comuna 5,Comuna 5,Gestión De La Comuna 5,Servicios Económicos,Ecología,Bienes De Uso,Construcciones Del Dominio Público,14270680.0,12630473.0,12630472.29,1222759174.51,1222759105.77,Fiscal
2017,4,Organismos Descentralizados,Jefatura De Gabinete De Ministros,Jefatura De Gabinete De Ministros,Comuna 5,Comuna 5,Gestión De La Comuna 5,Servicios Económicos,Servicios Urbanos,Bienes De Uso,Construcciones Del Dominio Público,10225400.0,9466791.0,9466790.11,916482347.76,916482261.6,Fiscal
2017,4,Organismos Descentralizados,Jefatura De Gabinete De Ministros,Jefatura De Gabinete De Ministros,Comuna 5,Comuna 5,Gestión De La Comuna 5,Servicios Económicos,Servicios Urbanos,Activos Financieros,Activos Financieros,1200000.0,1461090.0,1461090.0,141448479.58,141448479.58,Fiscal
2017,4,Organismos Descentralizados,Jefatura De Gabinete De Ministros,Jefatura De Gabinete De Ministros,Comuna 5,Comuna 5,Gestión De La Comuna 5,Servicios Económicos,Ecología,Servicios No Personales,Servicios No Personales,4067000.0,15700020.0,15541783.12,1519922768.92,1504603817.94,Fiscal
2017,4,Organismos Descentralizados,Jefatura De Gabinete De Ministros,Jefatura De Gabinete De Ministros,Comuna 6,Comuna 6,Gestión De La Comuna 6,Administración Gubernamental,Dirección Ejecutiva,Gastos En Personal,Remuneraciones Al Personal,20334798.0,21109885.0,21109881.32,2043653120.24,2043652763.98,Fiscal
2017,4,Organismos Descentralizados,Jefatura De Gabinete De Ministros,Jefatura De Gabinete De Ministros,Comuna 6,Comuna 6,Gestión De La Comuna 6,Administración Gubernamental,Dirección Ejecutiva,Bienes De Consumo,Bienes De Consumo,595100.0,300947.0,124328.15,29134752.54,12036238.55,Fiscal
2017,4,Organismos Descentralizados,Jefatura De Gabinete De Ministros,Jefatura De Gabinete De Ministros,Comuna 6,Comuna 6,Gestión De La Comuna 6,Administración Gubernamental,Dirección Ejecutiva,Servicios No Personales,Servicios No Personales,5136248.0,5054295.0,3707299.67,489307532.82,358904586.09,Fiscal
2017,4,Organismos Descentralizados,Jefatura De Gabinete De Ministros,Jefatura De Gabinete De Ministros,Comuna 6,Comuna 6,Gestión De La Comuna 6,Administración Gubernamental,Dirección Ejecutiva,Bienes De Uso,Maquinaria Y Equipo,698543.0,97063.0,390.0,9396692.73,37756.0,Fiscal
2017,4,Organismos Descentralizados,Jefatura De Gabinete De Ministros,Jefatura De Gabinete De Ministros,Comuna 6,Comuna 6,Gestión De La Comuna 6,Servicios Económicos,Ecología,Bienes De Uso,Construcciones Del Dominio Público,15610820.0,23921524.0,23921508.05,2315848578.22,2315847034.09,Fiscal
2017,4,Organismos Descentralizados,Jefatura De Gabinete De Ministros,Jefatura De Gabinete De Ministros,Comuna 6,Comuna 6,Gestión De La Comuna 6,Servicios Económicos,Servicios Urbanos,Bienes De Uso,Construcciones Del Dominio Público,10156900.0,12128232.0,12127813.97,1174137100.69,1174096631.11,Fiscal
2017,4,Organismos Descentralizados,Jefatura De Gabinete De Ministros,Jefatura De Gabinete De Ministros,Comuna 6,Comuna 6,Gestión De La Comuna 6,Servicios Económicos,Servicios Urbanos,Activos Financieros,Activos Financieros,1200000.0,3701606.0,3697974.0,358353380.5,358001765.7,Fiscal
2017,4,Organismos Descentralizados,Jefatura De Gabinete De Ministros,Jefatura De Gabinete De Ministros,Comuna 6,Comuna 6,Gestión De La Comuna 6,Servicios Económicos,Ecología,Servicios No Personales,Servicios No Personales,20509300.0,67059496.0,60631248.69,6492046178.48,5869725987.12,Fiscal
2017,4,Organismos Descentralizados,Jefatura De Gabinete De Ministros,Jefatura De Gabinete De Ministros,Comuna 7,Comuna 7,Gestión De La Comuna 7,Administración Gubernamental,Dirección Ejecutiva,Gastos En Personal,Remuneraciones Al Personal,25845322.0,31866664.0,31866658.3,3085019521.2,3085018969.38,Fiscal
2017,4,Organismos Descentralizados,Jefatura De Gabinete De Ministros,Jefatura De Gabinete De Ministros,Comuna 7,Comuna 7,Gestión De La Comuna 7,Administración Gubernamental,Dirección Ejecutiva,Bienes De Consumo,Bienes De Consumo,620161.0,549455.0,483566.93,53192872.68,46814232.54,Fiscal
2017,4,Organismos Descentralizados,Jefatura De Gabinete De Ministros,Jefatura De Gabinete De Ministros,Comuna 7,Comuna 7,Gestión De La Comuna 7,Administración Gubernamental,Dirección Ejecutiva,Servicios No Personales,Servicios No Personales,7132609.0,7969140.0,7905357.44,771494388.84,765319583.64,Fiscal
2017,4,Organismos Descentralizados,Jefatura De Gabinete De Ministros,Jefatura De Gabinete De Ministros,Comuna 7,Comuna 7,Gestión De La Comuna 7,Administración Gubernamental,Dirección Ejecutiva,Bienes De Uso,Maquinaria Y Equipo,693124.0,221124.0,219593.54,21407068.42,21258904.22,Fiscal
2017,4,Organismos Descentralizados,Jefatura De Gabinete De Ministros,Jefatura De Gabinete De Ministros,Comuna 7,Comuna 7,Gestión De La Comuna 7,Administración Gubernamental,Dirección Ejecutiva,Bienes De Uso,Construcciones Del Dominio Público,0.0,7841142.0,7839875.79,759102871.22,758980289.12,Fiscal
2017,4,Organismos Descentralizados,Jefatura De Gabinete De Ministros,Jefatura De Gabinete De Ministros,Comuna 7,Comuna 7,Gestión De La Comuna 7,Servicios Económicos,Ecología,Bienes De Uso,Construcciones Del Dominio Público,23941420.0,26305252.0,26258474.02,2546617867.82,2542089280.15,Fiscal
2017,4,Organismos Descentralizados,Jefatura De Gabinete De Ministros,Jefatura De Gabinete De Ministros,Comuna 7,Comuna 7,Gestión De La Comuna 7,Servicios Económicos,Servicios Urbanos,Bienes De Uso,Construcciones Del Dominio Público,11910500.0,7501538.0,7501532.04,726225725.07,726225148.08,Fiscal
2017,4,Organismos Descentralizados,Jefatura De Gabinete De Ministros,Jefatura De Gabinete De Ministros,Comuna 7,Comuna 7,Gestión De La Comuna 7,Servicios Económicos,Servicios Urbanos,Activos Financieros,Activos Financieros,1200000.0,840198.0,840197.76,81339773.49,81339750.26,Fiscal
2017,4,Organismos Descentralizados,Jefatura De Gabinete De Ministros,Jefatura De Gabinete De Ministros,Comuna 7,Comuna 7,Gestión De La Comuna 7,Servicios Económicos,Ecología,Servicios No Personales,Servicios No Personales,24460100.0,44860334.0,44559510.94,4342939885.95,4313817132.07,Fiscal
2017,4,Organismos Descentralizados,Jefatura De Gabinete De Ministros,Jefatura De Gabinete De Ministros,Comuna 8,Comuna 8,Gestión De La Comuna 8,Administración Gubernamental,Dirección Ejecutiva,Gastos En Personal,Remuneraciones Al Personal,22320937.0,21901528.0,21901523.31,2120292272.33,2120291818.29,Fiscal
2017,4,Organismos Descentralizados,Jefatura De Gabinete De Ministros,Jefatura De Gabinete De Ministros,Comuna 8,Comuna 8,Gestión De La Comuna 8,Administración Gubernamental,Dirección Ejecutiva,Bienes De Consumo,Bienes De Consumo,586045.0,329229.0,231108.21,31872739.86,22373642.23,Fiscal
2017,4,Organismos Descentralizados,Jefatura De Gabinete De Ministros,Jefatura De Gabinete De Ministros,Comuna 8,Comuna 8,Gestión De La Comuna 8,Administración Gubernamental,Dirección Ejecutiva,Servicios No Personales,Servicios No Personales,4825416.0,5194358.0,4731202.0,502867066.04,458028820.61,Fiscal
2017,4,Organismos Descentralizados,Jefatura De Gabinete De Ministros,Jefatura De Gabinete De Ministros,Comuna 8,Comuna 8,Gestión De La Comuna 8,Administración Gubernamental,Dirección Ejecutiva,Bienes De Uso,Maquinaria Y Equipo,781124.0,861875.0,814831.58,83438329.15,78884044.18,Fiscal
2017,4,Organismos Descentralizados,Jefatura De Gabinete De Ministros,Jefatura De Gabinete De Ministros,Comuna 8,Comuna 8,Gestión De La Comuna 8,Administración Gubernamental,Dirección Ejecutiva,Activos Financieros,Activos Financieros,0.0,44187.0,0.0,4277754.26,0.0,Fiscal
2017,4,Organismos Descentralizados,Jefatura De Gabinete De Ministros,Jefatura De Gabinete De Ministros,Comuna 8,Comuna 8,Gestión De La Comuna 8,Administración Gubernamental,Dirección Ejecutiva,Bienes De Uso,Construcciones Del Dominio Público,0.0,2922904.0,2898722.6,282967049.79,280626042.55,Fiscal
2017,4,Organismos Descentralizados,Jefatura De Gabinete De Ministros,Jefatura De Gabinete De Ministros,Comuna 8,Comuna 8,Gestión De La Comuna 8,Servicios Económicos,Ecología,Bienes De Uso,Construcciones Del Dominio Público,24883140.0,107668682.0,107661200.23,10423431388.74,10422707076.76,Fiscal
2017,4,Organismos Descentralizados,Jefatura De Gabinete De Ministros,Jefatura De Gabinete De Ministros,Comuna 8,Comuna 8,Gestión De La Comuna 8,Servicios Económicos,Servicios Urbanos,Bienes De Uso,Construcciones Del Dominio Público,11842000.0,7129268.0,7128896.59,690186175.49,690150219.2,Fiscal
2017,4,Organismos Descentralizados,Jefatura De Gabinete De Ministros,Jefatura De Gabinete De Ministros,Comuna 8,Comuna 8,Gestión De La Comuna 8,Servicios Económicos,Servicios Urbanos,Activos Financieros,Activos Financieros,1200000.0,3248711.0,2985542.51,314508504.99,289031099.23,Fiscal
2017,4,Organismos Descentralizados,Jefatura De Gabinete De Ministros,Jefatura De Gabinete De Ministros,Comuna 8,Comuna 8,Gestión De La Comuna 8,Servicios Económicos,Ecología,Servicios No Personales,Servicios No Personales,134675800.0,277547327.0,277545494.91,26869424482.35,26869247117.27,Fiscal
2017,4,Organismos Descentralizados,Jefatura De Gabinete De Ministros,Jefatura De Gabinete De Ministros,Comuna 9,Comuna 9,Gestión De La Comuna 9,Administración Gubernamental,Dirección Ejecutiva,Gastos En Personal,Remuneraciones Al Personal,19801871.0,25245665.0,25245659.99,2444038991.68,2444038506.66,Fiscal
2017,4,Organismos Descentralizados,Jefatura De Gabinete De Ministros,Jefatura De Gabinete De Ministros,Comuna 9,Comuna 9,Gestión De La Comuna 9,Administración Gubernamental,Dirección Ejecutiva,Bienes De Consumo,Bienes De Consumo,648464.0,399128.0,261088.99,38639679.12,25276088.86,Fiscal
2017,4,Organismos Descentralizados,Jefatura De Gabinete De Ministros,Jefatura De Gabinete De Ministros,Comuna 9,Comuna 9,Gestión De La Comuna 9,Administración Gubernamental,Dirección Ejecutiva,Servicios No Personales,Servicios No Personales,4320315.0,4501937.0,3632802.31,435833619.99,351692478.48,Fiscal
2017,4,Organismos Descentralizados,Jefatura De Gabinete De Ministros,Jefatura De Gabinete De Ministros,Comuna 9,Comuna 9,Gestión De La Comuna 9,Administración Gubernamental,Dirección Ejecutiva,Bienes De Uso,Maquinaria Y Equipo,682124.0,287124.0,251980.03,27796544.53,24394248.22,Fiscal
2017,4,Organismos Descentralizados,Jefatura De Gabinete De Ministros,Jefatura De Gabinete De Ministros,Comuna 9,Comuna 9,Gestión De La Comuna 9,Administración Gubernamental,Dirección Ejecutiva,Bienes De Uso,Construcciones Del Dominio Público,0.0,5017064.0,5016628.41,485703190.62,485661021.04,Fiscal
2017,4,Organismos Descentralizados,Jefatura De Gabinete De Ministros,Jefatura De Gabinete De Ministros,Comuna 9,Comuna 9,Gestión De La Comuna 9,Servicios Económicos,Ecología,Bienes De Uso,Construcciones Del Dominio Público,35060960.0,73069265.0,73062831.97,7073853382.49,7073230599.28,Fiscal
2017,4,Organismos Descentralizados,Jefatura De Gabinete De Ministros,Jefatura De Gabinete De Ministros,Comuna 9,Comuna 9,Gestión De La Comuna 9,Servicios Económicos,Servicios Urbanos,Bienes De Uso,Construcciones Del Dominio Público,13760000.0,4390811.0,2195405.22,425075484.8,212537715.3,Fiscal
2017,4,Organismos Descentralizados,Jefatura De Gabinete De Ministros,Jefatura De Gabinete De Ministros,Comuna 9,Comuna 9,Gestión De La Comuna 9,Servicios Económicos,Servicios Urbanos,Activos Financieros,Activos Financieros,1200000.0,1091157.0,940887.94,105635175.55,91087591.16,Fiscal
2017,4,Organismos Descentralizados,Jefatura De Gabinete De Ministros,Jefatura De Gabinete De Ministros,Comuna 9,Comuna 9,Gestión De La Comuna 9,Servicios Económicos,Ecología,Servicios No Personales,Servicios No Personales,23356200.0,49948370.0,49948225.25,4835513893.21,4835499879.93,Fiscal
2017,4,Organismos Descentralizados,Jefatura De Gabinete De Ministros,Jefatura De Gabinete De Ministros,Comuna 10,Comuna 10,Gestión De La Comuna 10,Administración Gubernamental,Dirección Ejecutiva,Gastos En Personal,Remuneraciones Al Personal,20536868.0,25006373.0,25006364.19,2420873074.74,2420872221.84,Fiscal
2017,4,Organismos Descentralizados,Jefatura De Gabinete De Ministros,Jefatura De Gabinete De Ministros,Comuna 10,Comuna 10,Gestión De La Comuna 10,Administración Gubernamental,Dirección Ejecutiva,Bienes De Consumo,Bienes De Consumo,652362.0,598362.0,566791.37,57927571.29,54871210.9,Fiscal
2017,4,Organismos Descentralizados,Jefatura De Gabinete De Ministros,Jefatura De Gabinete De Ministros,Comuna 10,Comuna 10,Gestión De La Comuna 10,Administración Gubernamental,Dirección Ejecutiva,Servicios No Personales,Servicios No Personales,6759405.0,6393880.0,5518272.63,618993083.69,534225320.44,Fiscal
2017,4,Organismos Descentralizados,Jefatura De Gabinete De Ministros,Jefatura De Gabinete De Ministros,Comuna 10,Comuna 10,Gestión De La Comuna 10,Administración Gubernamental,Dirección Ejecutiva,Bienes De Uso,Maquinaria Y Equipo,731624.0,608956.0,568585.17,58953179.02,55044869.11,Fiscal
2017,4,Organismos Descentralizados,Jefatura De Gabinete De Ministros,Jefatura De Gabinete De Ministros,Comuna 10,Comuna 10,Gestión De La Comuna 10,Servicios Económicos,Ecología,Bienes De Uso,Construcciones Del Dominio Público,31402740.0,44666970.0,44664978.67,4324220269.9,4324027488.76,Fiscal
2017,4,Organismos Descentralizados,Jefatura De Gabinete De Ministros,Jefatura De Gabinete De Ministros,Comuna 10,Comuna 10,Gestión De La Comuna 10,Servicios Económicos,Servicios Urbanos,Bienes De Uso,Construcciones Del Dominio Público,12348100.0,5846275.0,5846274.85,565979309.96,565979295.43,Fiscal
2017,4,Organismos Descentralizados,Jefatura De Gabinete De Ministros,Jefatura De Gabinete De Ministros,Comuna 10,Comuna 10,Gestión De La Comuna 10,Servicios Económicos,Servicios Urbanos,Activos Financieros,Activos Financieros,1200000.0,0.0,0.0,0.0,0.0,Fiscal
2017,4,Organismos Descentralizados,Jefatura De Gabinete De Ministros,Jefatura De Gabinete De Ministros,Comuna 10,Comuna 10,Gestión De La Comuna 10,Servicios Económicos,Ecología,Servicios No Personales,Servicios No Personales,16093700.0,33352939.0,31165561.11,3228906166.79,3017145579.27,Fiscal
2017,4,Organismos Descentralizados,Jefatura De Gabinete De Ministros,Jefatura De Gabinete De Ministros,Comuna 11,Comuna 11,Gestión De La Comuna 11,Administración Gubernamental,Dirección Ejecutiva,Gastos En Personal,Remuneraciones Al Personal,17653188.0,23213989.0,23213975.61,2247351942.14,2247350645.85,Fiscal
2017,4,Organismos Descentralizados,Jefatura De Gabinete De Ministros,Jefatura De Gabinete De Ministros,Comuna 11,Comuna 11,Gestión De La Comuna 11,Administración Gubernamental,Dirección Ejecutiva,Bienes De Consumo,Bienes De Consumo,595662.0,496462.0,372429.62,48062607.42,36055002.43,Fiscal
2017,4,Organismos Descentralizados,Jefatura De Gabinete De Ministros,Jefatura De Gabinete De Ministros,Comuna 11,Comuna 11,Gestión De La Comuna 11,Administración Gubernamental,Dirección Ejecutiva,Servicios No Personales,Servicios No Personales,5330623.0,5522863.0,4928739.61,534669715.28,477152484.86,Fiscal
2017,4,Organismos Descentralizados,Jefatura De Gabinete De Ministros,Jefatura De Gabinete De Ministros,Comuna 11,Comuna 11,Gestión De La Comuna 11,Administración Gubernamental,Dirección Ejecutiva,Bienes De Uso,Maquinaria Y Equipo,692024.0,875320.0,870073.84,84739942.89,84232060.85,Fiscal
2017,4,Organismos Descentralizados,Jefatura De Gabinete De Ministros,Jefatura De Gabinete De Ministros,Comuna 11,Comuna 11,Gestión De La Comuna 11,Servicios Económicos,Ecología,Bienes De Uso,Construcciones Del Dominio Público,33503500.0,69648009.0,69185228.06,6742640753.92,6697838818.14,Fiscal
2017,4,Organismos Descentralizados,Jefatura De Gabinete De Ministros,Jefatura De Gabinete De Ministros,Comuna 11,Comuna 11,Gestión De La Comuna 11,Servicios Económicos,Servicios Urbanos,Bienes De Uso,Construcciones Del Dominio Público,12622900.0,6655064.0,6641885.45,644278370.49,643002551.85,Fiscal
2017,4,Organismos Descentralizados,Jefatura De Gabinete De Ministros,Jefatura De Gabinete De Ministros,Comuna 11,Comuna 11,Gestión De La Comuna 11,Servicios Económicos,Servicios Urbanos,Activos Financieros,Activos Financieros,1200000.0,2722019.0,2721586.71,263519323.9,263477473.8,Fiscal
2017,4,Organismos Descentralizados,Jefatura De Gabinete De Ministros,Jefatura De Gabinete De Ministros,Comuna 11,Comuna 11,Gestión De La Comuna 11,Servicios Económicos,Ecología,Servicios No Personales,Servicios No Personales,15977500.0,55935682.0,55268198.28,5415147029.57,5350527767.69,Fiscal
2017,4,Organismos Descentralizados,Jefatura De Gabinete De Ministros,Jefatura De Gabinete De Ministros,Comuna 12,Comuna 12,Gestión De La Comuna 12,Administración Gubernamental,Dirección Ejecutiva,Gastos En Personal,Remuneraciones Al Personal,19496773.0,22061692.0,22061685.72,2135797788.27,2135797180.3,Fiscal
2017,4,Organismos Descentralizados,Jefatura De Gabinete De Ministros,Jefatura De Gabinete De Ministros,Comuna 12,Comuna 12,Gestión De La Comuna 12,Administración Gubernamental,Dirección Ejecutiva,Bienes De Consumo,Bienes De Consumo,857152.0,569261.0,519373.97,55110296.38,50280720.83,Fiscal
2017,4,Organismos Descentralizados,Jefatura De Gabinete De Ministros,Jefatura De Gabinete De Ministros,Comuna 12,Comuna 12,Gestión De La Comuna 12,Administración Gubernamental,Dirección Ejecutiva,Servicios No Personales,Servicios No Personales,5786518.0,6958222.0,6741832.15,673627170.48,652678416.27,Fiscal
2017,4,Organismos Descentralizados,Jefatura De Gabinete De Ministros,Jefatura De Gabinete De Ministros,Comuna 12,Comuna 12,Gestión De La Comuna 12,Administración Gubernamental,Dirección Ejecutiva,Bienes De Uso,Maquinaria Y Equipo,715784.0,446751.0,446172.77,43250073.37,43194094.78,Fiscal
2017,4,Organismos Descentralizados,Jefatura De Gabinete De Ministros,Jefatura De Gabinete De Ministros,Comuna 12,Comuna 12,Gestión De La Comuna 12,Servicios Económicos,Ecología,Bienes De Uso,Construcciones Del Dominio Público,36509760.0,51124606.0,48802181.02,4949385587.52,4724551058.25,Fiscal
2017,4,Organismos Descentralizados,Jefatura De Gabinete De Ministros,Jefatura De Gabinete De Ministros,Comuna 12,Comuna 12,Gestión De La Comuna 12,Servicios Económicos,Servicios Urbanos,Bienes De Uso,Construcciones Del Dominio Público,13513400.0,3962378.0,3182793.72,383598781.48,308127037.02,Fiscal
2017,4,Organismos Descentralizados,Jefatura De Gabinete De Ministros,Jefatura De Gabinete De Ministros,Comuna 12,Comuna 12,Gestión De La Comuna 12,Servicios Económicos,Servicios Urbanos,Activos Financieros,Activos Financieros,1200000.0,1500000.0,1486752.0,145215366.18,143932824.07,Fiscal
2017,4,Organismos Descentralizados,Jefatura De Gabinete De Ministros,Jefatura De Gabinete De Ministros,Comuna 12,Comuna 12,Gestión De La Comuna 12,Servicios Económicos,Ecología,Servicios No Personales,Servicios No Personales,49791700.0,107529670.0,106125295.34,10409973603.09,10274015749.41,Fiscal
2017,4,Organismos Descentralizados,Jefatura De Gabinete De Ministros,Jefatura De Gabinete De Ministros,Comuna 13,Comuna 13,Gestión De La Comuna 13,Administración Gubernamental,Dirección Ejecutiva,Gastos En Personal,Remuneraciones Al Personal,16979582.0,20637921.0,20637909.33,1997962170.19,1997961040.41,Fiscal
2017,4,Organismos Descentralizados,Jefatura De Gabinete De Ministros,Jefatura De Gabinete De Ministros,Comuna 13,Comuna 13,Gestión De La Comuna 13,Administración Gubernamental,Dirección Ejecutiva,Bienes De Consumo,Bienes De Consumo,626054.0,524207.0,256949.16,50748607.64,24875310.91,Fiscal
2017,4,Organismos Descentralizados,Jefatura De Gabinete De Ministros,Jefatura De Gabinete De Ministros,Comuna 13,Comuna 13,Gestión De La Comuna 13,Administración Gubernamental,Dirección Ejecutiva,Servicios No Personales,Servicios No Personales,7153913.0,7519981.0,6372114.33,728011196.4,616885943.86,Fiscal
2017,4,Organismos Descentralizados,Jefatura De Gabinete De Ministros,Jefatura De Gabinete De Ministros,Comuna 13,Comuna 13,Gestión De La Comuna 13,Administración Gubernamental,Dirección Ejecutiva,Bienes De Uso,Maquinaria Y Equipo,742624.0,303671.0,296129.1,29398463.64,28668330.46,Fiscal
2017,4,Organismos Descentralizados,Jefatura De Gabinete De Ministros,Jefatura De Gabinete De Ministros,Comuna 13,Comuna 13,Gestión De La Comuna 13,Servicios Económicos,Ecología,Bienes De Uso,Construcciones Del Dominio Público,28215380.0,32635147.0,31886070.37,3159416548.04,3086898256.62,Fiscal
2017,4,Organismos Descentralizados,Jefatura De Gabinete De Ministros,Jefatura De Gabinete De Ministros,Comuna 13,Comuna 13,Gestión De La Comuna 13,Servicios Económicos,Servicios Urbanos,Bienes De Uso,Construcciones Del Dominio Público,11965300.0,4038720.0,3196842.48,390989469.14,309487100.91,Fiscal
2017,4,Organismos Descentralizados,Jefatura De Gabinete De Ministros,Jefatura De Gabinete De Ministros,Comuna 13,Comuna 13,Gestión De La Comuna 13,Servicios Económicos,Servicios Urbanos,Activos Financieros,Activos Financieros,1200000.0,2730000.0,2715000.0,264291966.45,262839812.79,Fiscal
2017,4,Organismos Descentralizados,Jefatura De Gabinete De Ministros,Jefatura De Gabinete De Ministros,Comuna 13,Comuna 13,Gestión De La Comuna 13,Servicios Económicos,Ecología,Servicios No Personales,Servicios No Personales,50547000.0,68702523.0,67501283.19,6651108023.45,6534815704.19,Fiscal
2017,4,Organismos Descentralizados,Jefatura De Gabinete De Ministros,Jefatura De Gabinete De Ministros,Comuna 14,Comuna 14,Gestión De La Comuna 14,Administración Gubernamental,Dirección Ejecutiva,Gastos En Personal,Remuneraciones Al Personal,21015818.0,25123798.0,25123782.42,2432241017.66,2432239509.36,Fiscal
2017,4,Organismos Descentralizados,Jefatura De Gabinete De Ministros,Jefatura De Gabinete De Ministros,Comuna 14,Comuna 14,Gestión De La Comuna 14,Administración Gubernamental,Dirección Ejecutiva,Bienes De Consumo,Bienes De Consumo,669086.0,590490.0,431062.7,57165481.05,41731285.22,Fiscal
2017,4,Organismos Descentralizados,Jefatura De Gabinete De Ministros,Jefatura De Gabinete De Ministros,Comuna 14,Comuna 14,Gestión De La Comuna 14,Administración Gubernamental,Dirección Ejecutiva,Servicios No Personales,Servicios No Personales,6345662.0,6750755.0,5918900.51,653542239.56,573010203.31,Fiscal
2017,4,Organismos Descentralizados,Jefatura De Gabinete De Ministros,Jefatura De Gabinete De Ministros,Comuna 14,Comuna 14,Gestión De La Comuna 14,Administración Gubernamental,Dirección Ejecutiva,Bienes De Uso,Maquinaria Y Equipo,715124.0,364163.0,1180.0,35254708.93,114236.09,Fiscal
2017,4,Organismos Descentralizados,Jefatura De Gabinete De Ministros,Jefatura De Gabinete De Ministros,Comuna 14,Comuna 14,Gestión De La Comuna 14,Servicios Económicos,Ecología,Bienes De Uso,Construcciones Del Dominio Público,23977640.0,26898068.0,26770793.19,2604008529.5,2591687024.07,Fiscal
2017,4,Organismos Descentralizados,Jefatura De Gabinete De Ministros,Jefatura De Gabinete De Ministros,Comuna 14,Comuna 14,Gestión De La Comuna 14,Servicios Económicos,Servicios Urbanos,Bienes De Uso,Construcciones Del Dominio Público,12020100.0,4863868.0,4849384.41,470872248.46,469470088.57,Fiscal
2017,4,Organismos Descentralizados,Jefatura De Gabinete De Ministros,Jefatura De Gabinete De Ministros,Comuna 14,Comuna 14,Gestión De La Comuna 14,Servicios Económicos,Servicios Urbanos,Activos Financieros,Activos Financieros,1200000.0,3068359.0,2888590.3,297048583.84,279645132.11,Fiscal
2017,4,Organismos Descentralizados,Jefatura De Gabinete De Ministros,Jefatura De Gabinete De Ministros,Comuna 14,Comuna 14,Gestión De La Comuna 14,Servicios Económicos,Ecología,Servicios No Personales,Servicios No Personales,56821800.0,69154607.0,62626563.87,6694874385.85,6062892936.79,Fiscal
2017,4,Organismos Descentralizados,Jefatura De Gabinete De Ministros,Jefatura De Gabinete De Ministros,Comuna 15,Comuna 15,Gestión De La Comuna 15,Administración Gubernamental,Dirección Ejecutiva,Gastos En Personal,Remuneraciones Al Personal,12993931.0,17820425.0,17820421.58,1725199694.61,1725199363.52,Fiscal
2017,4,Organismos Descentralizados,Jefatura De Gabinete De Ministros,Jefatura De Gabinete De Ministros,Comuna 15,Comuna 15,Gestión De La Comuna 15,Administración Gubernamental,Dirección Ejecutiva,Bienes De Consumo,Bienes De Consumo,539892.0,450593.0,100581.07,43622018.33,9737277.94,Fiscal
2017,4,Organismos Descentralizados,Jefatura De Gabinete De Ministros,Jefatura De Gabinete De Ministros,Comuna 15,Comuna 15,Gestión De La Comuna 15,Administración Gubernamental,Dirección Ejecutiva,Servicios No Personales,Servicios No Personales,4707962.0,4956181.0,3859555.96,479809092.52,373644554.69,Fiscal
2017,4,Organismos Descentralizados,Jefatura De Gabinete De Ministros,Jefatura De Gabinete De Ministros,Comuna 15,Comuna 15,Gestión De La Comuna 15,Administración Gubernamental,Dirección Ejecutiva,Bienes De Uso,Maquinaria Y Equipo,620612.0,838967.0,799681.99,81220600.08,77417408.67,Fiscal
2017,4,Organismos Descentralizados,Jefatura De Gabinete De Ministros,Jefatura De Gabinete De Ministros,Comuna 15,Comuna 15,Gestión De La Comuna 15,Servicios Económicos,Ecología,Bienes De Uso,Construcciones Del Dominio Público,28577580.0,45590457.0,45580945.81,4413623271.82,4412702491.19,Fiscal
2017,4,Organismos Descentralizados,Jefatura De Gabinete De Ministros,Jefatura De Gabinete De Ministros,Comuna 15,Comuna 15,Gestión De La Comuna 15,Servicios Económicos,Servicios Urbanos,Bienes De Uso,Construcciones Del Dominio Público,12883200.0,605482.0,567061.48,58616860.23,54897360.31,Fiscal
2017,4,Organismos Descentralizados,Jefatura De Gabinete De Ministros,Jefatura De Gabinete De Ministros,Comuna 15,Comuna 15,Gestión De La Comuna 15,Servicios Económicos,Servicios Urbanos,Activos Financieros,Activos Financieros,1200000.0,0.0,0.0,0.0,0.0,Fiscal
2017,4,Organismos Descentralizados,Jefatura De Gabinete De Ministros,Jefatura De Gabinete De Ministros,Comuna 15,Comuna 15,Gestión De La Comuna 15,Servicios Económicos,Ecología,Servicios No Personales,Servicios No Personales,13014400.0,39471514.0,37570466.7,3821246906.22,3637206053.01,Fiscal
2017,4,Organismos Descentralizados,Jefatura De Gabinete De Ministros,Jefatura De Gabinete De Ministros,Instituto Para La Vivienda,Instituto De La Vivienda Ley 1251,"Actividades Comunes A Los Programas 100,105,106,108 , 109 Y 110",Servicios Sociales,Vivienda,Gastos En Personal,Remuneraciones Al Personal,353149432.0,424047599.0,379117625.37,41052151578.65,36702469863.13,Fiscal
2017,4,Organismos Descentralizados,Jefatura De Gabinete De Ministros,Jefatura De Gabinete De Ministros,Instituto Para La Vivienda,Instituto De La Vivienda Ley 1251,"Actividades Comunes A Los Programas 100,105,106,108 , 109 Y 110",Servicios Sociales,Vivienda,Bienes De Consumo,Bienes De Consumo,12920000.0,22805433.0,20740781.53,2207799536.04,2007920123.21,Fiscal
2017,4,Organismos Descentralizados,Jefatura De Gabinete De Ministros,Jefatura De Gabinete De Ministros,Instituto Para La Vivienda,Instituto De La Vivienda Ley 1251,"Actividades Comunes A Los Programas 100,105,106,108 , 109 Y 110",Servicios Sociales,Vivienda,Servicios No Personales,Servicios No Personales,160841703.0,193210033.0,183143812.59,18704710461.6,17730197206.32,Fiscal
2017,4,Organismos Descentralizados,Jefatura De Gabinete De Ministros,Jefatura De Gabinete De Ministros,Instituto Para La Vivienda,Instituto De La Vivienda Ley 1251,"Actividades Comunes A Los Programas 100,105,106,108 , 109 Y 110",Servicios Sociales,Vivienda,Bienes De Uso,Maquinaria Y Equipo,25359900.0,19576976.0,19477632.55,1895251825.74,1885634362.09,Fiscal
2017,4,Organismos Descentralizados,Jefatura De Gabinete De Ministros,Jefatura De Gabinete De Ministros,Instituto Para La Vivienda,Instituto De La Vivienda Ley 1251,"Actividades Comunes A Los Programas 100,105,106,108 , 109 Y 110",Servicios Sociales,Vivienda,Transferencias,Al Sector Privado,150000.0,102652.0,47347.18,9937765.18,4583692.05,Fiscal
2017,4,Organismos Descentralizados,Jefatura De Gabinete De Ministros,Jefatura De Gabinete De Ministros,Instituto Para La Vivienda,Instituto De La Vivienda Ley 1251,"Actividades Comunes A Los Programas 100,105,106,108 , 109 Y 110",Servicios Sociales,Vivienda,Servicios No Personales,Derechos Sobre Bienes Intangibles,8312800.0,0.0,0.0,0.0,0.0,Fiscal
2017,4,Organismos Descentralizados,Jefatura De Gabinete De Ministros,Jefatura De Gabinete De Ministros,Instituto Para La Vivienda,Instituto De La Vivienda Ley 1251,"Actividades Comunes A Los Programas 100,105,106,108 , 109 Y 110",Servicios Sociales,Vivienda,Transferencias,Al Sector Privado,5000000.0,108065.0,0.0,10461799.03,0.0,Fiscal
2017,4,Organismos Descentralizados,Jefatura De Gabinete De Ministros,Jefatura De Gabinete De Ministros,Instituto Para La Vivienda,Instituto De La Vivienda Ley 1251,Hotelados,Servicios Sociales,Vivienda,Activos Financieros,Concesión De Préstamo De Largo Plazo,0.0,4493500.0,4383500.0,435016831.96,424367705.11,Fiscal
2017,4,Organismos Descentralizados,Jefatura De Gabinete De Ministros,Jefatura De Gabinete De Ministros,Instituto Para La Vivienda,Instituto De La Vivienda Ley 1251,Créditos Ley 341/964,Servicios Sociales,Vivienda,Transferencias,Al Sector Privado,0.0,608930.0,608381.6,58950661.95,58897571.22,Fiscal
2017,4,Organismos Descentralizados,Jefatura De Gabinete De Ministros,Jefatura De Gabinete De Ministros,Instituto Para La Vivienda,Instituto De La Vivienda Ley 1251,Créditos Ley 341/964,Servicios Sociales,Vivienda,Activos Financieros,Concesión De Préstamo De Largo Plazo,396900000.0,289382722.0,221750893.89,28015211961.59,21467758171.82,Fiscal
2017,4,Organismos Descentralizados,Jefatura De Gabinete De Ministros,Jefatura De Gabinete De Ministros,Instituto Para La Vivienda,Instituto De La Vivienda Ley 1251,Créditos Ley 341/964,Servicios Sociales,Vivienda,Bienes De Consumo,Bienes De Consumo,0.0,118023.0,118023.0,11425835.44,11425835.44,Fiscal
2017,4,Organismos Descentralizados,Jefatura De Gabinete De Ministros,Jefatura De Gabinete De Ministros,Instituto Para La Vivienda,Instituto De La Vivienda Ley 1251,Créditos Ley 341/964,Servicios Sociales,Vivienda,Servicios No Personales,Servicios No Personales,0.0,100000.0,100000.0,9681024.41,9681024.41,Fiscal
2017,4,Organismos Descentralizados,Jefatura De Gabinete De Ministros,Jefatura De Gabinete De Ministros,Instituto Para La Vivienda,Instituto De La Vivienda Ley 1251,Créditos Ley 341/964,Servicios Sociales,Vivienda,Bienes De Uso,Construcciones Del Dominio Privado,0.0,3157441.0,3157244.94,305672634.01,305653653.4,Fiscal
2017,4,Organismos Descentralizados,Jefatura De Gabinete De Ministros,Jefatura De Gabinete De Ministros,Instituto Para La Vivienda,Instituto De La Vivienda Ley 1251,Colonia Sola,Servicios Sociales,Vivienda,Bienes De Uso,Bienes De Uso,20000000.0,0.0,0.0,0.0,0.0,Fiscal
2017,4,Organismos Descentralizados,Jefatura De Gabinete De Ministros,Jefatura De Gabinete De Ministros,Instituto Para La Vivienda,Instituto De La Vivienda Ley 1251,Colonia Sola,Servicios Sociales,Vivienda,Bienes De Uso,Construcciones Del Dominio Privado,6000000.0,2088710.0,2088709.93,202208525.0,202208518.22,Fiscal
2017,4,Organismos Descentralizados,Jefatura De Gabinete De Ministros,Jefatura De Gabinete De Ministros,Instituto Para La Vivienda,Instituto De La Vivienda Ley 1251,Colonia Sola,Servicios Sociales,Vivienda,Transferencias,Transferencias,0.0,16665600.0,16665600.0,1613400804.44,1613400804.44,Fiscal
2017,4,Organismos Descentralizados,Jefatura De Gabinete De Ministros,Jefatura De Gabinete De Ministros,Instituto Para La Vivienda,Instituto De La Vivienda Ley 1251,Colonia Sola,Servicios Sociales,Vivienda,Activos Financieros,Activos Financieros,0.0,22007831.0,22007828.98,2130583491.71,2130583296.16,Fiscal
2017,4,Organismos Descentralizados,Jefatura De Gabinete De Ministros,Jefatura De Gabinete De Ministros,Instituto Para La Vivienda,Instituto De La Vivienda Ley 1251,"Reintegración, Integración Y Transformación De Villas",Servicios Sociales,Vivienda,Bienes De Uso,Construcciones Del Dominio Privado,1837463690.0,903007320.0,647391550.23,87420359093.4,62674134020.46,Fiscal
2017,4,Organismos Descentralizados,Jefatura De Gabinete De Ministros,Jefatura De Gabinete De Ministros,Instituto Para La Vivienda,Instituto De La Vivienda Ley 1251,"Reintegración, Integración Y Transformación De Villas",Servicios Sociales,Vivienda,Servicios No Personales,Servicios No Personales,10404000.0,78743629.0,45395032.83,7623189946.56,4394704210.21,Fiscal
2017,4,Organismos Descentralizados,Jefatura De Gabinete De Ministros,Jefatura De Gabinete De Ministros,Instituto Para La Vivienda,Instituto De La Vivienda Ley 1251,"Reintegración, Integración Y Transformación De Villas",Servicios Sociales,Vivienda,Transferencias,Transferencias,0.0,57021824.0,24377044.5,5520296701.74,2359947629.02,Fiscal
2017,4,Organismos Descentralizados,Jefatura De Gabinete De Ministros,Jefatura De Gabinete De Ministros,Instituto Para La Vivienda,Instituto De La Vivienda Ley 1251,"Reintegración, Integración Y Transformación De Villas",Servicios Sociales,Vivienda,Activos Financieros,Activos Financieros,245600000.0,693744117.0,645108468.06,67161537325.16,62453108278.24,Fiscal
2017,4,Organismos Descentralizados,Jefatura De Gabinete De Ministros,Jefatura De Gabinete De Ministros,Instituto Para La Vivienda,Instituto De La Vivienda Ley 1251,"Reintegración, Integración Y Transformación De Villas",Servicios Sociales,Vivienda,Bienes De Uso,Bienes De Uso,0.0,5753026.0,5753025.06,556951851.5,556951760.5,Fiscal
2017,4,Organismos Descentralizados,Jefatura De Gabinete De Ministros,Jefatura De Gabinete De Ministros,Instituto Para La Vivienda,Instituto De La Vivienda Ley 1251,Rehabilitación La Boca,Servicios Sociales,Vivienda,Transferencias,Al Sector Privado,0.0,140000.0,140000.0,13553434.18,13553434.18,Fiscal
2017,4,Organismos Descentralizados,Jefatura De Gabinete De Ministros,Jefatura De Gabinete De Ministros,Instituto Para La Vivienda,Instituto De La Vivienda Ley 1251,Rehabilitación La Boca,Servicios Sociales,Vivienda,Activos Financieros,Concesión De Préstamo De Largo Plazo,30600000.0,32354640.0,27378321.04,3132260596.89,2650501943.54,Fiscal
2017,4,Organismos Descentralizados,Jefatura De Gabinete De Ministros,Jefatura De Gabinete De Ministros,Instituto Para La Vivienda,Instituto De La Vivienda Ley 1251,Rehabilitación La Boca,Servicios Sociales,Vivienda,Servicios No Personales,Servicios No Personales,10600000.0,429773.0,406826.0,41606429.05,39384924.38,Fiscal
2017,4,Organismos Descentralizados,Jefatura De Gabinete De Ministros,Jefatura De Gabinete De Ministros,Instituto Para La Vivienda,Instituto De La Vivienda Ley 1251,Rehabilitación La Boca,Servicios Sociales,Vivienda,Bienes De Uso,Construcciones Del Dominio Privado,120852625.0,57687299.0,44356200.22,5584721498.94,4294134571.63,Fiscal
2017,4,Organismos Descentralizados,Jefatura De Gabinete De Ministros,Jefatura De Gabinete De Ministros,Instituto Para La Vivienda,Instituto De La Vivienda Ley 1251,Rehabilitación La Boca,Servicios Sociales,Vivienda,Activos Financieros,Activos Financieros,1830000.0,9089292.0,9089289.84,879936577.42,879936368.31,Fiscal
2017,4,Organismos Descentralizados,Jefatura De Gabinete De Ministros,Jefatura De Gabinete De Ministros,Instituto Para La Vivienda,Instituto De La Vivienda Ley 1251,Rehabilitación La Boca,Servicios Sociales,Vivienda,Servicios No Personales,Servicios No Personales,0.0,28274979.0,26293129.47,2737307619.54,2545444282.73,Fiscal
2017,4,Organismos Descentralizados,Jefatura De Gabinete De Ministros,Jefatura De Gabinete De Ministros,Instituto Para La Vivienda,Instituto De La Vivienda Ley 1251,Rehabilitación Conjuntos Urbanos,Servicios Sociales,Vivienda,Bienes De Consumo,Bienes De Consumo,4800000.0,907211.0,832369.5,87827318.38,80581894.49,Fiscal
2017,4,Organismos Descentralizados,Jefatura De Gabinete De Ministros,Jefatura De Gabinete De Ministros,Instituto Para La Vivienda,Instituto De La Vivienda Ley 1251,Rehabilitación Conjuntos Urbanos,Servicios Sociales,Vivienda,Servicios No Personales,Servicios No Personales,14460000.0,11772450.0,11772449.38,1139693758.42,1139693698.39,Fiscal
2017,4,Organismos Descentralizados,Jefatura De Gabinete De Ministros,Jefatura De Gabinete De Ministros,Instituto Para La Vivienda,Instituto De La Vivienda Ley 1251,Rehabilitación Conjuntos Urbanos,Servicios Sociales,Vivienda,Bienes De Uso,Maquinaria Y Equipo,1600000.0,40000.0,0.0,3872409.76,0.0,Fiscal
2017,4,Organismos Descentralizados,Jefatura De Gabinete De Ministros,Jefatura De Gabinete De Ministros,Instituto Para La Vivienda,Instituto De La Vivienda Ley 1251,Rehabilitación Conjuntos Urbanos,Servicios Sociales,Vivienda,Transferencias,Al Sector Privado,850000.0,897348.0,849999.98,86872478.94,82288705.57,Fiscal
2017,4,Organismos Descentralizados,Jefatura De Gabinete De Ministros,Jefatura De Gabinete De Ministros,Instituto Para La Vivienda,Instituto De La Vivienda Ley 1251,Rehabilitación Conjuntos Urbanos,Servicios Sociales,Vivienda,Servicios No Personales,Servicios No Personales,4800000.0,28369219.0,26994801.16,2746431016.95,2613373290.33,Fiscal
2017,4,Organismos Descentralizados,Jefatura De Gabinete De Ministros,Jefatura De Gabinete De Ministros,Instituto Para La Vivienda,Instituto De La Vivienda Ley 1251,Rehabilitación Conjuntos Urbanos,Servicios Sociales,Vivienda,Bienes De Uso,Construcciones Del Dominio Privado,1852231605.0,213091423.0,199406926.45,20629432680.99,19304633229.3,Fiscal
2017,4,Organismos Descentralizados,Jefatura De Gabinete De Ministros,Jefatura De Gabinete De Ministros,Instituto Para La Vivienda,Instituto De La Vivienda Ley 1251,Rehabilitación Conjuntos Urbanos,Servicios Sociales,Vivienda,Activos Financieros,Activos Financieros,273468800.0,10039748.0,10039743.52,971950454.81,971950021.1,Fiscal
2017,4,Organismos Descentralizados,Jefatura De Gabinete De Ministros,Jefatura De Gabinete De Ministros,Instituto Para La Vivienda,Instituto De La Vivienda Ley 1251,Rehabilitación Conjuntos Urbanos,Servicios Sociales,Vivienda,Bienes De Uso,Bienes De Uso,300000000.0,4810740.0,4810568.56,465728913.81,465712316.66,Fiscal
2017,4,Organismos Descentralizados,Jefatura De Gabinete De Ministros,Jefatura De Gabinete De Ministros,Instituto Para La Vivienda,Instituto De La Vivienda Ley 1251,Rehabilitación Conjuntos Urbanos,Servicios Sociales,Vivienda,Transferencias,Transferencias,0.0,176000.0,144000.0,17038602.97,13940675.15,Fiscal
2017,4,Organismos Descentralizados,Jefatura De Gabinete De Ministros,Jefatura De Gabinete De Ministros,Instituto Para La Vivienda,Instituto De La Vivienda Ley 1251,Mejor Vivir,Servicios Sociales,Vivienda,Activos Financieros,Concesión De Préstamo De Largo Plazo,150000.0,30150000.0,6160000.0,2918828860.29,596351103.79,Fiscal
2017,4,Organismos Descentralizados,Jefatura De Gabinete De Ministros,Jefatura De Gabinete De Ministros,Instituto Para La Vivienda,Instituto De La Vivienda Ley 1251,Mejor Vivir,Servicios Sociales,Vivienda,Servicios No Personales,Servicios No Personales,10800000.0,0.0,0.0,0.0,0.0,Fiscal
2017,4,Organismos Descentralizados,Jefatura De Gabinete De Ministros,Jefatura De Gabinete De Ministros,Instituto Para La Vivienda,Instituto De La Vivienda Ley 1251,Mejor Vivir,Servicios Sociales,Vivienda,Bienes De Uso,Bienes De Uso,1000000.0,0.0,0.0,0.0,0.0,Fiscal
2017,4,Organismos Descentralizados,Jefatura De Gabinete De Ministros,Jefatura De Gabinete De Ministros,Instituto Para La Vivienda,Instituto De La Vivienda Ley 1251,Viviendas Con Ahorro Previo,Servicios Sociales,Vivienda,Servicios No Personales,Servicios No Personales,869280.0,2159019.0,1206867.3,209015156.45,116837117.94,Fiscal
2017,4,Organismos Descentralizados,Jefatura De Gabinete De Ministros,Jefatura De Gabinete De Ministros,Instituto Para La Vivienda,Instituto De La Vivienda Ley 1251,Viviendas Con Ahorro Previo,Servicios Sociales,Vivienda,Bienes De Uso,Construcciones Del Dominio Privado,1195015160.0,667157401.0,464403017.04,64587670858.79,44958969450.76,Fiscal
2017,4,Organismos Descentralizados,Jefatura De Gabinete De Ministros,Jefatura De Gabinete De Ministros,Instituto Para La Vivienda,Instituto De La Vivienda Ley 1251,Viviendas Con Ahorro Previo,Servicios Sociales,Vivienda,Servicios No Personales,Servicios No Personales,372600.0,2182600.0,2019000.0,211298038.82,195459882.88,Fiscal
2017,4,Organismos Descentralizados,Jefatura De Gabinete De Ministros,Jefatura De Gabinete De Ministros,Instituto Para La Vivienda,Instituto De La Vivienda Ley 1251,Viviendas Con Ahorro Previo,Servicios Sociales,Vivienda,Bienes De Uso,Bienes De Uso,0.0,156881625.0,156873136.31,15187748414.55,15186926622.4,Fiscal
2017,4,Organismos Descentralizados,Jefatura De Gabinete De Ministros,Jefatura De Gabinete De Ministros,Instituto Para La Vivienda,Instituto De La Vivienda Ley 1251,Viviendas Con Ahorro Previo,Servicios Sociales,Vivienda,Transferencias,Transferencias,0.0,41686576.0,16321221.72,4035687599.18,1580061459.09,Fiscal
2017,4,Organismos Descentralizados,Jefatura De Gabinete De Ministros,Jefatura De Gabinete De Ministros,Instituto Para La Vivienda,Instituto De La Vivienda Ley 1251,Viviendas Con Ahorro Previo,Servicios Sociales,Vivienda,Activos Financieros,Activos Financieros,152100000.0,151577059.0,138178543.48,14674212085.13,13377098526.76,Fiscal
2017,4,Organismos Descentralizados,Jefatura De Gabinete De Ministros,Jefatura De Gabinete De Ministros,Instituto Para La Vivienda,Instituto De La Vivienda Ley 1251,Creditos 1ra Vivienda,Servicios Sociales,Vivienda,Servicios No Personales,Servicios No Personales,6401800.0,2704381.0,1302580.67,261811784.81,126103152.65,Fiscal
2017,4,Organismos Descentralizados,Jefatura De Gabinete De Ministros,Jefatura De Gabinete De Ministros,Instituto Para La Vivienda,Instituto De La Vivienda Ley 1251,Creditos 1ra Vivienda,Servicios Sociales,Vivienda,Transferencias,Al Sector Privado,10800000.0,10551070.0,0.0,1021451662.45,0.0,Fiscal
2017,4,Organismos Descentralizados,Jefatura De Gabinete De Ministros,Jefatura De Gabinete De Ministros,Instituto Para La Vivienda,Instituto De La Vivienda Ley 1251,Procrear,Servicios Sociales,Vivienda,Transferencias,Transferencias,0.0,10000000.0,10000000.0,968102441.22,968102441.22,Fiscal
2017,4,Organismos Descentralizados,Jefatura De Gabinete De Ministros,Jefatura De Gabinete De Ministros,Agencia Sistemas De Informacion,Dir.Gral. De Infraestructura,Infraestructura Informatica,Administración Gubernamental,Dirección Ejecutiva,Gastos En Personal,Remuneraciones Al Personal,54374556.0,73927951.0,73927920.88,7156982983.77,7156980067.85,Fiscal
2017,4,Organismos Descentralizados,Jefatura De Gabinete De Ministros,Jefatura De Gabinete De Ministros,Agencia Sistemas De Informacion,Dir.Gral. De Infraestructura,Infraestructura Informatica,Administración Gubernamental,Dirección Ejecutiva,Bienes De Consumo,Bienes De Consumo,781854.0,479178.0,479166.98,46389339.16,46388272.31,Fiscal
2017,4,Organismos Descentralizados,Jefatura De Gabinete De Ministros,Jefatura De Gabinete De Ministros,Agencia Sistemas De Informacion,Dir.Gral. De Infraestructura,Infraestructura Informatica,Administración Gubernamental,Dirección Ejecutiva,Servicios No Personales,Servicios No Personales,47071905.0,106204455.0,106204447.06,10281679215.42,10281678446.75,Fiscal
2017,4,Organismos Descentralizados,Jefatura De Gabinete De Ministros,Jefatura De Gabinete De Ministros,Agencia Sistemas De Informacion,Dir.Gral. De Infraestructura,Infraestructura Informatica,Administración Gubernamental,Dirección Ejecutiva,Bienes De Uso,Maquinaria Y Equipo,24964476.0,57214134.0,57214131.19,5538914279.78,5538914007.75,Fiscal
2017,4,Organismos Descentralizados,Jefatura De Gabinete De Ministros,Jefatura De Gabinete De Ministros,Agencia Sistemas De Informacion,Dir.Gral. De Infraestructura,Infraestructura Informatica,Administración Gubernamental,Dirección Ejecutiva,Bienes De Uso,Activos Intangibles,45890145.0,33319973.0,33319971.65,3225714720.28,3225714589.58,Fiscal
2017,4,Organismos Descentralizados,Jefatura De Gabinete De Ministros,Jefatura De Gabinete De Ministros,Agencia Sistemas De Informacion,Dir.Gral. De Infraestructura,Infraestructura Informatica,Administración Gubernamental,Dirección Ejecutiva,Bienes De Consumo,Bienes De Consumo,0.0,2250009.0,2249996.29,217823920.57,217822690.11,Fiscal
2017,4,Organismos Descentralizados,Jefatura De Gabinete De Ministros,Jefatura De Gabinete De Ministros,Agencia Sistemas De Informacion,Dir.Gral. De Infraestructura,Infraestructura Informatica,Administración Gubernamental,Dirección Ejecutiva,Servicios No Personales,Servicios No Personales,27200000.0,99720730.0,99720721.7,9653988215.35,9653987411.83,Fiscal
2017,4,Organismos Descentralizados,Jefatura De Gabinete De Ministros,Jefatura De Gabinete De Ministros,Agencia Sistemas De Informacion,Dir.Gral. De Infraestructura,Infraestructura Informatica,Administración Gubernamental,Dirección Ejecutiva,Bienes De Uso,Bienes De Uso,8500000.0,75963448.0,75853867.89,7354039945.25,7343431468.05,Fiscal
2017,4,Organismos Descentralizados,Jefatura De Gabinete De Ministros,Jefatura De Gabinete De Ministros,Agencia Sistemas De Informacion,Dir.Gral.De Integración De Sistemas,Desarrollo Y Calidad De Aplicaciones,Administración Gubernamental,Dirección Ejecutiva,Gastos En Personal,Remuneraciones Al Personal,22100258.0,31863417.0,31863391.14,3084705178.34,3084702674.83,Fiscal
2017,4,Organismos Descentralizados,Jefatura De Gabinete De Ministros,Jefatura De Gabinete De Ministros,Agencia Sistemas De Informacion,Dir.Gral.De Integración De Sistemas,Desarrollo Y Calidad De Aplicaciones,Administración Gubernamental,Dirección Ejecutiva,Bienes De Consumo,Bienes De Consumo,402663.0,66729.0,66726.01,6460050.78,6459761.32,Fiscal
2017,4,Organismos Descentralizados,Jefatura De Gabinete De Ministros,Jefatura De Gabinete De Ministros,Agencia Sistemas De Informacion,Dir.Gral.De Integración De Sistemas,Desarrollo Y Calidad De Aplicaciones,Administración Gubernamental,Dirección Ejecutiva,Servicios No Personales,Servicios No Personales,49967353.0,98790476.0,98788727.95,9563930098.52,9563760869.37,Fiscal
2017,4,Organismos Descentralizados,Jefatura De Gabinete De Ministros,Jefatura De Gabinete De Ministros,Agencia Sistemas De Informacion,Dir.Gral.De Integración De Sistemas,Desarrollo Y Calidad De Aplicaciones,Administración Gubernamental,Dirección Ejecutiva,Bienes De Uso,Maquinaria Y Equipo,0.0,113342.0,113342.0,10972666.69,10972666.69,Fiscal
2017,4,Organismos Descentralizados,Jefatura De Gabinete De Ministros,Jefatura De Gabinete De Ministros,Agencia Sistemas De Informacion,Dir.Gral.De Integración De Sistemas,Desarrollo Y Calidad De Aplicaciones,Administración Gubernamental,Dirección Ejecutiva,Bienes De Uso,Activos Intangibles,1248540.0,1239770.0,1239400.0,120022436.36,119986616.57,Fiscal
2017,4,Organismos Descentralizados,Jefatura De Gabinete De Ministros,Jefatura De Gabinete De Ministros,Agencia Sistemas De Informacion,Dir.Gral.De Integración De Sistemas,Desarrollo Y Calidad De Aplicaciones,Administración Gubernamental,Dirección Ejecutiva,Gastos En Personal,Remuneraciones,0.0,895037.0,895035.44,86648750.47,86648599.44,Fiscal
2017,4,Organismos Descentralizados,Jefatura De Gabinete De Ministros,Jefatura De Gabinete De Ministros,Agencia Sistemas De Informacion,Dir.Gral.De Integración De Sistemas,Desarrollo Y Calidad De Aplicaciones,Administración Gubernamental,Dirección Ejecutiva,Servicios No Personales,Servicios No Personales,19000000.0,32723965.0,32723964.84,3168015040.3,3168015024.81,Fiscal
2017,4,Organismos Descentralizados,Jefatura De Gabinete De Ministros,Jefatura De Gabinete De Ministros,Agencia Sistemas De Informacion,Dir.Gral.De Integración De Sistemas,Desarrollo Y Calidad De Aplicaciones,Administración Gubernamental,Dirección Ejecutiva,Bienes De Uso,Bienes De Uso,4000000.0,8020791.0,8020790.4,776494734.76,776494676.68,Fiscal
2017,4,Organismos Descentralizados,Jefatura De Gabinete De Ministros,Jefatura De Gabinete De Ministros,Agencia Sistemas De Informacion,Direccion General De Servicios,Estandarización De Aplicación Y Tecnología,Administración Gubernamental,Dirección Ejecutiva,Gastos En Personal,Remuneraciones Al Personal,1299754.0,10099776.0,10099770.05,977761780.14,977761204.12,Fiscal
2017,4,Organismos Descentralizados,Jefatura De Gabinete De Ministros,Jefatura De Gabinete De Ministros,Agencia Sistemas De Informacion,Direccion General De Servicios,Estandarización De Aplicación Y Tecnología,Administración Gubernamental,Dirección Ejecutiva,Bienes De Consumo,Bienes De Consumo,132000.0,88754.0,88753.25,8592296.41,8592223.8,Fiscal
2017,4,Organismos Descentralizados,Jefatura De Gabinete De Ministros,Jefatura De Gabinete De Ministros,Agencia Sistemas De Informacion,Direccion General De Servicios,Estandarización De Aplicación Y Tecnología,Administración Gubernamental,Dirección Ejecutiva,Servicios No Personales,Servicios No Personales,404799.0,7269954.0,6979544.5,703806021.5,675691406.91,Fiscal
2017,4,Organismos Descentralizados,Jefatura De Gabinete De Ministros,Jefatura De Gabinete De Ministros,Agencia Sistemas De Informacion,Direccion General De Servicios,Estandarización De Aplicación Y Tecnología,Administración Gubernamental,Dirección Ejecutiva,Servicios No Personales,Servicios No Personales,4000000.0,21227568.0,21227543.04,2055046040.2,2055043623.82,Fiscal
2017,4,Organismos Descentralizados,Jefatura De Gabinete De Ministros,Jefatura De Gabinete De Ministros,Agencia Sistemas De Informacion,Direccion General De Servicios,Estandarización De Aplicación Y Tecnología,Administración Gubernamental,Dirección Ejecutiva,Bienes De Uso,Bienes De Uso,4000000.0,1143750.0,1143749.9,110726716.71,110726707.03,Fiscal
2017,4,Organismos Descentralizados,Jefatura De Gabinete De Ministros,Jefatura De Gabinete De Ministros,Agencia Sistemas De Informacion,Agencia Sistemas De Informacion,"Actividades Comunes A Los Programas 94, 96 Y 97",Administración Gubernamental,Dirección Ejecutiva,Gastos En Personal,Remuneraciones Al Personal,42736419.0,54747621.0,54747604.54,5300130554.12,5300128960.63,Fiscal
2017,4,Organismos Descentralizados,Jefatura De Gabinete De Ministros,Jefatura De Gabinete De Ministros,Agencia Sistemas De Informacion,Agencia Sistemas De Informacion,"Actividades Comunes A Los Programas 94, 96 Y 97",Administración Gubernamental,Dirección Ejecutiva,Bienes De Consumo,Bienes De Consumo,2637172.0,1675282.0,1666914.13,162184459.39,161374363.86,Fiscal
2017,4,Organismos Descentralizados,Jefatura De Gabinete De Ministros,Jefatura De Gabinete De Ministros,Agencia Sistemas De Informacion,Agencia Sistemas De Informacion,"Actividades Comunes A Los Programas 94, 96 Y 97",Administración Gubernamental,Dirección Ejecutiva,Servicios No Personales,Servicios No Personales,41989007.0,78741109.0,77704216.01,7622945984.75,7522564121.26,Fiscal
2017,4,Organismos Descentralizados,Jefatura De Gabinete De Ministros,Jefatura De Gabinete De Ministros,Agencia Sistemas De Informacion,Agencia Sistemas De Informacion,"Actividades Comunes A Los Programas 94, 96 Y 97",Administración Gubernamental,Dirección Ejecutiva,Bienes De Uso,Maquinaria Y Equipo,14185652.0,16673073.0,16673070.93,1614124267.4,1614124067.0,Fiscal
2017,4,Organismos Descentralizados,Jefatura De Gabinete De Ministros,Jefatura De Gabinete De Ministros,Agencia Sistemas De Informacion,Agencia Sistemas De Informacion,"Actividades Comunes A Los Programas 94, 96 Y 97",Administración Gubernamental,Dirección Ejecutiva,Bienes De Uso,Activos Intangibles,29344890.0,17311325.0,17311323.23,1675913599.33,1675913427.98,Fiscal
2017,4,Organismos Descentralizados,Jefatura De Gabinete De Ministros,Jefatura De Gabinete De Ministros,Agencia Sistemas De Informacion,Agencia Sistemas De Informacion,"Actividades Comunes A Los Programas 94, 96 Y 97",Administración Gubernamental,Control De La Gestión,Gastos En Personal,Remuneraciones Al Personal,1331215.0,1247464.0,1247460.24,120767294.37,120766930.37,Fiscal
2017,4,Organismos Descentralizados,Jefatura De Gabinete De Ministros,Jefatura De Gabinete De Ministros,Agencia Sistemas De Informacion,Agencia Sistemas De Informacion,"Actividades Comunes A Los Programas 94, 96 Y 97",Administración Gubernamental,Control De La Gestión,Bienes De Consumo,Bienes De Consumo,110000.0,39778.0,39776.65,3850917.89,3850787.2,Fiscal
2017,4,Organismos Descentralizados,Jefatura De Gabinete De Ministros,Jefatura De Gabinete De Ministros,Agencia Sistemas De Informacion,Agencia Sistemas De Informacion,"Actividades Comunes A Los Programas 94, 96 Y 97",Administración Gubernamental,Control De La Gestión,Servicios No Personales,Servicios No Personales,14000.0,58700.0,58700.0,5682761.33,5682761.33,Fiscal
2017,4,Organismos Descentralizados,Jefatura De Gabinete De Ministros,Jefatura De Gabinete De Ministros,Agencia Sistemas De Informacion,Agencia Sistemas De Informacion,"Actividades Comunes A Los Programas 94, 96 Y 97",Administración Gubernamental,Control De La Gestión,Bienes De Uso,Maquinaria Y Equipo,0.0,450.0,450.0,43564.61,43564.61,Fiscal
2017,4,Organismos Descentralizados,Jefatura De Gabinete De Ministros,Jefatura De Gabinete De Ministros,Agencia Sistemas De Informacion,Agencia Sistemas De Informacion,"Actividades Comunes A Los Programas 94, 96 Y 97",Administración Gubernamental,Dirección Ejecutiva,Servicios No Personales,Servicios No Personales,11250000.0,6016741.0,6016738.77,582482165.03,582481949.14,Fiscal
2017,4,Organismos Descentralizados,Jefatura De Gabinete De Ministros,Jefatura De Gabinete De Ministros,Agencia Sistemas De Informacion,Agencia Sistemas De Informacion,"Actividades Comunes A Los Programas 94, 96 Y 97",Administración Gubernamental,Dirección Ejecutiva,Bienes De Uso,Bienes De Uso,8750000.0,9009415.0,9009385.25,872203665.55,872200785.44,Fiscal
2017,4,Administracion Central,Ministerio De Justicia Y Seguridad,Ministerio De Justicia Y Seguridad,Ministerio De Justicia Y Seguridad,Dir.Gral.Guardia De Auxilio Y Emergencias,Intervenciones En Emergencias En Via Publica,Servicios De Seguridad,Seguridad Interior,Gastos En Personal,Remuneraciones Al Personal,80298436.0,98413507.0,98413480.95,9527435637.6,9527433115.69,Fiscal
2017,4,Administracion Central,Ministerio De Justicia Y Seguridad,Ministerio De Justicia Y Seguridad,Ministerio De Justicia Y Seguridad,Dir.Gral.Guardia De Auxilio Y Emergencias,Intervenciones En Emergencias En Via Publica,Servicios De Seguridad,Seguridad Interior,Bienes De Consumo,Bienes De Consumo,3253372.0,2432901.0,2431777.82,235529739.74,235421004.41,Fiscal
2017,4,Administracion Central,Ministerio De Justicia Y Seguridad,Ministerio De Justicia Y Seguridad,Ministerio De Justicia Y Seguridad,Dir.Gral.Guardia De Auxilio Y Emergencias,Intervenciones En Emergencias En Via Publica,Servicios De Seguridad,Seguridad Interior,Servicios No Personales,Servicios No Personales,3351910.0,3208212.0,3175467.86,310587786.92,307417818.73,Fiscal
2017,4,Administracion Central,Ministerio De Justicia Y Seguridad,Ministerio De Justicia Y Seguridad,Ministerio De Justicia Y Seguridad,Dir.Gral.Guardia De Auxilio Y Emergencias,Intervenciones En Emergencias En Via Publica,Servicios De Seguridad,Seguridad Interior,Bienes De Uso,Maquinaria Y Equipo,1874953.0,1940841.0,1890136.92,187893291.01,182984616.65,Fiscal
2017,4,Administracion Central,Ministerio De Justicia Y Seguridad,Ministerio De Justicia Y Seguridad,Ministerio De Justicia Y Seguridad,Dir.Gral.Guardia De Auxilio Y Emergencias,Intervenciones En Emergencias En Via Publica,Servicios De Seguridad,Seguridad Interior,Servicios No Personales,Servicios No Personales,1425300.0,0.0,0.0,0.0,0.0,Fiscal
2017,4,Administracion Central,Ministerio De Justicia Y Seguridad,Ministerio De Justicia Y Seguridad,Ministerio De Justicia Y Seguridad,Dir.Gral.De Defensa Civil,Planificacion Y Control Defensa Civil,Servicios De Seguridad,Seguridad Interior,Gastos En Personal,Remuneraciones Al Personal,59287250.0,70047511.0,70047487.9,6781316640.07,6781314403.75,Fiscal
2017,4,Administracion Central,Ministerio De Justicia Y Seguridad,Ministerio De Justicia Y Seguridad,Ministerio De Justicia Y Seguridad,Dir.Gral.De Defensa Civil,Planificacion Y Control Defensa Civil,Servicios De Seguridad,Seguridad Interior,Bienes De Consumo,Bienes De Consumo,1546771.0,1676754.0,1645880.01,162326964.07,159338045.56,Fiscal
2017,4,Administracion Central,Ministerio De Justicia Y Seguridad,Ministerio De Justicia Y Seguridad,Ministerio De Justicia Y Seguridad,Dir.Gral.De Defensa Civil,Planificacion Y Control Defensa Civil,Servicios De Seguridad,Seguridad Interior,Servicios No Personales,Servicios No Personales,15582958.0,13620448.0,13585869.82,1318598895.93,1315251373.89,Fiscal
2017,4,Administracion Central,Ministerio De Justicia Y Seguridad,Ministerio De Justicia Y Seguridad,Ministerio De Justicia Y Seguridad,Dir.Gral.De Defensa Civil,Planificacion Y Control Defensa Civil,Servicios De Seguridad,Seguridad Interior,Bienes De Uso,Maquinaria Y Equipo,2069600.0,1814296.0,1593790.31,175642438.67,154295228.99,Fiscal
2017,4,Administracion Central,Ministerio De Justicia Y Seguridad,Ministerio De Justicia Y Seguridad,Ministerio De Justicia Y Seguridad,Dir.Gral.De Defensa Civil,Planificacion Y Control Defensa Civil,Servicios De Seguridad,Seguridad Interior,Transferencias,Al Sector Privado,8120000.0,9477796.0,9477795.68,917547744.5,917547713.52,Fiscal
2017,4,Administracion Central,Ministerio De Justicia Y Seguridad,Ministerio De Justicia Y Seguridad,Ministerio De Justicia Y Seguridad,Dir.Gral.De Defensa Civil,Planificacion Y Control Defensa Civil,Servicios De Seguridad,Seguridad Interior,Bienes De Uso,Construcciones Del Dominio Privado,3000000.0,0.0,0.0,0.0,0.0,Fiscal
2017,4,Administracion Central,Ministerio De Justicia Y Seguridad,Ministerio De Justicia Y Seguridad,Ministerio De Justicia Y Seguridad,Dir.Gral.De Defensa Civil,Planificacion Y Control Defensa Civil,Servicios De Seguridad,Seguridad Interior,Servicios No Personales,Servicios No Personales,1620000.0,0.0,0.0,0.0,0.0,Fiscal
2017,4,Administracion Central,Ministerio De Justicia Y Seguridad,Ministerio De Justicia Y Seguridad,Ministerio De Justicia Y Seguridad,Direccion General Planeamiento De Emergencia Y Coordinacion De Bomberos,Planeamiento De Emergencia Y Coordinacion De Bomberos,Servicios De Seguridad,Seguridad Interior,Gastos En Personal,Remuneraciones Al Personal,1299754.0,3062414.0,3062406.57,296473046.94,296472327.64,Fiscal
2017,4,Administracion Central,Ministerio De Justicia Y Seguridad,Ministerio De Justicia Y Seguridad,Ministerio De Justicia Y Seguridad,Direccion General Planeamiento De Emergencia Y Coordinacion De Bomberos,Planeamiento De Emergencia Y Coordinacion De Bomberos,Servicios De Seguridad,Seguridad Interior,Bienes De Consumo,Bienes De Consumo,43842.0,41565.0,41562.84,4023917.8,4023708.69,Fiscal
2017,4,Administracion Central,Ministerio De Justicia Y Seguridad,Ministerio De Justicia Y Seguridad,Ministerio De Justicia Y Seguridad,Direccion General Planeamiento De Emergencia Y Coordinacion De Bomberos,Planeamiento De Emergencia Y Coordinacion De Bomberos,Servicios De Seguridad,Seguridad Interior,Servicios No Personales,Servicios No Personales,1392706.0,1113523.0,717772.93,107800433.47,69487772.58,Fiscal
2017,4,Administracion Central,Ministerio De Justicia Y Seguridad,Ministerio De Justicia Y Seguridad,Ministerio De Justicia Y Seguridad,Direccion General Planeamiento De Emergencia Y Coordinacion De Bomberos,Planeamiento De Emergencia Y Coordinacion De Bomberos,Servicios De Seguridad,Seguridad Interior,Bienes De Uso,Maquinaria Y Equipo,67452.0,32552.0,10658.51,3151367.07,1031852.96,Fiscal
2017,4,Administracion Central,Ministerio De Justicia Y Seguridad,Ministerio De Justicia Y Seguridad,Ministerio De Justicia Y Seguridad,Direccion General Planeamiento De Emergencia Y Coordinacion De Bomberos,Planeamiento De Emergencia Y Coordinacion De Bomberos,Servicios De Seguridad,Seguridad Interior,Servicios No Personales,Impuestos Directos,0.0,680.0,680.0,65830.97,65830.97,Fiscal
2017,4,Administracion Central,Ministerio De Justicia Y Seguridad,Ministerio De Justicia Y Seguridad,Ministerio De Justicia Y Seguridad,Ministerio De Justicia Y Seguridad,Actividades Centrales Justicia Y Seguridad,Servicios De Seguridad,Seguridad Interior,Gastos En Personal,Remuneraciones Al Personal,118658392.0,80655195.0,80655175.04,7808249117.68,7808247185.35,Fiscal
2017,4,Administracion Central,Ministerio De Justicia Y Seguridad,Ministerio De Justicia Y Seguridad,Ministerio De Justicia Y Seguridad,Ministerio De Justicia Y Seguridad,Actividades Centrales Justicia Y Seguridad,Servicios De Seguridad,Seguridad Interior,Bienes De Consumo,Bienes De Consumo,4120431.0,2849918.0,2787569.33,275901257.31,269865267.35,Fiscal
2017,4,Administracion Central,Ministerio De Justicia Y Seguridad,Ministerio De Justicia Y Seguridad,Ministerio De Justicia Y Seguridad,Ministerio De Justicia Y Seguridad,Actividades Centrales Justicia Y Seguridad,Servicios De Seguridad,Seguridad Interior,Servicios No Personales,Servicios No Personales,141715959.0,147250741.0,144607580.84,14255380183.4,13999495203.05,Fiscal
2017,4,Administracion Central,Ministerio De Justicia Y Seguridad,Ministerio De Justicia Y Seguridad,Ministerio De Justicia Y Seguridad,Ministerio De Justicia Y Seguridad,Actividades Centrales Justicia Y Seguridad,Servicios De Seguridad,Seguridad Interior,Bienes De Uso,Maquinaria Y Equipo,1985592.0,2349693.0,2234627.41,227474352.94,216334825.08,Fiscal
2017,4,Administracion Central,Ministerio De Justicia Y Seguridad,Ministerio De Justicia Y Seguridad,Ministerio De Justicia Y Seguridad,Ministerio De Justicia Y Seguridad,Actividades Centrales Justicia Y Seguridad,Servicios De Seguridad,Seguridad Interior,Transferencias,Al Sector Privado,5000000.0,0.0,0.0,0.0,0.0,Fiscal
2017,4,Administracion Central,Ministerio De Justicia Y Seguridad,Ministerio De Justicia Y Seguridad,Ministerio De Justicia Y Seguridad,Ministerio De Justicia Y Seguridad,Actividades Centrales Justicia Y Seguridad,Administración Gubernamental,Control De La Gestión,Gastos En Personal,Remuneraciones Al Personal,3236875.0,4416943.0,4416939.59,427605330.1,427604999.98,Fiscal
2017,4,Administracion Central,Ministerio De Justicia Y Seguridad,Ministerio De Justicia Y Seguridad,Ministerio De Justicia Y Seguridad,Ministerio De Justicia Y Seguridad,Actividades Centrales Justicia Y Seguridad,Administración Gubernamental,Control De La Gestión,Bienes De Consumo,Bienes De Consumo,303792.0,38225.0,38222.34,3700571.58,3700314.07,Fiscal
2017,4,Administracion Central,Ministerio De Justicia Y Seguridad,Ministerio De Justicia Y Seguridad,Ministerio De Justicia Y Seguridad,Ministerio De Justicia Y Seguridad,Actividades Centrales Justicia Y Seguridad,Administración Gubernamental,Control De La Gestión,Servicios No Personales,Servicios No Personales,497476.0,283071.0,283070.52,27404172.61,27404126.15,Fiscal
2017,4,Administracion Central,Ministerio De Justicia Y Seguridad,Ministerio De Justicia Y Seguridad,Ministerio De Justicia Y Seguridad,Ministerio De Justicia Y Seguridad,Actividades Centrales Justicia Y Seguridad,Administración Gubernamental,Control De La Gestión,Bienes De Uso,Maquinaria Y Equipo,130000.0,50360.0,50360.0,4875363.89,4875363.89,Fiscal
2017,4,Administracion Central,Ministerio De Justicia Y Seguridad,Ministerio De Justicia Y Seguridad,Ministerio De Justicia Y Seguridad,Ministerio De Justicia Y Seguridad,Actividades Centrales Justicia Y Seguridad,Servicios De Seguridad,Seguridad Interior,Servicios No Personales,Servicios No Personales,3900000.0,0.0,0.0,0.0,0.0,Fiscal
2017,4,Administracion Central,Ministerio De Justicia Y Seguridad,Ministerio De Justicia Y Seguridad,Ministerio De Justicia Y Seguridad,Ministerio De Justicia Y Seguridad,Registro Verificacion Autopartes,Servicios De Seguridad,Seguridad Interior,Gastos En Personal,Remuneraciones Al Personal,418235.0,1378052.0,1378048.27,133409550.53,133409189.43,Fiscal
2017,4,Administracion Central,Ministerio De Justicia Y Seguridad,Ministerio De Justicia Y Seguridad,Ministerio De Justicia Y Seguridad,Ministerio De Justicia Y Seguridad,Registro Verificacion Autopartes,Servicios De Seguridad,Seguridad Interior,Bienes De Consumo,Bienes De Consumo,94947.0,0.0,0.0,0.0,0.0,Fiscal
2017,4,Administracion Central,Ministerio De Justicia Y Seguridad,Ministerio De Justicia Y Seguridad,Ministerio De Justicia Y Seguridad,Ministerio De Justicia Y Seguridad,Registro Verificacion Autopartes,Servicios De Seguridad,Seguridad Interior,Servicios No Personales,Servicios No Personales,5519400.0,5510913.0,5509912.5,533512832.87,533415974.22,Fiscal
2017,4,Administracion Central,Ministerio De Justicia Y Seguridad,Ministerio De Justicia Y Seguridad,Ministerio De Justicia Y Seguridad,Ministerio De Justicia Y Seguridad,Registro Verificacion Autopartes,Servicios De Seguridad,Seguridad Interior,Bienes De Uso,Maquinaria Y Equipo,100000.0,0.0,0.0,0.0,0.0,Fiscal
2017,4,Administracion Central,Ministerio De Justicia Y Seguridad,Ministerio De Justicia Y Seguridad,Ministerio De Justicia Y Seguridad,Ministerio De Justicia Y Seguridad,Estudios Y Tecnologias,Servicios De Seguridad,Seguridad Interior,Gastos En Personal,Remuneraciones Al Personal,4727675.0,6211691.0,6211683.53,601355322.12,601354598.95,Fiscal
2017,4,Administracion Central,Ministerio De Justicia Y Seguridad,Ministerio De Justicia Y Seguridad,Ministerio De Justicia Y Seguridad,Ministerio De Justicia Y Seguridad,Estudios Y Tecnologias,Servicios De Seguridad,Seguridad Interior,Bienes De Consumo,Bienes De Consumo,265279.0,145853.0,145848.52,14120064.54,14119630.83,Fiscal
2017,4,Administracion Central,Ministerio De Justicia Y Seguridad,Ministerio De Justicia Y Seguridad,Ministerio De Justicia Y Seguridad,Ministerio De Justicia Y Seguridad,Estudios Y Tecnologias,Servicios De Seguridad,Seguridad Interior,Servicios No Personales,Servicios No Personales,12713693.0,8893480.0,8075557.4,860979969.9,781796683.32,Fiscal
2017,4,Administracion Central,Ministerio De Justicia Y Seguridad,Ministerio De Justicia Y Seguridad,Ministerio De Justicia Y Seguridad,Ministerio De Justicia Y Seguridad,Estudios Y Tecnologias,Servicios De Seguridad,Seguridad Interior,Bienes De Uso,Maquinaria Y Equipo,4590972.0,3460127.0,3460119.11,334975739.56,334974975.73,Fiscal
2017,4,Administracion Central,Ministerio De Justicia Y Seguridad,Ministerio De Justicia Y Seguridad,Ministerio De Justicia Y Seguridad,Ministerio De Justicia Y Seguridad,Estudios Y Tecnologias,Servicios De Seguridad,Seguridad Interior,Bienes De Uso,Activos Intangibles,1000000.0,1223551.0,1223550.67,118452271.01,118452239.06,Fiscal
2017,4,Administracion Central,Ministerio De Justicia Y Seguridad,Ministerio De Justicia Y Seguridad,Ministerio De Justicia Y Seguridad,Dirección General De Logística,Apoyo Logistico En Emergencias,Servicios De Seguridad,Seguridad Interior,Gastos En Personal,Remuneraciones Al Personal,39089391.0,44403889.0,44403873.89,4298751334.07,4298749871.27,Fiscal
2017,4,Administracion Central,Ministerio De Justicia Y Seguridad,Ministerio De Justicia Y Seguridad,Ministerio De Justicia Y Seguridad,Dirección General De Logística,Apoyo Logistico En Emergencias,Servicios De Seguridad,Seguridad Interior,Bienes De Consumo,Bienes De Consumo,2523043.0,2350325.0,2143736.51,227535537.02,207535654.87,Fiscal
2017,4,Administracion Central,Ministerio De Justicia Y Seguridad,Ministerio De Justicia Y Seguridad,Ministerio De Justicia Y Seguridad,Dirección General De Logística,Apoyo Logistico En Emergencias,Servicios De Seguridad,Seguridad Interior,Servicios No Personales,Servicios No Personales,6476487.0,4060558.0,4039747.65,393103611.25,391088956.19,Fiscal
2017,4,Administracion Central,Ministerio De Justicia Y Seguridad,Ministerio De Justicia Y Seguridad,Ministerio De Justicia Y Seguridad,Dirección General De Logística,Apoyo Logistico En Emergencias,Servicios De Seguridad,Seguridad Interior,Bienes De Uso,Maquinaria Y Equipo,1078000.0,717042.0,506230.33,69417011.07,49008281.83,Fiscal
2017,4,Administracion Central,Ministerio De Justicia Y Seguridad,Ministerio De Justicia Y Seguridad,Ministerio De Justicia Y Seguridad,Dirección General De Logística,Apoyo Logistico En Emergencias,Servicios De Seguridad,Seguridad Interior,Servicios No Personales,Servicios No Personales,1889300.0,0.0,0.0,0.0,0.0,Fiscal
2017,4,Administracion Central,Ministerio De Justicia Y Seguridad,Ministerio De Justicia Y Seguridad,Ministerio De Justicia Y Seguridad,Subsecretaria De Emergencias,"Actividades Comunes A Los Programas 49,52,53 Y 54",Servicios De Seguridad,Seguridad Interior,Gastos En Personal,Remuneraciones Al Personal,31294109.0,36688224.0,36688207.97,3551795921.85,3551794369.98,Fiscal
2017,4,Administracion Central,Ministerio De Justicia Y Seguridad,Ministerio De Justicia Y Seguridad,Ministerio De Justicia Y Seguridad,Subsecretaria De Emergencias,"Actividades Comunes A Los Programas 49,52,53 Y 54",Servicios De Seguridad,Seguridad Interior,Servicios No Personales,Servicios No Personales,15464203.0,13221537.0,13180643.09,1279980224.64,1276021275.23,Fiscal
2017,4,Administracion Central,Ministerio De Justicia Y Seguridad,Ministerio De Justicia Y Seguridad,Ministerio De Justicia Y Seguridad,Subsecretaria De Emergencias,"Actividades Comunes A Los Programas 49,52,53 Y 54",Servicios De Seguridad,Seguridad Interior,Bienes De Consumo,Bienes De Consumo,920954.0,547714.0,547704.26,53024326.05,53023383.12,Fiscal
2017,4,Administracion Central,Ministerio De Justicia Y Seguridad,Ministerio De Justicia Y Seguridad,Ministerio De Justicia Y Seguridad,Subsecretaria De Emergencias,"Actividades Comunes A Los Programas 49,52,53 Y 54",Servicios De Seguridad,Seguridad Interior,Bienes De Uso,Maquinaria Y Equipo,70500.0,195870.0,190993.64,18962222.52,18490140.91,Fiscal
2017,4,Administracion Central,Ministerio De Justicia Y Seguridad,Ministerio De Justicia Y Seguridad,Ministerio De Justicia Y Seguridad,Subsecretaria De Emergencias,"Actividades Comunes A Los Programas 49,52,53 Y 54",Servicios De Seguridad,Seguridad Interior,Bienes De Uso,Bienes De Uso,21170677.0,21170677.0,20390724.99,2049538408.6,1974031064.11,Fiscal
2017,4,Administracion Central,Ministerio De Justicia Y Seguridad,Ministerio De Justicia Y Seguridad,Ministerio De Justicia Y Seguridad,Subsecretaria De Justicia,"Actividades Comunes A Los Programas 21, 23, 25, 28, 29, 51 Y 71",Administración Gubernamental,Judicial,Gastos En Personal,Remuneraciones Al Personal,8678269.0,10572703.0,10572697.14,1023545958.46,1023545391.15,Fiscal
2017,4,Administracion Central,Ministerio De Justicia Y Seguridad,Ministerio De Justicia Y Seguridad,Ministerio De Justicia Y Seguridad,Subsecretaria De Justicia,"Actividades Comunes A Los Programas 21, 23, 25, 28, 29, 51 Y 71",Administración Gubernamental,Judicial,Bienes De Consumo,Bienes De Consumo,935847.0,261962.0,261955.76,25360605.17,25360001.07,Fiscal
2017,4,Administracion Central,Ministerio De Justicia Y Seguridad,Ministerio De Justicia Y Seguridad,Ministerio De Justicia Y Seguridad,Subsecretaria De Justicia,"Actividades Comunes A Los Programas 21, 23, 25, 28, 29, 51 Y 71",Administración Gubernamental,Judicial,Servicios No Personales,Servicios No Personales,23999441.0,22361657.0,22033924.66,2164837473.15,2133109625.31,Fiscal
2017,4,Administracion Central,Ministerio De Justicia Y Seguridad,Ministerio De Justicia Y Seguridad,Ministerio De Justicia Y Seguridad,Subsecretaria De Justicia,"Actividades Comunes A Los Programas 21, 23, 25, 28, 29, 51 Y 71",Administración Gubernamental,Judicial,Bienes De Uso,Maquinaria Y Equipo,135000.0,560000.0,558386.25,54213736.71,54057509.18,Fiscal
2017,4,Administracion Central,Ministerio De Justicia Y Seguridad,Ministerio De Justicia Y Seguridad,Ministerio De Justicia Y Seguridad,Subsecretaria De Justicia,"Actividades Comunes A Los Programas 21, 23, 25, 28, 29, 51 Y 71",Administración Gubernamental,Judicial,Bienes De Uso,Activos Intangibles,5000.0,5000.0,0.0,484051.22,0.0,Fiscal
2017,4,Administracion Central,Ministerio De Justicia Y Seguridad,Ministerio De Justicia Y Seguridad,Ministerio De Justicia Y Seguridad,Subsecretaria De Justicia,Acciones De La Subsecretaria De Justicia,Administración Gubernamental,Judicial,Bienes De Consumo,Bienes De Consumo,223667.0,124074.0,115043.83,12011634.23,11137421.27,Fiscal
2017,4,Administracion Central,Ministerio De Justicia Y Seguridad,Ministerio De Justicia Y Seguridad,Ministerio De Justicia Y Seguridad,Subsecretaria De Justicia,Acciones De La Subsecretaria De Justicia,Administración Gubernamental,Judicial,Servicios No Personales,Servicios No Personales,11599719.0,8534328.0,8337716.43,826210377.1,807176363.01,Fiscal
2017,4,Administracion Central,Ministerio De Justicia Y Seguridad,Ministerio De Justicia Y Seguridad,Ministerio De Justicia Y Seguridad,Subsecretaria De Justicia,Acciones De La Subsecretaria De Justicia,Administración Gubernamental,Judicial,Gastos En Personal,Remuneraciones Al Personal,1299754.0,1484471.0,1484469.59,143711999.9,143711863.4,Fiscal
2017,4,Administracion Central,Ministerio De Justicia Y Seguridad,Ministerio De Justicia Y Seguridad,Ministerio De Justicia Y Seguridad,Subsecretaria De Justicia,Acciones De La Subsecretaria De Justicia,Administración Gubernamental,Judicial,Bienes De Uso,Maquinaria Y Equipo,86250.0,71250.0,62481.18,6897729.89,6048818.29,Fiscal
2017,4,Administracion Central,Ministerio De Justicia Y Seguridad,Ministerio De Justicia Y Seguridad,Ministerio De Justicia Y Seguridad,"Dir.Gral Justicia, Registros Y Mediacion",Mediacion Vecinal,Administración Gubernamental,Judicial,Gastos En Personal,Remuneraciones Al Personal,16217385.0,18199461.0,18199418.26,1761894262.3,1761890124.63,Fiscal
2017,4,Administracion Central,Ministerio De Justicia Y Seguridad,Ministerio De Justicia Y Seguridad,Ministerio De Justicia Y Seguridad,"Dir.Gral Justicia, Registros Y Mediacion",Mediacion Vecinal,Administración Gubernamental,Judicial,Bienes De Consumo,Bienes De Consumo,173036.0,138917.0,137598.65,13448588.68,13320958.9,Fiscal
2017,4,Administracion Central,Ministerio De Justicia Y Seguridad,Ministerio De Justicia Y Seguridad,Ministerio De Justicia Y Seguridad,"Dir.Gral Justicia, Registros Y Mediacion",Mediacion Vecinal,Administración Gubernamental,Judicial,Servicios No Personales,Servicios No Personales,811184.0,1023535.0,1023534.58,99088673.22,99088632.56,Fiscal
2017,4,Administracion Central,Ministerio De Justicia Y Seguridad,Ministerio De Justicia Y Seguridad,Ministerio De Justicia Y Seguridad,"Dir.Gral Justicia, Registros Y Mediacion",Mediacion Vecinal,Administración Gubernamental,Judicial,Bienes De Uso,Maquinaria Y Equipo,74470.0,193570.0,133516.33,18739558.95,12925748.5,Fiscal
2017,4,Administracion Central,Ministerio De Justicia Y Seguridad,Ministerio De Justicia Y Seguridad,Ministerio De Justicia Y Seguridad,"Dir.Gral Justicia, Registros Y Mediacion",Mediacion Vecinal,Administración Gubernamental,Judicial,Bienes De Uso,Activos Intangibles,0.0,130700.0,130700.0,12653098.91,12653098.91,Fiscal
2017,4,Administracion Central,Ministerio De Justicia Y Seguridad,Ministerio De Justicia Y Seguridad,Ministerio De Justicia Y Seguridad,"Dir.Gral Justicia, Registros Y Mediacion",Registro De Notarios,Administración Gubernamental,Judicial,Gastos En Personal,Remuneraciones Al Personal,614009.0,1417720.0,1417715.77,137249819.3,137249409.79,Fiscal
2017,4,Administracion Central,Ministerio De Justicia Y Seguridad,Ministerio De Justicia Y Seguridad,Ministerio De Justicia Y Seguridad,"Dir.Gral Justicia, Registros Y Mediacion",Registro De Notarios,Administración Gubernamental,Judicial,Bienes De Consumo,Bienes De Consumo,130528.0,36000.0,36000.0,3485168.79,3485168.79,Fiscal
2017,4,Administracion Central,Ministerio De Justicia Y Seguridad,Ministerio De Justicia Y Seguridad,Ministerio De Justicia Y Seguridad,"Dir.Gral Justicia, Registros Y Mediacion",Registro De Notarios,Administración Gubernamental,Judicial,Servicios No Personales,Servicios No Personales,113504.0,15065.0,15065.0,1458446.33,1458446.33,Fiscal
2017,4,Administracion Central,Ministerio De Justicia Y Seguridad,Ministerio De Justicia Y Seguridad,Ministerio De Justicia Y Seguridad,"Dir.Gral Justicia, Registros Y Mediacion",Administración Ex Cassaba,Servicios Sociales,Promoción Y Acción Social,Gastos En Personal,Remuneraciones Al Personal,2946262.0,3477598.0,3477593.94,336667111.34,336666718.29,Fiscal
2017,4,Administracion Central,Ministerio De Justicia Y Seguridad,Ministerio De Justicia Y Seguridad,Ministerio De Justicia Y Seguridad,"Dir.Gral Justicia, Registros Y Mediacion",Administración Ex Cassaba,Servicios Sociales,Promoción Y Acción Social,Bienes De Consumo,Bienes De Consumo,105950.0,5114.0,5110.28,495087.59,494727.45,Fiscal
2017,4,Administracion Central,Ministerio De Justicia Y Seguridad,Ministerio De Justicia Y Seguridad,Ministerio De Justicia Y Seguridad,"Dir.Gral Justicia, Registros Y Mediacion",Administración Ex Cassaba,Servicios Sociales,Promoción Y Acción Social,Servicios No Personales,Servicios No Personales,935270.0,161387.0,161386.28,15623914.87,15623845.16,Fiscal
2017,4,Administracion Central,Ministerio De Justicia Y Seguridad,Ministerio De Justicia Y Seguridad,Ministerio De Justicia Y Seguridad,"Dir.Gral Justicia, Registros Y Mediacion",Administración Ex Cassaba,Servicios Sociales,Promoción Y Acción Social,Transferencias,Al Sector Privado,3860502.0,3518502.0,3518309.11,340627037.56,340608363.84,Fiscal
2017,4,Administracion Central,Ministerio De Justicia Y Seguridad,Ministerio De Justicia Y Seguridad,Ministerio De Justicia Y Seguridad,"Dir.Gral Justicia, Registros Y Mediacion",Registro Deudores Alimentarios,Administración Gubernamental,Judicial,Gastos En Personal,Remuneraciones Al Personal,1439675.0,2509094.0,2509089.04,242906002.67,242905522.49,Fiscal
2017,4,Administracion Central,Ministerio De Justicia Y Seguridad,Ministerio De Justicia Y Seguridad,Ministerio De Justicia Y Seguridad,"Dir.Gral Justicia, Registros Y Mediacion",Registro Deudores Alimentarios,Administración Gubernamental,Judicial,Bienes De Consumo,Bienes De Consumo,130528.0,26600.0,26600.0,2575152.49,2575152.49,Fiscal
2017,4,Administracion Central,Ministerio De Justicia Y Seguridad,Ministerio De Justicia Y Seguridad,Ministerio De Justicia Y Seguridad,"Dir.Gral Justicia, Registros Y Mediacion",Registro Deudores Alimentarios,Administración Gubernamental,Judicial,Servicios No Personales,Servicios No Personales,285104.0,258500.0,258500.0,25025448.11,25025448.11,Fiscal
2017,4,Administracion Central,Ministerio De Justicia Y Seguridad,Ministerio De Justicia Y Seguridad,Ministerio De Justicia Y Seguridad,Dir.Gral Administracion De Infracciones,Administracion De Infracciones En La Ciudad,Administración Gubernamental,Judicial,Gastos En Personal,Remuneraciones Al Personal,402847023.0,466087753.0,465968856.37,45122069150.33,45110558738.56,Fiscal
2017,4,Administracion Central,Ministerio De Justicia Y Seguridad,Ministerio De Justicia Y Seguridad,Ministerio De Justicia Y Seguridad,Dir.Gral Administracion De Infracciones,Administracion De Infracciones En La Ciudad,Administración Gubernamental,Judicial,Bienes De Consumo,Bienes De Consumo,920229.0,206669.0,204459.28,20007676.34,19793752.81,Fiscal
2017,4,Administracion Central,Ministerio De Justicia Y Seguridad,Ministerio De Justicia Y Seguridad,Ministerio De Justicia Y Seguridad,Dir.Gral Administracion De Infracciones,Administracion De Infracciones En La Ciudad,Administración Gubernamental,Judicial,Servicios No Personales,Servicios No Personales,345602287.0,410481710.0,408305668.71,39738834552.83,39528171464.32,Fiscal
2017,4,Administracion Central,Ministerio De Justicia Y Seguridad,Ministerio De Justicia Y Seguridad,Ministerio De Justicia Y Seguridad,Dir.Gral Administracion De Infracciones,Administracion De Infracciones En La Ciudad,Administración Gubernamental,Judicial,Bienes De Uso,Maquinaria Y Equipo,250000.0,155000.0,5620.0,15005587.84,544073.57,Fiscal
2017,4,Administracion Central,Ministerio De Justicia Y Seguridad,Ministerio De Justicia Y Seguridad,Ministerio De Justicia Y Seguridad,Dir.Gral Administracion De Infracciones,Administracion De Infracciones En La Ciudad,Administración Gubernamental,Judicial,Bienes De Uso,Activos Intangibles,26725.0,26725.0,0.0,2587253.77,0.0,Fiscal
2017,4,Administracion Central,Ministerio De Justicia Y Seguridad,Ministerio De Justicia Y Seguridad,Ministerio De Justicia Y Seguridad,Direccion General Electoral,Electoral,Administración Gubernamental,Judicial,Bienes De Consumo,Bienes De Consumo,3543803.0,87144.0,75143.75,8436431.91,7274684.78,Fiscal
2017,4,Administracion Central,Ministerio De Justicia Y Seguridad,Ministerio De Justicia Y Seguridad,Ministerio De Justicia Y Seguridad,Direccion General Electoral,Electoral,Administración Gubernamental,Judicial,Servicios No Personales,Servicios No Personales,416860972.0,3920705.0,2590902.48,379564408.18,250825901.59,Fiscal
2017,4,Administracion Central,Ministerio De Justicia Y Seguridad,Ministerio De Justicia Y Seguridad,Ministerio De Justicia Y Seguridad,Direccion General Electoral,Electoral,Administración Gubernamental,Judicial,Bienes De Uso,Maquinaria Y Equipo,1413635.0,10000.0,0.0,968102.44,0.0,Fiscal
2017,4,Administracion Central,Ministerio De Justicia Y Seguridad,Ministerio De Justicia Y Seguridad,Ministerio De Justicia Y Seguridad,Direccion General Electoral,Electoral,Administración Gubernamental,Judicial,Transferencias,Al Sector Público,231914482.0,69617830.0,69613938.05,6739719117.56,6739342336.93,Fiscal
2017,4,Administracion Central,Ministerio De Justicia Y Seguridad,Ministerio De Justicia Y Seguridad,Ministerio De Justicia Y Seguridad,Dir.Gral.De Comunicaciones Y Relaciones Institucionales,Lineamientos Del Mjys,Servicios De Seguridad,Seguridad Interior,Gastos En Personal,Remuneraciones Al Personal,5080199.0,4687304.0,4687296.99,453779044.52,453778365.88,Fiscal
2017,4,Administracion Central,Ministerio De Justicia Y Seguridad,Ministerio De Justicia Y Seguridad,Ministerio De Justicia Y Seguridad,Dir.Gral.De Comunicaciones Y Relaciones Institucionales,Lineamientos Del Mjys,Servicios De Seguridad,Seguridad Interior,Bienes De Consumo,Bienes De Consumo,194692.0,78761.0,77714.43,7624871.64,7523552.94,Fiscal
2017,4,Administracion Central,Ministerio De Justicia Y Seguridad,Ministerio De Justicia Y Seguridad,Ministerio De Justicia Y Seguridad,Dir.Gral.De Comunicaciones Y Relaciones Institucionales,Lineamientos Del Mjys,Servicios De Seguridad,Seguridad Interior,Servicios No Personales,Servicios No Personales,8976183.0,13377371.0,13377368.16,1295066552.22,1295066277.28,Fiscal
2017,4,Administracion Central,Ministerio De Justicia Y Seguridad,Ministerio De Justicia Y Seguridad,Ministerio De Justicia Y Seguridad,Dir.Gral.De Comunicaciones Y Relaciones Institucionales,Lineamientos Del Mjys,Servicios De Seguridad,Seguridad Interior,Bienes De Uso,Maquinaria Y Equipo,61661.0,8161.0,8091.62,790068.4,783351.71,Fiscal
2017,4,Organismos Descentralizados,Ministerio De Justicia Y Seguridad,Ministerio De Justicia Y Seguridad,Agencia Gubernamental De Control,Agencia Gubernamental De Control,"Actividad Comun A Los Programas 91, 92, 93, 94, 96 Y 97",Servicios De Seguridad,Seguridad Interior,Gastos En Personal,Remuneraciones Al Personal,107548254.0,115138237.0,115138208.65,11146560831.78,11146558087.21,Fiscal
2017,4,Organismos Descentralizados,Ministerio De Justicia Y Seguridad,Ministerio De Justicia Y Seguridad,Agencia Gubernamental De Control,Agencia Gubernamental De Control,"Actividad Comun A Los Programas 91, 92, 93, 94, 96 Y 97",Servicios De Seguridad,Seguridad Interior,Bienes De Consumo,Bienes De Consumo,12000000.0,5572517.0,2570119.93,539476731.15,248813937.85,Fiscal
2017,4,Organismos Descentralizados,Ministerio De Justicia Y Seguridad,Ministerio De Justicia Y Seguridad,Agencia Gubernamental De Control,Agencia Gubernamental De Control,"Actividad Comun A Los Programas 91, 92, 93, 94, 96 Y 97",Servicios De Seguridad,Seguridad Interior,Servicios No Personales,Servicios No Personales,166688756.0,154930173.0,136125329.62,14998827870.04,13178326391.74,Fiscal
2017,4,Organismos Descentralizados,Ministerio De Justicia Y Seguridad,Ministerio De Justicia Y Seguridad,Agencia Gubernamental De Control,Agencia Gubernamental De Control,"Actividad Comun A Los Programas 91, 92, 93, 94, 96 Y 97",Servicios De Seguridad,Seguridad Interior,Bienes De Uso,Maquinaria Y Equipo,15034930.0,14416709.0,10813673.1,1395685117.73,1046874332.67,Fiscal
2017,4,Organismos Descentralizados,Ministerio De Justicia Y Seguridad,Ministerio De Justicia Y Seguridad,Agencia Gubernamental De Control,Agencia Gubernamental De Control,"Actividad Comun A Los Programas 91, 92, 93, 94, 96 Y 97",Administración Gubernamental,Control De La Gestión,Bienes De Consumo,Bienes De Consumo,320000.0,315913.0,276111.89,30583614.65,26730459.48,Fiscal
2017,4,Organismos Descentralizados,Ministerio De Justicia Y Seguridad,Ministerio De Justicia Y Seguridad,Agencia Gubernamental De Control,Agencia Gubernamental De Control,"Actividad Comun A Los Programas 91, 92, 93, 94, 96 Y 97",Administración Gubernamental,Control De La Gestión,Servicios No Personales,Servicios No Personales,819433.0,713443.0,459193.0,69068591.0,44454586.43,Fiscal
2017,4,Organismos Descentralizados,Ministerio De Justicia Y Seguridad,Ministerio De Justicia Y Seguridad,Agencia Gubernamental De Control,Agencia Gubernamental De Control,"Actividad Comun A Los Programas 91, 92, 93, 94, 96 Y 97",Administración Gubernamental,Control De La Gestión,Bienes De Uso,Maquinaria Y Equipo,34600.0,0.0,0.0,0.0,0.0,Fiscal
2017,4,Organismos Descentralizados,Ministerio De Justicia Y Seguridad,Ministerio De Justicia Y Seguridad,Agencia Gubernamental De Control,Agencia Gubernamental De Control,"Actividad Comun A Los Programas 91, 92, 93, 94, 96 Y 97",Servicios De Seguridad,Seguridad Interior,Bienes De Uso,Activos Intangibles,27405500.0,42790427.0,35803726.27,4142551683.97,3466167480.69,Fiscal
2017,4,Organismos Descentralizados,Ministerio De Justicia Y Seguridad,Ministerio De Justicia Y Seguridad,Agencia Gubernamental De Control,Dir.Gral Fiscalizacion Y Control,Fiscalizacion De Actividades Comerciales,Servicios De Seguridad,Seguridad Interior,Gastos En Personal,Remuneraciones Al Personal,140698359.0,164466121.0,164442083.01,15922005323.85,15919678200.17,Fiscal
2017,4,Organismos Descentralizados,Ministerio De Justicia Y Seguridad,Ministerio De Justicia Y Seguridad,Agencia Gubernamental De Control,Dir.Gral Fiscalizacion Y Control,Fiscalizacion De Actividades Comerciales,Servicios De Seguridad,Seguridad Interior,Bienes De Consumo,Bienes De Consumo,1077251.0,552830.0,512858.61,53519607.26,49649967.23,Fiscal
2017,4,Organismos Descentralizados,Ministerio De Justicia Y Seguridad,Ministerio De Justicia Y Seguridad,Agencia Gubernamental De Control,Dir.Gral Fiscalizacion Y Control,Fiscalizacion De Actividades Comerciales,Servicios De Seguridad,Seguridad Interior,Servicios No Personales,Servicios No Personales,23765068.0,26384509.0,24301335.5,2554290757.34,2352618222.25,Fiscal
2017,4,Organismos Descentralizados,Ministerio De Justicia Y Seguridad,Ministerio De Justicia Y Seguridad,Agencia Gubernamental De Control,Dir.Gral Fiscalizacion Y Control,Fiscalizacion De Actividades Comerciales,Servicios De Seguridad,Seguridad Interior,Bienes De Uso,Maquinaria Y Equipo,775940.0,189630.0,189630.0,18358126.59,18358126.59,Fiscal
2017,4,Organismos Descentralizados,Ministerio De Justicia Y Seguridad,Ministerio De Justicia Y Seguridad,Agencia Gubernamental De Control,Direccion General Higiene Y Seguridad Alimentaria,Fiscalizacion De Establecimientos Y Alimentos,Servicios De Seguridad,Seguridad Interior,Gastos En Personal,Remuneraciones Al Personal,31046994.0,44979306.0,44979290.33,4354457594.31,4354456077.29,Fiscal
2017,4,Organismos Descentralizados,Ministerio De Justicia Y Seguridad,Ministerio De Justicia Y Seguridad,Agencia Gubernamental De Control,Direccion General Higiene Y Seguridad Alimentaria,Fiscalizacion De Establecimientos Y Alimentos,Servicios De Seguridad,Seguridad Interior,Bienes De Consumo,Bienes De Consumo,1057025.0,212769.0,212760.35,20598218.83,20597381.42,Fiscal
2017,4,Organismos Descentralizados,Ministerio De Justicia Y Seguridad,Ministerio De Justicia Y Seguridad,Agencia Gubernamental De Control,Direccion General Higiene Y Seguridad Alimentaria,Fiscalizacion De Establecimientos Y Alimentos,Servicios De Seguridad,Seguridad Interior,Servicios No Personales,Servicios No Personales,11483069.0,10294631.0,10117951.13,996625740.26,979521318.91,Fiscal
2017,4,Organismos Descentralizados,Ministerio De Justicia Y Seguridad,Ministerio De Justicia Y Seguridad,Agencia Gubernamental De Control,Direccion General Higiene Y Seguridad Alimentaria,Fiscalizacion De Establecimientos Y Alimentos,Servicios De Seguridad,Seguridad Interior,Bienes De Uso,Maquinaria Y Equipo,700000.0,75167.0,14247.0,7276935.62,1379255.55,Fiscal
2017,4,Organismos Descentralizados,Ministerio De Justicia Y Seguridad,Ministerio De Justicia Y Seguridad,Agencia Gubernamental De Control,Direccion General Higiene Y Seguridad Alimentaria,Analisis E Investigacion,Servicios De Seguridad,Seguridad Interior,Gastos En Personal,Remuneraciones Al Personal,988638.0,141208.0,141205.25,13670380.95,13670114.72,Fiscal
2017,4,Organismos Descentralizados,Ministerio De Justicia Y Seguridad,Ministerio De Justicia Y Seguridad,Agencia Gubernamental De Control,Direccion General Higiene Y Seguridad Alimentaria,Analisis E Investigacion,Servicios De Seguridad,Seguridad Interior,Bienes De Consumo,Bienes De Consumo,707750.0,74993.0,74991.36,7260090.64,7259931.87,Fiscal
2017,4,Organismos Descentralizados,Ministerio De Justicia Y Seguridad,Ministerio De Justicia Y Seguridad,Agencia Gubernamental De Control,Direccion General Higiene Y Seguridad Alimentaria,Analisis E Investigacion,Servicios De Seguridad,Seguridad Interior,Servicios No Personales,Servicios No Personales,2070941.0,1609333.0,1520995.0,155799920.6,147247897.26,Fiscal
2017,4,Organismos Descentralizados,Ministerio De Justicia Y Seguridad,Ministerio De Justicia Y Seguridad,Agencia Gubernamental De Control,Direccion General Higiene Y Seguridad Alimentaria,Analisis E Investigacion,Servicios De Seguridad,Seguridad Interior,Bienes De Uso,Maquinaria Y Equipo,290000.0,0.0,0.0,0.0,0.0,Fiscal
2017,4,Organismos Descentralizados,Ministerio De Justicia Y Seguridad,Ministerio De Justicia Y Seguridad,Agencia Gubernamental De Control,Direccion General Higiene Y Seguridad Alimentaria,Registro De Establecimientos Y Productos,Servicios De Seguridad,Seguridad Interior,Gastos En Personal,Remuneraciones Al Personal,23585778.0,25358795.0,25358791.28,2454991134.6,2454990774.46,Fiscal
2017,4,Organismos Descentralizados,Ministerio De Justicia Y Seguridad,Ministerio De Justicia Y Seguridad,Agencia Gubernamental De Control,Direccion General Higiene Y Seguridad Alimentaria,Registro De Establecimientos Y Productos,Servicios De Seguridad,Seguridad Interior,Bienes De Consumo,Bienes De Consumo,547975.0,8419.0,8417.56,815045.45,814906.04,Fiscal
2017,4,Organismos Descentralizados,Ministerio De Justicia Y Seguridad,Ministerio De Justicia Y Seguridad,Agencia Gubernamental De Control,Direccion General Higiene Y Seguridad Alimentaria,Registro De Establecimientos Y Productos,Servicios De Seguridad,Seguridad Interior,Servicios No Personales,Servicios No Personales,950515.0,917071.0,887625.0,88781867.39,85931192.94,Fiscal
2017,4,Organismos Descentralizados,Ministerio De Justicia Y Seguridad,Ministerio De Justicia Y Seguridad,Agencia Gubernamental De Control,Direccion General Higiene Y Seguridad Alimentaria,Registro De Establecimientos Y Productos,Servicios De Seguridad,Seguridad Interior,Bienes De Uso,Maquinaria Y Equipo,44500.0,0.0,0.0,0.0,0.0,Fiscal
2017,4,Organismos Descentralizados,Ministerio De Justicia Y Seguridad,Ministerio De Justicia Y Seguridad,Agencia Gubernamental De Control,Direccion General De Habilitaciones Y Permisos,Gestion De Habilitaciones Y Permisos,Servicios De Seguridad,Seguridad Interior,Gastos En Personal,Remuneraciones Al Personal,55776877.0,63707474.0,63707457.03,6167536110.35,6167534467.48,Fiscal
2017,4,Organismos Descentralizados,Ministerio De Justicia Y Seguridad,Ministerio De Justicia Y Seguridad,Agencia Gubernamental De Control,Direccion General De Habilitaciones Y Permisos,Gestion De Habilitaciones Y Permisos,Servicios De Seguridad,Seguridad Interior,Bienes De Consumo,Bienes De Consumo,865600.0,48853.0,48852.15,4729470.86,4729388.57,Fiscal
2017,4,Organismos Descentralizados,Ministerio De Justicia Y Seguridad,Ministerio De Justicia Y Seguridad,Agencia Gubernamental De Control,Direccion General De Habilitaciones Y Permisos,Gestion De Habilitaciones Y Permisos,Servicios De Seguridad,Seguridad Interior,Servicios No Personales,Servicios No Personales,9645668.0,9324474.0,8923974.0,902704604.25,863932101.48,Fiscal
2017,4,Organismos Descentralizados,Ministerio De Justicia Y Seguridad,Ministerio De Justicia Y Seguridad,Agencia Gubernamental De Control,Direccion General De Habilitaciones Y Permisos,Gestion De Habilitaciones Y Permisos,Servicios De Seguridad,Seguridad Interior,Bienes De Uso,Maquinaria Y Equipo,275000.0,0.0,0.0,0.0,0.0,Fiscal
2017,4,Organismos Descentralizados,Ministerio De Justicia Y Seguridad,Ministerio De Justicia Y Seguridad,Agencia Gubernamental De Control,Direccion General De Fiscalizacion Y Control De Obras,Fiscalizacion De Obras E Instalaciones Complementarias,Servicios De Seguridad,Seguridad Interior,Gastos En Personal,Remuneraciones Al Personal,61967250.0,73131482.0,73131455.71,7079876625.44,7079874080.3,Fiscal
2017,4,Organismos Descentralizados,Ministerio De Justicia Y Seguridad,Ministerio De Justicia Y Seguridad,Agencia Gubernamental De Control,Direccion General De Fiscalizacion Y Control De Obras,Fiscalizacion De Obras E Instalaciones Complementarias,Servicios De Seguridad,Seguridad Interior,Bienes De Consumo,Bienes De Consumo,872500.0,108319.0,108315.08,10486388.83,10486009.34,Fiscal
2017,4,Organismos Descentralizados,Ministerio De Justicia Y Seguridad,Ministerio De Justicia Y Seguridad,Agencia Gubernamental De Control,Direccion General De Fiscalizacion Y Control De Obras,Fiscalizacion De Obras E Instalaciones Complementarias,Servicios De Seguridad,Seguridad Interior,Servicios No Personales,Servicios No Personales,16854125.0,17246798.0,15689984.73,1669666724.71,1518951251.99,Fiscal
2017,4,Organismos Descentralizados,Ministerio De Justicia Y Seguridad,Ministerio De Justicia Y Seguridad,Agencia Gubernamental De Control,Direccion General De Fiscalizacion Y Control De Obras,Fiscalizacion De Obras E Instalaciones Complementarias,Servicios De Seguridad,Seguridad Interior,Bienes De Uso,Activos Intangibles,2288500.0,1237500.0,1237500.0,119802677.1,119802677.1,Fiscal
2017,4,Organismos Descentralizados,Ministerio De Justicia Y Seguridad,Ministerio De Justicia Y Seguridad,Agencia Gubernamental De Control,Direccion General De Fiscalizacion Y Control De Obras,Fiscalizacion De Obras E Instalaciones Complementarias,Servicios De Seguridad,Seguridad Interior,Bienes De Uso,Maquinaria Y Equipo,105000.0,6573.0,6573.0,636333.73,636333.73,Fiscal
2017,4,Organismos Descentralizados,Ministerio De Justicia Y Seguridad,Ministerio De Justicia Y Seguridad,Registro Publico Comercio Y Contralor Personas Juridicas,Registro Publico Comercio Y Contralor Pers.Jur,Registro Publico De Comercio Y Contralor Personas Juridica,Administración Gubernamental,Control De La Gestión,Gastos En Personal,Remuneraciones Al Personal,5736148.0,5147604.0,5147600.62,498340799.88,498340472.67,Fiscal
2017,4,Organismos Descentralizados,Ministerio De Justicia Y Seguridad,Ministerio De Justicia Y Seguridad,Registro Publico Comercio Y Contralor Personas Juridicas,Registro Publico Comercio Y Contralor Pers.Jur,Registro Publico De Comercio Y Contralor Personas Juridica,Administración Gubernamental,Control De La Gestión,Servicios No Personales,Servicios No Personales,8400000.0,2283000.0,2047000.0,221017787.33,198170569.72,Fiscal
2017,4,Organismos Descentralizados,Ministerio De Justicia Y Seguridad,Ministerio De Justicia Y Seguridad,Registro Publico Comercio Y Contralor Personas Juridicas,Registro Publico Comercio Y Contralor Pers.Jur,Registro Publico De Comercio Y Contralor Personas Juridica,Administración Gubernamental,Control De La Gestión,Bienes De Consumo,Bienes De Consumo,2000000.0,30172.0,30171.45,2920958.69,2920905.44,Fiscal
2017,4,Organismos Descentralizados,Ministerio De Justicia Y Seguridad,Ministerio De Justicia Y Seguridad,Registro Publico Comercio Y Contralor Personas Juridicas,Registro Publico Comercio Y Contralor Pers.Jur,Registro Publico De Comercio Y Contralor Personas Juridica,Administración Gubernamental,Control De La Gestión,Bienes De Uso,Maquinaria Y Equipo,900000.0,33000.0,33000.0,3194738.06,3194738.06,Fiscal
2017,4,Administracion Central,Ministerio De Justicia Y Seguridad,Plan De Seguridad Publica,Plan De Seguridad Publica,Direccion General Custodia De Bienes,Custodia Y Seguridad De Edificios Publicos,Servicios De Seguridad,Seguridad Interior,Gastos En Personal,Remuneraciones Al Personal,131484116.0,180896618.0,174531629.16,17512645749.47,16896449626.04,Fiscal
2017,4,Administracion Central,Ministerio De Justicia Y Seguridad,Plan De Seguridad Publica,Plan De Seguridad Publica,Direccion General Custodia De Bienes,Custodia Y Seguridad De Edificios Publicos,Servicios De Seguridad,Seguridad Interior,Bienes De Consumo,Bienes De Consumo,1024523.0,341193.0,318829.67,33030977.62,30865978.19,Fiscal
2017,4,Administracion Central,Ministerio De Justicia Y Seguridad,Plan De Seguridad Publica,Plan De Seguridad Publica,Direccion General Custodia De Bienes,Custodia Y Seguridad De Edificios Publicos,Servicios De Seguridad,Seguridad Interior,Servicios No Personales,Servicios No Personales,6257621.0,6162746.0,6162743.63,596616944.72,596616715.28,Fiscal
2017,4,Administracion Central,Ministerio De Justicia Y Seguridad,Plan De Seguridad Publica,Plan De Seguridad Publica,Direccion General Custodia De Bienes,Custodia Y Seguridad De Edificios Publicos,Servicios De Seguridad,Seguridad Interior,Bienes De Uso,Maquinaria Y Equipo,184754.0,26087.0,13987.0,2525488.84,1354084.88,Fiscal
2017,4,Administracion Central,Ministerio De Justicia Y Seguridad,Plan De Seguridad Publica,Plan De Seguridad Publica,Dir.Gral Seguridad Privada,Control De Prestadores De Seguridad Privada,Servicios De Seguridad,Seguridad Interior,Gastos En Personal,Remuneraciones Al Personal,10647832.0,15886307.0,15206932.61,1537957258.87,1472186858.33,Fiscal
2017,4,Administracion Central,Ministerio De Justicia Y Seguridad,Plan De Seguridad Publica,Plan De Seguridad Publica,Dir.Gral Seguridad Privada,Control De Prestadores De Seguridad Privada,Servicios De Seguridad,Seguridad Interior,Bienes De Consumo,Bienes De Consumo,5562745.0,4214040.0,4207084.43,407962241.14,407288870.71,Fiscal
2017,4,Administracion Central,Ministerio De Justicia Y Seguridad,Plan De Seguridad Publica,Plan De Seguridad Publica,Dir.Gral Seguridad Privada,Control De Prestadores De Seguridad Privada,Servicios De Seguridad,Seguridad Interior,Servicios No Personales,Servicios No Personales,3363567.0,3691323.0,3691322.31,357357880.76,357357813.97,Fiscal
2017,4,Administracion Central,Ministerio De Justicia Y Seguridad,Plan De Seguridad Publica,Plan De Seguridad Publica,Dir.Gral Seguridad Privada,Control De Prestadores De Seguridad Privada,Servicios De Seguridad,Seguridad Interior,Bienes De Uso,Maquinaria Y Equipo,401130.0,17112.0,17111.85,1656616.9,1656602.38,Fiscal
2017,4,Administracion Central,Ministerio De Justicia Y Seguridad,Plan De Seguridad Publica,Plan De Seguridad Publica,Dir.Gral Seguridad Privada,Control Y Fiscalizacion,Servicios De Seguridad,Seguridad Interior,Gastos En Personal,Remuneraciones Al Personal,1440629.0,1527358.0,1521122.23,147863900.84,147260214.43,Fiscal
2017,4,Administracion Central,Ministerio De Justicia Y Seguridad,Plan De Seguridad Publica,Plan De Seguridad Publica,Dir.Gral Seguridad Privada,Control Y Fiscalizacion,Servicios De Seguridad,Seguridad Interior,Bienes De Consumo,Bienes De Consumo,243700.0,193875.0,193874.11,18769086.08,18768999.92,Fiscal
2017,4,Administracion Central,Ministerio De Justicia Y Seguridad,Plan De Seguridad Publica,Plan De Seguridad Publica,Dir.Gral Seguridad Privada,Control Y Fiscalizacion,Servicios De Seguridad,Seguridad Interior,Servicios No Personales,Servicios No Personales,2588978.0,462285.0,462285.0,44753923.7,44753923.7,Fiscal
2017,4,Administracion Central,Ministerio De Justicia Y Seguridad,Plan De Seguridad Publica,Plan De Seguridad Publica,Dir.Gral Seguridad Privada,Control Y Fiscalizacion,Servicios De Seguridad,Seguridad Interior,Bienes De Uso,Maquinaria Y Equipo,38601.0,0.0,0.0,0.0,0.0,Fiscal
2017,4,Administracion Central,Ministerio De Justicia Y Seguridad,Plan De Seguridad Publica,Plan De Seguridad Publica,Dir. Gral. Diagnostico Y Diseño De Politicas De Intervencion Temprana De La Seguridad,Politicas De Prevencion Del Delito,Servicios De Seguridad,Seguridad Interior,Gastos En Personal,Remuneraciones Al Personal,21637551.0,24240010.0,21375158.44,2346681285.63,2069334306.73,Fiscal
2017,4,Administracion Central,Ministerio De Justicia Y Seguridad,Plan De Seguridad Publica,Plan De Seguridad Publica,Dir. Gral. Diagnostico Y Diseño De Politicas De Intervencion Temprana De La Seguridad,Politicas De Prevencion Del Delito,Servicios De Seguridad,Seguridad Interior,Bienes De Consumo,Bienes De Consumo,3279386.0,196965.0,186357.4,19068229.73,18041305.39,Fiscal
2017,4,Administracion Central,Ministerio De Justicia Y Seguridad,Plan De Seguridad Publica,Plan De Seguridad Publica,Dir. Gral. Diagnostico Y Diseño De Politicas De Intervencion Temprana De La Seguridad,Politicas De Prevencion Del Delito,Servicios De Seguridad,Seguridad Interior,Servicios No Personales,Servicios No Personales,24205232.0,20584191.0,20372689.15,1992760555.77,1972285010.04,Fiscal
2017,4,Administracion Central,Ministerio De Justicia Y Seguridad,Plan De Seguridad Publica,Plan De Seguridad Publica,Dir. Gral. Diagnostico Y Diseño De Politicas De Intervencion Temprana De La Seguridad,Politicas De Prevencion Del Delito,Servicios De Seguridad,Seguridad Interior,Bienes De Uso,Maquinaria Y Equipo,1684972.0,554606.0,554604.55,53691542.25,53691401.88,Fiscal
2017,4,Administracion Central,Ministerio De Justicia Y Seguridad,Plan De Seguridad Publica,Plan De Seguridad Publica,Dir. Gral. Diagnostico Y Diseño De Politicas De Intervencion Temprana De La Seguridad,Politicas De Prevencion Del Delito,Servicios De Seguridad,Seguridad Interior,Transferencias,Al Sector Privado,5500000.0,0.0,0.0,0.0,0.0,Fiscal
2017,4,Administracion Central,Ministerio De Justicia Y Seguridad,Plan De Seguridad Publica,Plan De Seguridad Publica,Policia De La Ciudad,Policía De La Ciudad,Servicios De Seguridad,Seguridad Interior,Gastos En Personal,Remuneraciones Al Personal,20143103382.0,19839686780.0,19783977215.18,1920684920481.27,1915291663911.09,Fiscal
2017,4,Administracion Central,Ministerio De Justicia Y Seguridad,Plan De Seguridad Publica,Plan De Seguridad Publica,Policia De La Ciudad,Policía De La Ciudad,Servicios De Seguridad,Seguridad Interior,Bienes De Consumo,Bienes De Consumo,1359306679.0,1012879892.0,1006602831.26,98057149611.06,97449465828.45,Fiscal
2017,4,Administracion Central,Ministerio De Justicia Y Seguridad,Plan De Seguridad Publica,Plan De Seguridad Publica,Policia De La Ciudad,Policía De La Ciudad,Servicios De Seguridad,Seguridad Interior,Servicios No Personales,Servicios No Personales,1324383050.0,2468179338.0,2449432554.27,238945044249.33,237130163539.93,Fiscal
2017,4,Administracion Central,Ministerio De Justicia Y Seguridad,Plan De Seguridad Publica,Plan De Seguridad Publica,Policia De La Ciudad,Policía De La Ciudad,Servicios De Seguridad,Seguridad Interior,Bienes De Uso,Maquinaria Y Equipo,1868547.0,823442.0,735108.76,79717621.04,71166058.51,Fiscal
2017,4,Administracion Central,Ministerio De Justicia Y Seguridad,Plan De Seguridad Publica,Plan De Seguridad Publica,Policia De La Ciudad,Policía De La Ciudad,Servicios De Seguridad,Seguridad Interior,Bienes De Uso,Activos Intangibles,18697504.0,48936557.0,48936557.0,4737560029.67,4737560029.67,Fiscal
2017,4,Administracion Central,Ministerio De Justicia Y Seguridad,Plan De Seguridad Publica,Plan De Seguridad Publica,Policia De La Ciudad,Policía De La Ciudad,Servicios De Seguridad,Seguridad Interior,Transferencias,Al Sector Privado,73870200.0,53239506.0,53239505.51,5154129572.81,5154129525.37,Fiscal
2017,4,Administracion Central,Ministerio De Justicia Y Seguridad,Plan De Seguridad Publica,Plan De Seguridad Publica,Policia De La Ciudad,Policía De La Ciudad,Servicios De Seguridad,Seguridad Interior,Bienes De Uso,Construcciones Del Dominio Privado,381681610.0,191533182.0,191136458.88,18542374106.94,18503967244.84,Fiscal
2017,4,Administracion Central,Ministerio De Justicia Y Seguridad,Plan De Seguridad Publica,Plan De Seguridad Publica,Policia De La Ciudad,Policía De La Ciudad,Servicios De Seguridad,Seguridad Interior,Activos Financieros,Activos Financieros,0.0,73400791.0,73400784.77,7105948495.48,7105947892.35,Fiscal
2017,4,Administracion Central,Ministerio De Justicia Y Seguridad,Plan De Seguridad Publica,Plan De Seguridad Publica,Policia De La Ciudad,Policía De La Ciudad,Servicios De Seguridad,Seguridad Interior,Servicios No Personales,Servicios No Personales,0.0,22934701.0,22926695.46,2220314002.68,2219538984.4,Fiscal
2017,4,Administracion Central,Ministerio De Justicia Y Seguridad,Plan De Seguridad Publica,Plan De Seguridad Publica,Policia De La Ciudad,Policía De La Ciudad,Servicios De Seguridad,Seguridad Interior,Bienes De Uso,Bienes De Uso,1832428236.0,1354175491.0,1336859257.77,131098059868.11,129421671101.84,Fiscal
2017,4,Administracion Central,Ministerio De Justicia Y Seguridad,Plan De Seguridad Publica,Plan De Seguridad Publica,Administracion De Seguridad,Actividades Centrales De La Administración De Seguridad,Servicios De Seguridad,Seguridad Interior,Gastos En Personal,Remuneraciones Al Personal,190774582.0,92472863.0,46317746.42,8952320441.72,4484032338.11,Fiscal
2017,4,Administracion Central,Ministerio De Justicia Y Seguridad,Plan De Seguridad Publica,Plan De Seguridad Publica,Administracion De Seguridad,Actividades Centrales De La Administración De Seguridad,Servicios De Seguridad,Seguridad Interior,Bienes De Consumo,Bienes De Consumo,3939840.0,3138716.0,3138706.77,303859862.19,303858968.63,Fiscal
2017,4,Administracion Central,Ministerio De Justicia Y Seguridad,Plan De Seguridad Publica,Plan De Seguridad Publica,Administracion De Seguridad,Actividades Centrales De La Administración De Seguridad,Servicios De Seguridad,Seguridad Interior,Servicios No Personales,Servicios No Personales,1284160.0,2294181.0,2294173.44,222100222.67,222099490.79,Fiscal
2017,4,Administracion Central,Ministerio De Justicia Y Seguridad,Plan De Seguridad Publica,Plan De Seguridad Publica,Administracion De Seguridad,Actividades Centrales De La Administración De Seguridad,Servicios De Seguridad,Seguridad Interior,Bienes De Uso,Maquinaria Y Equipo,0.0,2208004.0,2208000.91,213757406.26,213757107.12,Fiscal
2017,4,Administracion Central,Ministerio De Justicia Y Seguridad,Plan De Seguridad Publica,Plan De Seguridad Publica,Subsecretaria De Prevencion Del Delito,Actividades Comunes A Los Programas 31 Y 35,Servicios De Seguridad,Seguridad Interior,Gastos En Personal,Remuneraciones Al Personal,5385653.0,13488848.0,13157459.62,1305858667.81,1273776877.84,Fiscal
2017,4,Administracion Central,Ministerio De Justicia Y Seguridad,Plan De Seguridad Publica,Plan De Seguridad Publica,Subsecretaria De Prevencion Del Delito,Actividades Comunes A Los Programas 31 Y 35,Servicios De Seguridad,Seguridad Interior,Bienes De Consumo,Bienes De Consumo,179692.0,171289.0,164414.63,16582529.91,15917020.47,Fiscal
2017,4,Administracion Central,Ministerio De Justicia Y Seguridad,Plan De Seguridad Publica,Plan De Seguridad Publica,Subsecretaria De Prevencion Del Delito,Actividades Comunes A Los Programas 31 Y 35,Servicios De Seguridad,Seguridad Interior,Servicios No Personales,Servicios No Personales,8908758.0,66015506.0,64094193.97,6390977251.72,6204974565.06,Fiscal
2017,4,Administracion Central,Ministerio De Justicia Y Seguridad,Plan De Seguridad Publica,Plan De Seguridad Publica,Subsecretaria De Prevencion Del Delito,Actividades Comunes A Los Programas 31 Y 35,Servicios De Seguridad,Seguridad Interior,Bienes De Uso,Maquinaria Y Equipo,979000.0,955823.0,955822.34,92533457.97,92533394.07,Fiscal
2017,4,Administracion Central,Ministerio De Justicia Y Seguridad,Plan De Seguridad Publica,Plan De Seguridad Publica,Subsecretaria De Prevencion Del Delito,Prevención Del Delito,Servicios De Seguridad,Seguridad Interior,Bienes De Consumo,Bienes De Consumo,15000.0,49028.0,47904.33,4746412.65,4637629.88,Fiscal
2017,4,Administracion Central,Ministerio De Justicia Y Seguridad,Plan De Seguridad Publica,Plan De Seguridad Publica,Subsecretaria De Prevencion Del Delito,Prevención Del Delito,Servicios De Seguridad,Seguridad Interior,Servicios No Personales,Servicios No Personales,19427295.0,19632500.0,19623500.0,1900627117.73,1899755825.53,Fiscal
2017,4,Administracion Central,Ministerio De Justicia Y Seguridad,Plan De Seguridad Publica,Plan De Seguridad Publica,Subsecretaria De Prevencion Del Delito,Prevención Del Delito,Servicios De Seguridad,Seguridad Interior,Bienes De Uso,Maquinaria Y Equipo,411000.0,396767.0,396766.56,38411110.13,38411067.53,Fiscal
2017,4,Administracion Central,Ministerio De Justicia Y Seguridad,Plan De Seguridad Publica,Plan De Seguridad Publica,Unidad Enlace Consejo De Seguridad Y Prevencion Del Delito,Unidad De Enlace Consejo De Seguridad Y Prevencion Del Delito,Servicios De Seguridad,Seguridad Interior,Gastos En Personal,Remuneraciones Al Personal,5350657.0,5591275.0,3944629.33,541292697.7,381880528.41,Fiscal
2017,4,Administracion Central,Ministerio De Justicia Y Seguridad,Plan De Seguridad Publica,Plan De Seguridad Publica,Unidad Enlace Consejo De Seguridad Y Prevencion Del Delito,Unidad De Enlace Consejo De Seguridad Y Prevencion Del Delito,Servicios De Seguridad,Seguridad Interior,Bienes De Consumo,Bienes De Consumo,307275.0,434530.0,434525.94,42066955.38,42066562.33,Fiscal
2017,4,Administracion Central,Ministerio De Justicia Y Seguridad,Plan De Seguridad Publica,Plan De Seguridad Publica,Unidad Enlace Consejo De Seguridad Y Prevencion Del Delito,Unidad De Enlace Consejo De Seguridad Y Prevencion Del Delito,Servicios De Seguridad,Seguridad Interior,Servicios No Personales,Servicios No Personales,4974194.0,11749971.0,11358469.6,1137517560.94,1099616214.83,Fiscal
2017,4,Administracion Central,Ministerio De Justicia Y Seguridad,Plan De Seguridad Publica,Plan De Seguridad Publica,Unidad Enlace Consejo De Seguridad Y Prevencion Del Delito,Unidad De Enlace Consejo De Seguridad Y Prevencion Del Delito,Servicios De Seguridad,Seguridad Interior,Bienes De Uso,Maquinaria Y Equipo,158400.0,0.0,0.0,0.0,0.0,Fiscal
2017,4,Administracion Central,Ministerio De Justicia Y Seguridad,Plan De Seguridad Publica,Plan De Seguridad Publica,Subsecretaría Seguridad Ciudadana,"Actividades Comunes A Los Programas 32,33,37,38 Y 50",Servicios De Seguridad,Seguridad Interior,Gastos En Personal,Remuneraciones Al Personal,16844367.0,23597337.0,22511999.33,2284463955.61,2179392150.82,Fiscal
2017,4,Administracion Central,Ministerio De Justicia Y Seguridad,Plan De Seguridad Publica,Plan De Seguridad Publica,Subsecretaría Seguridad Ciudadana,"Actividades Comunes A Los Programas 32,33,37,38 Y 50",Servicios De Seguridad,Seguridad Interior,Bienes De Consumo,Bienes De Consumo,665777.0,670408.0,655378.34,64902362.14,63447337.09,Fiscal
2017,4,Administracion Central,Ministerio De Justicia Y Seguridad,Plan De Seguridad Publica,Plan De Seguridad Publica,Subsecretaría Seguridad Ciudadana,"Actividades Comunes A Los Programas 32,33,37,38 Y 50",Servicios De Seguridad,Seguridad Interior,Servicios No Personales,Servicios No Personales,63149128.0,72127500.0,71403335.22,6982680882.93,6912574313.79,Fiscal
2017,4,Administracion Central,Ministerio De Justicia Y Seguridad,Plan De Seguridad Publica,Plan De Seguridad Publica,Subsecretaría Seguridad Ciudadana,"Actividades Comunes A Los Programas 32,33,37,38 Y 50",Servicios De Seguridad,Seguridad Interior,Bienes De Uso,Maquinaria Y Equipo,828773.0,646238.0,646238.0,62562458.54,62562458.54,Fiscal
2017,4,Administracion Central,Ministerio De Justicia Y Seguridad,Plan De Seguridad Publica,Plan De Seguridad Publica,Subsecretaría Seguridad Ciudadana,"Compactacion, Descontaminacion Y Disposicion Final De Automotores",Servicios De Seguridad,Seguridad Interior,Gastos En Personal,Remuneraciones Al Personal,1080376.0,1094374.0,256285.77,105946614.1,24811087.96,Fiscal
2017,4,Administracion Central,Ministerio De Justicia Y Seguridad,Plan De Seguridad Publica,Plan De Seguridad Publica,Subsecretaría Seguridad Ciudadana,"Compactacion, Descontaminacion Y Disposicion Final De Automotores",Servicios De Seguridad,Seguridad Interior,Bienes De Consumo,Bienes De Consumo,33500.0,0.0,0.0,0.0,0.0,Fiscal
2017,4,Administracion Central,Ministerio De Justicia Y Seguridad,Plan De Seguridad Publica,Plan De Seguridad Publica,Subsecretaría Seguridad Ciudadana,"Compactacion, Descontaminacion Y Disposicion Final De Automotores",Servicios De Seguridad,Seguridad Interior,Servicios No Personales,Servicios No Personales,4888000.0,10718339.0,10718338.22,1037645015.18,1037644939.66,Fiscal
2017,4,Administracion Central,Ministerio De Justicia Y Seguridad,Plan De Seguridad Publica,Plan De Seguridad Publica,Subsecretaría Seguridad Ciudadana,"Compactacion, Descontaminacion Y Disposicion Final De Automotores",Servicios De Seguridad,Seguridad Interior,Bienes De Uso,Maquinaria Y Equipo,60000.0,526.0,526.0,50922.19,50922.19,Fiscal
2017,4,Administracion Central,Ministerio De Justicia Y Seguridad,Plan De Seguridad Publica,Plan De Seguridad Publica,Subsecretaria De Seguridad Operativa,"Actividades Comunea A Los Programas 44, 45, 46 Y 47",Servicios De Seguridad,Seguridad Interior,Bienes De Consumo,Bienes De Consumo,1080000.0,74066.0,74063.03,7170347.54,7170060.01,Fiscal
2017,4,Administracion Central,Ministerio De Justicia Y Seguridad,Plan De Seguridad Publica,Plan De Seguridad Publica,Subsecretaria De Seguridad Operativa,"Actividades Comunea A Los Programas 44, 45, 46 Y 47",Servicios De Seguridad,Seguridad Interior,Servicios No Personales,Servicios No Personales,950000.0,154000.0,154000.0,14908777.59,14908777.59,Fiscal
2017,4,Administracion Central,Ministerio De Justicia Y Seguridad,Plan De Seguridad Publica,Plan De Seguridad Publica,Subsecretaria De Seguridad Operativa,"Actividades Comunea A Los Programas 44, 45, 46 Y 47",Servicios De Seguridad,Seguridad Interior,Bienes De Uso,Maquinaria Y Equipo,1400000.0,420.0,420.0,40660.3,40660.3,Fiscal
2017,4,Administracion Central,Ministerio De Justicia Y Seguridad,Plan De Seguridad Publica,Plan De Seguridad Publica,Subsecretaria De Seguridad Operativa,"Actividades Comunea A Los Programas 44, 45, 46 Y 47",Servicios De Seguridad,Seguridad Interior,Gastos En Personal,Remuneraciones Al Personal,6140087.0,5418913.0,4835281.83,524606290.41,468104814.36,Fiscal
2017,4,Administracion Central,Ministerio De Justicia Y Seguridad,Plan De Seguridad Publica,Plan De Seguridad Publica,Direccion General Informacion Y Estadistica Criminal,Informacion Y Estadistica Criminal,Servicios De Seguridad,Seguridad Interior,Bienes De Consumo,Bienes De Consumo,905000.0,7656.0,7654.5,741179.23,741034.01,Fiscal
2017,4,Administracion Central,Ministerio De Justicia Y Seguridad,Plan De Seguridad Publica,Plan De Seguridad Publica,Direccion General Informacion Y Estadistica Criminal,Informacion Y Estadistica Criminal,Servicios De Seguridad,Seguridad Interior,Servicios No Personales,Servicios No Personales,1110000.0,0.0,0.0,0.0,0.0,Fiscal
2017,4,Administracion Central,Ministerio De Justicia Y Seguridad,Plan De Seguridad Publica,Plan De Seguridad Publica,Direccion General Informacion Y Estadistica Criminal,Informacion Y Estadistica Criminal,Servicios De Seguridad,Seguridad Interior,Bienes De Uso,Maquinaria Y Equipo,850000.0,0.0,0.0,0.0,0.0,Fiscal
2017,4,Administracion Central,Ministerio De Justicia Y Seguridad,Plan De Seguridad Publica,Plan De Seguridad Publica,Direccion General Informacion Y Estadistica Criminal,Informacion Y Estadistica Criminal,Servicios De Seguridad,Seguridad Interior,Gastos En Personal,Remuneraciones Al Personal,2524215.0,3036937.0,2737851.7,294006612.35,265052091.45,Fiscal
2017,4,Administracion Central,Ministerio De Justicia Y Seguridad,Plan De Seguridad Publica,Plan De Seguridad Publica,Direccion General Investigacion Criminal,Investigacion Criminal,Servicios De Seguridad,Seguridad Interior,Gastos En Personal,Remuneraciones Al Personal,0.0,3789225.0,3789221.8,366835797.28,366835487.49,Fiscal
2017,4,Administracion Central,Ministerio De Justicia Y Seguridad,Plan De Seguridad Publica,Plan De Seguridad Publica,Direccion General Investigacion Criminal,Investigacion Criminal,Servicios De Seguridad,Seguridad Interior,Bienes De Consumo,Bienes De Consumo,905000.0,39813.0,35511.06,3854306.25,3437834.39,Fiscal
2017,4,Administracion Central,Ministerio De Justicia Y Seguridad,Plan De Seguridad Publica,Plan De Seguridad Publica,Direccion General Investigacion Criminal,Investigacion Criminal,Servicios De Seguridad,Seguridad Interior,Servicios No Personales,Servicios No Personales,1110000.0,52755.0,52755.0,5107224.43,5107224.43,Fiscal
2017,4,Administracion Central,Ministerio De Justicia Y Seguridad,Plan De Seguridad Publica,Plan De Seguridad Publica,Direccion General Investigacion Criminal,Investigacion Criminal,Servicios De Seguridad,Seguridad Interior,Bienes De Uso,Maquinaria Y Equipo,850000.0,5980.0,5980.0,578925.26,578925.26,Fiscal
2017,4,Administracion Central,Ministerio De Justicia Y Seguridad,Plan De Seguridad Publica,Plan De Seguridad Publica,Direccion General Coordinacion Operativa,Coordinacion Operativa,Servicios De Seguridad,Seguridad Interior,Gastos En Personal,Remuneraciones Al Personal,1299754.0,3317467.0,3317460.97,321164790.14,321164206.37,Fiscal
2017,4,Administracion Central,Ministerio De Justicia Y Seguridad,Plan De Seguridad Publica,Plan De Seguridad Publica,Direccion General Coordinacion Operativa,Coordinacion Operativa,Servicios De Seguridad,Seguridad Interior,Bienes De Consumo,Bienes De Consumo,905000.0,56845.0,56842.34,5503178.33,5502920.81,Fiscal
2017,4,Administracion Central,Ministerio De Justicia Y Seguridad,Plan De Seguridad Publica,Plan De Seguridad Publica,Direccion General Coordinacion Operativa,Coordinacion Operativa,Servicios De Seguridad,Seguridad Interior,Servicios No Personales,Servicios No Personales,1070000.0,80372.0,80372.0,7780832.94,7780832.94,Fiscal
2017,4,Administracion Central,Ministerio De Justicia Y Seguridad,Plan De Seguridad Publica,Plan De Seguridad Publica,Direccion General Coordinacion Operativa,Coordinacion Operativa,Servicios De Seguridad,Seguridad Interior,Bienes De Uso,Maquinaria Y Equipo,850000.0,0.0,0.0,0.0,0.0,Fiscal
2017,4,Administracion Central,Ministerio De Justicia Y Seguridad,Plan De Seguridad Publica,Plan De Seguridad Publica,Direccion General De Eventos Masivos,Eventos Masivos,Servicios De Seguridad,Seguridad Interior,Gastos En Personal,Remuneraciones Al Personal,1299754.0,3886439.0,3886432.17,376247108.36,376246447.14,Fiscal
2017,4,Administracion Central,Ministerio De Justicia Y Seguridad,Plan De Seguridad Publica,Plan De Seguridad Publica,Direccion General De Eventos Masivos,Eventos Masivos,Servicios De Seguridad,Seguridad Interior,Bienes De Consumo,Bienes De Consumo,805000.0,167548.0,129986.17,16220362.78,12583992.85,Fiscal
2017,4,Administracion Central,Ministerio De Justicia Y Seguridad,Plan De Seguridad Publica,Plan De Seguridad Publica,Direccion General De Eventos Masivos,Eventos Masivos,Servicios De Seguridad,Seguridad Interior,Servicios No Personales,Servicios No Personales,1060000.0,566718.0,566718.0,54864107.93,54864107.93,Fiscal
2017,4,Administracion Central,Ministerio De Justicia Y Seguridad,Plan De Seguridad Publica,Plan De Seguridad Publica,Direccion General De Eventos Masivos,Eventos Masivos,Servicios De Seguridad,Seguridad Interior,Bienes De Uso,Maquinaria Y Equipo,775000.0,56039.0,55283.48,5425149.27,5352007.19,Fiscal
2017,4,Administracion Central,Ministerio De Justicia Y Seguridad,Plan De Seguridad Publica,Plan De Seguridad Publica,Subsecretaria De Vinculacion Ciudadana Con La Seguridad,Actividades Comunes A Los Programas 39 Y 48,Servicios De Seguridad,Seguridad Interior,Gastos En Personal,Remuneraciones Al Personal,1485139.0,4349151.0,4349148.46,421042370.03,421042124.14,Fiscal
2017,4,Administracion Central,Ministerio De Justicia Y Seguridad,Plan De Seguridad Publica,Plan De Seguridad Publica,Subsecretaria De Vinculacion Ciudadana Con La Seguridad,Actividades Comunes A Los Programas 39 Y 48,Servicios De Seguridad,Seguridad Interior,Bienes De Consumo,Bienes De Consumo,526150.0,34318.0,34315.16,3322333.96,3322059.02,Fiscal
2017,4,Administracion Central,Ministerio De Justicia Y Seguridad,Plan De Seguridad Publica,Plan De Seguridad Publica,Subsecretaria De Vinculacion Ciudadana Con La Seguridad,Actividades Comunes A Los Programas 39 Y 48,Servicios De Seguridad,Seguridad Interior,Servicios No Personales,Servicios No Personales,12604000.0,2748019.0,2748018.3,266036390.24,266036322.48,Fiscal
2017,4,Administracion Central,Ministerio De Justicia Y Seguridad,Plan De Seguridad Publica,Plan De Seguridad Publica,Subsecretaria De Vinculacion Ciudadana Con La Seguridad,Actividades Comunes A Los Programas 39 Y 48,Servicios De Seguridad,Seguridad Interior,Bienes De Uso,Maquinaria Y Equipo,920000.0,0.0,0.0,0.0,0.0,Fiscal
2017,4,Administracion Central,Ministerio De Justicia Y Seguridad,Plan De Seguridad Publica,Plan De Seguridad Publica,Direccion General Contencion Primaria De La Ciudadania Ante Delitos,Contencion Primaria De La Ciudadania Ante Delitos,Servicios De Seguridad,Seguridad Interior,Bienes De Consumo,Bienes De Consumo,964000.0,68665.0,68661.62,6647475.41,6647148.19,Fiscal
2017,4,Administracion Central,Ministerio De Justicia Y Seguridad,Plan De Seguridad Publica,Plan De Seguridad Publica,Direccion General Contencion Primaria De La Ciudadania Ante Delitos,Contencion Primaria De La Ciudadania Ante Delitos,Servicios De Seguridad,Seguridad Interior,Servicios No Personales,Servicios No Personales,26500000.0,11394481.0,11394481.0,1103102487.26,1103102487.26,Fiscal
2017,4,Administracion Central,Ministerio De Justicia Y Seguridad,Plan De Seguridad Publica,Plan De Seguridad Publica,Direccion General Contencion Primaria De La Ciudadania Ante Delitos,Contencion Primaria De La Ciudadania Ante Delitos,Servicios De Seguridad,Seguridad Interior,Bienes De Uso,Maquinaria Y Equipo,668000.0,144336.0,144335.99,13973203.4,13973202.43,Fiscal
2017,4,Administracion Central,Ministerio De Justicia Y Seguridad,Plan De Seguridad Publica,Plan De Seguridad Publica,Direccion General Contencion Primaria De La Ciudadania Ante Delitos,Contencion Primaria De La Ciudadania Ante Delitos,Servicios De Seguridad,Seguridad Interior,Transferencias,Al Sector Público,500000.0,0.0,0.0,0.0,0.0,Fiscal
2017,4,Administracion Central,Ministerio De Justicia Y Seguridad,Plan De Seguridad Publica,Plan De Seguridad Publica,Direccion General Contencion Primaria De La Ciudadania Ante Delitos,Contencion Primaria De La Ciudadania Ante Delitos,Servicios De Seguridad,Seguridad Interior,Gastos En Personal,Remuneraciones Al Personal,1299754.0,4214147.0,4214142.75,407972599.84,407972188.39,Fiscal
2017,4,Administracion Central,Ministerio De Justicia Y Seguridad,Plan De Seguridad Publica,Plan De Seguridad Publica,Direccion General Planificacion De Seguridad Con Recursos No Policiales,Planificacion De Seguridad Con Recursos No Policiales,Servicios De Seguridad,Seguridad Interior,Gastos En Personal,Remuneraciones Al Personal,0.0,3680344.0,3680340.71,356295001.09,356294682.59,Fiscal
2017,4,Administracion Central,Ministerio De Justicia Y Seguridad,Plan De Seguridad Publica,Plan De Seguridad Publica,Direccion General Planificacion De Seguridad Con Recursos No Policiales,Planificacion De Seguridad Con Recursos No Policiales,Servicios De Seguridad,Seguridad Interior,Bienes De Consumo,Bienes De Consumo,290000.0,53204.0,53201.05,5150692.23,5150406.64,Fiscal
2017,4,Administracion Central,Ministerio De Justicia Y Seguridad,Plan De Seguridad Publica,Plan De Seguridad Publica,Direccion General Planificacion De Seguridad Con Recursos No Policiales,Planificacion De Seguridad Con Recursos No Policiales,Servicios De Seguridad,Seguridad Interior,Servicios No Personales,Servicios No Personales,110000.0,52582.0,52581.41,5090476.26,5090419.14,Fiscal
2017,4,Administracion Central,Ministerio De Justicia Y Seguridad,Plan De Seguridad Publica,Plan De Seguridad Publica,Direccion General Planificacion De Seguridad Con Recursos No Policiales,Planificacion De Seguridad Con Recursos No Policiales,Servicios De Seguridad,Seguridad Interior,Bienes De Uso,Maquinaria Y Equipo,0.0,281.0,280.48,27203.68,27153.34,Fiscal
2017,4,Organismos Descentralizados,Ministerio De Justicia Y Seguridad,Plan De Seguridad Publica,Instituto Superior De Seguridad Publica,Instituto Superior De Seguridad Publica,Acciones Instituto Superior De Seguridad Pública,Servicios De Seguridad,Seguridad Interior,Bienes De Consumo,Bienes De Consumo,6160776.0,6692001.0,6611116.41,647854250.48,640023793.57,Fiscal
2017,4,Organismos Descentralizados,Ministerio De Justicia Y Seguridad,Plan De Seguridad Publica,Instituto Superior De Seguridad Publica,Instituto Superior De Seguridad Publica,Acciones Instituto Superior De Seguridad Pública,Servicios De Seguridad,Seguridad Interior,Servicios No Personales,Servicios No Personales,36119074.0,30788212.0,30542434.19,2980614319.81,2956820510.02,Fiscal
2017,4,Organismos Descentralizados,Ministerio De Justicia Y Seguridad,Plan De Seguridad Publica,Instituto Superior De Seguridad Publica,Instituto Superior De Seguridad Publica,Acciones Instituto Superior De Seguridad Pública,Servicios De Seguridad,Seguridad Interior,Gastos En Personal,Remuneraciones Al Personal,115735751.0,115735751.0,107636225.52,11204406307.98,10420289268.99,Fiscal
2017,4,Organismos Descentralizados,Ministerio De Justicia Y Seguridad,Plan De Seguridad Publica,Instituto Superior De Seguridad Publica,Instituto Superior De Seguridad Publica,Acciones Instituto Superior De Seguridad Pública,Servicios De Seguridad,Seguridad Interior,Bienes De Uso,Maquinaria Y Equipo,3190000.0,4425420.0,4425255.57,428425990.54,428410072.04,Fiscal
2017,4,Organismos Descentralizados,Ministerio De Justicia Y Seguridad,Plan De Seguridad Publica,Instituto Superior De Seguridad Publica,Instituto Superior De Seguridad Publica,Acciones Instituto Superior De Seguridad Pública,Servicios De Seguridad,Seguridad Interior,Bienes De Uso,Activos Intangibles,0.0,5000.0,4946.06,484051.22,478829.28,Fiscal
2017,4,Organismos Descentralizados,Ministerio De Justicia Y Seguridad,Plan De Seguridad Publica,Instituto Superior De Seguridad Publica,Instituto Superior De Seguridad Publica,Formación En Seguridad,Servicios De Seguridad,Seguridad Interior,Bienes De Consumo,Bienes De Consumo,73000.0,73000.0,72825.5,7067147.82,7050254.43,Fiscal
2017,4,Organismos Descentralizados,Ministerio De Justicia Y Seguridad,Plan De Seguridad Publica,Instituto Superior De Seguridad Publica,Instituto Superior De Seguridad Publica,Formación En Seguridad,Servicios De Seguridad,Seguridad Interior,Servicios No Personales,Servicios No Personales,5000.0,575.0,573.7,55665.89,55540.04,Fiscal
2017,4,Administracion Central,Ministerio De Gobierno,Ministerio De Gobierno,Ministerio De Gobierno,Direccion General De Asuntos Legislativos,Coordinación Institucional,Administración Gubernamental,Dirección Ejecutiva,Gastos En Personal,Remuneraciones Al Personal,5900356.0,6988631.0,6988623.7,676571073.19,676570366.48,Fiscal
2017,4,Administracion Central,Ministerio De Gobierno,Ministerio De Gobierno,Ministerio De Gobierno,Direccion General De Asuntos Legislativos,Coordinación Institucional,Administración Gubernamental,Dirección Ejecutiva,Bienes De Consumo,Bienes De Consumo,117871.0,107504.0,107499.58,10407488.48,10407060.58,Fiscal
2017,4,Administracion Central,Ministerio De Gobierno,Ministerio De Gobierno,Ministerio De Gobierno,Direccion General De Asuntos Legislativos,Coordinación Institucional,Administración Gubernamental,Dirección Ejecutiva,Servicios No Personales,Servicios No Personales,3494400.0,3528550.0,3528549.31,341599786.9,341599720.1,Fiscal
2017,4,Administracion Central,Ministerio De Gobierno,Ministerio De Gobierno,Ministerio De Gobierno,Direccion General De Asuntos Legislativos,Coordinación Institucional,Administración Gubernamental,Dirección Ejecutiva,Bienes De Uso,Maquinaria Y Equipo,15000.0,93641.0,93640.61,9065408.07,9065370.31,Fiscal
2017,4,Administracion Central,Ministerio De Gobierno,Ministerio De Gobierno,Ministerio De Gobierno,Subsecretaria De Gobierno,Actividades Comunes A Los Programas 20 Y 75,Administración Gubernamental,Dirección Ejecutiva,Gastos En Personal,Remuneraciones Al Personal,4332987.0,6042338.0,6042329.56,584960216.85,584959399.77,Fiscal
2017,4,Administracion Central,Ministerio De Gobierno,Ministerio De Gobierno,Ministerio De Gobierno,Subsecretaria De Gobierno,Actividades Comunes A Los Programas 20 Y 75,Administración Gubernamental,Dirección Ejecutiva,Bienes De Consumo,Bienes De Consumo,136548.0,121832.0,106327.81,11794585.66,10293621.24,Fiscal
2017,4,Administracion Central,Ministerio De Gobierno,Ministerio De Gobierno,Ministerio De Gobierno,Subsecretaria De Gobierno,Actividades Comunes A Los Programas 20 Y 75,Administración Gubernamental,Dirección Ejecutiva,Servicios No Personales,Servicios No Personales,5887327.0,8198847.0,8198843.5,793732379.59,793732040.76,Fiscal
2017,4,Administracion Central,Ministerio De Gobierno,Ministerio De Gobierno,Ministerio De Gobierno,Subsecretaria De Gobierno,Actividades Comunes A Los Programas 20 Y 75,Administración Gubernamental,Dirección Ejecutiva,Bienes De Uso,Maquinaria Y Equipo,40000.0,1799.0,1799.0,174161.63,174161.63,Fiscal
2017,4,Administracion Central,Ministerio De Gobierno,Ministerio De Gobierno,Ministerio De Gobierno,Subsecretaria De Gobierno,Actividades Comunes A Los Programas 20 Y 75,Administración Gubernamental,Dirección Ejecutiva,Transferencias,Al Sector Público,5500000.0,5000000.0,4913850.0,484051220.61,475711018.08,Fiscal
2017,4,Administracion Central,Ministerio De Gobierno,Ministerio De Gobierno,Ministerio De Gobierno,Ministerio De Gobierno,Actividades Centrales Ministerio De Gobierno,Administración Gubernamental,Dirección Ejecutiva,Gastos En Personal,Remuneraciones Al Personal,52975806.0,36241392.0,26241379.66,3508538006.85,2540434370.99,Fiscal
2017,4,Administracion Central,Ministerio De Gobierno,Ministerio De Gobierno,Ministerio De Gobierno,Ministerio De Gobierno,Actividades Centrales Ministerio De Gobierno,Administración Gubernamental,Dirección Ejecutiva,Bienes De Consumo,Bienes De Consumo,334745.0,226976.0,226402.88,21973601.97,21918118.08,Fiscal
2017,4,Administracion Central,Ministerio De Gobierno,Ministerio De Gobierno,Ministerio De Gobierno,Ministerio De Gobierno,Actividades Centrales Ministerio De Gobierno,Administración Gubernamental,Dirección Ejecutiva,Servicios No Personales,Servicios No Personales,34522608.0,34811028.0,33650142.53,3370064118.83,3257678513.08,Fiscal
2017,4,Administracion Central,Ministerio De Gobierno,Ministerio De Gobierno,Ministerio De Gobierno,Ministerio De Gobierno,Actividades Centrales Ministerio De Gobierno,Administración Gubernamental,Dirección Ejecutiva,Bienes De Uso,Maquinaria Y Equipo,775000.0,1428815.0,1428814.16,138323928.96,138323847.63,Fiscal
2017,4,Administracion Central,Ministerio De Gobierno,Ministerio De Gobierno,Ministerio De Gobierno,Ministerio De Gobierno,Actividades Centrales Ministerio De Gobierno,Administración Gubernamental,Control De La Gestión,Gastos En Personal,Remuneraciones Al Personal,3879381.0,4535048.0,4535044.29,439039103.99,439038744.82,Fiscal
2017,4,Administracion Central,Ministerio De Gobierno,Ministerio De Gobierno,Ministerio De Gobierno,Ministerio De Gobierno,Actividades Centrales Ministerio De Gobierno,Administración Gubernamental,Control De La Gestión,Bienes De Consumo,Bienes De Consumo,50000.0,0.0,0.0,0.0,0.0,Fiscal
2017,4,Administracion Central,Ministerio De Gobierno,Ministerio De Gobierno,Ministerio De Gobierno,Ministerio De Gobierno,Actividades Centrales Ministerio De Gobierno,Administración Gubernamental,Control De La Gestión,Servicios No Personales,Servicios No Personales,570000.0,323100.0,323100.0,31279389.88,31279389.88,Fiscal
2017,4,Administracion Central,Ministerio De Gobierno,Ministerio De Gobierno,Ministerio De Gobierno,Ministerio De Gobierno,Actividades Centrales Ministerio De Gobierno,Administración Gubernamental,Control De La Gestión,Bienes De Uso,Maquinaria Y Equipo,15000.0,0.0,0.0,0.0,0.0,Fiscal
2017,4,Administracion Central,Ministerio De Gobierno,Ministerio De Gobierno,Ministerio De Gobierno,Ministerio De Gobierno,Actividades Centrales Ministerio De Gobierno,Servicios De Seguridad,Seguridad Interior,Servicios No Personales,Servicios No Personales,1496233.0,1741294.0,1741289.47,168575097.23,168574658.68,Fiscal
2017,4,Administracion Central,Ministerio De Gobierno,Ministerio De Gobierno,Ministerio De Gobierno,Dirección General Relaciones Con Las Provincias Y Municipios,Cooperacion Con Provincias Y Municipios,Administración Gubernamental,Dirección Ejecutiva,Gastos En Personal,Remuneraciones Al Personal,4228385.0,5107290.0,5107284.35,494437991.7,494437444.73,Fiscal
2017,4,Administracion Central,Ministerio De Gobierno,Ministerio De Gobierno,Ministerio De Gobierno,Dirección General Relaciones Con Las Provincias Y Municipios,Cooperacion Con Provincias Y Municipios,Administración Gubernamental,Dirección Ejecutiva,Bienes De Consumo,Bienes De Consumo,470216.0,122397.0,101773.44,11849283.45,9852711.57,Fiscal
2017,4,Administracion Central,Ministerio De Gobierno,Ministerio De Gobierno,Ministerio De Gobierno,Dirección General Relaciones Con Las Provincias Y Municipios,Cooperacion Con Provincias Y Municipios,Administración Gubernamental,Dirección Ejecutiva,Servicios No Personales,Servicios No Personales,2493000.0,1183505.0,1167194.67,114575407.97,112996400.94,Fiscal
2017,4,Administracion Central,Ministerio De Gobierno,Ministerio De Gobierno,Ministerio De Gobierno,Dirección General Relaciones Con Las Provincias Y Municipios,Cooperacion Con Provincias Y Municipios,Administración Gubernamental,Dirección Ejecutiva,Bienes De Uso,Maquinaria Y Equipo,365000.0,43351.0,43350.35,4196820.89,4196757.97,Fiscal
2017,4,Administracion Central,Ministerio De Gobierno,Ministerio De Gobierno,Ministerio De Gobierno,Dirección General Relaciones Con Las Provincias Y Municipios,Cooperacion Con Provincias Y Municipios,Administración Gubernamental,Dirección Ejecutiva,Servicios No Personales,Derechos Sobre Bienes Intangibles,150000.0,0.0,0.0,0.0,0.0,Fiscal
2017,4,Administracion Central,Ministerio De Gobierno,Ministerio De Gobierno,Ministerio De Gobierno,Subs. Reforma Politica Y Asuntos Legislativos,"Actividades Comunes A Los Programas 22, 42 Y 80",Administración Gubernamental,Dirección Ejecutiva,Gastos En Personal,Remuneraciones Al Personal,5773469.0,6652161.0,6652152.45,643997330.35,643996502.62,Fiscal
2017,4,Administracion Central,Ministerio De Gobierno,Ministerio De Gobierno,Ministerio De Gobierno,Subs. Reforma Politica Y Asuntos Legislativos,"Actividades Comunes A Los Programas 22, 42 Y 80",Administración Gubernamental,Dirección Ejecutiva,Bienes De Consumo,Bienes De Consumo,171243.0,50739.0,50735.94,4912054.98,4911758.74,Fiscal
2017,4,Administracion Central,Ministerio De Gobierno,Ministerio De Gobierno,Ministerio De Gobierno,Subs. Reforma Politica Y Asuntos Legislativos,"Actividades Comunes A Los Programas 22, 42 Y 80",Administración Gubernamental,Dirección Ejecutiva,Servicios No Personales,Servicios No Personales,2983000.0,3626645.0,3626645.0,351096387.79,351096387.79,Fiscal
2017,4,Administracion Central,Ministerio De Gobierno,Ministerio De Gobierno,Ministerio De Gobierno,Subs. Reforma Politica Y Asuntos Legislativos,"Actividades Comunes A Los Programas 22, 42 Y 80",Administración Gubernamental,Dirección Ejecutiva,Bienes De Uso,Maquinaria Y Equipo,15000.0,8689.0,8688.48,841184.21,841133.87,Fiscal
2017,4,Administracion Central,Ministerio De Gobierno,Ministerio De Gobierno,Ministerio De Gobierno,Subs. Asuntos Interjurisdiccionales Y Politica Metropolitana,Actividades Comunes A Los Programas 43 Y 44,Administración Gubernamental,Dirección Ejecutiva,Gastos En Personal,Remuneraciones Al Personal,20322178.0,9320279.0,9320268.93,902298485.28,902297510.4,Fiscal
2017,4,Administracion Central,Ministerio De Gobierno,Ministerio De Gobierno,Ministerio De Gobierno,Subs. Asuntos Interjurisdiccionales Y Politica Metropolitana,Actividades Comunes A Los Programas 43 Y 44,Administración Gubernamental,Dirección Ejecutiva,Bienes De Consumo,Bienes De Consumo,158333.0,82358.0,82355.15,7973098.09,7972822.18,Fiscal
2017,4,Administracion Central,Ministerio De Gobierno,Ministerio De Gobierno,Ministerio De Gobierno,Subs. Asuntos Interjurisdiccionales Y Politica Metropolitana,Actividades Comunes A Los Programas 43 Y 44,Administración Gubernamental,Dirección Ejecutiva,Servicios No Personales,Servicios No Personales,14889413.0,17926728.0,17926727.5,1735490913.99,1735490865.59,Fiscal
2017,4,Administracion Central,Ministerio De Gobierno,Ministerio De Gobierno,Ministerio De Gobierno,Subs. Asuntos Interjurisdiccionales Y Politica Metropolitana,Actividades Comunes A Los Programas 43 Y 44,Administración Gubernamental,Dirección Ejecutiva,Bienes De Uso,Maquinaria Y Equipo,30000.0,156084.0,156083.3,15110530.14,15110462.38,Fiscal
2017,4,Administracion Central,Ministerio De Gobierno,Ministerio De Gobierno,Ministerio De Gobierno,Subs. Asuntos Interjurisdiccionales Y Politica Metropolitana,Actividades Comunes A Los Programas 43 Y 44,Administración Gubernamental,Dirección Ejecutiva,Transferencias,Al Sector Público,0.0,3735000.0,3735000.0,361586261.8,361586261.8,Fiscal
2017,4,Administracion Central,Ministerio De Gobierno,Ministerio De Gobierno,Ministerio De Gobierno,Upe Puerto De Buenos Aires,Puerto De Buenos Aires,Administración Gubernamental,Dirección Ejecutiva,Gastos En Personal,Remuneraciones Al Personal,0.0,4241080.0,4241076.91,410579990.14,410579691.0,Fiscal
2017,4,Administracion Central,Ministerio De Gobierno,Ministerio De Gobierno,Ministerio De Gobierno,Upe Puerto De Buenos Aires,Puerto De Buenos Aires,Administración Gubernamental,Dirección Ejecutiva,Bienes De Consumo,Bienes De Consumo,100000.0,43846.0,43741.33,4244741.96,4234608.84,Fiscal
2017,4,Administracion Central,Ministerio De Gobierno,Ministerio De Gobierno,Ministerio De Gobierno,Upe Puerto De Buenos Aires,Puerto De Buenos Aires,Administración Gubernamental,Dirección Ejecutiva,Servicios No Personales,Servicios No Personales,200000.0,2170771.0,2170769.7,210152870.44,210152744.59,Fiscal
2017,4,Administracion Central,Ministerio De Gobierno,Ministerio De Gobierno,Ministerio De Gobierno,Upe Puerto De Buenos Aires,Puerto De Buenos Aires,Administración Gubernamental,Dirección Ejecutiva,Bienes De Uso,Maquinaria Y Equipo,0.0,12092.0,12091.55,1170629.47,1170585.91,Fiscal
2017,4,Administracion Central,Ministerio De Gobierno,Ministerio De Gobierno,Ministerio De Gobierno,Unidad Proyectos Especiales Cuenca Matanza-Riachuelo,Unidad Proyectos Especiales Cuenca Matanza-Riachuelo,Servicios Sociales,Promoción Y Acción Social,Gastos En Personal,Remuneraciones Al Personal,1881225.0,5283449.0,5283440.25,511491987.5,511491140.41,Fiscal
2017,4,Administracion Central,Ministerio De Gobierno,Ministerio De Gobierno,Ministerio De Gobierno,Unidad Proyectos Especiales Cuenca Matanza-Riachuelo,Unidad Proyectos Especiales Cuenca Matanza-Riachuelo,Servicios Sociales,Promoción Y Acción Social,Bienes De Consumo,Bienes De Consumo,173268.0,60006.0,60001.73,5809195.51,5808782.13,Fiscal
2017,4,Administracion Central,Ministerio De Gobierno,Ministerio De Gobierno,Ministerio De Gobierno,Unidad Proyectos Especiales Cuenca Matanza-Riachuelo,Unidad Proyectos Especiales Cuenca Matanza-Riachuelo,Servicios Sociales,Promoción Y Acción Social,Servicios No Personales,Servicios No Personales,3159200.0,2698118.0,2698116.14,261205462.25,261205282.18,Fiscal
2017,4,Administracion Central,Ministerio De Gobierno,Ministerio De Gobierno,Ministerio De Gobierno,Unidad Proyectos Especiales Cuenca Matanza-Riachuelo,Unidad Proyectos Especiales Cuenca Matanza-Riachuelo,Servicios Sociales,Promoción Y Acción Social,Bienes De Uso,Maquinaria Y Equipo,235000.0,5037.0,5036.48,487633.2,487582.86,Fiscal
2017,4,Administracion Central,Ministerio De Gobierno,Ministerio De Gobierno,Ministerio De Gobierno,Unidad Proyectos Especiales Cuenca Matanza-Riachuelo,Unidad Proyectos Especiales Cuenca Matanza-Riachuelo,Servicios Sociales,Promoción Y Acción Social,Transferencias,Al Sector Público,43157497.0,35156277.0,35156277.0,3403487758.8,3403487758.8,Fiscal
2017,4,Administracion Central,Ministerio De Gobierno,Ministerio De Gobierno,Ministerio De Gobierno,Unidad Proyectos Especiales Cuenca Matanza-Riachuelo,Unidad Proyectos Especiales Cuenca Matanza-Riachuelo,Servicios Sociales,Promoción Y Acción Social,Transferencias,Al Sector Público,23519340.0,23519334.0,23519334.0,2276912466.13,2276912466.13,Fiscal
2017,4,Administracion Central,Ministerio De Gobierno,Ministerio De Gobierno,Ministerio De Gobierno,D.G.Seguimiento Organismos Control Y Acceso A La Informaciòn,Seguimiento Organismos De Control Y Acceso A La Informaciòn,Administración Gubernamental,Control De La Gestión,Gastos En Personal,Remuneraciones Al Personal,9151752.0,10153456.0,10153447.52,982958554.04,982957733.09,Fiscal
2017,4,Administracion Central,Ministerio De Gobierno,Ministerio De Gobierno,Ministerio De Gobierno,D.G.Seguimiento Organismos Control Y Acceso A La Informaciòn,Seguimiento Organismos De Control Y Acceso A La Informaciòn,Administración Gubernamental,Control De La Gestión,Bienes De Consumo,Bienes De Consumo,86203.0,43804.0,43799.47,4240675.93,4240237.38,Fiscal
2017,4,Administracion Central,Ministerio De Gobierno,Ministerio De Gobierno,Ministerio De Gobierno,D.G.Seguimiento Organismos Control Y Acceso A La Informaciòn,Seguimiento Organismos De Control Y Acceso A La Informaciòn,Administración Gubernamental,Control De La Gestión,Servicios No Personales,Servicios No Personales,2408000.0,2795869.0,2795868.2,270668760.42,270668682.98,Fiscal
2017,4,Administracion Central,Ministerio De Gobierno,Ministerio De Gobierno,Ministerio De Gobierno,D.G.Seguimiento Organismos Control Y Acceso A La Informaciòn,Seguimiento Organismos De Control Y Acceso A La Informaciòn,Administración Gubernamental,Control De La Gestión,Bienes De Uso,Maquinaria Y Equipo,115000.0,294165.0,294165.0,28478185.46,28478185.46,Fiscal
2017,4,Administracion Central,Ministerio De Gobierno,Ministerio De Gobierno,Ministerio De Gobierno,D.G.Reforma Polìtica Y Electoral,Gestion Electoral,Administración Gubernamental,Judicial,Gastos En Personal,Remuneraciones Al Personal,14914696.0,18859148.0,18859132.13,1825758721.82,1825757185.44,Fiscal
2017,4,Administracion Central,Ministerio De Gobierno,Ministerio De Gobierno,Ministerio De Gobierno,D.G.Reforma Polìtica Y Electoral,Gestion Electoral,Administración Gubernamental,Judicial,Bienes De Consumo,Bienes De Consumo,838077.0,57339.0,57334.14,5551002.59,5550532.09,Fiscal
2017,4,Administracion Central,Ministerio De Gobierno,Ministerio De Gobierno,Ministerio De Gobierno,D.G.Reforma Polìtica Y Electoral,Gestion Electoral,Administración Gubernamental,Judicial,Servicios No Personales,Servicios No Personales,11043408.0,6960560.0,6895357.6,673853512.83,667541252.57,Fiscal
2017,4,Administracion Central,Ministerio De Gobierno,Ministerio De Gobierno,Ministerio De Gobierno,D.G.Reforma Polìtica Y Electoral,Gestion Electoral,Administración Gubernamental,Judicial,Bienes De Uso,Maquinaria Y Equipo,134250.0,213328.0,213326.6,20652335.76,20652200.22,Fiscal
2017,4,Administracion Central,Ministerio De Gobierno,Ministerio De Gobierno,Ministerio De Gobierno,D.G.Reforma Polìtica Y Electoral,Gestion Electoral,Administración Gubernamental,Judicial,Transferencias,Al Sector Público,4027530.0,4027530.0,4008767.9,389906162.51,388089799.03,Fiscal
2017,4,Administracion Central,Ministerio De Gobierno,Ministerio De Gobierno,Ministerio De Gobierno,Dir.Gral.Registro Civil Y Capacidad De Las Personas,Certificacion De La Identidad Y Capacidad De Las Personas,Servicios De Seguridad,Seguridad Interior,Gastos En Personal,Remuneraciones Al Personal,165223760.0,208175437.0,207730323.44,20153514876.23,20110423323.83,Fiscal
2017,4,Administracion Central,Ministerio De Gobierno,Ministerio De Gobierno,Ministerio De Gobierno,Dir.Gral.Registro Civil Y Capacidad De Las Personas,Certificacion De La Identidad Y Capacidad De Las Personas,Servicios De Seguridad,Seguridad Interior,Bienes De Consumo,Bienes De Consumo,2772000.0,5498514.0,5261913.77,532312482.65,509407156.62,Fiscal
2017,4,Administracion Central,Ministerio De Gobierno,Ministerio De Gobierno,Ministerio De Gobierno,Dir.Gral.Registro Civil Y Capacidad De Las Personas,Certificacion De La Identidad Y Capacidad De Las Personas,Servicios De Seguridad,Seguridad Interior,Servicios No Personales,Servicios No Personales,33024814.0,52645345.0,52634197.72,5096608701.35,5095529530.45,Fiscal
2017,4,Administracion Central,Ministerio De Gobierno,Ministerio De Gobierno,Ministerio De Gobierno,Dir.Gral.Registro Civil Y Capacidad De Las Personas,Certificacion De La Identidad Y Capacidad De Las Personas,Servicios De Seguridad,Seguridad Interior,Bienes De Uso,Maquinaria Y Equipo,5280000.0,1015583.0,1015581.85,98318838.16,98318726.82,Fiscal
2017,4,Administracion Central,Ministerio De Gobierno,Ministerio De Gobierno,Ministerio De Gobierno,Dir.Gral.Registro Civil Y Capacidad De Las Personas,Certificacion De La Identidad Y Capacidad De Las Personas,Servicios De Seguridad,Seguridad Interior,Servicios No Personales,Derechos Sobre Bienes Intangibles,1170000.0,0.0,0.0,0.0,0.0,Fiscal
2017,4,Administracion Central,Ministerio De Gobierno,Ministerio De Gobierno,Ministerio De Gobierno,Direccion General Programas De Cooperacion Interjurisdiccional Y Casas De La Ciudad,Cooperacion Interjurisdiccional Y Casas De La Ciudad,Administración Gubernamental,Dirección Ejecutiva,Bienes De Consumo,Bienes De Consumo,1280000.0,240816.0,240808.63,23313455.75,23312742.26,Fiscal
2017,4,Administracion Central,Ministerio De Gobierno,Ministerio De Gobierno,Ministerio De Gobierno,Direccion General Programas De Cooperacion Interjurisdiccional Y Casas De La Ciudad,Cooperacion Interjurisdiccional Y Casas De La Ciudad,Administración Gubernamental,Dirección Ejecutiva,Servicios No Personales,Servicios No Personales,42070925.0,30142146.0,30000968.26,2918068512.63,2904401061.16,Fiscal
2017,4,Administracion Central,Ministerio De Gobierno,Ministerio De Gobierno,Ministerio De Gobierno,Direccion General Programas De Cooperacion Interjurisdiccional Y Casas De La Ciudad,Cooperacion Interjurisdiccional Y Casas De La Ciudad,Administración Gubernamental,Dirección Ejecutiva,Bienes De Uso,Maquinaria Y Equipo,15000.0,343959.0,343958.84,33298754.76,33298739.27,Fiscal
2017,4,Administracion Central,Ministerio De Gobierno,Ministerio De Gobierno,Ministerio De Gobierno,Direccion General Programas De Cooperacion Interjurisdiccional Y Casas De La Ciudad,Cooperacion Interjurisdiccional Y Casas De La Ciudad,Administración Gubernamental,Dirección Ejecutiva,Gastos En Personal,Remuneraciones Al Personal,0.0,1676499.0,1676495.09,162302277.46,162301898.93,Fiscal
2017,4,Administracion Central,Ministerio De Gobierno,Ministerio De Gobierno,Ministerio De Gobierno,Direccion General Asuntos Interjurisdiccionales Y Transferencias De Competencias,Asuntos Interjurisdiccionales Y Transferencias De Competencias,Administración Gubernamental,Dirección Ejecutiva,Gastos En Personal,Remuneraciones Al Personal,3376300.0,4374927.0,4374919.99,423537750.89,423537072.25,Fiscal
2017,4,Administracion Central,Ministerio De Gobierno,Ministerio De Gobierno,Ministerio De Gobierno,Direccion General Asuntos Interjurisdiccionales Y Transferencias De Competencias,Asuntos Interjurisdiccionales Y Transferencias De Competencias,Administración Gubernamental,Dirección Ejecutiva,Bienes De Consumo,Bienes De Consumo,80000.0,12220.0,9814.57,1183021.18,950150.92,Fiscal
2017,4,Administracion Central,Ministerio De Gobierno,Ministerio De Gobierno,Ministerio De Gobierno,Direccion General Asuntos Interjurisdiccionales Y Transferencias De Competencias,Asuntos Interjurisdiccionales Y Transferencias De Competencias,Administración Gubernamental,Dirección Ejecutiva,Servicios No Personales,Servicios No Personales,1089659.0,192350.0,192350.0,18621450.46,18621450.46,Fiscal
2017,4,Administracion Central,Ministerio De Gobierno,Ministerio De Gobierno,Ministerio De Gobierno,Direccion General Asuntos Interjurisdiccionales Y Transferencias De Competencias,Asuntos Interjurisdiccionales Y Transferencias De Competencias,Administración Gubernamental,Dirección Ejecutiva,Bienes De Uso,Maquinaria Y Equipo,15000.0,0.0,0.0,0.0,0.0,Fiscal
2017,4,Administracion Central,Ministerio De Desarrollo Urbano Y Transporte,Ministerio De Desarrollo Urbano Y Transporte,Ministerio De Desarrollo Urbano Y Transporte,Dir.Gral. Planificacion De La Movilidad,Planeamiento Del Tránsito Y Transporte Público Y Privado De Pasajeros Y Cargas,Servicios Económicos,Transporte,Gastos En Personal,Remuneraciones Al Personal,10622949.0,12213083.0,12213069.58,1182351546.72,1182350247.52,Fiscal
2017,4,Administracion Central,Ministerio De Desarrollo Urbano Y Transporte,Ministerio De Desarrollo Urbano Y Transporte,Ministerio De Desarrollo Urbano Y Transporte,Dir.Gral. Planificacion De La Movilidad,Planeamiento Del Tránsito Y Transporte Público Y Privado De Pasajeros Y Cargas,Servicios Económicos,Transporte,Bienes De Consumo,Bienes De Consumo,315800.0,63732.0,56795.09,6169910.48,5498346.53,Fiscal
2017,4,Administracion Central,Ministerio De Desarrollo Urbano Y Transporte,Ministerio De Desarrollo Urbano Y Transporte,Ministerio De Desarrollo Urbano Y Transporte,Dir.Gral. Planificacion De La Movilidad,Planeamiento Del Tránsito Y Transporte Público Y Privado De Pasajeros Y Cargas,Servicios Económicos,Transporte,Servicios No Personales,Servicios No Personales,32722485.0,13541685.0,13541684.56,1310973830.68,1310973788.08,Fiscal
2017,4,Administracion Central,Ministerio De Desarrollo Urbano Y Transporte,Ministerio De Desarrollo Urbano Y Transporte,Ministerio De Desarrollo Urbano Y Transporte,Dir.Gral. Planificacion De La Movilidad,Planeamiento Del Tránsito Y Transporte Público Y Privado De Pasajeros Y Cargas,Servicios Económicos,Transporte,Bienes De Uso,Maquinaria Y Equipo,38500.0,310390.0,310388.19,30048931.67,30048756.45,Fiscal
2017,4,Administracion Central,Ministerio De Desarrollo Urbano Y Transporte,Ministerio De Desarrollo Urbano Y Transporte,Ministerio De Desarrollo Urbano Y Transporte,Dir.Gral. Planificacion De La Movilidad,Planeamiento Del Tránsito Y Transporte Público Y Privado De Pasajeros Y Cargas,Servicios Económicos,Transporte,Bienes De Uso,Activos Intangibles,800000.0,158710.0,158710.0,15364753.84,15364753.84,Fiscal
2017,4,Administracion Central,Ministerio De Desarrollo Urbano Y Transporte,Ministerio De Desarrollo Urbano Y Transporte,Ministerio De Desarrollo Urbano Y Transporte,Dir.Gral. Planificacion De La Movilidad,Planeamiento Del Tránsito Y Transporte Público Y Privado De Pasajeros Y Cargas,Servicios Económicos,Transporte,Transferencias,Al Sector Privado,0.0,2116606.0,455312.0,204909143.57,44078865.87,Fiscal
2017,4,Administracion Central,Ministerio De Desarrollo Urbano Y Transporte,Ministerio De Desarrollo Urbano Y Transporte,Ministerio De Desarrollo Urbano Y Transporte,Dir.Gral. Planificacion De La Movilidad,Planeamiento Del Tránsito Y Transporte Público Y Privado De Pasajeros Y Cargas,Servicios Económicos,Transporte,Bienes De Uso,Bienes De Uso,0.0,90886900.0,90427444.93,8798782976.52,8754303019.03,Fiscal
2017,4,Administracion Central,Ministerio De Desarrollo Urbano Y Transporte,Ministerio De Desarrollo Urbano Y Transporte,Ministerio De Desarrollo Urbano Y Transporte,Dir.Gral. Planificacion De La Movilidad,Planeamiento Del Tránsito Y Transporte Público Y Privado De Pasajeros Y Cargas,Servicios Económicos,Transporte,Bienes De Uso,Construcciones Del Dominio Privado,0.0,100.0,0.0,9681.02,0.0,Fiscal
2017,4,Administracion Central,Ministerio De Desarrollo Urbano Y Transporte,Ministerio De Desarrollo Urbano Y Transporte,Ministerio De Desarrollo Urbano Y Transporte,Dir.Gral. Planificacion De La Movilidad,Planeamiento Del Tránsito Y Transporte Público Y Privado De Pasajeros Y Cargas,Servicios Económicos,Transporte,Servicios No Personales,Servicios No Personales,0.0,12778099.0,11454098.8,1237050883.61,1108874101.03,Fiscal
2017,4,Administracion Central,Ministerio De Desarrollo Urbano Y Transporte,Ministerio De Desarrollo Urbano Y Transporte,Ministerio De Desarrollo Urbano Y Transporte,Dir.Gral. Transito Y Transporte,Verificación Técnica Vehicular,Servicios Económicos,Transporte,Gastos En Personal,Remuneraciones Al Personal,4063543.0,57850.0,57847.3,5600472.62,5600211.23,Fiscal
2017,4,Administracion Central,Ministerio De Desarrollo Urbano Y Transporte,Ministerio De Desarrollo Urbano Y Transporte,Ministerio De Desarrollo Urbano Y Transporte,Dir.Gral. Transito Y Transporte,Verificación Técnica Vehicular,Servicios Económicos,Transporte,Servicios No Personales,Servicios No Personales,200000.0,0.0,0.0,0.0,0.0,Fiscal
2017,4,Administracion Central,Ministerio De Desarrollo Urbano Y Transporte,Ministerio De Desarrollo Urbano Y Transporte,Ministerio De Desarrollo Urbano Y Transporte,Dir.Gral. Transito Y Transporte,Señalización Luminosa,Servicios Económicos,Transporte,Gastos En Personal,Remuneraciones Al Personal,3865007.0,6930113.0,6926997.58,670905931.32,670604326.75,Fiscal
2017,4,Administracion Central,Ministerio De Desarrollo Urbano Y Transporte,Ministerio De Desarrollo Urbano Y Transporte,Ministerio De Desarrollo Urbano Y Transporte,Dir.Gral. Transito Y Transporte,Señalización Luminosa,Servicios Económicos,Transporte,Bienes De Consumo,Bienes De Consumo,121100.0,60000.0,60000.0,5808614.65,5808614.65,Fiscal
2017,4,Administracion Central,Ministerio De Desarrollo Urbano Y Transporte,Ministerio De Desarrollo Urbano Y Transporte,Ministerio De Desarrollo Urbano Y Transporte,Dir.Gral. Transito Y Transporte,Señalización Luminosa,Servicios Económicos,Transporte,Servicios No Personales,Servicios No Personales,0.0,9714672.0,9577345.67,940479767.89,927185172.36,Fiscal
2017,4,Administracion Central,Ministerio De Desarrollo Urbano Y Transporte,Ministerio De Desarrollo Urbano Y Transporte,Ministerio De Desarrollo Urbano Y Transporte,Dir.Gral. Transito Y Transporte,Señalización Luminosa,Servicios Económicos,Transporte,Bienes De Uso,Construcciones Del Dominio Público,460131760.0,341245490.0,332626580.78,33036059192.53,32201660486.87,Fiscal
2017,4,Administracion Central,Ministerio De Desarrollo Urbano Y Transporte,Ministerio De Desarrollo Urbano Y Transporte,Ministerio De Desarrollo Urbano Y Transporte,Dir.Gral. Transito Y Transporte,Señalización Luminosa,Servicios Económicos,Transporte,Bienes De Uso,Bienes De Uso,35401840.0,21348951.0,20353327.94,2066797158.06,1970410646.57,Fiscal
2017,4,Administracion Central,Ministerio De Desarrollo Urbano Y Transporte,Ministerio De Desarrollo Urbano Y Transporte,Ministerio De Desarrollo Urbano Y Transporte,Dir.Gral. Transito Y Transporte,Señalización Luminosa,Servicios Económicos,Transporte,Activos Financieros,Activos Financieros,0.0,12033239.0,12033238.4,1164940805.17,1164940747.09,Fiscal
2017,4,Administracion Central,Ministerio De Desarrollo Urbano Y Transporte,Ministerio De Desarrollo Urbano Y Transporte,Ministerio De Desarrollo Urbano Y Transporte,Dir.Gral. Transito Y Transporte,Señalización Luminosa,Servicios Económicos,Transporte,Bienes De Uso,Construcciones Del Dominio Privado,15000000.0,47804909.0,47804908.63,4628004910.53,4628004874.71,Fiscal
2017,4,Administracion Central,Ministerio De Desarrollo Urbano Y Transporte,Ministerio De Desarrollo Urbano Y Transporte,Ministerio De Desarrollo Urbano Y Transporte,Dir.Gral. Transito Y Transporte,Señalamiento Vial,Servicios Económicos,Transporte,Gastos En Personal,Remuneraciones Al Personal,6462225.0,6983994.0,6983987.01,676122164.09,676121487.38,Fiscal
2017,4,Administracion Central,Ministerio De Desarrollo Urbano Y Transporte,Ministerio De Desarrollo Urbano Y Transporte,Ministerio De Desarrollo Urbano Y Transporte,Dir.Gral. Transito Y Transporte,Señalamiento Vial,Servicios Económicos,Transporte,Bienes De Consumo,Bienes De Consumo,4700000.0,958031.0,958027.44,92747214.99,92746870.34,Fiscal
2017,4,Administracion Central,Ministerio De Desarrollo Urbano Y Transporte,Ministerio De Desarrollo Urbano Y Transporte,Ministerio De Desarrollo Urbano Y Transporte,Dir.Gral. Transito Y Transporte,Señalamiento Vial,Servicios Económicos,Transporte,Bienes De Uso,Construcciones Del Dominio Público,18960073.0,50821451.0,50821442.01,4920037077.96,4920036207.63,Fiscal
2017,4,Administracion Central,Ministerio De Desarrollo Urbano Y Transporte,Ministerio De Desarrollo Urbano Y Transporte,Ministerio De Desarrollo Urbano Y Transporte,Dir.Gral. Transito Y Transporte,Señalamiento Vial,Servicios Económicos,Transporte,Bienes De Uso,Bienes De Uso,965511.0,1173091.0,1173091.0,113567226.09,113567226.09,Fiscal
2017,4,Administracion Central,Ministerio De Desarrollo Urbano Y Transporte,Ministerio De Desarrollo Urbano Y Transporte,Ministerio De Desarrollo Urbano Y Transporte,Dir.Gral. Transito Y Transporte,Señalamiento Vial,Servicios Económicos,Transporte,Bienes De Consumo,Bienes De Consumo,1760000.0,3568519.0,3568517.7,345469195.54,345469069.69,Fiscal
2017,4,Administracion Central,Ministerio De Desarrollo Urbano Y Transporte,Ministerio De Desarrollo Urbano Y Transporte,Ministerio De Desarrollo Urbano Y Transporte,Dir.Gral. Transito Y Transporte,Señalamiento Vial,Servicios Económicos,Transporte,Servicios No Personales,Servicios No Personales,0.0,59418.0,2703.33,5752271.09,261710.04,Fiscal
2017,4,Administracion Central,Ministerio De Desarrollo Urbano Y Transporte,Ministerio De Desarrollo Urbano Y Transporte,Ministerio De Desarrollo Urbano Y Transporte,Dir.Gral. Transito Y Transporte,Señalamiento Vial,Servicios Económicos,Transporte,Bienes De Uso,Construcciones Del Dominio Privado,0.0,1000.0,0.0,96810.24,0.0,Fiscal
2017,4,Administracion Central,Ministerio De Desarrollo Urbano Y Transporte,Ministerio De Desarrollo Urbano Y Transporte,Ministerio De Desarrollo Urbano Y Transporte,Dir.Gral. Transito Y Transporte,Señalamiento Vial,Servicios Económicos,Transporte,Activos Financieros,Activos Financieros,0.0,1188837.0,0.0,115091600.19,0.0,Fiscal
2017,4,Administracion Central,Ministerio De Desarrollo Urbano Y Transporte,Ministerio De Desarrollo Urbano Y Transporte,Ministerio De Desarrollo Urbano Y Transporte,Dir.Gral. Transito Y Transporte,Capacitación A Conductores Profesionales De Taxis,Servicios Económicos,Transporte,Transferencias,Al Sector Privado,78616138.0,85845838.0,84204900.0,8310756533.66,8151896925.29,Fiscal
2017,4,Administracion Central,Ministerio De Desarrollo Urbano Y Transporte,Ministerio De Desarrollo Urbano Y Transporte,Ministerio De Desarrollo Urbano Y Transporte,Dir.Gral. Transito Y Transporte,Regulación Y Operación Servicios De Transporte,Servicios Económicos,Transporte,Gastos En Personal,Remuneraciones Al Personal,30882074.0,30236956.0,30233461.52,2927247091.87,2926908790.41,Fiscal
2017,4,Administracion Central,Ministerio De Desarrollo Urbano Y Transporte,Ministerio De Desarrollo Urbano Y Transporte,Ministerio De Desarrollo Urbano Y Transporte,Dir.Gral. Transito Y Transporte,Regulación Y Operación Servicios De Transporte,Servicios Económicos,Transporte,Bienes De Consumo,Bienes De Consumo,743700.0,354719.0,354712.27,34340432.98,34339781.45,Fiscal
2017,4,Administracion Central,Ministerio De Desarrollo Urbano Y Transporte,Ministerio De Desarrollo Urbano Y Transporte,Ministerio De Desarrollo Urbano Y Transporte,Dir.Gral. Transito Y Transporte,Regulación Y Operación Servicios De Transporte,Servicios Económicos,Transporte,Servicios No Personales,Servicios No Personales,72595301.0,80958353.0,80957875.2,7837597917.67,7837551661.73,Fiscal
2017,4,Administracion Central,Ministerio De Desarrollo Urbano Y Transporte,Ministerio De Desarrollo Urbano Y Transporte,Ministerio De Desarrollo Urbano Y Transporte,Dir.Gral. Transito Y Transporte,Regulación Y Operación Servicios De Transporte,Servicios Económicos,Transporte,Bienes De Uso,Maquinaria Y Equipo,1138000.0,1993559.0,1949858.06,192996933.46,188766234.79,Fiscal
2017,4,Administracion Central,Ministerio De Desarrollo Urbano Y Transporte,Ministerio De Desarrollo Urbano Y Transporte,Ministerio De Desarrollo Urbano Y Transporte,Dir.Gral. Transito Y Transporte,Regulación Y Operación Servicios De Transporte,Servicios Económicos,Transporte,Bienes De Uso,Construcciones Del Dominio Público,0.0,8117085.0,8117079.82,785816980.41,785816478.93,Fiscal
2017,4,Administracion Central,Ministerio De Desarrollo Urbano Y Transporte,Ministerio De Desarrollo Urbano Y Transporte,Ministerio De Desarrollo Urbano Y Transporte,Dir.Gral. Transito Y Transporte,Regulación Y Operación Servicios De Transporte,Servicios Económicos,Transporte,Servicios No Personales,Servicios No Personales,0.0,3700979.0,3574421.0,358292680.48,346040569.61,Fiscal
2017,4,Administracion Central,Ministerio De Desarrollo Urbano Y Transporte,Ministerio De Desarrollo Urbano Y Transporte,Ministerio De Desarrollo Urbano Y Transporte,Dir.Gral. Transito Y Transporte,Regulación Y Operación Servicios De Transporte,Servicios Económicos,Transporte,Bienes De Uso,Bienes De Uso,0.0,100.0,0.0,9681.02,0.0,Fiscal
2017,4,Administracion Central,Ministerio De Desarrollo Urbano Y Transporte,Ministerio De Desarrollo Urbano Y Transporte,Ministerio De Desarrollo Urbano Y Transporte,Dir.Gral. Transito Y Transporte,Demarcación Horizontal,Servicios Económicos,Transporte,Bienes De Uso,Construcciones Del Dominio Público,42640414.0,110281392.0,110281177.21,10676368481.66,10676347687.79,Fiscal
2017,4,Administracion Central,Ministerio De Desarrollo Urbano Y Transporte,Ministerio De Desarrollo Urbano Y Transporte,Ministerio De Desarrollo Urbano Y Transporte,Subsecretaria Proyectos,Actividades Comunes A Los Programas 79 Y 84,Administración Gubernamental,Dirección Ejecutiva,Gastos En Personal,Remuneraciones Al Personal,4063543.0,1057163.0,1057161.05,102344208.11,102344019.33,Fiscal
2017,4,Administracion Central,Ministerio De Desarrollo Urbano Y Transporte,Ministerio De Desarrollo Urbano Y Transporte,Ministerio De Desarrollo Urbano Y Transporte,Subsecretaria Proyectos,Actividades Comunes A Los Programas 79 Y 84,Administración Gubernamental,Dirección Ejecutiva,Bienes De Consumo,Bienes De Consumo,66990.0,32314.0,31913.28,3128326.23,3089532.43,Fiscal
2017,4,Administracion Central,Ministerio De Desarrollo Urbano Y Transporte,Ministerio De Desarrollo Urbano Y Transporte,Ministerio De Desarrollo Urbano Y Transporte,Subsecretaria Proyectos,Actividades Comunes A Los Programas 79 Y 84,Administración Gubernamental,Dirección Ejecutiva,Servicios No Personales,Servicios No Personales,12713190.0,12338642.0,12338639.34,1194506944.16,1194506686.64,Fiscal
2017,4,Administracion Central,Ministerio De Desarrollo Urbano Y Transporte,Ministerio De Desarrollo Urbano Y Transporte,Ministerio De Desarrollo Urbano Y Transporte,Subsecretaria Proyectos,Actividades Comunes A Los Programas 79 Y 84,Administración Gubernamental,Dirección Ejecutiva,Bienes De Uso,Maquinaria Y Equipo,3850.0,450850.0,450850.0,43646898.56,43646898.56,Fiscal
2017,4,Administracion Central,Ministerio De Desarrollo Urbano Y Transporte,Ministerio De Desarrollo Urbano Y Transporte,Ministerio De Desarrollo Urbano Y Transporte,Subterraneos De Buenos Aires,Subterráneos De Buenos Aires,Servicios Económicos,Transporte,Transferencias,Al Sector Público,280600000.0,291000000.0,291000000.0,28171781039.58,28171781039.58,Fiscal
2017,4,Administracion Central,Ministerio De Desarrollo Urbano Y Transporte,Ministerio De Desarrollo Urbano Y Transporte,Ministerio De Desarrollo Urbano Y Transporte,Subterraneos De Buenos Aires,Subterráneos De Buenos Aires,Servicios Sociales,Promoción Y Acción Social,Transferencias,Al Sector Público,2550000000.0,3173062577.0,3117989472.74,307184962694.62,301853322026.64,Fiscal
2017,4,Administracion Central,Ministerio De Desarrollo Urbano Y Transporte,Ministerio De Desarrollo Urbano Y Transporte,Ministerio De Desarrollo Urbano Y Transporte,Subterraneos De Buenos Aires,Subterráneos De Buenos Aires,Servicios Económicos,Transporte,Servicios No Personales,Servicios No Personales,0.0,182782789.0,178953269.74,17695246424.44,17324509730.01,Fiscal
2017,4,Administracion Central,Ministerio De Desarrollo Urbano Y Transporte,Ministerio De Desarrollo Urbano Y Transporte,Ministerio De Desarrollo Urbano Y Transporte,Subterraneos De Buenos Aires,Subterráneos De Buenos Aires,Servicios Económicos,Transporte,Transferencias,Transferencias,2534160000.0,2783956731.0,2735485063.85,269515530753.96,264822976824.15,Fiscal
2017,4,Administracion Central,Ministerio De Desarrollo Urbano Y Transporte,Ministerio De Desarrollo Urbano Y Transporte,Ministerio De Desarrollo Urbano Y Transporte,Consejo Asesor Del Plan Urbano Ambiental,Instrumentación Y Seguimiento Del Plan Urbano Ambiental,Servicios Económicos,Servicios Urbanos,Gastos En Personal,Remuneraciones Al Personal,12996398.0,21063279.0,21063275.24,2039141182.01,2039140818.0,Fiscal
2017,4,Administracion Central,Ministerio De Desarrollo Urbano Y Transporte,Ministerio De Desarrollo Urbano Y Transporte,Ministerio De Desarrollo Urbano Y Transporte,Consejo Asesor Del Plan Urbano Ambiental,Instrumentación Y Seguimiento Del Plan Urbano Ambiental,Servicios Económicos,Servicios Urbanos,Bienes De Consumo,Bienes De Consumo,85305.0,0.0,0.0,0.0,0.0,Fiscal
2017,4,Administracion Central,Ministerio De Desarrollo Urbano Y Transporte,Ministerio De Desarrollo Urbano Y Transporte,Ministerio De Desarrollo Urbano Y Transporte,Consejo Asesor Del Plan Urbano Ambiental,Instrumentación Y Seguimiento Del Plan Urbano Ambiental,Servicios Económicos,Servicios Urbanos,Bienes De Uso,Maquinaria Y Equipo,15730.0,4528.0,4527.21,438356.79,438280.31,Fiscal
2017,4,Administracion Central,Ministerio De Desarrollo Urbano Y Transporte,Ministerio De Desarrollo Urbano Y Transporte,Ministerio De Desarrollo Urbano Y Transporte,Consejo Asesor Del Plan Urbano Ambiental,Instrumentación Y Seguimiento Del Plan Urbano Ambiental,Servicios Económicos,Servicios Urbanos,Servicios No Personales,Servicios No Personales,29403.0,0.0,0.0,0.0,0.0,Fiscal
2017,4,Administracion Central,Ministerio De Desarrollo Urbano Y Transporte,Ministerio De Desarrollo Urbano Y Transporte,Ministerio De Desarrollo Urbano Y Transporte,Consejo Asesor Del Plan Urbano Ambiental,Instrumentación Y Seguimiento Del Plan Urbano Ambiental,Servicios Económicos,Servicios Urbanos,Servicios No Personales,Servicios No Personales,10925530.0,7687590.0,7496590.0,744237464.61,725746707.98,Fiscal
2017,4,Administracion Central,Ministerio De Desarrollo Urbano Y Transporte,Ministerio De Desarrollo Urbano Y Transporte,Ministerio De Desarrollo Urbano Y Transporte,Consejo Asesor Del Plan Urbano Ambiental,Buenos Aires Ciudad Amiga De Los/As Niños Y Niñas,Servicios Sociales,Promoción Y Acción Social,Gastos En Personal,Remuneraciones Al Personal,1088248.0,1294809.0,1294805.56,125350775.38,125350442.35,Fiscal
2017,4,Administracion Central,Ministerio De Desarrollo Urbano Y Transporte,Ministerio De Desarrollo Urbano Y Transporte,Ministerio De Desarrollo Urbano Y Transporte,Consejo Asesor Del Plan Urbano Ambiental,Buenos Aires Ciudad Amiga De Los/As Niños Y Niñas,Servicios Sociales,Promoción Y Acción Social,Bienes De Consumo,Bienes De Consumo,242613.0,0.0,0.0,0.0,0.0,Fiscal
2017,4,Administracion Central,Ministerio De Desarrollo Urbano Y Transporte,Ministerio De Desarrollo Urbano Y Transporte,Ministerio De Desarrollo Urbano Y Transporte,Consejo Asesor Del Plan Urbano Ambiental,Buenos Aires Ciudad Amiga De Los/As Niños Y Niñas,Servicios Sociales,Promoción Y Acción Social,Servicios No Personales,Servicios No Personales,90453.0,0.0,0.0,0.0,0.0,Fiscal
2017,4,Administracion Central,Ministerio De Desarrollo Urbano Y Transporte,Ministerio De Desarrollo Urbano Y Transporte,Ministerio De Desarrollo Urbano Y Transporte,Consejo Asesor Del Plan Urbano Ambiental,Buenos Aires Ciudad Amiga De Los/As Niños Y Niñas,Servicios Sociales,Promoción Y Acción Social,Bienes De Uso,Maquinaria Y Equipo,42944.0,0.0,0.0,0.0,0.0,Fiscal
2017,4,Administracion Central,Ministerio De Desarrollo Urbano Y Transporte,Ministerio De Desarrollo Urbano Y Transporte,Ministerio De Desarrollo Urbano Y Transporte,Consejo Asesor Del Plan Urbano Ambiental,Buenos Aires Ciudad Amiga De Los/As Niños Y Niñas,Servicios Sociales,Promoción Y Acción Social,Servicios No Personales,Servicios No Personales,833848.0,767445.0,767445.0,74296537.8,74296537.8,Fiscal
2017,4,Administracion Central,Ministerio De Desarrollo Urbano Y Transporte,Ministerio De Desarrollo Urbano Y Transporte,Ministerio De Desarrollo Urbano Y Transporte,Dg Coord Institucional Y Comunicacion,Acciones De Enlace Para La Participación Comunitaria,Administración Gubernamental,Dirección Ejecutiva,Gastos En Personal,Remuneraciones Al Personal,9125601.0,7611084.0,7611072.68,736830900.08,736829804.18,Fiscal
2017,4,Administracion Central,Ministerio De Desarrollo Urbano Y Transporte,Ministerio De Desarrollo Urbano Y Transporte,Ministerio De Desarrollo Urbano Y Transporte,Dg Coord Institucional Y Comunicacion,Acciones De Enlace Para La Participación Comunitaria,Administración Gubernamental,Dirección Ejecutiva,Bienes De Consumo,Bienes De Consumo,295332.0,101502.0,97811.67,9826433.4,9469171.65,Fiscal
2017,4,Administracion Central,Ministerio De Desarrollo Urbano Y Transporte,Ministerio De Desarrollo Urbano Y Transporte,Ministerio De Desarrollo Urbano Y Transporte,Dg Coord Institucional Y Comunicacion,Acciones De Enlace Para La Participación Comunitaria,Administración Gubernamental,Dirección Ejecutiva,Servicios No Personales,Servicios No Personales,3727646.0,4498975.0,4498972.93,435546868.05,435546667.65,Fiscal
2017,4,Administracion Central,Ministerio De Desarrollo Urbano Y Transporte,Ministerio De Desarrollo Urbano Y Transporte,Ministerio De Desarrollo Urbano Y Transporte,Dg Coord Institucional Y Comunicacion,Acciones De Enlace Para La Participación Comunitaria,Administración Gubernamental,Dirección Ejecutiva,Bienes De Uso,Maquinaria Y Equipo,201532.0,198198.0,198197.92,19187596.76,19187589.02,Fiscal
2017,4,Administracion Central,Ministerio De Desarrollo Urbano Y Transporte,Ministerio De Desarrollo Urbano Y Transporte,Ministerio De Desarrollo Urbano Y Transporte,Dg Coord Institucional Y Comunicacion,Acciones De Enlace Para La Participación Comunitaria,Servicios Económicos,Servicios Urbanos,Bienes De Consumo,Bienes De Consumo,27958.0,0.0,0.0,0.0,0.0,Fiscal
2017,4,Administracion Central,Ministerio De Desarrollo Urbano Y Transporte,Ministerio De Desarrollo Urbano Y Transporte,Ministerio De Desarrollo Urbano Y Transporte,Dg Coord Institucional Y Comunicacion,Acciones De Enlace Para La Participación Comunitaria,Servicios Económicos,Servicios Urbanos,Servicios No Personales,Servicios No Personales,106971.0,27300.0,27300.0,2642919.66,2642919.66,Fiscal
2017,4,Administracion Central,Ministerio De Desarrollo Urbano Y Transporte,Ministerio De Desarrollo Urbano Y Transporte,Ministerio De Desarrollo Urbano Y Transporte,Dg Coord Institucional Y Comunicacion,Acciones De Enlace Para La Participación Comunitaria,Servicios Económicos,Servicios Urbanos,Bienes De Uso,Maquinaria Y Equipo,8800.0,4800.0,4800.0,464689.17,464689.17,Fiscal
2017,4,Administracion Central,Ministerio De Desarrollo Urbano Y Transporte,Ministerio De Desarrollo Urbano Y Transporte,Ministerio De Desarrollo Urbano Y Transporte,Dg Coord Institucional Y Comunicacion,Acciones De Enlace Para La Participación Comunitaria,Servicios Económicos,Servicios Urbanos,Gastos En Personal,Remuneraciones Al Personal,281848.0,1404063.0,1404058.47,135927681.79,135927243.24,Fiscal
2017,4,Administracion Central,Ministerio De Desarrollo Urbano Y Transporte,Ministerio De Desarrollo Urbano Y Transporte,Ministerio De Desarrollo Urbano Y Transporte,Dg Coord Institucional Y Comunicacion,Acciones De Enlace Para La Participación Comunitaria,Administración Gubernamental,Dirección Ejecutiva,Bienes De Consumo,Bienes De Consumo,0.0,3992.0,0.0,386466.49,0.0,Fiscal
2017,4,Administracion Central,Ministerio De Desarrollo Urbano Y Transporte,Ministerio De Desarrollo Urbano Y Transporte,Ministerio De Desarrollo Urbano Y Transporte,Dg Coord Institucional Y Comunicacion,Acciones De Enlace Para La Participación Comunitaria,Administración Gubernamental,Dirección Ejecutiva,Servicios No Personales,Servicios No Personales,0.0,6279884.0,3039476.3,607957103.1,294252442.61,Fiscal
2017,4,Administracion Central,Ministerio De Desarrollo Urbano Y Transporte,Ministerio De Desarrollo Urbano Y Transporte,Ministerio De Desarrollo Urbano Y Transporte,Dg Coord Institucional Y Comunicacion,Acciones De Enlace Para La Participación Comunitaria,Administración Gubernamental,Dirección Ejecutiva,Bienes De Uso,Bienes De Uso,0.0,78369.0,0.0,7586922.02,0.0,Fiscal
2017,4,Administracion Central,Ministerio De Desarrollo Urbano Y Transporte,Ministerio De Desarrollo Urbano Y Transporte,Ministerio De Desarrollo Urbano Y Transporte,Dir.Gral Interpretacion Urbanistica,Aplicacion De Normas Referidas Al Planeamiento Urbano,Servicios Económicos,Servicios Urbanos,Gastos En Personal,Remuneraciones Al Personal,16920513.0,20793055.0,20793041.61,2012980730.6,2012979434.31,Fiscal
2017,4,Administracion Central,Ministerio De Desarrollo Urbano Y Transporte,Ministerio De Desarrollo Urbano Y Transporte,Ministerio De Desarrollo Urbano Y Transporte,Dir.Gral Interpretacion Urbanistica,Aplicacion De Normas Referidas Al Planeamiento Urbano,Servicios Económicos,Servicios Urbanos,Bienes De Consumo,Bienes De Consumo,71379.0,22034.0,22032.23,2133116.92,2132945.56,Fiscal
2017,4,Administracion Central,Ministerio De Desarrollo Urbano Y Transporte,Ministerio De Desarrollo Urbano Y Transporte,Ministerio De Desarrollo Urbano Y Transporte,Dir.Gral Interpretacion Urbanistica,Aplicacion De Normas Referidas Al Planeamiento Urbano,Servicios Económicos,Servicios Urbanos,Servicios No Personales,Servicios No Personales,4229649.0,4388620.0,4322120.0,424863373.56,418425492.33,Fiscal
2017,4,Administracion Central,Ministerio De Desarrollo Urbano Y Transporte,Ministerio De Desarrollo Urbano Y Transporte,Ministerio De Desarrollo Urbano Y Transporte,Dir.Gral Interpretacion Urbanistica,Aplicacion De Normas Referidas Al Planeamiento Urbano,Servicios Económicos,Servicios Urbanos,Bienes De Uso,Maquinaria Y Equipo,314889.0,91605.0,91605.0,8868302.41,8868302.41,Fiscal
2017,4,Administracion Central,Ministerio De Desarrollo Urbano Y Transporte,Ministerio De Desarrollo Urbano Y Transporte,Ministerio De Desarrollo Urbano Y Transporte,Upe - Obras En Villa Olimpica Y Sedes Deportivas,Desarrollo Urbanistico De La Comuna 8,Servicios Sociales,Vivienda,Bienes De Consumo,Bienes De Consumo,98765.0,67798.0,62271.42,6563540.93,6028511.37,Fiscal
2017,4,Administracion Central,Ministerio De Desarrollo Urbano Y Transporte,Ministerio De Desarrollo Urbano Y Transporte,Ministerio De Desarrollo Urbano Y Transporte,Upe - Obras En Villa Olimpica Y Sedes Deportivas,Desarrollo Urbanistico De La Comuna 8,Servicios Sociales,Vivienda,Servicios No Personales,Servicios No Personales,102917.0,212414.0,212412.61,20563851.19,20563716.63,Fiscal
2017,4,Administracion Central,Ministerio De Desarrollo Urbano Y Transporte,Ministerio De Desarrollo Urbano Y Transporte,Ministerio De Desarrollo Urbano Y Transporte,Upe - Obras En Villa Olimpica Y Sedes Deportivas,Desarrollo Urbanistico De La Comuna 8,Servicios Sociales,Vivienda,Bienes De Uso,Maquinaria Y Equipo,69911.0,60041.0,60041.0,5812583.87,5812583.87,Fiscal
2017,4,Administracion Central,Ministerio De Desarrollo Urbano Y Transporte,Ministerio De Desarrollo Urbano Y Transporte,Ministerio De Desarrollo Urbano Y Transporte,Upe - Obras En Villa Olimpica Y Sedes Deportivas,Desarrollo Urbanistico De La Comuna 8,Servicios Sociales,Vivienda,Bienes De Uso,Construcciones Del Dominio Público,201906680.0,294962344.0,294459440.61,28555376529.52,28506690329.56,Fiscal
2017,4,Administracion Central,Ministerio De Desarrollo Urbano Y Transporte,Ministerio De Desarrollo Urbano Y Transporte,Ministerio De Desarrollo Urbano Y Transporte,Upe - Obras En Villa Olimpica Y Sedes Deportivas,Desarrollo Urbanistico De La Comuna 8,Servicios Sociales,Vivienda,Activos Financieros,Activos Financieros,10778857.0,21333543.0,21327264.85,2065305505.82,2064697716.59,Fiscal
2017,4,Administracion Central,Ministerio De Desarrollo Urbano Y Transporte,Ministerio De Desarrollo Urbano Y Transporte,Ministerio De Desarrollo Urbano Y Transporte,Upe - Obras En Villa Olimpica Y Sedes Deportivas,Desarrollo Urbanistico De La Comuna 8,Servicios Sociales,Vivienda,Servicios No Personales,Servicios No Personales,6777410.0,18305447.0,14620734.2,1772154792.84,1415436847.15,Fiscal
2017,4,Administracion Central,Ministerio De Desarrollo Urbano Y Transporte,Ministerio De Desarrollo Urbano Y Transporte,Ministerio De Desarrollo Urbano Y Transporte,Upe - Obras En Villa Olimpica Y Sedes Deportivas,Desarrollo Urbanistico De La Comuna 8,Servicios Sociales,Vivienda,Bienes De Uso,Construcciones Del Dominio Privado,985661047.0,1215438735.0,1213772156.55,117666920651.02,117505578784.43,Fiscal
2017,4,Administracion Central,Ministerio De Desarrollo Urbano Y Transporte,Ministerio De Desarrollo Urbano Y Transporte,Ministerio De Desarrollo Urbano Y Transporte,Upe - Obras En Villa Olimpica Y Sedes Deportivas,Desarrollo Urbanistico De La Comuna 8,Servicios Sociales,Promoción Y Acción Social,Bienes De Uso,Construcciones Del Dominio Privado,41952740.0,43764497.0,43764492.8,4236851638.46,4236851231.86,Fiscal
2017,4,Administracion Central,Ministerio De Desarrollo Urbano Y Transporte,Ministerio De Desarrollo Urbano Y Transporte,Ministerio De Desarrollo Urbano Y Transporte,Upe - Obras En Villa Olimpica Y Sedes Deportivas,Desarrollo Urbanistico De La Comuna 8,Servicios Sociales,Promoción Y Acción Social,Activos Financieros,Activos Financieros,0.0,781700.0,781698.82,75676567.83,75676453.59,Fiscal
2017,4,Administracion Central,Ministerio De Desarrollo Urbano Y Transporte,Ministerio De Desarrollo Urbano Y Transporte,Ministerio De Desarrollo Urbano Y Transporte,Min Desarrollo Urbano Y Transporte,Act Cent Mtrio Des. Urbano Y Transp,Administración Gubernamental,Dirección Ejecutiva,Gastos En Personal,Remuneraciones Al Personal,72174160.0,54496066.0,54496052.24,5275777453.16,5275776121.05,Fiscal
2017,4,Administracion Central,Ministerio De Desarrollo Urbano Y Transporte,Ministerio De Desarrollo Urbano Y Transporte,Ministerio De Desarrollo Urbano Y Transporte,Min Desarrollo Urbano Y Transporte,Act Cent Mtrio Des. Urbano Y Transp,Administración Gubernamental,Dirección Ejecutiva,Bienes De Consumo,Bienes De Consumo,1577435.0,321839.0,288984.26,31157312.16,27976636.76,Fiscal
2017,4,Administracion Central,Ministerio De Desarrollo Urbano Y Transporte,Ministerio De Desarrollo Urbano Y Transporte,Ministerio De Desarrollo Urbano Y Transporte,Min Desarrollo Urbano Y Transporte,Act Cent Mtrio Des. Urbano Y Transp,Administración Gubernamental,Dirección Ejecutiva,Servicios No Personales,Servicios No Personales,70775726.0,93983618.0,91937342.28,9098577002.07,8900476550.08,Fiscal
2017,4,Administracion Central,Ministerio De Desarrollo Urbano Y Transporte,Ministerio De Desarrollo Urbano Y Transporte,Ministerio De Desarrollo Urbano Y Transporte,Min Desarrollo Urbano Y Transporte,Act Cent Mtrio Des. Urbano Y Transp,Administración Gubernamental,Dirección Ejecutiva,Bienes De Uso,Maquinaria Y Equipo,974181.0,899681.0,862927.97,87098337.24,83540267.44,Fiscal
2017,4,Administracion Central,Ministerio De Desarrollo Urbano Y Transporte,Ministerio De Desarrollo Urbano Y Transporte,Ministerio De Desarrollo Urbano Y Transporte,Min Desarrollo Urbano Y Transporte,Act Cent Mtrio Des. Urbano Y Transp,Administración Gubernamental,Control De La Gestión,Gastos En Personal,Remuneraciones Al Personal,4797049.0,4039558.0,4039553.19,391070596.13,391070130.47,Fiscal
2017,4,Administracion Central,Ministerio De Desarrollo Urbano Y Transporte,Ministerio De Desarrollo Urbano Y Transporte,Ministerio De Desarrollo Urbano Y Transporte,Min Desarrollo Urbano Y Transporte,Act Cent Mtrio Des. Urbano Y Transp,Administración Gubernamental,Control De La Gestión,Bienes De Consumo,Bienes De Consumo,85996.0,0.0,0.0,0.0,0.0,Fiscal
2017,4,Administracion Central,Ministerio De Desarrollo Urbano Y Transporte,Ministerio De Desarrollo Urbano Y Transporte,Ministerio De Desarrollo Urbano Y Transporte,Min Desarrollo Urbano Y Transporte,Act Cent Mtrio Des. Urbano Y Transp,Administración Gubernamental,Control De La Gestión,Servicios No Personales,Servicios No Personales,133957.0,29915.0,29914.1,2896078.45,2895991.32,Fiscal
2017,4,Administracion Central,Ministerio De Desarrollo Urbano Y Transporte,Ministerio De Desarrollo Urbano Y Transporte,Ministerio De Desarrollo Urbano Y Transporte,Min Desarrollo Urbano Y Transporte,Act Cent Mtrio Des. Urbano Y Transp,Administración Gubernamental,Control De La Gestión,Bienes De Uso,Maquinaria Y Equipo,75701.0,0.0,0.0,0.0,0.0,Fiscal
2017,4,Administracion Central,Ministerio De Desarrollo Urbano Y Transporte,Ministerio De Desarrollo Urbano Y Transporte,Ministerio De Desarrollo Urbano Y Transporte,Min Desarrollo Urbano Y Transporte,Act Cent Mtrio Des. Urbano Y Transp,Servicios De Seguridad,Seguridad Interior,Servicios No Personales,Servicios No Personales,183403933.0,28258551.0,28223835.74,2735717220.85,2732356428.06,Fiscal
2017,4,Administracion Central,Ministerio De Desarrollo Urbano Y Transporte,Ministerio De Desarrollo Urbano Y Transporte,Ministerio De Desarrollo Urbano Y Transporte,Secretaria De Transporte,Acciones Y Planeamiento Del Transporte,Servicios Económicos,Transporte,Gastos En Personal,Remuneraciones Al Personal,2524215.0,3100705.0,3100699.0,300180008.0,300179427.14,Fiscal
2017,4,Administracion Central,Ministerio De Desarrollo Urbano Y Transporte,Ministerio De Desarrollo Urbano Y Transporte,Ministerio De Desarrollo Urbano Y Transporte,Secretaria De Transporte,Acciones Y Planeamiento Del Transporte,Servicios Económicos,Transporte,Bienes De Consumo,Bienes De Consumo,1472000.0,105595.0,101357.0,10222677.73,9812395.91,Fiscal
2017,4,Administracion Central,Ministerio De Desarrollo Urbano Y Transporte,Ministerio De Desarrollo Urbano Y Transporte,Ministerio De Desarrollo Urbano Y Transporte,Secretaria De Transporte,Acciones Y Planeamiento Del Transporte,Servicios Económicos,Transporte,Servicios No Personales,Servicios No Personales,84964999.0,123076489.0,122691544.3,11915064945.8,11877798355.42,Fiscal
2017,4,Administracion Central,Ministerio De Desarrollo Urbano Y Transporte,Ministerio De Desarrollo Urbano Y Transporte,Ministerio De Desarrollo Urbano Y Transporte,Secretaria De Transporte,Acciones Y Planeamiento Del Transporte,Servicios Económicos,Transporte,Bienes De Uso,Maquinaria Y Equipo,180000.0,192273.0,192272.2,18613996.07,18613918.62,Fiscal
2017,4,Administracion Central,Ministerio De Desarrollo Urbano Y Transporte,Ministerio De Desarrollo Urbano Y Transporte,Ministerio De Desarrollo Urbano Y Transporte,Secretaria De Transporte,Acciones Y Planeamiento Del Transporte,Servicios Económicos,Transporte,Bienes De Uso,Activos Intangibles,2000000.0,0.0,0.0,0.0,0.0,Fiscal
2017,4,Administracion Central,Ministerio De Desarrollo Urbano Y Transporte,Ministerio De Desarrollo Urbano Y Transporte,Ministerio De Desarrollo Urbano Y Transporte,Subs Transito Y Transporte,"Act Com A Los Programas 90,91,92,93,94,96,97,98 Y 99",Servicios Económicos,Transporte,Gastos En Personal,Remuneraciones Al Personal,9545761.0,20317663.0,20317652.65,1966957915.02,1966956913.04,Fiscal
2017,4,Administracion Central,Ministerio De Desarrollo Urbano Y Transporte,Ministerio De Desarrollo Urbano Y Transporte,Ministerio De Desarrollo Urbano Y Transporte,Subs Transito Y Transporte,"Act Com A Los Programas 90,91,92,93,94,96,97,98 Y 99",Servicios Económicos,Transporte,Bienes De Consumo,Bienes De Consumo,63756.0,22982.0,16258.2,2224893.03,1573960.31,Fiscal
2017,4,Administracion Central,Ministerio De Desarrollo Urbano Y Transporte,Ministerio De Desarrollo Urbano Y Transporte,Ministerio De Desarrollo Urbano Y Transporte,Subs Transito Y Transporte,"Act Com A Los Programas 90,91,92,93,94,96,97,98 Y 99",Servicios Económicos,Transporte,Servicios No Personales,Servicios No Personales,14229602.0,27515973.0,25898284.27,2663828063.39,2507219222.53,Fiscal
2017,4,Administracion Central,Ministerio De Desarrollo Urbano Y Transporte,Ministerio De Desarrollo Urbano Y Transporte,Ministerio De Desarrollo Urbano Y Transporte,Subs Transito Y Transporte,"Act Com A Los Programas 90,91,92,93,94,96,97,98 Y 99",Servicios Económicos,Transporte,Bienes De Uso,Maquinaria Y Equipo,0.0,36869.0,33878.9,3569296.89,3279824.58,Fiscal
2017,4,Administracion Central,Ministerio De Desarrollo Urbano Y Transporte,Ministerio De Desarrollo Urbano Y Transporte,Ministerio De Desarrollo Urbano Y Transporte,Unidad Ejecutora Exau3,Recuperacion De La Traza De La Ex-Au3,Servicios Sociales,Promoción Y Acción Social,Gastos En Personal,Remuneraciones Al Personal,5669671.0,7956859.0,7956852.9,770305462.24,770304871.69,Fiscal
2017,4,Administracion Central,Ministerio De Desarrollo Urbano Y Transporte,Ministerio De Desarrollo Urbano Y Transporte,Ministerio De Desarrollo Urbano Y Transporte,Unidad Ejecutora Exau3,Recuperacion De La Traza De La Ex-Au3,Servicios Sociales,Promoción Y Acción Social,Bienes De Consumo,Bienes De Consumo,250317.0,77139.0,77133.67,7467845.42,7467329.42,Fiscal
2017,4,Administracion Central,Ministerio De Desarrollo Urbano Y Transporte,Ministerio De Desarrollo Urbano Y Transporte,Ministerio De Desarrollo Urbano Y Transporte,Unidad Ejecutora Exau3,Recuperacion De La Traza De La Ex-Au3,Servicios Sociales,Promoción Y Acción Social,Servicios No Personales,Servicios No Personales,548732.0,543365.0,541354.01,52603298.3,52408613.86,Fiscal
2017,4,Administracion Central,Ministerio De Desarrollo Urbano Y Transporte,Ministerio De Desarrollo Urbano Y Transporte,Ministerio De Desarrollo Urbano Y Transporte,Unidad Ejecutora Exau3,Recuperacion De La Traza De La Ex-Au3,Servicios Sociales,Promoción Y Acción Social,Bienes De Uso,Maquinaria Y Equipo,38234.0,69490.0,69490.0,6727343.86,6727343.86,Fiscal
2017,4,Administracion Central,Ministerio De Desarrollo Urbano Y Transporte,Ministerio De Desarrollo Urbano Y Transporte,Ministerio De Desarrollo Urbano Y Transporte,Unidad Ejecutora Exau3,Recuperacion De La Traza De La Ex-Au3,Servicios Sociales,Promoción Y Acción Social,Bienes De Uso,Activos Intangibles,37560.0,0.0,0.0,0.0,0.0,Fiscal
2017,4,Administracion Central,Ministerio De Desarrollo Urbano Y Transporte,Ministerio De Desarrollo Urbano Y Transporte,Ministerio De Desarrollo Urbano Y Transporte,Unidad Ejecutora Exau3,Recuperacion De La Traza De La Ex-Au3,Servicios Sociales,Promoción Y Acción Social,Bienes De Uso,Construcciones Del Dominio Privado,2050000.0,5651745.0,3601721.11,547146813.17,348683499.92,Fiscal
2017,4,Administracion Central,Ministerio De Desarrollo Urbano Y Transporte,Ministerio De Desarrollo Urbano Y Transporte,Ministerio De Desarrollo Urbano Y Transporte,Unidad Ejecutora Exau3,Recuperacion De La Traza De La Ex-Au3,Servicios Sociales,Promoción Y Acción Social,Activos Financieros,Activos Financieros,0.0,5218277.0,5218275.64,505182670.27,505182538.61,Fiscal
2017,4,Administracion Central,Ministerio De Desarrollo Urbano Y Transporte,Ministerio De Desarrollo Urbano Y Transporte,Ministerio De Desarrollo Urbano Y Transporte,Unidad Ejecutora Exau3,Recuperacion De La Traza De La Ex-Au3,Servicios Sociales,Promoción Y Acción Social,Servicios No Personales,Servicios No Personales,13727190.0,13840010.0,1336010.0,1339854746.75,129339454.25,Fiscal
2017,4,Administracion Central,Ministerio De Desarrollo Urbano Y Transporte,Ministerio De Desarrollo Urbano Y Transporte,Ministerio De Desarrollo Urbano Y Transporte,Unidad Ejecutora Exau3,Recuperacion Barrio Parque Donado-Holmberg,Servicios Sociales,Vivienda,Transferencias,Al Sector Privado,9900000.0,9900000.0,785000.0,958421416.81,75996041.64,Fiscal
2017,4,Administracion Central,Ministerio De Desarrollo Urbano Y Transporte,Ministerio De Desarrollo Urbano Y Transporte,Ministerio De Desarrollo Urbano Y Transporte,Unidad Ejecutora Exau3,Recuperacion Barrio Parque Donado-Holmberg,Servicios Sociales,Vivienda,Servicios No Personales,Servicios No Personales,17233599.0,16573519.0,805624.94,1604486420.36,77992747.11,Fiscal
2017,4,Administracion Central,Ministerio De Desarrollo Urbano Y Transporte,Ministerio De Desarrollo Urbano Y Transporte,Ministerio De Desarrollo Urbano Y Transporte,Unidad Ejecutora Exau3,Recuperacion Barrio Parque Donado-Holmberg,Servicios Sociales,Vivienda,Bienes De Uso,Construcciones Del Dominio Privado,52760000.0,26956409.0,15090577.4,2609656535.95,1460922482.04,Fiscal
2017,4,Administracion Central,Ministerio De Desarrollo Urbano Y Transporte,Ministerio De Desarrollo Urbano Y Transporte,Ministerio De Desarrollo Urbano Y Transporte,Unidad Ejecutora Exau3,Recuperacion Barrio Parque Donado-Holmberg,Servicios Sociales,Vivienda,Activos Financieros,Activos Financieros,0.0,39735426.0,39735420.99,3846796291.36,3846795806.34,Fiscal
2017,4,Administracion Central,Ministerio De Desarrollo Urbano Y Transporte,Ministerio De Desarrollo Urbano Y Transporte,Ministerio De Desarrollo Urbano Y Transporte,Subsecretaria Obras,"Actividades Comunes A Los Programas 14,16,18,19,20,24,25,31,57 Y 85",Administración Gubernamental,Dirección Ejecutiva,Gastos En Personal,Remuneraciones Al Personal,11410913.0,15319142.0,15319132.99,1483049876.76,1483049004.5,Fiscal
2017,4,Administracion Central,Ministerio De Desarrollo Urbano Y Transporte,Ministerio De Desarrollo Urbano Y Transporte,Ministerio De Desarrollo Urbano Y Transporte,Subsecretaria Obras,"Actividades Comunes A Los Programas 14,16,18,19,20,24,25,31,57 Y 85",Administración Gubernamental,Dirección Ejecutiva,Bienes De Consumo,Bienes De Consumo,364399.0,113675.0,113670.14,11004904.5,11004434.0,Fiscal
2017,4,Administracion Central,Ministerio De Desarrollo Urbano Y Transporte,Ministerio De Desarrollo Urbano Y Transporte,Ministerio De Desarrollo Urbano Y Transporte,Subsecretaria Obras,"Actividades Comunes A Los Programas 14,16,18,19,20,24,25,31,57 Y 85",Administración Gubernamental,Dirección Ejecutiva,Servicios No Personales,Servicios No Personales,3942559.0,4339065.0,4339063.09,420065941.91,420065757.0,Fiscal
2017,4,Administracion Central,Ministerio De Desarrollo Urbano Y Transporte,Ministerio De Desarrollo Urbano Y Transporte,Ministerio De Desarrollo Urbano Y Transporte,Subsecretaria Obras,"Actividades Comunes A Los Programas 14,16,18,19,20,24,25,31,57 Y 85",Administración Gubernamental,Dirección Ejecutiva,Transferencias,Al Sector Público,0.0,87467.0,87467.0,8467701.62,8467701.62,Fiscal
2017,4,Administracion Central,Ministerio De Desarrollo Urbano Y Transporte,Ministerio De Desarrollo Urbano Y Transporte,Ministerio De Desarrollo Urbano Y Transporte,Subsecretaria Obras,"Actividades Comunes A Los Programas 14,16,18,19,20,24,25,31,57 Y 85",Administración Gubernamental,Dirección Ejecutiva,Bienes De Uso,Maquinaria Y Equipo,192328.0,625225.0,625223.95,60528184.88,60528083.23,Fiscal
2017,4,Administracion Central,Ministerio De Desarrollo Urbano Y Transporte,Ministerio De Desarrollo Urbano Y Transporte,Ministerio De Desarrollo Urbano Y Transporte,Dg Obras De Ingenieria Y Arquitectura,Obras De Ingeniería Y Arquitectura,Servicios Económicos,Servicios Urbanos,Gastos En Personal,Remuneraciones Al Personal,2672097.0,3784382.0,3784375.44,366366945.27,366366310.2,Fiscal
2017,4,Administracion Central,Ministerio De Desarrollo Urbano Y Transporte,Ministerio De Desarrollo Urbano Y Transporte,Ministerio De Desarrollo Urbano Y Transporte,Dg Obras De Ingenieria Y Arquitectura,Obras De Ingeniería Y Arquitectura,Servicios Económicos,Servicios Urbanos,Bienes De Consumo,Bienes De Consumo,82940.0,71507.0,71505.95,6922610.13,6922508.48,Fiscal
2017,4,Administracion Central,Ministerio De Desarrollo Urbano Y Transporte,Ministerio De Desarrollo Urbano Y Transporte,Ministerio De Desarrollo Urbano Y Transporte,Dg Obras De Ingenieria Y Arquitectura,Obras De Ingeniería Y Arquitectura,Servicios Económicos,Servicios Urbanos,Servicios No Personales,Servicios No Personales,141730.0,22620.0,22620.0,2189847.72,2189847.72,Fiscal
2017,4,Administracion Central,Ministerio De Desarrollo Urbano Y Transporte,Ministerio De Desarrollo Urbano Y Transporte,Ministerio De Desarrollo Urbano Y Transporte,Dg Obras De Ingenieria Y Arquitectura,Obras De Ingeniería Y Arquitectura,Servicios Económicos,Servicios Urbanos,Bienes De Uso,Maquinaria Y Equipo,75430.0,79888.0,79887.3,7733976.78,7733909.02,Fiscal
2017,4,Administracion Central,Ministerio De Desarrollo Urbano Y Transporte,Ministerio De Desarrollo Urbano Y Transporte,Ministerio De Desarrollo Urbano Y Transporte,Dg Obras De Ingenieria Y Arquitectura,Obras De Ingeniería Y Arquitectura,Servicios Económicos,Servicios Urbanos,Bienes De Uso,Activos Intangibles,25000.0,0.0,0.0,0.0,0.0,Fiscal
2017,4,Administracion Central,Ministerio De Desarrollo Urbano Y Transporte,Ministerio De Desarrollo Urbano Y Transporte,Ministerio De Desarrollo Urbano Y Transporte,Dg Obras De Ingenieria Y Arquitectura,Obras De Ingeniería Y Arquitectura,Servicios Sociales,Cultura,Servicios No Personales,Servicios No Personales,2220000.0,7599467.0,6919466.64,735706255.47,669875254.61,Fiscal
2017,4,Administracion Central,Ministerio De Desarrollo Urbano Y Transporte,Ministerio De Desarrollo Urbano Y Transporte,Ministerio De Desarrollo Urbano Y Transporte,Dg Obras De Ingenieria Y Arquitectura,Obras De Ingeniería Y Arquitectura,Servicios Sociales,Cultura,Bienes De Uso,Construcciones Del Dominio Privado,622076866.0,1078603229.0,1078603227.23,104419841910.56,104419841739.21,Fiscal
2017,4,Administracion Central,Ministerio De Desarrollo Urbano Y Transporte,Ministerio De Desarrollo Urbano Y Transporte,Ministerio De Desarrollo Urbano Y Transporte,Dg Obras De Ingenieria Y Arquitectura,Obras De Ingeniería Y Arquitectura,Servicios Sociales,Cultura,Bienes De Uso,Construcciones Del Dominio Público,127900000.0,104155258.0,103691531.23,10083295953.6,10038402451.79,Fiscal
2017,4,Administracion Central,Ministerio De Desarrollo Urbano Y Transporte,Ministerio De Desarrollo Urbano Y Transporte,Ministerio De Desarrollo Urbano Y Transporte,Dg Obras De Ingenieria Y Arquitectura,Obras De Ingeniería Y Arquitectura,Servicios Sociales,Cultura,Activos Financieros,Activos Financieros,0.0,416596306.0,416596269.05,40330790084.3,40330786507.16,Fiscal
2017,4,Administracion Central,Ministerio De Desarrollo Urbano Y Transporte,Ministerio De Desarrollo Urbano Y Transporte,Ministerio De Desarrollo Urbano Y Transporte,Dg Obras De Ingenieria Y Arquitectura,Ejecucion Y Rehabilitacion De Obras Complementarias,Servicios Económicos,Servicios Urbanos,Gastos En Personal,Remuneraciones Al Personal,8641170.0,14862930.0,14862916.29,1438883881.67,1438882554.4,Fiscal
2017,4,Administracion Central,Ministerio De Desarrollo Urbano Y Transporte,Ministerio De Desarrollo Urbano Y Transporte,Ministerio De Desarrollo Urbano Y Transporte,Dg Obras De Ingenieria Y Arquitectura,Ejecucion Y Rehabilitacion De Obras Complementarias,Servicios Económicos,Servicios Urbanos,Bienes De Consumo,Bienes De Consumo,78045.0,91287.0,90861.92,8837516.76,8796364.66,Fiscal
2017,4,Administracion Central,Ministerio De Desarrollo Urbano Y Transporte,Ministerio De Desarrollo Urbano Y Transporte,Ministerio De Desarrollo Urbano Y Transporte,Dg Obras De Ingenieria Y Arquitectura,Ejecucion Y Rehabilitacion De Obras Complementarias,Servicios Económicos,Servicios Urbanos,Servicios No Personales,Servicios No Personales,950162.0,5530067.0,5530063.9,535367136.28,535366836.17,Fiscal
2017,4,Administracion Central,Ministerio De Desarrollo Urbano Y Transporte,Ministerio De Desarrollo Urbano Y Transporte,Ministerio De Desarrollo Urbano Y Transporte,Dg Obras De Ingenieria Y Arquitectura,Ejecucion Y Rehabilitacion De Obras Complementarias,Servicios Económicos,Servicios Urbanos,Bienes De Uso,Maquinaria Y Equipo,117208.0,71999.0,71999.0,6970240.77,6970240.77,Fiscal
2017,4,Administracion Central,Ministerio De Desarrollo Urbano Y Transporte,Ministerio De Desarrollo Urbano Y Transporte,Ministerio De Desarrollo Urbano Y Transporte,Dg Obras De Ingenieria Y Arquitectura,Ejecucion Y Rehabilitacion De Obras Complementarias,Servicios Económicos,Servicios Urbanos,Bienes De Uso,Activos Intangibles,7001.0,0.0,0.0,0.0,0.0,Fiscal
2017,4,Administracion Central,Ministerio De Desarrollo Urbano Y Transporte,Ministerio De Desarrollo Urbano Y Transporte,Ministerio De Desarrollo Urbano Y Transporte,Dg Obras De Ingenieria Y Arquitectura,Ejecucion Y Rehabilitacion De Obras Complementarias,Servicios Económicos,Servicios Urbanos,Transferencias,Al Sector Público,227200.0,327600.0,327600.0,31715035.97,31715035.97,Fiscal
2017,4,Administracion Central,Ministerio De Desarrollo Urbano Y Transporte,Ministerio De Desarrollo Urbano Y Transporte,Ministerio De Desarrollo Urbano Y Transporte,Dg Obras De Ingenieria Y Arquitectura,Ejecucion Y Rehabilitacion De Obras Complementarias,Servicios Económicos,Servicios Urbanos,Servicios No Personales,Servicios No Personales,3708464.0,5325593.0,4426860.62,515571958.43,428565457.32,Fiscal
2017,4,Administracion Central,Ministerio De Desarrollo Urbano Y Transporte,Ministerio De Desarrollo Urbano Y Transporte,Ministerio De Desarrollo Urbano Y Transporte,Dg Obras De Ingenieria Y Arquitectura,Ejecucion Y Rehabilitacion De Obras Complementarias,Servicios Económicos,Servicios Urbanos,Bienes De Uso,Construcciones Del Dominio Privado,3690000.0,74782628.0,71092626.98,7239724472.79,6882494573.23,Fiscal
2017,4,Administracion Central,Ministerio De Desarrollo Urbano Y Transporte,Ministerio De Desarrollo Urbano Y Transporte,Ministerio De Desarrollo Urbano Y Transporte,Dg Obras De Ingenieria Y Arquitectura,Ejecucion Y Rehabilitacion De Obras Complementarias,Servicios Económicos,Servicios Urbanos,Bienes De Uso,Construcciones Del Dominio Público,0.0,6275867.0,6275866.33,607568216.35,607568151.49,Fiscal
2017,4,Administracion Central,Ministerio De Desarrollo Urbano Y Transporte,Ministerio De Desarrollo Urbano Y Transporte,Ministerio De Desarrollo Urbano Y Transporte,Dg Obras De Ingenieria Y Arquitectura,Ejecucion Y Rehabilitacion De Obras Complementarias,Servicios Sociales,Educación,Bienes De Uso,Construcciones Del Dominio Privado,575000.0,606000.0,30756.49,58667007.94,2977543.31,Fiscal
2017,4,Administracion Central,Ministerio De Desarrollo Urbano Y Transporte,Ministerio De Desarrollo Urbano Y Transporte,Ministerio De Desarrollo Urbano Y Transporte,Dg Obras Infraestructura Urbana,Obras Infraestructura Urbana En Red De Subterraneos,Servicios Económicos,Transporte,Bienes De Consumo,Bienes De Consumo,62700.0,8737.0,8734.98,845831.1,845635.55,Fiscal
2017,4,Administracion Central,Ministerio De Desarrollo Urbano Y Transporte,Ministerio De Desarrollo Urbano Y Transporte,Ministerio De Desarrollo Urbano Y Transporte,Dg Obras Infraestructura Urbana,Obras Infraestructura Urbana En Red De Subterraneos,Servicios Económicos,Transporte,Servicios No Personales,Servicios No Personales,185151.0,2025.0,2024.4,196040.74,195982.66,Fiscal
2017,4,Administracion Central,Ministerio De Desarrollo Urbano Y Transporte,Ministerio De Desarrollo Urbano Y Transporte,Ministerio De Desarrollo Urbano Y Transporte,Dg Obras Infraestructura Urbana,Obras Infraestructura Urbana En Red De Subterraneos,Servicios Económicos,Transporte,Bienes De Uso,Maquinaria Y Equipo,16500.0,0.0,0.0,0.0,0.0,Fiscal
2017,4,Administracion Central,Ministerio De Desarrollo Urbano Y Transporte,Ministerio De Desarrollo Urbano Y Transporte,Ministerio De Desarrollo Urbano Y Transporte,Dg Obras Infraestructura Urbana,Obras Infraestructura Urbana En Red De Subterraneos,Servicios Económicos,Transporte,Servicios No Personales,Servicios No Personales,2244722.0,2525512.0,2441507.0,244495433.25,236362888.7,Fiscal
2017,4,Administracion Central,Ministerio De Desarrollo Urbano Y Transporte,Ministerio De Desarrollo Urbano Y Transporte,Ministerio De Desarrollo Urbano Y Transporte,Dg Obras Infraestructura Urbana,Obras Infraestructura Urbana En Red De Subterraneos,Servicios Económicos,Transporte,Bienes De Uso,Construcciones Del Dominio Privado,913675278.0,2026856313.0,2025069164.68,196220454462.3,196047440197.16,Fiscal
2017,4,Administracion Central,Ministerio De Desarrollo Urbano Y Transporte,Ministerio De Desarrollo Urbano Y Transporte,Ministerio De Desarrollo Urbano Y Transporte,Dg Obras Infraestructura Urbana,Obras De Infraestructura Urbana,Servicios Económicos,Servicios Urbanos,Gastos En Personal,Remuneraciones Al Personal,12874403.0,16069154.0,16069133.81,1555658721.58,1555656766.98,Fiscal
2017,4,Administracion Central,Ministerio De Desarrollo Urbano Y Transporte,Ministerio De Desarrollo Urbano Y Transporte,Ministerio De Desarrollo Urbano Y Transporte,Dg Obras Infraestructura Urbana,Obras De Infraestructura Urbana,Servicios Económicos,Servicios Urbanos,Bienes De Consumo,Bienes De Consumo,73781.0,75377.0,75373.67,7297265.77,7296943.39,Fiscal
2017,4,Administracion Central,Ministerio De Desarrollo Urbano Y Transporte,Ministerio De Desarrollo Urbano Y Transporte,Ministerio De Desarrollo Urbano Y Transporte,Dg Obras Infraestructura Urbana,Obras De Infraestructura Urbana,Servicios Económicos,Servicios Urbanos,Servicios No Personales,Servicios No Personales,635205.0,961289.0,961288.6,93062622.76,93062584.04,Fiscal
2017,4,Administracion Central,Ministerio De Desarrollo Urbano Y Transporte,Ministerio De Desarrollo Urbano Y Transporte,Ministerio De Desarrollo Urbano Y Transporte,Dg Obras Infraestructura Urbana,Obras De Infraestructura Urbana,Servicios Económicos,Servicios Urbanos,Bienes De Uso,Maquinaria Y Equipo,59400.0,87841.0,87840.86,8503908.65,8503895.1,Fiscal
2017,4,Administracion Central,Ministerio De Desarrollo Urbano Y Transporte,Ministerio De Desarrollo Urbano Y Transporte,Ministerio De Desarrollo Urbano Y Transporte,Dg Obras Infraestructura Urbana,Obras De Infraestructura Urbana,Servicios Económicos,Servicios Urbanos,Servicios No Personales,Servicios No Personales,1989263.0,13517953.0,13281174.07,1308676329.96,1285753703.95,Fiscal
2017,4,Administracion Central,Ministerio De Desarrollo Urbano Y Transporte,Ministerio De Desarrollo Urbano Y Transporte,Ministerio De Desarrollo Urbano Y Transporte,Dg Obras Infraestructura Urbana,Obras De Infraestructura Urbana,Servicios Económicos,Servicios Urbanos,Bienes De Uso,Construcciones Del Dominio Público,0.0,164431452.0,161931839.57,15918649009.5,15676660919.94,Fiscal
2017,4,Administracion Central,Ministerio De Desarrollo Urbano Y Transporte,Ministerio De Desarrollo Urbano Y Transporte,Ministerio De Desarrollo Urbano Y Transporte,Dg Obras Infraestructura Urbana,Obras De Infraestructura Urbana,Servicios Económicos,Servicios Urbanos,Activos Financieros,Activos Financieros,0.0,130982238.0,130982003.63,12680422436.46,12680399747.04,Fiscal
2017,4,Administracion Central,Ministerio De Desarrollo Urbano Y Transporte,Ministerio De Desarrollo Urbano Y Transporte,Ministerio De Desarrollo Urbano Y Transporte,Dg Obras Infraestructura Urbana,Obras De Infraestructura Urbana,Servicios Económicos,Servicios Urbanos,Bienes De Uso,Construcciones Del Dominio Privado,0.0,135754664.0,135753206.13,13142442162.58,13142301025.83,Fiscal
2017,4,Administracion Central,Ministerio De Desarrollo Urbano Y Transporte,Ministerio De Desarrollo Urbano Y Transporte,Ministerio De Desarrollo Urbano Y Transporte,Dg Obras Infraestructura Urbana,Obras De Infraestructura Urbana,Servicios Económicos,Servicios Urbanos,Bienes De Uso,Bienes De Uso,0.0,23663623.0,23663622.3,2290881119.45,2290881051.68,Fiscal
2017,4,Administracion Central,Ministerio De Desarrollo Urbano Y Transporte,Ministerio De Desarrollo Urbano Y Transporte,Ministerio De Desarrollo Urbano Y Transporte,Subsecretaria De Planeamiento,"Actividades Comunes A Los Programas 64,65 Y 71",Administración Gubernamental,Dirección Ejecutiva,Gastos En Personal,Remuneraciones Al Personal,16273905.0,19193087.0,19179734.56,1858087437.93,1856794784.95,Fiscal
2017,4,Administracion Central,Ministerio De Desarrollo Urbano Y Transporte,Ministerio De Desarrollo Urbano Y Transporte,Ministerio De Desarrollo Urbano Y Transporte,Subsecretaria De Planeamiento,"Actividades Comunes A Los Programas 64,65 Y 71",Administración Gubernamental,Dirección Ejecutiva,Bienes De Consumo,Bienes De Consumo,432988.0,153254.0,153244.17,14836557.15,14835605.51,Fiscal
2017,4,Administracion Central,Ministerio De Desarrollo Urbano Y Transporte,Ministerio De Desarrollo Urbano Y Transporte,Ministerio De Desarrollo Urbano Y Transporte,Subsecretaria De Planeamiento,"Actividades Comunes A Los Programas 64,65 Y 71",Administración Gubernamental,Dirección Ejecutiva,Servicios No Personales,Servicios No Personales,5521848.0,5268544.0,5018542.24,510049030.81,485846299.39,Fiscal
2017,4,Administracion Central,Ministerio De Desarrollo Urbano Y Transporte,Ministerio De Desarrollo Urbano Y Transporte,Ministerio De Desarrollo Urbano Y Transporte,Subsecretaria De Planeamiento,"Actividades Comunes A Los Programas 64,65 Y 71",Administración Gubernamental,Dirección Ejecutiva,Bienes De Uso,Maquinaria Y Equipo,549100.0,314468.0,314467.67,30443723.85,30443691.9,Fiscal
2017,4,Administracion Central,Ministerio De Desarrollo Urbano Y Transporte,Ministerio De Desarrollo Urbano Y Transporte,Ministerio De Desarrollo Urbano Y Transporte,Subsecretaria De Planeamiento,Actualizacion Urbana,Servicios Económicos,Servicios Urbanos,Bienes De Consumo,Bienes De Consumo,68409.0,39716.0,39714.4,3844915.66,3844760.76,Fiscal
2017,4,Administracion Central,Ministerio De Desarrollo Urbano Y Transporte,Ministerio De Desarrollo Urbano Y Transporte,Ministerio De Desarrollo Urbano Y Transporte,Subsecretaria De Planeamiento,Actualizacion Urbana,Servicios Económicos,Servicios Urbanos,Servicios No Personales,Servicios No Personales,25795.0,9361.0,9361.0,906240.7,906240.7,Fiscal
2017,4,Administracion Central,Ministerio De Desarrollo Urbano Y Transporte,Ministerio De Desarrollo Urbano Y Transporte,Ministerio De Desarrollo Urbano Y Transporte,Subsecretaria De Planeamiento,Actualizacion Urbana,Servicios Económicos,Servicios Urbanos,Bienes De Uso,Maquinaria Y Equipo,12000.0,12000.0,12000.0,1161722.93,1161722.93,Fiscal
2017,4,Administracion Central,Ministerio De Desarrollo Urbano Y Transporte,Ministerio De Desarrollo Urbano Y Transporte,Ministerio De Desarrollo Urbano Y Transporte,Subsecretaria De Planeamiento,Actualizacion Urbana,Servicios Económicos,Servicios Urbanos,Bienes De Uso,Activos Intangibles,15720.0,360000.0,360000.0,34851687.88,34851687.88,Fiscal
2017,4,Administracion Central,Ministerio De Desarrollo Urbano Y Transporte,Ministerio De Desarrollo Urbano Y Transporte,Ministerio De Desarrollo Urbano Y Transporte,Subsecretaria De Planeamiento,Actualizacion Urbana,Servicios Económicos,Servicios Urbanos,Servicios No Personales,Servicios No Personales,815221.0,10204208.0,10150040.0,987871867.55,982627850.25,Fiscal
2017,4,Administracion Central,Ministerio De Desarrollo Urbano Y Transporte,Ministerio De Desarrollo Urbano Y Transporte,Ministerio De Desarrollo Urbano Y Transporte,D.G.Cuerpo Agentes De Conrol Transito Y Seguridad Vial,Ordenamiento Y Control De Tránsito Y Seguridad Vial,Servicios De Seguridad,Seguridad Interior,Gastos En Personal,Remuneraciones Al Personal,259819523.0,300562760.0,300559060.15,29097554169.66,29097195986.28,Fiscal
2017,4,Administracion Central,Ministerio De Desarrollo Urbano Y Transporte,Ministerio De Desarrollo Urbano Y Transporte,Ministerio De Desarrollo Urbano Y Transporte,D.G.Cuerpo Agentes De Conrol Transito Y Seguridad Vial,Ordenamiento Y Control De Tránsito Y Seguridad Vial,Servicios De Seguridad,Seguridad Interior,Bienes De Consumo,Bienes De Consumo,16135899.0,5595081.0,5595074.13,541661157.49,541660492.41,Fiscal
2017,4,Administracion Central,Ministerio De Desarrollo Urbano Y Transporte,Ministerio De Desarrollo Urbano Y Transporte,Ministerio De Desarrollo Urbano Y Transporte,D.G.Cuerpo Agentes De Conrol Transito Y Seguridad Vial,Ordenamiento Y Control De Tránsito Y Seguridad Vial,Servicios De Seguridad,Seguridad Interior,Servicios No Personales,Servicios No Personales,254217173.0,391702525.0,385249348.41,37920817068.56,37296083467.52,Fiscal
2017,4,Administracion Central,Ministerio De Desarrollo Urbano Y Transporte,Ministerio De Desarrollo Urbano Y Transporte,Ministerio De Desarrollo Urbano Y Transporte,D.G.Cuerpo Agentes De Conrol Transito Y Seguridad Vial,Ordenamiento Y Control De Tránsito Y Seguridad Vial,Servicios De Seguridad,Seguridad Interior,Bienes De Uso,Maquinaria Y Equipo,9145168.0,13702283.0,10327477.41,1326521362.26,999805609.23,Fiscal
2017,4,Administracion Central,Ministerio De Desarrollo Urbano Y Transporte,Ministerio De Desarrollo Urbano Y Transporte,Ministerio De Desarrollo Urbano Y Transporte,D.G.Cuerpo Agentes De Conrol Transito Y Seguridad Vial,Ordenamiento Y Control De Tránsito Y Seguridad Vial,Servicios De Seguridad,Seguridad Interior,Bienes De Uso,Activos Intangibles,0.0,1100000.0,700000.0,106491268.53,67767170.89,Fiscal
2017,4,Administracion Central,Ministerio De Desarrollo Urbano Y Transporte,Ministerio De Desarrollo Urbano Y Transporte,Ministerio De Desarrollo Urbano Y Transporte,D.G.Cuerpo Agentes De Conrol Transito Y Seguridad Vial,Ordenamiento Y Control De Tránsito Y Seguridad Vial,Servicios De Seguridad,Seguridad Interior,Bienes De Consumo,Bienes De Consumo,0.0,173175.0,173172.27,16765114.03,16764849.73,Fiscal
2017,4,Administracion Central,Ministerio De Desarrollo Urbano Y Transporte,Ministerio De Desarrollo Urbano Y Transporte,Ministerio De Desarrollo Urbano Y Transporte,D.G.Cuerpo Agentes De Conrol Transito Y Seguridad Vial,Ordenamiento Y Control De Tránsito Y Seguridad Vial,Servicios De Seguridad,Seguridad Interior,Servicios No Personales,Servicios No Personales,0.0,5572124.0,5572123.3,539438684.72,539438616.95,Fiscal
2017,4,Administracion Central,Ministerio De Desarrollo Urbano Y Transporte,Ministerio De Desarrollo Urbano Y Transporte,Ministerio De Desarrollo Urbano Y Transporte,D.G.Cuerpo Agentes De Conrol Transito Y Seguridad Vial,Ordenamiento Y Control De Tránsito Y Seguridad Vial,Servicios De Seguridad,Seguridad Interior,Bienes De Uso,Bienes De Uso,0.0,3660018.0,3660016.7,354327236.07,354327110.22,Fiscal
2017,4,Administracion Central,Ministerio De Desarrollo Urbano Y Transporte,Ministerio De Desarrollo Urbano Y Transporte,Ministerio De Desarrollo Urbano Y Transporte,Direccion General Relocalización Y Gestion Integral De Edificios Caba,Relocalizacion Y Gestion Integral Edificios Caba,Administración Gubernamental,Dirección Ejecutiva,Gastos En Personal,Remuneraciones Al Personal,11433149.0,17700928.0,17700921.91,1713631160.87,1713630571.3,Fiscal
2017,4,Administracion Central,Ministerio De Desarrollo Urbano Y Transporte,Ministerio De Desarrollo Urbano Y Transporte,Ministerio De Desarrollo Urbano Y Transporte,Direccion General Relocalización Y Gestion Integral De Edificios Caba,Relocalizacion Y Gestion Integral Edificios Caba,Administración Gubernamental,Dirección Ejecutiva,Bienes De Consumo,Bienes De Consumo,2135000.0,1633905.0,1527287.55,158178741.92,147857080.56,Fiscal
2017,4,Administracion Central,Ministerio De Desarrollo Urbano Y Transporte,Ministerio De Desarrollo Urbano Y Transporte,Ministerio De Desarrollo Urbano Y Transporte,Direccion General Relocalización Y Gestion Integral De Edificios Caba,Relocalizacion Y Gestion Integral Edificios Caba,Administración Gubernamental,Dirección Ejecutiva,Servicios No Personales,Servicios No Personales,9234973.0,19190330.0,19116844.79,1857820532.09,1850706410.97,Fiscal
2017,4,Administracion Central,Ministerio De Desarrollo Urbano Y Transporte,Ministerio De Desarrollo Urbano Y Transporte,Ministerio De Desarrollo Urbano Y Transporte,Direccion General Relocalización Y Gestion Integral De Edificios Caba,Relocalizacion Y Gestion Integral Edificios Caba,Administración Gubernamental,Dirección Ejecutiva,Bienes De Uso,Maquinaria Y Equipo,2635000.0,2046580.0,2046579.25,198129909.42,198129836.81,Fiscal
2017,4,Administracion Central,Ministerio De Desarrollo Urbano Y Transporte,Ministerio De Desarrollo Urbano Y Transporte,Ministerio De Desarrollo Urbano Y Transporte,Direccion General Relocalización Y Gestion Integral De Edificios Caba,Relocalizacion Y Gestion Integral Edificios Caba,Administración Gubernamental,Dirección Ejecutiva,Bienes De Uso,Bienes De Uso,0.0,99966306.0,99938354.83,9677762487.86,9675056528.27,Fiscal
2017,4,Administracion Central,Ministerio De Desarrollo Urbano Y Transporte,Ministerio De Desarrollo Urbano Y Transporte,Ministerio De Desarrollo Urbano Y Transporte,Direccion General Relocalización Y Gestion Integral De Edificios Caba,Relocalizacion Y Gestion Integral Edificios Caba,Administración Gubernamental,Dirección Ejecutiva,Bienes De Uso,Construcciones Del Dominio Privado,0.0,2428088.0,2428087.11,235063792.03,235063705.87,Fiscal
2017,4,Administracion Central,Ministerio De Desarrollo Urbano Y Transporte,Ministerio De Desarrollo Urbano Y Transporte,Ministerio De Desarrollo Urbano Y Transporte,Direccion General Relocalización Y Gestion Integral De Edificios Caba,Relocalizacion Y Gestion Integral Edificios Caba,Administración Gubernamental,Dirección Ejecutiva,Activos Financieros,Activos Financieros,0.0,6719580.0,6719580.0,650524180.2,650524180.2,Fiscal
2017,4,Administracion Central,Ministerio De Desarrollo Urbano Y Transporte,Ministerio De Desarrollo Urbano Y Transporte,Ministerio De Desarrollo Urbano Y Transporte,Dg.Infraestructura De Transporte,Transporte Masivo Buses Rapidos,Servicios Económicos,Transporte,Bienes De Consumo,Bienes De Consumo,66000.0,47142.0,47139.48,4563828.53,4563584.57,Fiscal
2017,4,Administracion Central,Ministerio De Desarrollo Urbano Y Transporte,Ministerio De Desarrollo Urbano Y Transporte,Ministerio De Desarrollo Urbano Y Transporte,Dg.Infraestructura De Transporte,Transporte Masivo Buses Rapidos,Servicios Económicos,Transporte,Servicios No Personales,Servicios No Personales,12270017.0,11064413.0,11064413.0,1071148523.6,1071148523.6,Fiscal
2017,4,Administracion Central,Ministerio De Desarrollo Urbano Y Transporte,Ministerio De Desarrollo Urbano Y Transporte,Ministerio De Desarrollo Urbano Y Transporte,Dg.Infraestructura De Transporte,Transporte Masivo Buses Rapidos,Servicios Económicos,Transporte,Bienes De Uso,Maquinaria Y Equipo,0.0,39171.0,39170.66,3792154.07,3792121.16,Fiscal
2017,4,Administracion Central,Ministerio De Desarrollo Urbano Y Transporte,Ministerio De Desarrollo Urbano Y Transporte,Ministerio De Desarrollo Urbano Y Transporte,Dg.Infraestructura De Transporte,Transporte Masivo Buses Rapidos,Servicios Económicos,Transporte,Bienes De Uso,Construcciones Del Dominio Público,208656000.0,519573054.0,518470614.21,50299994197.1,50193266731.9,Fiscal
2017,4,Administracion Central,Ministerio De Desarrollo Urbano Y Transporte,Ministerio De Desarrollo Urbano Y Transporte,Ministerio De Desarrollo Urbano Y Transporte,Dg.Infraestructura De Transporte,Transporte Masivo Buses Rapidos,Servicios Económicos,Transporte,Bienes De Uso,Bienes De Uso,0.0,141506755.0,141506754.06,13699303496.5,13699303405.5,Fiscal
2017,4,Administracion Central,Ministerio De Desarrollo Urbano Y Transporte,Ministerio De Desarrollo Urbano Y Transporte,Ministerio De Desarrollo Urbano Y Transporte,Dg.Infraestructura De Transporte,Transporte Masivo Buses Rapidos,Servicios Económicos,Transporte,Activos Financieros,Activos Financieros,89424000.0,111524564.0,111524560.57,10796720266.47,10796719934.41,Fiscal
2017,4,Administracion Central,Ministerio De Desarrollo Urbano Y Transporte,Ministerio De Desarrollo Urbano Y Transporte,Ministerio De Desarrollo Urbano Y Transporte,Dg.Infraestructura De Transporte,Transporte Masivo Buses Rapidos,Servicios Económicos,Transporte,Servicios No Personales,Servicios No Personales,0.0,4446723.0,4446723.0,430488339.17,430488339.17,Fiscal
2017,4,Administracion Central,Ministerio De Desarrollo Urbano Y Transporte,Ministerio De Desarrollo Urbano Y Transporte,Ministerio De Desarrollo Urbano Y Transporte,Dg.Infraestructura De Transporte,Transporte Masivo Buses Rapidos,Servicios Económicos,Transporte,Transferencias,Transferencias,0.0,1670000.0,1470000.0,161673107.68,142311058.86,Fiscal
2017,4,Administracion Central,Ministerio De Desarrollo Urbano Y Transporte,Ministerio De Desarrollo Urbano Y Transporte,Ministerio De Desarrollo Urbano Y Transporte,Dg.Infraestructura De Transporte,Infraestructura De Sistemas De Transporte,Servicios Económicos,Transporte,Bienes De Uso,Construcciones Del Dominio Público,239173422.0,66134816.0,66134815.12,6402527681.94,6402527596.75,Fiscal
2017,4,Administracion Central,Ministerio De Desarrollo Urbano Y Transporte,Ministerio De Desarrollo Urbano Y Transporte,Ministerio De Desarrollo Urbano Y Transporte,Dg.Infraestructura De Transporte,Infraestructura De Sistemas De Transporte,Servicios Económicos,Transporte,Activos Financieros,Activos Financieros,0.0,23531505.0,23531501.12,2278090743.61,2278090367.99,Fiscal
2017,4,Administracion Central,Ministerio De Desarrollo Urbano Y Transporte,Ministerio De Desarrollo Urbano Y Transporte,Ministerio De Desarrollo Urbano Y Transporte,Dg.Infraestructura De Transporte,Infraestructura De Sistemas De Transporte,Servicios Económicos,Transporte,Bienes De Uso,Construcciones Del Dominio Privado,0.0,22056304.0,22056303.28,2135276174.68,2135276104.97,Fiscal
2017,4,Administracion Central,Ministerio De Desarrollo Urbano Y Transporte,Ministerio De Desarrollo Urbano Y Transporte,Ministerio De Desarrollo Urbano Y Transporte,Upe Movilidad Saludable,Sistema De Transporte Público Por Bicicleta,Servicios Económicos,Ecología,Gastos En Personal,Remuneraciones Al Personal,1955325.0,2058647.0,2058642.17,199298118.63,199297651.04,Fiscal
2017,4,Administracion Central,Ministerio De Desarrollo Urbano Y Transporte,Ministerio De Desarrollo Urbano Y Transporte,Ministerio De Desarrollo Urbano Y Transporte,Upe Movilidad Saludable,Sistema De Transporte Público Por Bicicleta,Servicios Económicos,Ecología,Bienes De Consumo,Bienes De Consumo,10970000.0,759075.0,756880.19,73486236.06,73273755.97,Fiscal
2017,4,Administracion Central,Ministerio De Desarrollo Urbano Y Transporte,Ministerio De Desarrollo Urbano Y Transporte,Ministerio De Desarrollo Urbano Y Transporte,Upe Movilidad Saludable,Sistema De Transporte Público Por Bicicleta,Servicios Económicos,Ecología,Servicios No Personales,Servicios No Personales,31425374.0,25334579.0,25326409.64,2452646777.73,2451855899.99,Fiscal
2017,4,Administracion Central,Ministerio De Desarrollo Urbano Y Transporte,Ministerio De Desarrollo Urbano Y Transporte,Ministerio De Desarrollo Urbano Y Transporte,Upe Movilidad Saludable,Sistema De Transporte Público Por Bicicleta,Servicios Económicos,Ecología,Bienes De Uso,Maquinaria Y Equipo,200000.0,428809.0,385829.5,41513103.97,37352248.08,Fiscal
2017,4,Administracion Central,Ministerio De Desarrollo Urbano Y Transporte,Ministerio De Desarrollo Urbano Y Transporte,Ministerio De Desarrollo Urbano Y Transporte,Upe Movilidad Saludable,Mejora De La Infraestructura Para La Movilidad Saludable,Servicios Económicos,Ecología,Bienes De Uso,Construcciones Del Dominio Público,118500457.0,89233357.0,89233351.99,8638703075.02,8638702590.0,Fiscal
2017,4,Administracion Central,Ministerio De Desarrollo Urbano Y Transporte,Ministerio De Desarrollo Urbano Y Transporte,Ministerio De Desarrollo Urbano Y Transporte,Upe Movilidad Saludable,Mejora De La Infraestructura Para La Movilidad Saludable,Servicios Económicos,Ecología,Activos Financieros,Activos Financieros,0.0,6774808.0,6774807.63,655870816.36,655870780.54,Fiscal
2017,4,Administracion Central,Ministerio De Desarrollo Urbano Y Transporte,Ministerio De Desarrollo Urbano Y Transporte,Ministerio De Desarrollo Urbano Y Transporte,Upe Movilidad Saludable,Mejora De La Infraestructura Para La Movilidad Saludable,Servicios Económicos,Ecología,Bienes De Consumo,Bienes De Consumo,4562500.0,3814993.0,3709990.88,369330403.65,359165122.78,Fiscal
2017,4,Administracion Central,Ministerio De Desarrollo Urbano Y Transporte,Ministerio De Desarrollo Urbano Y Transporte,Ministerio De Desarrollo Urbano Y Transporte,Upe Movilidad Saludable,Mejora De La Infraestructura Para La Movilidad Saludable,Servicios Económicos,Ecología,Servicios No Personales,Servicios No Personales,9976900.0,15051480.0,14931395.93,1457137453.2,1445512085.07,Fiscal
2017,4,Administracion Central,Ministerio De Desarrollo Urbano Y Transporte,Ministerio De Desarrollo Urbano Y Transporte,Ministerio De Desarrollo Urbano Y Transporte,Upe Movilidad Saludable,Mejora De La Infraestructura Para La Movilidad Saludable,Servicios Económicos,Ecología,Bienes De Uso,Bienes De Uso,17060722.0,49419064.0,48899555.38,4784271650.13,4733977893.81,Fiscal
2017,4,Administracion Central,Ministerio De Desarrollo Urbano Y Transporte,Ministerio De Desarrollo Urbano Y Transporte,Ministerio De Desarrollo Urbano Y Transporte,Dg.Habilitacion De Conductores Y Transporte,Emisión De Licencias,Servicios Económicos,Transporte,Gastos En Personal,Remuneraciones Al Personal,113754251.0,111288663.0,111288612.99,10773882633.07,10773877791.59,Fiscal
2017,4,Administracion Central,Ministerio De Desarrollo Urbano Y Transporte,Ministerio De Desarrollo Urbano Y Transporte,Ministerio De Desarrollo Urbano Y Transporte,Dg.Habilitacion De Conductores Y Transporte,Emisión De Licencias,Servicios Económicos,Transporte,Bienes De Consumo,Bienes De Consumo,1780750.0,1440086.0,823724.48,139415077.22,79744968.0,Fiscal
2017,4,Administracion Central,Ministerio De Desarrollo Urbano Y Transporte,Ministerio De Desarrollo Urbano Y Transporte,Ministerio De Desarrollo Urbano Y Transporte,Dg.Habilitacion De Conductores Y Transporte,Emisión De Licencias,Servicios Económicos,Transporte,Servicios No Personales,Servicios No Personales,29096411.0,30107080.0,30005681.32,2914673764.61,2904857333.64,Fiscal
2017,4,Administracion Central,Ministerio De Desarrollo Urbano Y Transporte,Ministerio De Desarrollo Urbano Y Transporte,Ministerio De Desarrollo Urbano Y Transporte,Dg.Habilitacion De Conductores Y Transporte,Emisión De Licencias,Servicios Económicos,Transporte,Bienes De Uso,Maquinaria Y Equipo,988044.0,592319.0,592318.84,57342546.99,57342531.5,Fiscal
2017,4,Administracion Central,Ministerio De Desarrollo Urbano Y Transporte,Ministerio De Desarrollo Urbano Y Transporte,Ministerio De Desarrollo Urbano Y Transporte,Dg.Habilitacion De Conductores Y Transporte,Emisión De Licencias,Servicios Económicos,Transporte,Bienes De Uso,Construcciones Del Dominio Privado,0.0,10436189.0,10436188.7,1010330004.8,1010329975.75,Fiscal
2017,4,Administracion Central,Ministerio De Desarrollo Urbano Y Transporte,Ministerio De Desarrollo Urbano Y Transporte,Ministerio De Desarrollo Urbano Y Transporte,Dg.Habilitacion De Conductores Y Transporte,Emisión De Licencias,Servicios Económicos,Transporte,Bienes De Uso,Bienes De Uso,0.0,1574972.0,1398703.69,152473423.81,135408845.68,Fiscal
2017,4,Administracion Central,Ministerio De Desarrollo Urbano Y Transporte,Ministerio De Desarrollo Urbano Y Transporte,Ministerio De Desarrollo Urbano Y Transporte,Dg.Habilitacion De Conductores Y Transporte,Emisión De Licencias,Servicios Económicos,Transporte,Activos Financieros,Activos Financieros,0.0,4472653.0,4472652.3,432998628.8,432998561.04,Fiscal
2017,4,Administracion Central,Ministerio De Desarrollo Urbano Y Transporte,Ministerio De Desarrollo Urbano Y Transporte,Ministerio De Desarrollo Urbano Y Transporte,Dg.Habilitacion De Conductores Y Transporte,Emisión De Licencias,Servicios Económicos,Transporte,Servicios No Personales,Servicios No Personales,0.0,4828801.0,4828801.0,467477403.63,467477403.63,Fiscal
2017,4,Administracion Central,Ministerio De Desarrollo Urbano Y Transporte,Ministerio De Desarrollo Urbano Y Transporte,Ministerio De Desarrollo Urbano Y Transporte,Dg.Habilitacion De Conductores Y Transporte,Ba Taxis,Servicios Económicos,Transporte,Servicios No Personales,Servicios No Personales,0.0,3051208.0,2972307.01,295388191.35,287749767.24,Fiscal
2017,4,Administracion Central,Ministerio De Desarrollo Urbano Y Transporte,Ministerio De Desarrollo Urbano Y Transporte,Ministerio De Desarrollo Urbano Y Transporte,Dg.Habilitacion De Conductores Y Transporte,Ba Taxis,Servicios Económicos,Transporte,Bienes De Uso,Activos Intangibles,0.0,240000.0,240000.0,23234458.59,23234458.59,Fiscal
2017,4,Administracion Central,Ministerio De Desarrollo Urbano Y Transporte,Ministerio De Desarrollo Urbano Y Transporte,Ministerio De Desarrollo Urbano Y Transporte,Ss.Movilidad Sustentable Y Segura,"Actividades Comunes A Los Programas 51,52,53, Y 56",Servicios Económicos,Transporte,Gastos En Personal,Remuneraciones Al Personal,8140252.0,8032560.0,8032553.73,777634094.53,777633487.53,Fiscal
2017,4,Administracion Central,Ministerio De Desarrollo Urbano Y Transporte,Ministerio De Desarrollo Urbano Y Transporte,Ministerio De Desarrollo Urbano Y Transporte,Ss.Movilidad Sustentable Y Segura,"Actividades Comunes A Los Programas 51,52,53, Y 56",Servicios Económicos,Transporte,Bienes De Consumo,Bienes De Consumo,213918.0,3595491.0,3595486.21,348080361.45,348079897.73,Fiscal
2017,4,Administracion Central,Ministerio De Desarrollo Urbano Y Transporte,Ministerio De Desarrollo Urbano Y Transporte,Ministerio De Desarrollo Urbano Y Transporte,Ss.Movilidad Sustentable Y Segura,"Actividades Comunes A Los Programas 51,52,53, Y 56",Servicios Económicos,Transporte,Servicios No Personales,Servicios No Personales,3261900.0,7203778.0,6994700.05,697399506.78,677158619.4,Fiscal
2017,4,Administracion Central,Ministerio De Desarrollo Urbano Y Transporte,Ministerio De Desarrollo Urbano Y Transporte,Ministerio De Desarrollo Urbano Y Transporte,Ss.Movilidad Sustentable Y Segura,"Actividades Comunes A Los Programas 51,52,53, Y 56",Servicios Económicos,Transporte,Bienes De Uso,Maquinaria Y Equipo,0.0,1437163.0,1437161.03,139132100.87,139131910.16,Fiscal
2017,4,Administracion Central,Ministerio De Desarrollo Urbano Y Transporte,Ministerio De Desarrollo Urbano Y Transporte,Ministerio De Desarrollo Urbano Y Transporte,Direccion General De Registros,Catastro,Servicios Económicos,Servicios Urbanos,Gastos En Personal,Remuneraciones Al Personal,48238114.0,58228910.0,58228902.58,5637154992.07,5637154273.74,Fiscal
2017,4,Administracion Central,Ministerio De Desarrollo Urbano Y Transporte,Ministerio De Desarrollo Urbano Y Transporte,Ministerio De Desarrollo Urbano Y Transporte,Direccion General De Registros,Catastro,Servicios Económicos,Servicios Urbanos,Bienes De Consumo,Bienes De Consumo,377637.0,212366.0,212363.19,20559204.3,20558932.27,Fiscal
2017,4,Administracion Central,Ministerio De Desarrollo Urbano Y Transporte,Ministerio De Desarrollo Urbano Y Transporte,Ministerio De Desarrollo Urbano Y Transporte,Direccion General De Registros,Catastro,Servicios Económicos,Servicios Urbanos,Servicios No Personales,Servicios No Personales,17556991.0,21145738.0,20864688.91,2047124057.93,2019915626.91,Fiscal
2017,4,Administracion Central,Ministerio De Desarrollo Urbano Y Transporte,Ministerio De Desarrollo Urbano Y Transporte,Ministerio De Desarrollo Urbano Y Transporte,Direccion General De Registros,Catastro,Servicios Económicos,Servicios Urbanos,Bienes De Uso,Maquinaria Y Equipo,378503.0,19278.0,19277.1,1866307.89,1866220.76,Fiscal
2017,4,Administracion Central,Ministerio De Desarrollo Urbano Y Transporte,Ministerio De Desarrollo Urbano Y Transporte,Ministerio De Desarrollo Urbano Y Transporte,Direccion General De Registros,Catastro,Servicios Económicos,Servicios Urbanos,Transferencias,Al Sector Público,75068.0,62000.0,62000.0,6002235.14,6002235.14,Fiscal
2017,4,Administracion Central,Ministerio De Desarrollo Urbano Y Transporte,Ministerio De Desarrollo Urbano Y Transporte,Ministerio De Desarrollo Urbano Y Transporte,Direccion General De Registros,Registro De Obras E Instalaciones,Servicios Económicos,Servicios Urbanos,Gastos En Personal,Remuneraciones Al Personal,23373273.0,37094715.0,37094702.19,3591148414.8,3591147174.66,Fiscal
2017,4,Administracion Central,Ministerio De Desarrollo Urbano Y Transporte,Ministerio De Desarrollo Urbano Y Transporte,Ministerio De Desarrollo Urbano Y Transporte,Direccion General De Registros,Registro De Obras E Instalaciones,Servicios Económicos,Servicios Urbanos,Bienes De Consumo,Bienes De Consumo,347281.0,30045.0,30044.15,2908663.78,2908581.5,Fiscal
2017,4,Administracion Central,Ministerio De Desarrollo Urbano Y Transporte,Ministerio De Desarrollo Urbano Y Transporte,Ministerio De Desarrollo Urbano Y Transporte,Direccion General De Registros,Registro De Obras E Instalaciones,Servicios Económicos,Servicios Urbanos,Servicios No Personales,Servicios No Personales,8228090.0,8744887.0,8744886.82,846594645.29,846594627.87,Fiscal
2017,4,Administracion Central,Ministerio De Desarrollo Urbano Y Transporte,Ministerio De Desarrollo Urbano Y Transporte,Ministerio De Desarrollo Urbano Y Transporte,Direccion General De Registros,Registro De Obras E Instalaciones,Servicios Económicos,Servicios Urbanos,Bienes De Uso,Maquinaria Y Equipo,400519.0,0.0,0.0,0.0,0.0,Fiscal
2017,4,Administracion Central,Ministerio De Desarrollo Urbano Y Transporte,Ministerio De Desarrollo Urbano Y Transporte,Ministerio De Desarrollo Urbano Y Transporte,Direccion General De Registros,Registro De Obras E Instalaciones,Servicios Económicos,Servicios Urbanos,Servicios No Personales,Servicios No Personales,0.0,13638720.0,13600000.0,1320367812.72,1316619320.06,Fiscal
2017,4,Administracion Central,Ministerio De Desarrollo Urbano Y Transporte,Ministerio De Desarrollo Urbano Y Transporte,Ministerio De Desarrollo Urbano Y Transporte,"Subs Registros, Interpretacion Y Catastro","Actividades Comunes A Los Programas 66,67 Y 70",Administración Gubernamental,Dirección Ejecutiva,Gastos En Personal,Remuneraciones Al Personal,0.0,6931029.0,6931022.68,670994609.51,670993997.67,Fiscal
2017,4,Administracion Central,Ministerio De Desarrollo Urbano Y Transporte,Ministerio De Desarrollo Urbano Y Transporte,Ministerio De Desarrollo Urbano Y Transporte,"Subs Registros, Interpretacion Y Catastro","Actividades Comunes A Los Programas 66,67 Y 70",Administración Gubernamental,Dirección Ejecutiva,Bienes De Consumo,Bienes De Consumo,302280.0,53922.0,51862.0,5220201.98,5020772.88,Fiscal
2017,4,Administracion Central,Ministerio De Desarrollo Urbano Y Transporte,Ministerio De Desarrollo Urbano Y Transporte,Ministerio De Desarrollo Urbano Y Transporte,"Subs Registros, Interpretacion Y Catastro","Actividades Comunes A Los Programas 66,67 Y 70",Administración Gubernamental,Dirección Ejecutiva,Servicios No Personales,Servicios No Personales,5073176.0,6458747.0,6404664.0,625272873.79,620037085.36,Fiscal
2017,4,Administracion Central,Ministerio De Desarrollo Urbano Y Transporte,Ministerio De Desarrollo Urbano Y Transporte,Ministerio De Desarrollo Urbano Y Transporte,"Subs Registros, Interpretacion Y Catastro","Actividades Comunes A Los Programas 66,67 Y 70",Administración Gubernamental,Dirección Ejecutiva,Bienes De Uso,Maquinaria Y Equipo,0.0,434624.0,410507.79,42076055.54,39741359.36,Fiscal
2017,4,Administracion Central,Ministerio De Desarrollo Urbano Y Transporte,Ministerio De Desarrollo Urbano Y Transporte,Ministerio De Desarrollo Urbano Y Transporte,"Dir Gral Datos, Estadisticas Y Proyeccion Urbana",Informacion Y Diagnostico Territorial,Servicios Económicos,Servicios Urbanos,Gastos En Personal,Remuneraciones Al Personal,2533095.0,4090485.0,4090480.91,396000851.43,396000455.47,Fiscal
2017,4,Administracion Central,Ministerio De Desarrollo Urbano Y Transporte,Ministerio De Desarrollo Urbano Y Transporte,Ministerio De Desarrollo Urbano Y Transporte,"Dir Gral Datos, Estadisticas Y Proyeccion Urbana",Informacion Y Diagnostico Territorial,Servicios Económicos,Servicios Urbanos,Bienes De Consumo,Bienes De Consumo,207692.0,65106.0,65100.94,6302927.75,6302437.89,Fiscal
2017,4,Administracion Central,Ministerio De Desarrollo Urbano Y Transporte,Ministerio De Desarrollo Urbano Y Transporte,Ministerio De Desarrollo Urbano Y Transporte,"Dir Gral Datos, Estadisticas Y Proyeccion Urbana",Informacion Y Diagnostico Territorial,Servicios Económicos,Servicios Urbanos,Servicios No Personales,Servicios No Personales,3544814.0,4879747.0,4879744.17,472409498.32,472409224.35,Fiscal
2017,4,Administracion Central,Ministerio De Desarrollo Urbano Y Transporte,Ministerio De Desarrollo Urbano Y Transporte,Ministerio De Desarrollo Urbano Y Transporte,"Dir Gral Datos, Estadisticas Y Proyeccion Urbana",Informacion Y Diagnostico Territorial,Servicios Económicos,Servicios Urbanos,Bienes De Uso,Maquinaria Y Equipo,93092.0,110313.0,110313.0,10679428.46,10679428.46,Fiscal
2017,4,Administracion Central,Ministerio De Desarrollo Urbano Y Transporte,Ministerio De Desarrollo Urbano Y Transporte,Ministerio De Desarrollo Urbano Y Transporte,Dir Gral Innovacion Urbana,Proyectos De Arquitectura,Servicios Económicos,Servicios Urbanos,Gastos En Personal,Remuneraciones Al Personal,7207712.0,8938366.0,8938353.7,865325394.51,865324203.75,Fiscal
2017,4,Administracion Central,Ministerio De Desarrollo Urbano Y Transporte,Ministerio De Desarrollo Urbano Y Transporte,Ministerio De Desarrollo Urbano Y Transporte,Dir Gral Innovacion Urbana,Proyectos De Arquitectura,Servicios Económicos,Servicios Urbanos,Bienes De Consumo,Bienes De Consumo,85023.0,44758.0,44752.26,4333032.91,4332477.22,Fiscal
2017,4,Administracion Central,Ministerio De Desarrollo Urbano Y Transporte,Ministerio De Desarrollo Urbano Y Transporte,Ministerio De Desarrollo Urbano Y Transporte,Dir Gral Innovacion Urbana,Proyectos De Arquitectura,Servicios Económicos,Servicios Urbanos,Servicios No Personales,Servicios No Personales,1103678.0,1014564.0,1014563.45,98220188.52,98220135.27,Fiscal
2017,4,Administracion Central,Ministerio De Desarrollo Urbano Y Transporte,Ministerio De Desarrollo Urbano Y Transporte,Ministerio De Desarrollo Urbano Y Transporte,Dir Gral Innovacion Urbana,Proyectos De Arquitectura,Servicios Económicos,Servicios Urbanos,Servicios No Personales,Impuestos Directos,0.0,121.0,121.0,11714.04,11714.04,Fiscal
2017,4,Administracion Central,Ministerio De Desarrollo Urbano Y Transporte,Ministerio De Desarrollo Urbano Y Transporte,Ministerio De Desarrollo Urbano Y Transporte,Dir Gral Innovacion Urbana,Proyectos De Arquitectura,Servicios Económicos,Servicios Urbanos,Bienes De Uso,Maquinaria Y Equipo,64086.0,71055.0,13555.0,6878851.9,1312262.86,Fiscal
2017,4,Administracion Central,Ministerio De Desarrollo Urbano Y Transporte,Ministerio De Desarrollo Urbano Y Transporte,Ministerio De Desarrollo Urbano Y Transporte,Dir Gral Innovacion Urbana,Proyectos De Arquitectura,Servicios Económicos,Servicios Urbanos,Servicios No Personales,Servicios No Personales,8071160.0,24690924.0,21673411.0,2390334380.04,2098208209.87,Fiscal
2017,4,Administracion Central,Ministerio De Desarrollo Urbano Y Transporte,Ministerio De Desarrollo Urbano Y Transporte,Ministerio De Desarrollo Urbano Y Transporte,Dir Gral Antropologia Urbana,Antropologia Urbana,Servicios Económicos,Servicios Urbanos,Gastos En Personal,Remuneraciones Al Personal,2524215.0,4266678.0,4266672.85,413058138.77,413057640.2,Fiscal
2017,4,Administracion Central,Ministerio De Desarrollo Urbano Y Transporte,Ministerio De Desarrollo Urbano Y Transporte,Ministerio De Desarrollo Urbano Y Transporte,Dir Gral Antropologia Urbana,Antropologia Urbana,Servicios Económicos,Servicios Urbanos,Bienes De Consumo,Bienes De Consumo,42472.0,11066.0,11064.7,1071302.16,1071176.31,Fiscal
2017,4,Administracion Central,Ministerio De Desarrollo Urbano Y Transporte,Ministerio De Desarrollo Urbano Y Transporte,Ministerio De Desarrollo Urbano Y Transporte,Dir Gral Antropologia Urbana,Antropologia Urbana,Servicios Económicos,Servicios Urbanos,Servicios No Personales,Servicios No Personales,4981348.0,5165579.0,5165577.86,500080964.02,500080853.66,Fiscal
2017,4,Administracion Central,Ministerio De Desarrollo Urbano Y Transporte,Ministerio De Desarrollo Urbano Y Transporte,Ministerio De Desarrollo Urbano Y Transporte,Dir Gral Antropologia Urbana,Antropologia Urbana,Servicios Económicos,Servicios Urbanos,Bienes De Uso,Maquinaria Y Equipo,5000.0,13510.0,13510.0,1307906.4,1307906.4,Fiscal
2017,4,Administracion Central,Ministerio De Desarrollo Urbano Y Transporte,Ministerio De Desarrollo Urbano Y Transporte,Ministerio De Desarrollo Urbano Y Transporte,Dir.Gral.Planeamiento Urbano,Planificacion Y Desarrollo Del Espacio Urbano,Servicios Económicos,Servicios Urbanos,Gastos En Personal,Remuneraciones Al Personal,9541219.0,8702328.0,8702320.67,842474498.11,842473788.49,Fiscal
2017,4,Administracion Central,Ministerio De Desarrollo Urbano Y Transporte,Ministerio De Desarrollo Urbano Y Transporte,Ministerio De Desarrollo Urbano Y Transporte,Dir.Gral.Planeamiento Urbano,Planificacion Y Desarrollo Del Espacio Urbano,Servicios Económicos,Servicios Urbanos,Bienes De Consumo,Bienes De Consumo,209502.0,131608.0,131606.17,12741002.61,12740825.45,Fiscal
2017,4,Administracion Central,Ministerio De Desarrollo Urbano Y Transporte,Ministerio De Desarrollo Urbano Y Transporte,Ministerio De Desarrollo Urbano Y Transporte,Dir.Gral.Planeamiento Urbano,Planificacion Y Desarrollo Del Espacio Urbano,Servicios Económicos,Servicios Urbanos,Servicios No Personales,Servicios No Personales,4306288.0,4787956.0,4787955.45,463523189.21,463523135.96,Fiscal
2017,4,Administracion Central,Ministerio De Desarrollo Urbano Y Transporte,Ministerio De Desarrollo Urbano Y Transporte,Ministerio De Desarrollo Urbano Y Transporte,Dir.Gral.Planeamiento Urbano,Planificacion Y Desarrollo Del Espacio Urbano,Servicios Económicos,Servicios Urbanos,Bienes De Uso,Maquinaria Y Equipo,151195.0,121524.0,121524.0,11764768.11,11764768.11,Fiscal
2017,4,Administracion Central,Ministerio De Desarrollo Urbano Y Transporte,Ministerio De Desarrollo Urbano Y Transporte,Ministerio De Desarrollo Urbano Y Transporte,Dir.Gral.Infraestructura Gubernamental,Nuevo Distrito Gubernamental,Administración Gubernamental,Dirección Ejecutiva,Bienes De Consumo,Bienes De Consumo,116969.0,69218.0,63071.05,6701011.48,6105923.75,Fiscal
2017,4,Administracion Central,Ministerio De Desarrollo Urbano Y Transporte,Ministerio De Desarrollo Urbano Y Transporte,Ministerio De Desarrollo Urbano Y Transporte,Dir.Gral.Infraestructura Gubernamental,Nuevo Distrito Gubernamental,Administración Gubernamental,Dirección Ejecutiva,Servicios No Personales,Servicios No Personales,132100.0,127536.0,122534.46,12346791.29,11862590.99,Fiscal
2017,4,Administracion Central,Ministerio De Desarrollo Urbano Y Transporte,Ministerio De Desarrollo Urbano Y Transporte,Ministerio De Desarrollo Urbano Y Transporte,Dir.Gral.Infraestructura Gubernamental,Nuevo Distrito Gubernamental,Administración Gubernamental,Dirección Ejecutiva,Bienes De Uso,Maquinaria Y Equipo,65000.0,1924.0,1924.0,186262.91,186262.91,Fiscal
2017,4,Administracion Central,Ministerio De Desarrollo Urbano Y Transporte,Ministerio De Desarrollo Urbano Y Transporte,Ministerio De Desarrollo Urbano Y Transporte,Dir.Gral.Infraestructura Gubernamental,Nuevo Distrito Gubernamental,Administración Gubernamental,Dirección Ejecutiva,Gastos En Personal,Remuneraciones Al Personal,269452.0,123249.0,123246.69,11931765.78,11931542.15,Fiscal
2017,4,Administracion Central,Ministerio De Desarrollo Urbano Y Transporte,Ministerio De Desarrollo Urbano Y Transporte,Ministerio De Desarrollo Urbano Y Transporte,Dir.Gral.Infraestructura Gubernamental,Nuevo Distrito Gubernamental,Administración Gubernamental,Dirección Ejecutiva,Servicios No Personales,Servicios No Personales,1500000.0,2415752.0,2411180.9,233869540.86,233427011.55,Fiscal
2017,4,Administracion Central,Ministerio De Desarrollo Urbano Y Transporte,Ministerio De Desarrollo Urbano Y Transporte,Ministerio De Desarrollo Urbano Y Transporte,Dir.Gral.Infraestructura Gubernamental,Nuevo Distrito Gubernamental,Administración Gubernamental,Dirección Ejecutiva,Bienes De Uso,Construcciones Del Dominio Privado,6400000.0,249000.0,247882.32,24105750.79,23997547.91,Fiscal
2017,4,Administracion Central,Ministerio De Desarrollo Urbano Y Transporte,Ministerio De Desarrollo Urbano Y Transporte,Ministerio De Desarrollo Urbano Y Transporte,Dir.Gral.Infraestructura Gubernamental,Nuevo Distrito Gubernamental,Administración Gubernamental,Dirección Ejecutiva,Bienes De Uso,Bienes De Uso,0.0,5231197.0,5231196.1,506433458.62,506433371.49,Fiscal
2017,4,Administracion Central,Ministerio De Desarrollo Urbano Y Transporte,Ministerio De Desarrollo Urbano Y Transporte,Ministerio De Desarrollo Urbano Y Transporte,Dir.Gral.Infraestructura Gubernamental,Nuevo Distrito Gubernamental,Administración Gubernamental,Dirección Ejecutiva,Activos Financieros,Activos Financieros,1600000.0,2128517.0,2128517.0,206062250.39,206062250.39,Fiscal
2017,4,Administracion Central,Ministerio De Desarrollo Urbano Y Transporte,Ministerio De Desarrollo Urbano Y Transporte,Ministerio De Desarrollo Urbano Y Transporte,Dir.Gral.Infraestructura Gubernamental,Nuevo Distrito Gubernamental,Servicios Económicos,Ecología,Bienes De Uso,Construcciones Del Dominio Privado,29417600.0,0.0,0.0,0.0,0.0,Fiscal
2017,4,Administracion Central,Ministerio De Desarrollo Urbano Y Transporte,Ministerio De Desarrollo Urbano Y Transporte,Ministerio De Desarrollo Urbano Y Transporte,Dir.Gral.Infraestructura Gubernamental,Nuevo Distrito Gubernamental,Servicios Económicos,Ecología,Activos Financieros,Activos Financieros,7354400.0,0.0,0.0,0.0,0.0,Fiscal
2017,4,Administracion Central,Ministerio De Desarrollo Urbano Y Transporte,Ministerio De Desarrollo Urbano Y Transporte,Ministerio De Desarrollo Urbano Y Transporte,Dir.Gral.Infraestructura Gubernamental,Nuevo Distrito Gubernamental,Servicios Sociales,Salud,Bienes De Uso,Construcciones Del Dominio Privado,87370093.0,0.0,0.0,0.0,0.0,Fiscal
2017,4,Administracion Central,Ministerio De Desarrollo Urbano Y Transporte,Ministerio De Desarrollo Urbano Y Transporte,Ministerio De Desarrollo Urbano Y Transporte,Dir.Gral.Infraestructura Gubernamental,Nuevo Distrito Gubernamental,Servicios Sociales,Salud,Activos Financieros,Activos Financieros,30000000.0,0.0,0.0,0.0,0.0,Fiscal
2017,4,Administracion Central,Ministerio De Desarrollo Urbano Y Transporte,Ministerio De Desarrollo Urbano Y Transporte,Ministerio De Desarrollo Urbano Y Transporte,Dir.Gral.Infraestructura Gubernamental,Refuncionalización Edificios Gubernamentales,Administración Gubernamental,Dirección Ejecutiva,Bienes De Consumo,Bienes De Consumo,15000.0,0.0,0.0,0.0,0.0,Fiscal
2017,4,Administracion Central,Ministerio De Desarrollo Urbano Y Transporte,Ministerio De Desarrollo Urbano Y Transporte,Ministerio De Desarrollo Urbano Y Transporte,Dir.Gral.Infraestructura Gubernamental,Refuncionalización Edificios Gubernamentales,Administración Gubernamental,Dirección Ejecutiva,Servicios No Personales,Servicios No Personales,151000.0,0.0,0.0,0.0,0.0,Fiscal
2017,4,Administracion Central,Ministerio De Desarrollo Urbano Y Transporte,Ministerio De Desarrollo Urbano Y Transporte,Ministerio De Desarrollo Urbano Y Transporte,Dir.Gral.Infraestructura Gubernamental,Refuncionalización Edificios Gubernamentales,Administración Gubernamental,Dirección Ejecutiva,Bienes De Uso,Construcciones Del Dominio Privado,0.0,48009863.0,47951563.1,4647846557.31,4642202529.76,Fiscal
2017,4,Administracion Central,Ministerio De Desarrollo Urbano Y Transporte,Ministerio De Desarrollo Urbano Y Transporte,Ministerio De Desarrollo Urbano Y Transporte,Dir.Gral.Infraestructura Gubernamental,Refuncionalización Edificios Gubernamentales,Administración Gubernamental,Dirección Ejecutiva,Activos Financieros,Activos Financieros,0.0,10429271.0,10429170.54,1009660271.53,1009650545.97,Fiscal
2017,4,Administracion Central,Ministerio De Desarrollo Urbano Y Transporte,Ministerio De Desarrollo Urbano Y Transporte,Ministerio De Desarrollo Urbano Y Transporte,Dir.Gral.Infraestructura Gubernamental,Refuncionalización Edificios Gubernamentales,Administración Gubernamental,Dirección Ejecutiva,Bienes De Consumo,Bienes De Consumo,0.0,649965.0,626305.0,62923270.32,60632739.95,Fiscal
2017,4,Administracion Central,Ministerio De Desarrollo Urbano Y Transporte,Ministerio De Desarrollo Urbano Y Transporte,Ministerio De Desarrollo Urbano Y Transporte,Dir.Gral.Infraestructura Gubernamental,Refuncionalización Edificios Gubernamentales,Administración Gubernamental,Dirección Ejecutiva,Servicios No Personales,Servicios No Personales,1612486.0,10056759.0,9809658.8,973597293.87,949675463.18,Fiscal
2017,4,Administracion Central,Ministerio De Desarrollo Urbano Y Transporte,Ministerio De Desarrollo Urbano Y Transporte,Ministerio De Desarrollo Urbano Y Transporte,Dir.Gral.Infraestructura Gubernamental,Refuncionalización Edificios Gubernamentales,Administración Gubernamental,Dirección Ejecutiva,Bienes De Uso,Bienes De Uso,0.0,10572144.0,10021263.23,1023491841.54,970160939.71,Fiscal
2017,4,Administracion Central,Ministerio De Desarrollo Urbano Y Transporte,Ministerio De Desarrollo Urbano Y Transporte,Ministerio De Desarrollo Urbano Y Transporte,Dir.Gral.Infraestructura Gubernamental,Actualizacion Tecnologica Del Teatro Colon,Servicios Sociales,Cultura,Bienes De Consumo,Bienes De Consumo,15000.0,0.0,0.0,0.0,0.0,Fiscal
2017,4,Administracion Central,Ministerio De Desarrollo Urbano Y Transporte,Ministerio De Desarrollo Urbano Y Transporte,Ministerio De Desarrollo Urbano Y Transporte,Dir.Gral.Infraestructura Gubernamental,Actualizacion Tecnologica Del Teatro Colon,Servicios Sociales,Cultura,Servicios No Personales,Servicios No Personales,151000.0,0.0,0.0,0.0,0.0,Fiscal
2017,4,Administracion Central,Ministerio De Desarrollo Urbano Y Transporte,Ministerio De Desarrollo Urbano Y Transporte,Ministerio De Desarrollo Urbano Y Transporte,Dir.Gral.Infraestructura Gubernamental,Actualizacion Tecnologica Del Teatro Colon,Servicios Sociales,Cultura,Bienes De Uso,Construcciones Del Dominio Privado,53132934.0,38345441.0,38345440.11,3712231504.19,3712231418.03,Fiscal
2017,4,Administracion Central,Ministerio De Desarrollo Urbano Y Transporte,Ministerio De Desarrollo Urbano Y Transporte,Ministerio De Desarrollo Urbano Y Transporte,Dir.Gral.Infraestructura Gubernamental,Actualizacion Tecnologica Del Teatro Colon,Servicios Sociales,Cultura,Activos Financieros,Activos Financieros,800000.0,4706025.0,4706004.96,455591429.1,455589489.02,Fiscal
2017,4,Administracion Central,Ministerio De Desarrollo Urbano Y Transporte,Ministerio De Desarrollo Urbano Y Transporte,Ministerio De Desarrollo Urbano Y Transporte,Dir.Gral.Infraestructura Gubernamental,Actualizacion Tecnologica Del Teatro Colon,Servicios Sociales,Cultura,Bienes De Uso,Bienes De Uso,0.0,4345038.0,4345037.46,420644189.5,420644137.22,Fiscal
2017,4,Administracion Central,Ministerio De Desarrollo Urbano Y Transporte,Ministerio De Desarrollo Urbano Y Transporte,Ministerio De Desarrollo Urbano Y Transporte,Dir.Gral.Infraestructura Gubernamental,Actualizacion Tecnologica Del Teatro Colon,Servicios Sociales,Cultura,Servicios No Personales,Servicios No Personales,1612487.0,4649968.0,4550755.25,450164537.24,440559726.69,Fiscal
2017,4,Administracion Central,Ministerio De Desarrollo Urbano Y Transporte,Ministerio De Desarrollo Urbano Y Transporte,Ministerio De Desarrollo Urbano Y Transporte,Unidad De Proyectos Especiales (Upe) Plan Hidraulico,Programa De Gestion De Riesgo Hidrico (P.G.R.H),Servicios Sociales,Agua Potable Y Alcantarillado,Gastos En Personal,Remuneraciones Al Personal,5280821.0,3415181.0,3415169.21,330624506.33,330623364.94,Fiscal
2017,4,Administracion Central,Ministerio De Desarrollo Urbano Y Transporte,Ministerio De Desarrollo Urbano Y Transporte,Ministerio De Desarrollo Urbano Y Transporte,Unidad De Proyectos Especiales (Upe) Plan Hidraulico,Programa De Gestion De Riesgo Hidrico (P.G.R.H),Servicios Sociales,Agua Potable Y Alcantarillado,Bienes De Consumo,Bienes De Consumo,90614.0,31620.0,31618.87,3061139.92,3061030.52,Fiscal
2017,4,Administracion Central,Ministerio De Desarrollo Urbano Y Transporte,Ministerio De Desarrollo Urbano Y Transporte,Ministerio De Desarrollo Urbano Y Transporte,Unidad De Proyectos Especiales (Upe) Plan Hidraulico,Programa De Gestion De Riesgo Hidrico (P.G.R.H),Servicios Sociales,Agua Potable Y Alcantarillado,Servicios No Personales,Servicios No Personales,647909.0,313499.0,313499.0,30349914.72,30349914.72,Fiscal
2017,4,Administracion Central,Ministerio De Desarrollo Urbano Y Transporte,Ministerio De Desarrollo Urbano Y Transporte,Ministerio De Desarrollo Urbano Y Transporte,Unidad De Proyectos Especiales (Upe) Plan Hidraulico,Programa De Gestion De Riesgo Hidrico (P.G.R.H),Servicios Sociales,Agua Potable Y Alcantarillado,Bienes De Uso,Maquinaria Y Equipo,75935.0,39180.0,39180.0,3793025.36,3793025.36,Fiscal
2017,4,Administracion Central,Ministerio De Desarrollo Urbano Y Transporte,Ministerio De Desarrollo Urbano Y Transporte,Ministerio De Desarrollo Urbano Y Transporte,Unidad De Proyectos Especiales (Upe) Plan Hidraulico,Programa De Gestion De Riesgo Hidrico (P.G.R.H),Servicios Sociales,Agua Potable Y Alcantarillado,Bienes De Uso,Activos Intangibles,5000.0,0.0,0.0,0.0,0.0,Fiscal
2017,4,Administracion Central,Ministerio De Desarrollo Urbano Y Transporte,Ministerio De Desarrollo Urbano Y Transporte,Ministerio De Desarrollo Urbano Y Transporte,Unidad De Proyectos Especiales (Upe) Plan Hidraulico,Programa De Gestion De Riesgo Hidrico (P.G.R.H),Servicios Sociales,Agua Potable Y Alcantarillado,Otros Gastos,Otras Pérdidas,0.0,2652000.0,2652000.0,256740767.41,256740767.41,Fiscal
2017,4,Administracion Central,Ministerio De Desarrollo Urbano Y Transporte,Ministerio De Desarrollo Urbano Y Transporte,Ministerio De Desarrollo Urbano Y Transporte,Unidad De Proyectos Especiales (Upe) Plan Hidraulico,Programa De Gestion De Riesgo Hidrico (P.G.R.H),Servicios Sociales,Agua Potable Y Alcantarillado,Bienes De Uso,Construcciones Del Dominio Privado,129168000.0,120184051.0,120184051.0,11635047316.91,11635047316.91,Fiscal
2017,4,Administracion Central,Ministerio De Desarrollo Urbano Y Transporte,Ministerio De Desarrollo Urbano Y Transporte,Ministerio De Desarrollo Urbano Y Transporte,Unidad De Proyectos Especiales (Upe) Plan Hidraulico,Programa De Gestion De Riesgo Hidrico (P.G.R.H),Servicios Sociales,Agua Potable Y Alcantarillado,Servicios No Personales,Servicios No Personales,71471000.0,66765080.0,59617178.87,6463543693.64,5771553640.29,Fiscal
2017,4,Administracion Central,Ministerio De Desarrollo Urbano Y Transporte,Ministerio De Desarrollo Urbano Y Transporte,Ministerio De Desarrollo Urbano Y Transporte,Unidad De Proyectos Especiales (Upe) Plan Hidraulico,Programa De Gestion De Riesgo Hidrico (P.G.R.H),Servicios Sociales,Agua Potable Y Alcantarillado,Bienes De Uso,Bienes De Uso,1825000.0,2200000.0,2200000.0,212982537.07,212982537.07,Fiscal
2017,4,Administracion Central,Ministerio De Desarrollo Urbano Y Transporte,Ministerio De Desarrollo Urbano Y Transporte,Ministerio De Desarrollo Urbano Y Transporte,Unidad De Proyectos Especiales (Upe) Plan Hidraulico,Programa De Gestion De Riesgo Hidrico (P.G.R.H),Servicios Sociales,Agua Potable Y Alcantarillado,Bienes De Uso,Construcciones Del Dominio Público,755264000.0,1152212189.0,959893283.65,111545943297.75,92927503121.49,Fiscal
2017,4,Administracion Central,Ministerio De Desarrollo Urbano Y Transporte,Ministerio De Desarrollo Urbano Y Transporte,Ministerio De Desarrollo Urbano Y Transporte,Unidad De Proyectos Especiales (Upe) Plan Hidraulico,Programa De Gestion De Riesgo Hidrico (P.G.R.H),Servicios Sociales,Agua Potable Y Alcantarillado,Activos Financieros,Activos Financieros,0.0,296500000.0,292307790.1,28704237382.25,28298388518.42,Fiscal
2017,4,Administracion Central,Ministerio De Desarrollo Urbano Y Transporte,Ministerio De Desarrollo Urbano Y Transporte,Ministerio De Desarrollo Urbano Y Transporte,Unidad De Proyectos Especiales (Upe) Plan Hidraulico,Desarrollo De La Infraestructura De La Red Pluvial,Servicios Sociales,Agua Potable Y Alcantarillado,Gastos En Personal,Remuneraciones Al Personal,2470043.0,3994692.0,3994685.55,386727107.71,386726483.29,Fiscal
2017,4,Administracion Central,Ministerio De Desarrollo Urbano Y Transporte,Ministerio De Desarrollo Urbano Y Transporte,Ministerio De Desarrollo Urbano Y Transporte,Unidad De Proyectos Especiales (Upe) Plan Hidraulico,Desarrollo De La Infraestructura De La Red Pluvial,Servicios Sociales,Agua Potable Y Alcantarillado,Bienes De Consumo,Bienes De Consumo,95845.0,21439.0,21435.99,2075514.82,2075223.42,Fiscal
2017,4,Administracion Central,Ministerio De Desarrollo Urbano Y Transporte,Ministerio De Desarrollo Urbano Y Transporte,Ministerio De Desarrollo Urbano Y Transporte,Unidad De Proyectos Especiales (Upe) Plan Hidraulico,Desarrollo De La Infraestructura De La Red Pluvial,Servicios Sociales,Agua Potable Y Alcantarillado,Servicios No Personales,Servicios No Personales,395090.0,239337.0,239337.0,23170273.4,23170273.4,Fiscal
2017,4,Administracion Central,Ministerio De Desarrollo Urbano Y Transporte,Ministerio De Desarrollo Urbano Y Transporte,Ministerio De Desarrollo Urbano Y Transporte,Unidad De Proyectos Especiales (Upe) Plan Hidraulico,Desarrollo De La Infraestructura De La Red Pluvial,Servicios Sociales,Agua Potable Y Alcantarillado,Bienes De Uso,Maquinaria Y Equipo,108595.0,35140.0,35140.0,3401911.98,3401911.98,Fiscal
2017,4,Administracion Central,Ministerio De Desarrollo Urbano Y Transporte,Ministerio De Desarrollo Urbano Y Transporte,Ministerio De Desarrollo Urbano Y Transporte,Unidad De Proyectos Especiales (Upe) Plan Hidraulico,Desarrollo De La Infraestructura De La Red Pluvial,Servicios Sociales,Agua Potable Y Alcantarillado,Bienes De Uso,Activos Intangibles,8000.0,0.0,0.0,0.0,0.0,Fiscal
2017,4,Administracion Central,Ministerio De Desarrollo Urbano Y Transporte,Ministerio De Desarrollo Urbano Y Transporte,Ministerio De Desarrollo Urbano Y Transporte,Unidad De Proyectos Especiales (Upe) Plan Hidraulico,Desarrollo De La Infraestructura De La Red Pluvial,Servicios Sociales,Agua Potable Y Alcantarillado,Transferencias,Al Sector Público,13640.0,0.0,0.0,0.0,0.0,Fiscal
2017,4,Administracion Central,Ministerio De Desarrollo Urbano Y Transporte,Ministerio De Desarrollo Urbano Y Transporte,Ministerio De Desarrollo Urbano Y Transporte,Unidad De Proyectos Especiales (Upe) Plan Hidraulico,Desarrollo De La Infraestructura De La Red Pluvial,Servicios Sociales,Agua Potable Y Alcantarillado,Servicios No Personales,Servicios No Personales,5605948.0,15039494.0,13300264.4,1455977085.62,1287601843.45,Fiscal
2017,4,Administracion Central,Ministerio De Desarrollo Urbano Y Transporte,Ministerio De Desarrollo Urbano Y Transporte,Ministerio De Desarrollo Urbano Y Transporte,Unidad De Proyectos Especiales (Upe) Plan Hidraulico,Desarrollo De La Infraestructura De La Red Pluvial,Servicios Sociales,Agua Potable Y Alcantarillado,Bienes De Uso,Construcciones Del Dominio Público,153530052.0,188333656.0,175172810.72,18232627213.8,16958522569.39,Fiscal
2017,4,Administracion Central,Ministerio De Desarrollo Urbano Y Transporte,Ministerio De Desarrollo Urbano Y Transporte,Ministerio De Desarrollo Urbano Y Transporte,Dir.Gral.Seguimiento De Gestiòn,Modernizacion De La Gestion Publica,Administración Gubernamental,Dirección Ejecutiva,Bienes De Consumo,Bienes De Consumo,85907.0,29417.0,29414.58,2847866.95,2847632.67,Fiscal
2017,4,Administracion Central,Ministerio De Desarrollo Urbano Y Transporte,Ministerio De Desarrollo Urbano Y Transporte,Ministerio De Desarrollo Urbano Y Transporte,Dir.Gral.Seguimiento De Gestiòn,Modernizacion De La Gestion Publica,Administración Gubernamental,Dirección Ejecutiva,Servicios No Personales,Servicios No Personales,1215955.0,2214483.0,2214483.0,214384639.83,214384639.83,Fiscal
2017,4,Administracion Central,Ministerio De Desarrollo Urbano Y Transporte,Ministerio De Desarrollo Urbano Y Transporte,Ministerio De Desarrollo Urbano Y Transporte,Dir.Gral.Seguimiento De Gestiòn,Modernizacion De La Gestion Publica,Administración Gubernamental,Dirección Ejecutiva,Bienes De Uso,Maquinaria Y Equipo,11594.0,522261.0,522260.02,50560214.91,50560120.03,Fiscal
2017,4,Administracion Central,Ministerio De Desarrollo Urbano Y Transporte,Ministerio De Desarrollo Urbano Y Transporte,Ministerio De Desarrollo Urbano Y Transporte,Dir.Gral.Seguimiento De Gestiòn,Modernizacion De La Gestion Publica,Administración Gubernamental,Dirección Ejecutiva,Servicios No Personales,Servicios No Personales,2647125.0,2757422.0,2684190.0,266946696.97,259857089.17,Fiscal
2017,4,Administracion Central,Ministerio De Ambiente Y Espacio Publico,Ministerio De Ambiente Y Espacio Publico,Ministerio De Ambiente Y Espacio Publico,Dir. Gral. Regeneracion Urbana,Regeneracion Urbana,Servicios Económicos,Servicios Urbanos,Gastos En Personal,Remuneraciones Al Personal,10004999.0,9882483.0,9882477.94,956725591.76,956725101.9,Fiscal
2017,4,Administracion Central,Ministerio De Ambiente Y Espacio Publico,Ministerio De Ambiente Y Espacio Publico,Ministerio De Ambiente Y Espacio Publico,Dir. Gral. Regeneracion Urbana,Regeneracion Urbana,Servicios Económicos,Servicios Urbanos,Bienes De Consumo,Bienes De Consumo,1041849.0,1929518.0,1800711.7,186797108.62,174327339.27,Fiscal
2017,4,Administracion Central,Ministerio De Ambiente Y Espacio Publico,Ministerio De Ambiente Y Espacio Publico,Ministerio De Ambiente Y Espacio Publico,Dir. Gral. Regeneracion Urbana,Regeneracion Urbana,Servicios Económicos,Servicios Urbanos,Servicios No Personales,Servicios No Personales,28680160.0,31207813.0,31189667.79,3021235995.05,3019479352.84,Fiscal
2017,4,Administracion Central,Ministerio De Ambiente Y Espacio Publico,Ministerio De Ambiente Y Espacio Publico,Ministerio De Ambiente Y Espacio Publico,Dir. Gral. Regeneracion Urbana,Regeneracion Urbana,Servicios Económicos,Servicios Urbanos,Bienes De Uso,Maquinaria Y Equipo,2652000.0,3417787.0,3197291.3,330876793.83,309530551.28,Fiscal
2017,4,Administracion Central,Ministerio De Ambiente Y Espacio Publico,Ministerio De Ambiente Y Espacio Publico,Ministerio De Ambiente Y Espacio Publico,Dir. Gral. Regeneracion Urbana,Regeneracion Urbana,Servicios Económicos,Servicios Urbanos,Bienes De Uso,Activos Intangibles,525300.0,25300.0,0.0,2449299.18,0.0,Fiscal
2017,4,Administracion Central,Ministerio De Ambiente Y Espacio Publico,Ministerio De Ambiente Y Espacio Publico,Ministerio De Ambiente Y Espacio Publico,Dir. Gral. Regeneracion Urbana,Regeneracion Urbana,Servicios Económicos,Servicios Urbanos,Bienes De Uso,Construcciones Del Dominio Público,0.0,25337340.0,25337339.6,2452914070.81,2452914032.08,Fiscal
2017,4,Administracion Central,Ministerio De Ambiente Y Espacio Publico,Ministerio De Ambiente Y Espacio Publico,Ministerio De Ambiente Y Espacio Publico,Dir. Gral. Sistema Pluvial,Mantenimiento De La Red Pluvial,Servicios Sociales,Agua Potable Y Alcantarillado,Gastos En Personal,Remuneraciones Al Personal,18221323.0,20259566.0,20258137.48,1961333530.27,1961195234.9,Fiscal
2017,4,Administracion Central,Ministerio De Ambiente Y Espacio Publico,Ministerio De Ambiente Y Espacio Publico,Ministerio De Ambiente Y Espacio Publico,Dir. Gral. Sistema Pluvial,Mantenimiento De La Red Pluvial,Servicios Sociales,Agua Potable Y Alcantarillado,Bienes De Consumo,Bienes De Consumo,849615.0,425132.0,408125.9,41157132.7,39510768.01,Fiscal
2017,4,Administracion Central,Ministerio De Ambiente Y Espacio Publico,Ministerio De Ambiente Y Espacio Publico,Ministerio De Ambiente Y Espacio Publico,Dir. Gral. Sistema Pluvial,Mantenimiento De La Red Pluvial,Servicios Sociales,Agua Potable Y Alcantarillado,Servicios No Personales,Servicios No Personales,17321983.0,13351527.0,13343924.0,1292564588.28,1291828539.99,Fiscal
2017,4,Administracion Central,Ministerio De Ambiente Y Espacio Publico,Ministerio De Ambiente Y Espacio Publico,Ministerio De Ambiente Y Espacio Publico,Dir. Gral. Sistema Pluvial,Mantenimiento De La Red Pluvial,Servicios Sociales,Agua Potable Y Alcantarillado,Bienes De Uso,Maquinaria Y Equipo,795107.0,42847.0,9758.99,4148028.53,944770.2,Fiscal
2017,4,Administracion Central,Ministerio De Ambiente Y Espacio Publico,Ministerio De Ambiente Y Espacio Publico,Ministerio De Ambiente Y Espacio Publico,Dir. Gral. Sistema Pluvial,Mantenimiento De La Red Pluvial,Servicios Sociales,Agua Potable Y Alcantarillado,Bienes De Uso,Construcciones Del Dominio Público,795260396.0,1018995642.0,1018922149.35,98649216861.55,98642102020.17,Fiscal
2017,4,Administracion Central,Ministerio De Ambiente Y Espacio Publico,Ministerio De Ambiente Y Espacio Publico,Ministerio De Ambiente Y Espacio Publico,Dir. Gral. Sistema Pluvial,Mantenimiento De La Red Pluvial,Servicios Sociales,Agua Potable Y Alcantarillado,Servicios No Personales,Servicios No Personales,0.0,58563588.0,58252393.82,5669555250.96,5639428466.42,Fiscal
2017,4,Administracion Central,Ministerio De Ambiente Y Espacio Publico,Ministerio De Ambiente Y Espacio Publico,Ministerio De Ambiente Y Espacio Publico,Dir. Gral. Sistema Pluvial,Mantenimiento De La Red Pluvial,Servicios Sociales,Agua Potable Y Alcantarillado,Bienes De Uso,Construcciones Del Dominio Privado,0.0,93966852.0,93966850.96,9096953881.52,9096953780.84,Fiscal
2017,4,Administracion Central,Ministerio De Ambiente Y Espacio Publico,Ministerio De Ambiente Y Espacio Publico,Ministerio De Ambiente Y Espacio Publico,Dir.Gral. Fiscalizaciòn Del Espacio Publico,Intervenciones De Fiscalizacion En La Via Publica,Servicios Económicos,Servicios Urbanos,Gastos En Personal,Remuneraciones Al Personal,74126777.0,79493978.0,79493962.72,7695831416.43,7695829937.17,Fiscal
2017,4,Administracion Central,Ministerio De Ambiente Y Espacio Publico,Ministerio De Ambiente Y Espacio Publico,Ministerio De Ambiente Y Espacio Publico,Dir.Gral. Fiscalizaciòn Del Espacio Publico,Intervenciones De Fiscalizacion En La Via Publica,Servicios Económicos,Servicios Urbanos,Bienes De Consumo,Bienes De Consumo,14428210.0,3129309.0,3099303.67,302949168.22,300044344.9,Fiscal
2017,4,Administracion Central,Ministerio De Ambiente Y Espacio Publico,Ministerio De Ambiente Y Espacio Publico,Ministerio De Ambiente Y Espacio Publico,Dir.Gral. Fiscalizaciòn Del Espacio Publico,Intervenciones De Fiscalizacion En La Via Publica,Servicios Económicos,Servicios Urbanos,Servicios No Personales,Servicios No Personales,37433552.0,37078646.0,36976265.84,3589592770.98,3579681322.7,Fiscal
2017,4,Administracion Central,Ministerio De Ambiente Y Espacio Publico,Ministerio De Ambiente Y Espacio Publico,Ministerio De Ambiente Y Espacio Publico,Dir.Gral. Fiscalizaciòn Del Espacio Publico,Intervenciones De Fiscalizacion En La Via Publica,Servicios Económicos,Servicios Urbanos,Bienes De Uso,Maquinaria Y Equipo,5155250.0,2056554.0,1915218.57,199095494.79,185412777.31,Fiscal
2017,4,Administracion Central,Ministerio De Ambiente Y Espacio Publico,Ministerio De Ambiente Y Espacio Publico,Ministerio De Ambiente Y Espacio Publico,Dir.Gral. Fiscalizaciòn Del Espacio Publico,Intervenciones De Fiscalizacion En La Via Publica,Servicios Económicos,Servicios Urbanos,Bienes De Uso,Activos Intangibles,850000.0,0.0,0.0,0.0,0.0,Fiscal
2017,4,Administracion Central,Ministerio De Ambiente Y Espacio Publico,Ministerio De Ambiente Y Espacio Publico,Ministerio De Ambiente Y Espacio Publico,Dir.Gral. Fiscalizaciòn Del Espacio Publico,Intervenciones De Recuperacion Del Espacio Publico,Servicios De Seguridad,Seguridad Interior,Gastos En Personal,Remuneraciones Al Personal,1578351.0,0.0,0.0,0.0,0.0,Fiscal
2017,4,Administracion Central,Ministerio De Ambiente Y Espacio Publico,Ministerio De Ambiente Y Espacio Publico,Ministerio De Ambiente Y Espacio Publico,Dir.Gral. Fiscalizaciòn Del Espacio Publico,Intervenciones De Recuperacion Del Espacio Publico,Servicios De Seguridad,Seguridad Interior,Bienes De Consumo,Bienes De Consumo,6950145.0,29790.0,23554.45,2883977.17,2280312.05,Fiscal
2017,4,Administracion Central,Ministerio De Ambiente Y Espacio Publico,Ministerio De Ambiente Y Espacio Publico,Ministerio De Ambiente Y Espacio Publico,Dir.Gral. Fiscalizaciòn Del Espacio Publico,Intervenciones De Recuperacion Del Espacio Publico,Servicios De Seguridad,Seguridad Interior,Servicios No Personales,Servicios No Personales,40659705.0,28059936.0,27819336.0,2716489254.22,2693196709.48,Fiscal
2017,4,Administracion Central,Ministerio De Ambiente Y Espacio Publico,Ministerio De Ambiente Y Espacio Publico,Ministerio De Ambiente Y Espacio Publico,Dir.Gral. Fiscalizaciòn Del Espacio Publico,Intervenciones De Recuperacion Del Espacio Publico,Servicios De Seguridad,Seguridad Interior,Bienes De Uso,Maquinaria Y Equipo,3370760.0,900001.0,687600.0,87129316.52,66566723.86,Fiscal
2017,4,Administracion Central,Ministerio De Ambiente Y Espacio Publico,Ministerio De Ambiente Y Espacio Publico,Ministerio De Ambiente Y Espacio Publico,Dir.Gral. Fiscalizaciòn Del Espacio Publico,Intervenciones De Recuperacion Del Espacio Publico,Servicios Económicos,Servicios Urbanos,Servicios No Personales,Servicios No Personales,23724169.0,86994686.0,86916131.93,8421976789.0,8414371950.31,Fiscal
2017,4,Administracion Central,Ministerio De Ambiente Y Espacio Publico,Ministerio De Ambiente Y Espacio Publico,Ministerio De Ambiente Y Espacio Publico,Dir.Gral.Obras Regeneracion Urbana,Obras De Regeneracionurbana,Servicios Económicos,Servicios Urbanos,Gastos En Personal,Remuneraciones Al Personal,5880903.0,8252411.0,8252403.12,798917923.51,798917160.64,Fiscal
2017,4,Administracion Central,Ministerio De Ambiente Y Espacio Publico,Ministerio De Ambiente Y Espacio Publico,Ministerio De Ambiente Y Espacio Publico,Dir.Gral.Obras Regeneracion Urbana,Obras De Regeneracionurbana,Servicios Económicos,Servicios Urbanos,Bienes De Consumo,Bienes De Consumo,691433.0,101554.0,100942.27,9831467.53,9772245.8,Fiscal
2017,4,Administracion Central,Ministerio De Ambiente Y Espacio Publico,Ministerio De Ambiente Y Espacio Publico,Ministerio De Ambiente Y Espacio Publico,Dir.Gral.Obras Regeneracion Urbana,Obras De Regeneracionurbana,Servicios Económicos,Servicios Urbanos,Servicios No Personales,Servicios No Personales,17735800.0,26067492.0,25667489.88,2523600264.18,2484875961.29,Fiscal
2017,4,Administracion Central,Ministerio De Ambiente Y Espacio Publico,Ministerio De Ambiente Y Espacio Publico,Ministerio De Ambiente Y Espacio Publico,Dir.Gral.Obras Regeneracion Urbana,Obras De Regeneracionurbana,Servicios Económicos,Servicios Urbanos,Bienes De Uso,Maquinaria Y Equipo,2670700.0,1714944.0,1704743.2,166024147.3,165036605.36,Fiscal
2017,4,Administracion Central,Ministerio De Ambiente Y Espacio Publico,Ministerio De Ambiente Y Espacio Publico,Ministerio De Ambiente Y Espacio Publico,Dir.Gral.Obras Regeneracion Urbana,Obras De Regeneracionurbana,Servicios Económicos,Servicios Urbanos,Bienes De Uso,Activos Intangibles,510000.0,0.0,0.0,0.0,0.0,Fiscal
2017,4,Administracion Central,Ministerio De Ambiente Y Espacio Publico,Ministerio De Ambiente Y Espacio Publico,Ministerio De Ambiente Y Espacio Publico,Dir.Gral.Obras Regeneracion Urbana,Obras De Regeneracionurbana,Servicios Económicos,Servicios Urbanos,Bienes De Uso,Construcciones Del Dominio Público,383467848.0,875045077.0,874197302.66,84713327522.36,84631254281.55,Fiscal
2017,4,Administracion Central,Ministerio De Ambiente Y Espacio Publico,Ministerio De Ambiente Y Espacio Publico,Ministerio De Ambiente Y Espacio Publico,Dir.Gral.Obras Regeneracion Urbana,Obras De Regeneracionurbana,Servicios Económicos,Servicios Urbanos,Activos Financieros,Activos Financieros,137528504.0,181163479.0,179441430.0,17538480628.03,17371768643.95,Fiscal
2017,4,Administracion Central,Ministerio De Ambiente Y Espacio Publico,Ministerio De Ambiente Y Espacio Publico,Ministerio De Ambiente Y Espacio Publico,Dir.Gral.Obras Regeneracion Urbana,Obras De Regeneracionurbana,Servicios Económicos,Servicios Urbanos,Servicios No Personales,Servicios No Personales,11769832.0,72581920.0,72581092.01,7026673394.06,7026593236.15,Fiscal
2017,4,Administracion Central,Ministerio De Ambiente Y Espacio Publico,Ministerio De Ambiente Y Espacio Publico,Ministerio De Ambiente Y Espacio Publico,Dir.Gral.Obras Regeneracion Urbana,Obras De Regeneracionurbana,Servicios Económicos,Servicios Urbanos,Bienes De Consumo,Bienes De Consumo,1455180.0,27071087.0,26989497.2,2620758541.13,2612859812.67,Fiscal
2017,4,Administracion Central,Ministerio De Ambiente Y Espacio Publico,Ministerio De Ambiente Y Espacio Publico,Ministerio De Ambiente Y Espacio Publico,Dir.Gral.Obras Regeneracion Urbana,Obras De Regeneracionurbana,Servicios Económicos,Servicios Urbanos,Bienes De Uso,Bienes De Uso,8010615.0,0.0,0.0,0.0,0.0,Fiscal
2017,4,Administracion Central,Ministerio De Ambiente Y Espacio Publico,Ministerio De Ambiente Y Espacio Publico,Ministerio De Ambiente Y Espacio Publico,Dir.Gral.Obras Regeneracion Urbana,Obras De Regeneracionurbana,Servicios Económicos,Ecología,Activos Financieros,Activos Financieros,1719000.0,0.0,0.0,0.0,0.0,Fiscal
2017,4,Administracion Central,Ministerio De Ambiente Y Espacio Publico,Ministerio De Ambiente Y Espacio Publico,Ministerio De Ambiente Y Espacio Publico,Dir.Gral.Obras Regeneracion Urbana,Obras De Regeneracionurbana,Servicios Económicos,Servicios Urbanos,Bienes De Uso,Construcciones Del Dominio Privado,0.0,1178831.0,1178830.46,114122916.89,114122864.61,Fiscal
2017,4,Administracion Central,Ministerio De Ambiente Y Espacio Publico,Ministerio De Ambiente Y Espacio Publico,Ministerio De Ambiente Y Espacio Publico,Dg.Tecnico Administrativa Y Legal,Planificacion Y Presupuesto,Servicios Económicos,Ecología,Bienes De Consumo,Bienes De Consumo,165750.0,215938.0,180632.97,20905010.5,17487121.92,Fiscal
2017,4,Administracion Central,Ministerio De Ambiente Y Espacio Publico,Ministerio De Ambiente Y Espacio Publico,Ministerio De Ambiente Y Espacio Publico,Dg.Tecnico Administrativa Y Legal,Planificacion Y Presupuesto,Servicios Económicos,Ecología,Servicios No Personales,Servicios No Personales,5761600.0,15077175.0,15046424.8,1459624992.42,1456648058.06,Fiscal
2017,4,Administracion Central,Ministerio De Ambiente Y Espacio Publico,Ministerio De Ambiente Y Espacio Publico,Ministerio De Ambiente Y Espacio Publico,Dg.Tecnico Administrativa Y Legal,Planificacion Y Presupuesto,Servicios Económicos,Ecología,Bienes De Uso,Maquinaria Y Equipo,13600.0,13600.0,3707.5,1316619.32,358923.98,Fiscal
2017,4,Administracion Central,Ministerio De Ambiente Y Espacio Publico,Ministerio De Ambiente Y Espacio Publico,Ministerio De Ambiente Y Espacio Publico,Dg.Tecnico Administrativa Y Legal,Planificacion Y Presupuesto,Servicios Económicos,Ecología,Gastos En Personal,Remuneraciones Al Personal,0.0,914633.0,914630.43,88545844.01,88545595.21,Fiscal
2017,4,Administracion Central,Ministerio De Ambiente Y Espacio Publico,Ministerio De Ambiente Y Espacio Publico,Ministerio De Ambiente Y Espacio Publico,Direccion General Ferias,Ferias Y Mercados,Servicios Económicos,Industria Y Comercio,Gastos En Personal,Remuneraciones Al Personal,30171887.0,39632230.0,39622005.0,3836805861.41,3835815976.66,Fiscal
2017,4,Administracion Central,Ministerio De Ambiente Y Espacio Publico,Ministerio De Ambiente Y Espacio Publico,Ministerio De Ambiente Y Espacio Publico,Direccion General Ferias,Ferias Y Mercados,Servicios Económicos,Industria Y Comercio,Bienes De Consumo,Bienes De Consumo,14217700.0,2215377.0,2215363.42,214471188.19,214469873.51,Fiscal
2017,4,Administracion Central,Ministerio De Ambiente Y Espacio Publico,Ministerio De Ambiente Y Espacio Publico,Ministerio De Ambiente Y Espacio Publico,Direccion General Ferias,Ferias Y Mercados,Servicios Económicos,Industria Y Comercio,Servicios No Personales,Servicios No Personales,16337996.0,8917237.0,8479733.47,863279890.87,820925067.32,Fiscal
2017,4,Administracion Central,Ministerio De Ambiente Y Espacio Publico,Ministerio De Ambiente Y Espacio Publico,Ministerio De Ambiente Y Espacio Publico,Direccion General Ferias,Ferias Y Mercados,Servicios Económicos,Industria Y Comercio,Bienes De Uso,Maquinaria Y Equipo,0.0,19688934.0,19623037.29,1906090507.05,1899711030.47,Fiscal
2017,4,Administracion Central,Ministerio De Ambiente Y Espacio Publico,Ministerio De Ambiente Y Espacio Publico,Ministerio De Ambiente Y Espacio Publico,Ministerio Ambiente Y Espacio Publico,Actividades Centrales Ambiente Y Espacio Público,Servicios Económicos,Ecología,Gastos En Personal,Remuneraciones Al Personal,77882493.0,67607381.0,67607368.16,6545087059.08,6545085816.03,Fiscal
2017,4,Administracion Central,Ministerio De Ambiente Y Espacio Publico,Ministerio De Ambiente Y Espacio Publico,Ministerio De Ambiente Y Espacio Publico,Ministerio Ambiente Y Espacio Publico,Actividades Centrales Ambiente Y Espacio Público,Servicios Económicos,Ecología,Bienes De Consumo,Bienes De Consumo,10358459.0,10990167.0,10962633.07,1063960750.21,1061295183.73,Fiscal
2017,4,Administracion Central,Ministerio De Ambiente Y Espacio Publico,Ministerio De Ambiente Y Espacio Publico,Ministerio De Ambiente Y Espacio Publico,Ministerio Ambiente Y Espacio Publico,Actividades Centrales Ambiente Y Espacio Público,Servicios Económicos,Ecología,Servicios No Personales,Servicios No Personales,115781740.0,170431965.0,168306977.96,16499560137.89,16293839623.79,Fiscal
2017,4,Administracion Central,Ministerio De Ambiente Y Espacio Publico,Ministerio De Ambiente Y Espacio Publico,Ministerio De Ambiente Y Espacio Publico,Ministerio Ambiente Y Espacio Publico,Actividades Centrales Ambiente Y Espacio Público,Servicios Económicos,Ecología,Bienes De Uso,Maquinaria Y Equipo,16111019.0,9293104.0,9232964.94,899667666.89,893845589.81,Fiscal
2017,4,Administracion Central,Ministerio De Ambiente Y Espacio Publico,Ministerio De Ambiente Y Espacio Publico,Ministerio De Ambiente Y Espacio Publico,Ministerio Ambiente Y Espacio Publico,Actividades Centrales Ambiente Y Espacio Público,Servicios Económicos,Ecología,Bienes De Uso,Activos Intangibles,850000.0,11697690.0,11697690.0,1132456224.57,1132456224.57,Fiscal
2017,4,Administracion Central,Ministerio De Ambiente Y Espacio Publico,Ministerio De Ambiente Y Espacio Publico,Ministerio De Ambiente Y Espacio Publico,Ministerio Ambiente Y Espacio Publico,Actividades Centrales Ambiente Y Espacio Público,Servicios Económicos,Ecología,Transferencias,Al Sector Privado,10000000.0,5655464.0,5626164.4,547506850.46,544670349.04,Fiscal
2017,4,Administracion Central,Ministerio De Ambiente Y Espacio Publico,Ministerio De Ambiente Y Espacio Publico,Ministerio De Ambiente Y Espacio Publico,Ministerio Ambiente Y Espacio Publico,Actividades Centrales Ambiente Y Espacio Público,Servicios Económicos,Ecología,Transferencias,Al Sector Público,22912174.0,22912174.0,22900284.71,2218133158.31,2216982153.24,Fiscal
2017,4,Administracion Central,Ministerio De Ambiente Y Espacio Publico,Ministerio De Ambiente Y Espacio Publico,Ministerio De Ambiente Y Espacio Publico,Ministerio Ambiente Y Espacio Publico,Actividades Centrales Ambiente Y Espacio Público,Administración Gubernamental,Control De La Gestión,Gastos En Personal,Remuneraciones Al Personal,0.0,1625790.0,1625788.58,157393126.79,157392989.32,Fiscal
2017,4,Administracion Central,Ministerio De Ambiente Y Espacio Publico,Ministerio De Ambiente Y Espacio Publico,Ministerio De Ambiente Y Espacio Publico,Ministerio Ambiente Y Espacio Publico,Actividades Centrales Ambiente Y Espacio Público,Administración Gubernamental,Control De La Gestión,Bienes De Consumo,Bienes De Consumo,30043.0,0.0,0.0,0.0,0.0,Fiscal
2017,4,Administracion Central,Ministerio De Ambiente Y Espacio Publico,Ministerio De Ambiente Y Espacio Publico,Ministerio De Ambiente Y Espacio Publico,Ministerio Ambiente Y Espacio Publico,Actividades Centrales Ambiente Y Espacio Público,Administración Gubernamental,Control De La Gestión,Servicios No Personales,Servicios No Personales,160000.0,0.0,0.0,0.0,0.0,Fiscal
2017,4,Administracion Central,Ministerio De Ambiente Y Espacio Publico,Ministerio De Ambiente Y Espacio Publico,Ministerio De Ambiente Y Espacio Publico,Ministerio Ambiente Y Espacio Publico,Actividades Centrales Ambiente Y Espacio Público,Servicios De Seguridad,Seguridad Interior,Servicios No Personales,Servicios No Personales,97597380.0,112428689.0,112012808.38,10884248828.44,10843987324.09,Fiscal
2017,4,Administracion Central,Ministerio De Ambiente Y Espacio Publico,Ministerio De Ambiente Y Espacio Publico,Ministerio De Ambiente Y Espacio Publico,Ministerio Ambiente Y Espacio Publico,Mantenimiento Zona Puerto Madero,Servicios Económicos,Servicios Urbanos,Servicios No Personales,Servicios No Personales,3649389.0,9352147.0,9352146.21,905383634.14,905383557.66,Fiscal
2017,4,Administracion Central,Ministerio De Ambiente Y Espacio Publico,Ministerio De Ambiente Y Espacio Publico,Ministerio De Ambiente Y Espacio Publico,Dir. Gral. Comunicación,Gestion De Comunicación,Administración Gubernamental,Dirección Ejecutiva,Gastos En Personal,Remuneraciones Al Personal,8054751.0,8253897.0,8253888.97,799061783.53,799061006.14,Fiscal
2017,4,Administracion Central,Ministerio De Ambiente Y Espacio Publico,Ministerio De Ambiente Y Espacio Publico,Ministerio De Ambiente Y Espacio Publico,Dir. Gral. Comunicación,Gestion De Comunicación,Administración Gubernamental,Dirección Ejecutiva,Bienes De Consumo,Bienes De Consumo,2247978.0,210368.0,210324.64,20365777.44,20361579.74,Fiscal
2017,4,Administracion Central,Ministerio De Ambiente Y Espacio Publico,Ministerio De Ambiente Y Espacio Publico,Ministerio De Ambiente Y Espacio Publico,Dir. Gral. Comunicación,Gestion De Comunicación,Administración Gubernamental,Dirección Ejecutiva,Servicios No Personales,Servicios No Personales,27597120.0,22401178.0,22388093.26,2168663510.81,2167396773.93,Fiscal
2017,4,Administracion Central,Ministerio De Ambiente Y Espacio Publico,Ministerio De Ambiente Y Espacio Publico,Ministerio De Ambiente Y Espacio Publico,Dir. Gral. Comunicación,Gestion De Comunicación,Administración Gubernamental,Dirección Ejecutiva,Bienes De Uso,Maquinaria Y Equipo,408000.0,544101.0,532378.93,52674550.64,51539734.18,Fiscal
2017,4,Administracion Central,Ministerio De Ambiente Y Espacio Publico,Ministerio De Ambiente Y Espacio Publico,Ministerio De Ambiente Y Espacio Publico,Direccion General De Limpieza,Servicios De Higiene Urbana,Servicios Económicos,Servicios Urbanos,Gastos En Personal,Remuneraciones Al Personal,67270652.0,90853771.0,90853755.93,8795575749.94,8795574291.01,Fiscal
2017,4,Administracion Central,Ministerio De Ambiente Y Espacio Publico,Ministerio De Ambiente Y Espacio Publico,Ministerio De Ambiente Y Espacio Publico,Direccion General De Limpieza,Servicios De Higiene Urbana,Servicios Económicos,Servicios Urbanos,Bienes De Consumo,Bienes De Consumo,1433100.0,223401.0,195330.09,21627505.35,18909953.7,Fiscal
2017,4,Administracion Central,Ministerio De Ambiente Y Espacio Publico,Ministerio De Ambiente Y Espacio Publico,Ministerio De Ambiente Y Espacio Publico,Direccion General De Limpieza,Servicios De Higiene Urbana,Servicios Económicos,Servicios Urbanos,Servicios No Personales,Servicios No Personales,9187156060.0,11667734759.0,11665774575.67,1129556250372.74,1129366484546.04,Fiscal
2017,4,Administracion Central,Ministerio De Ambiente Y Espacio Publico,Ministerio De Ambiente Y Espacio Publico,Ministerio De Ambiente Y Espacio Publico,Direccion General De Limpieza,Servicios De Higiene Urbana,Servicios Económicos,Servicios Urbanos,Bienes De Uso,Maquinaria Y Equipo,81605120.0,115100.0,60375.0,11142859.1,5844918.49,Fiscal
2017,4,Administracion Central,Ministerio De Ambiente Y Espacio Publico,Ministerio De Ambiente Y Espacio Publico,Ministerio De Ambiente Y Espacio Publico,Direccion General De Limpieza,Servicios De Higiene Urbana,Servicios Económicos,Ecología,Servicios No Personales,Servicios No Personales,68540000.0,142429331.0,142043896.82,13788618304.28,13751304327.22,Fiscal
2017,4,Administracion Central,Ministerio De Ambiente Y Espacio Publico,Ministerio De Ambiente Y Espacio Publico,Ministerio De Ambiente Y Espacio Publico,Direccion General De Limpieza,Servicios De Higiene Urbana,Servicios Sociales,Promoción Y Acción Social,Bienes De Uso,Construcciones Del Dominio Público,1080000000.0,1536000000.0,1535283771.99,148700534971.81,148631196763.32,Fiscal
2017,4,Administracion Central,Ministerio De Ambiente Y Espacio Publico,Ministerio De Ambiente Y Espacio Publico,Ministerio De Ambiente Y Espacio Publico,Direccion General De Limpieza,Control De Calidad Del Servicio De Higiene Urbana,Servicios Económicos,Servicios Urbanos,Servicios No Personales,Servicios No Personales,203739975.0,298982433.0,298982430.52,28944562327.0,28944562086.91,Fiscal
2017,4,Administracion Central,Ministerio De Ambiente Y Espacio Publico,Ministerio De Ambiente Y Espacio Publico,Ministerio De Ambiente Y Espacio Publico,Direccion General De Limpieza,Control De Plagas,Servicios Económicos,Ecología,Bienes De Consumo,Bienes De Consumo,3740010.0,595800.0,595800.0,57679543.45,57679543.45,Fiscal
2017,4,Administracion Central,Ministerio De Ambiente Y Espacio Publico,Ministerio De Ambiente Y Espacio Publico,Ministerio De Ambiente Y Espacio Publico,Direccion General De Limpieza,Control De Plagas,Servicios Económicos,Ecología,Servicios No Personales,Servicios No Personales,56339385.0,55892920.0,55892920.0,5411007229.91,5411007229.91,Fiscal
2017,4,Administracion Central,Ministerio De Ambiente Y Espacio Publico,Ministerio De Ambiente Y Espacio Publico,Ministerio De Ambiente Y Espacio Publico,Direccion General De Espacios Verdes,Cuidado Y Puesta En Valor De Espacios Verdes,Servicios Económicos,Ecología,Gastos En Personal,Remuneraciones Al Personal,107178826.0,119348483.0,119348426.63,11554155774.85,11554150317.66,Fiscal
2017,4,Administracion Central,Ministerio De Ambiente Y Espacio Publico,Ministerio De Ambiente Y Espacio Publico,Ministerio De Ambiente Y Espacio Publico,Direccion General De Espacios Verdes,Cuidado Y Puesta En Valor De Espacios Verdes,Servicios Económicos,Ecología,Bienes De Consumo,Bienes De Consumo,3127891.0,660400.0,614064.7,63933485.22,59447753.51,Fiscal
2017,4,Administracion Central,Ministerio De Ambiente Y Espacio Publico,Ministerio De Ambiente Y Espacio Publico,Ministerio De Ambiente Y Espacio Publico,Direccion General De Espacios Verdes,Cuidado Y Puesta En Valor De Espacios Verdes,Servicios Económicos,Ecología,Servicios No Personales,Servicios No Personales,65131180.0,60630712.0,60573242.06,5869674030.03,5864110351.11,Fiscal
2017,4,Administracion Central,Ministerio De Ambiente Y Espacio Publico,Ministerio De Ambiente Y Espacio Publico,Ministerio De Ambiente Y Espacio Publico,Direccion General De Espacios Verdes,Cuidado Y Puesta En Valor De Espacios Verdes,Servicios Económicos,Ecología,Bienes De Uso,Maquinaria Y Equipo,634466.0,937936.0,915009.01,90801813.13,88582245.63,Fiscal
2017,4,Administracion Central,Ministerio De Ambiente Y Espacio Publico,Ministerio De Ambiente Y Espacio Publico,Ministerio De Ambiente Y Espacio Publico,Direccion General De Espacios Verdes,Cuidado Y Puesta En Valor De Espacios Verdes,Servicios Económicos,Ecología,Bienes De Uso,Activos Intangibles,0.0,1.0,0.0,96.81,0.0,Fiscal
2017,4,Administracion Central,Ministerio De Ambiente Y Espacio Publico,Ministerio De Ambiente Y Espacio Publico,Ministerio De Ambiente Y Espacio Publico,Direccion General De Espacios Verdes,Cuidado Y Puesta En Valor De Espacios Verdes,Servicios Económicos,Ecología,Bienes De Uso,Construcciones Del Dominio Público,75679273.0,236783646.0,234942753.27,22923082573.42,22744865298.83,Fiscal
2017,4,Administracion Central,Ministerio De Ambiente Y Espacio Publico,Ministerio De Ambiente Y Espacio Publico,Ministerio De Ambiente Y Espacio Publico,Direccion General De Espacios Verdes,Cuidado Y Puesta En Valor De Espacios Verdes,Servicios Económicos,Ecología,Servicios No Personales,Servicios No Personales,558471525.0,1432260423.0,1429787002.79,138657481197.3,138418028782.96,Fiscal
2017,4,Administracion Central,Ministerio De Ambiente Y Espacio Publico,Ministerio De Ambiente Y Espacio Publico,Ministerio De Ambiente Y Espacio Publico,Direccion General De Espacios Verdes,Cuidado Y Puesta En Valor De Espacios Verdes,Servicios Económicos,Ecología,Activos Financieros,Activos Financieros,37843047.0,74476676.0,74476671.67,7210105184.98,7210104765.79,Fiscal
2017,4,Administracion Central,Ministerio De Ambiente Y Espacio Publico,Ministerio De Ambiente Y Espacio Publico,Ministerio De Ambiente Y Espacio Publico,Subsecretaria De Administracion,Actividades Comunes A Los Programas 16 Y 22,Administración Gubernamental,Dirección Ejecutiva,Bienes De Consumo,Bienes De Consumo,0.0,7240514.0,7238920.35,700955927.91,700801646.27,Fiscal
2017,4,Administracion Central,Ministerio De Ambiente Y Espacio Publico,Ministerio De Ambiente Y Espacio Publico,Ministerio De Ambiente Y Espacio Publico,Subsecretaria De Administracion,Actividades Comunes A Los Programas 16 Y 22,Administración Gubernamental,Dirección Ejecutiva,Servicios No Personales,Servicios No Personales,0.0,12098358.0,12087840.04,1171244991.46,1170226745.18,Fiscal
2017,4,Administracion Central,Ministerio De Ambiente Y Espacio Publico,Ministerio De Ambiente Y Espacio Publico,Ministerio De Ambiente Y Espacio Publico,Subsecretaria De Administracion,Actividades Comunes A Los Programas 16 Y 22,Administración Gubernamental,Dirección Ejecutiva,Bienes De Uso,Maquinaria Y Equipo,0.0,434694.0,434693.7,42082832.26,42082803.22,Fiscal
2017,4,Administracion Central,Ministerio De Ambiente Y Espacio Publico,Ministerio De Ambiente Y Espacio Publico,Ministerio De Ambiente Y Espacio Publico,Dir. Gral Tratamiento Y Nuevas Tecnologías,Tratamiento De Residuos Solidos Urbanos,Servicios Económicos,Servicios Urbanos,Bienes De Consumo,Bienes De Consumo,168300.0,208618.0,207916.36,20196359.51,20128433.57,Fiscal
2017,4,Administracion Central,Ministerio De Ambiente Y Espacio Publico,Ministerio De Ambiente Y Espacio Publico,Ministerio De Ambiente Y Espacio Publico,Dir. Gral Tratamiento Y Nuevas Tecnologías,Tratamiento De Residuos Solidos Urbanos,Servicios Económicos,Servicios Urbanos,Servicios No Personales,Servicios No Personales,226078640.0,375957211.0,375746201.3,36396509376.44,36376081475.87,Fiscal
2017,4,Administracion Central,Ministerio De Ambiente Y Espacio Publico,Ministerio De Ambiente Y Espacio Publico,Ministerio De Ambiente Y Espacio Publico,Dir. Gral Tratamiento Y Nuevas Tecnologías,Tratamiento De Residuos Solidos Urbanos,Servicios Económicos,Servicios Urbanos,Bienes De Uso,Maquinaria Y Equipo,68000.0,109000.0,108096.0,10552316.61,10464800.15,Fiscal
2017,4,Administracion Central,Ministerio De Ambiente Y Espacio Publico,Ministerio De Ambiente Y Espacio Publico,Ministerio De Ambiente Y Espacio Publico,Dir. Gral Tratamiento Y Nuevas Tecnologías,Tratamiento De Residuos Solidos Urbanos,Servicios Económicos,Servicios Urbanos,Servicios No Personales,Servicios No Personales,49000000.0,0.0,0.0,0.0,0.0,Fiscal
2017,4,Administracion Central,Ministerio De Ambiente Y Espacio Publico,Ministerio De Ambiente Y Espacio Publico,Ministerio De Ambiente Y Espacio Publico,Dir. Gral Tratamiento Y Nuevas Tecnologías,Tratamiento De Residuos Solidos Urbanos,Servicios Económicos,Servicios Urbanos,Bienes De Uso,Bienes De Uso,104200000.0,58149073.0,58149072.0,5629425952.61,5629425855.8,Fiscal
2017,4,Administracion Central,Ministerio De Ambiente Y Espacio Publico,Ministerio De Ambiente Y Espacio Publico,Ministerio De Ambiente Y Espacio Publico,Dir. Gral Tratamiento Y Nuevas Tecnologías,Tratamiento De Residuos Solidos Urbanos,Servicios Económicos,Servicios Urbanos,Bienes De Uso,Construcciones Del Dominio Público,11000000.0,665000.0,664999.97,64378812.34,64378809.44,Fiscal
2017,4,Administracion Central,Ministerio De Ambiente Y Espacio Publico,Ministerio De Ambiente Y Espacio Publico,Ministerio De Ambiente Y Espacio Publico,Dir. Gral Tratamiento Y Nuevas Tecnologías,Tratamiento De Residuos Solidos Urbanos,Servicios Económicos,Servicios Urbanos,Bienes De Uso,Construcciones Del Dominio Privado,200000.0,5244223.0,5244222.79,507694508.86,507694488.53,Fiscal
2017,4,Administracion Central,Ministerio De Ambiente Y Espacio Publico,Ministerio De Ambiente Y Espacio Publico,Ministerio De Ambiente Y Espacio Publico,Dir. Gral Tratamiento Y Nuevas Tecnologías,Tratamiento De Residuos Solidos Urbanos,Servicios Económicos,Servicios Urbanos,Activos Financieros,Activos Financieros,25800000.0,0.0,0.0,0.0,0.0,Fiscal
2017,4,Administracion Central,Ministerio De Ambiente Y Espacio Publico,Ministerio De Ambiente Y Espacio Publico,Ministerio De Ambiente Y Espacio Publico,Dir. Gral Tratamiento Y Nuevas Tecnologías,Tratamiento De Residuos Solidos Urbanos,Servicios Sociales,Promoción Y Acción Social,Servicios No Personales,Servicios No Personales,1000000.0,0.0,0.0,0.0,0.0,Fiscal
2017,4,Administracion Central,Ministerio De Ambiente Y Espacio Publico,Ministerio De Ambiente Y Espacio Publico,Ministerio De Ambiente Y Espacio Publico,Dir. Gral Tratamiento Y Nuevas Tecnologías,Tratamiento De Residuos Solidos Urbanos,Servicios Sociales,Promoción Y Acción Social,Bienes De Uso,Construcciones Del Dominio Público,200000.0,0.0,0.0,0.0,0.0,Fiscal
2017,4,Administracion Central,Ministerio De Ambiente Y Espacio Publico,Ministerio De Ambiente Y Espacio Publico,Ministerio De Ambiente Y Espacio Publico,Dir. Gral Tratamiento Y Nuevas Tecnologías,Tratamiento De Residuos Solidos Urbanos,Servicios Sociales,Promoción Y Acción Social,Activos Financieros,Activos Financieros,13800000.0,0.0,0.0,0.0,0.0,Fiscal
2017,4,Administracion Central,Ministerio De Ambiente Y Espacio Publico,Ministerio De Ambiente Y Espacio Publico,Ministerio De Ambiente Y Espacio Publico,Dir. Gral Tratamiento Y Nuevas Tecnologías,Desarrollo De Nuevas Tecnologias,Servicios Económicos,Servicios Urbanos,Gastos En Personal,Remuneraciones Al Personal,5080469.0,5543959.0,5543952.12,536712024.19,536711358.14,Fiscal
2017,4,Administracion Central,Ministerio De Ambiente Y Espacio Publico,Ministerio De Ambiente Y Espacio Publico,Ministerio De Ambiente Y Espacio Publico,Dir. Gral Tratamiento Y Nuevas Tecnologías,Desarrollo De Nuevas Tecnologias,Servicios Económicos,Servicios Urbanos,Bienes De Consumo,Bienes De Consumo,56100.0,0.0,0.0,0.0,0.0,Fiscal
2017,4,Administracion Central,Ministerio De Ambiente Y Espacio Publico,Ministerio De Ambiente Y Espacio Publico,Ministerio De Ambiente Y Espacio Publico,Dir. Gral Tratamiento Y Nuevas Tecnologías,Desarrollo De Nuevas Tecnologias,Servicios Económicos,Servicios Urbanos,Servicios No Personales,Servicios No Personales,100000.0,0.0,0.0,0.0,0.0,Fiscal
2017,4,Administracion Central,Ministerio De Ambiente Y Espacio Publico,Ministerio De Ambiente Y Espacio Publico,Ministerio De Ambiente Y Espacio Publico,Dir.Gral. Control De Gestion,Control De Gestion Y Reclamos,Servicios Económicos,Ecología,Gastos En Personal,Remuneraciones Al Personal,18818403.0,21870904.0,21870897.19,2117327555.41,2117326896.14,Fiscal
2017,4,Administracion Central,Ministerio De Ambiente Y Espacio Publico,Ministerio De Ambiente Y Espacio Publico,Ministerio De Ambiente Y Espacio Publico,Dir.Gral. Control De Gestion,Control De Gestion Y Reclamos,Servicios Económicos,Ecología,Bienes De Consumo,Bienes De Consumo,175950.0,129213.0,99209.76,12509142.07,9604521.08,Fiscal
2017,4,Administracion Central,Ministerio De Ambiente Y Espacio Publico,Ministerio De Ambiente Y Espacio Publico,Ministerio De Ambiente Y Espacio Publico,Dir.Gral. Control De Gestion,Control De Gestion Y Reclamos,Servicios Económicos,Ecología,Servicios No Personales,Servicios No Personales,4426205.0,4951079.0,4950159.62,479315166.66,479226161.26,Fiscal
2017,4,Administracion Central,Ministerio De Ambiente Y Espacio Publico,Ministerio De Ambiente Y Espacio Publico,Ministerio De Ambiente Y Espacio Publico,Dir.Gral. Control De Gestion,Control De Gestion Y Reclamos,Servicios Económicos,Ecología,Bienes De Uso,Maquinaria Y Equipo,1706800.0,711800.0,622293.94,68909531.77,60244428.25,Fiscal
2017,4,Administracion Central,Ministerio De Ambiente Y Espacio Publico,Ministerio De Ambiente Y Espacio Publico,Ministerio De Ambiente Y Espacio Publico,Dir.Gral. Control De Gestion,Control De Gestion Y Reclamos,Servicios Económicos,Ecología,Bienes De Uso,Activos Intangibles,127500.0,500.0,0.0,48405.12,0.0,Fiscal
2017,4,Administracion Central,Ministerio De Ambiente Y Espacio Publico,Ministerio De Ambiente Y Espacio Publico,Ministerio De Ambiente Y Espacio Publico,Subsecretaria De Mantenimiento Del Espacio Público,Actividades Comunes A Los Prog 34 35 37 40 79 Y 88,Servicios Económicos,Servicios Urbanos,Gastos En Personal,Remuneraciones Al Personal,7076891.0,8188902.0,8188889.63,792769601.71,792768404.17,Fiscal
2017,4,Administracion Central,Ministerio De Ambiente Y Espacio Publico,Ministerio De Ambiente Y Espacio Publico,Ministerio De Ambiente Y Espacio Publico,Subsecretaria De Mantenimiento Del Espacio Público,Actividades Comunes A Los Prog 34 35 37 40 79 Y 88,Servicios Económicos,Servicios Urbanos,Bienes De Consumo,Bienes De Consumo,545700.0,582578.0,582568.41,56399518.4,56398589.99,Fiscal
2017,4,Administracion Central,Ministerio De Ambiente Y Espacio Publico,Ministerio De Ambiente Y Espacio Publico,Ministerio De Ambiente Y Espacio Publico,Subsecretaria De Mantenimiento Del Espacio Público,Actividades Comunes A Los Prog 34 35 37 40 79 Y 88,Servicios Económicos,Servicios Urbanos,Servicios No Personales,Servicios No Personales,10783270.0,14470739.0,14443582.83,1400915775.22,1398286779.77,Fiscal
2017,4,Administracion Central,Ministerio De Ambiente Y Espacio Publico,Ministerio De Ambiente Y Espacio Publico,Ministerio De Ambiente Y Espacio Publico,Subsecretaria De Mantenimiento Del Espacio Público,Actividades Comunes A Los Prog 34 35 37 40 79 Y 88,Servicios Económicos,Servicios Urbanos,Bienes De Uso,Maquinaria Y Equipo,1232500.0,46500.0,44290.0,4501676.35,4287725.71,Fiscal
2017,4,Administracion Central,Ministerio De Ambiente Y Espacio Publico,Ministerio De Ambiente Y Espacio Publico,Ministerio De Ambiente Y Espacio Publico,Subsecretaria De Mantenimiento Del Espacio Público,Actividades Comunes A Los Prog 34 35 37 40 79 Y 88,Servicios Económicos,Servicios Urbanos,Servicios No Personales,Servicios No Personales,29720362.0,217982797.0,217980779.29,21102967792.03,21102772457.03,Fiscal
2017,4,Administracion Central,Ministerio De Ambiente Y Espacio Publico,Ministerio De Ambiente Y Espacio Publico,Ministerio De Ambiente Y Espacio Publico,Subsecretaria De Mantenimiento Del Espacio Público,Actividades Comunes A Los Prog 34 35 37 40 79 Y 88,Servicios Económicos,Servicios Urbanos,Bienes De Uso,Bienes De Uso,0.0,4722369.0,4722368.2,457173695.73,457173618.28,Fiscal
2017,4,Administracion Central,Ministerio De Ambiente Y Espacio Publico,Ministerio De Ambiente Y Espacio Publico,Ministerio De Ambiente Y Espacio Publico,Direccion General De Ordenamiento Del Espacio Publico,Ordenamiento Del Espacio Publico,Servicios Económicos,Servicios Urbanos,Gastos En Personal,Remuneraciones Al Personal,28351403.0,25326154.0,25326135.93,2451831151.42,2451829402.06,Fiscal
2017,4,Administracion Central,Ministerio De Ambiente Y Espacio Publico,Ministerio De Ambiente Y Espacio Publico,Ministerio De Ambiente Y Espacio Publico,Direccion General De Ordenamiento Del Espacio Publico,Ordenamiento Del Espacio Publico,Servicios Económicos,Servicios Urbanos,Bienes De Consumo,Bienes De Consumo,1288090.0,66715.0,43917.86,6458695.44,4251698.75,Fiscal
2017,4,Administracion Central,Ministerio De Ambiente Y Espacio Publico,Ministerio De Ambiente Y Espacio Publico,Ministerio De Ambiente Y Espacio Publico,Direccion General De Ordenamiento Del Espacio Publico,Ordenamiento Del Espacio Publico,Servicios Económicos,Servicios Urbanos,Servicios No Personales,Servicios No Personales,7089415.0,7641461.0,7529954.75,739771704.86,728976757.58,Fiscal
2017,4,Administracion Central,Ministerio De Ambiente Y Espacio Publico,Ministerio De Ambiente Y Espacio Publico,Ministerio De Ambiente Y Espacio Publico,Direccion General De Ordenamiento Del Espacio Publico,Ordenamiento Del Espacio Publico,Servicios Económicos,Servicios Urbanos,Bienes De Uso,Maquinaria Y Equipo,9530200.0,181500.0,181486.0,17571059.31,17569703.96,Fiscal
2017,4,Administracion Central,Ministerio De Ambiente Y Espacio Publico,Ministerio De Ambiente Y Espacio Publico,Ministerio De Ambiente Y Espacio Publico,Direccion General De Ordenamiento Del Espacio Publico,Ordenamiento Del Espacio Publico,Servicios Económicos,Servicios Urbanos,Activos Financieros,Activos Financieros,1719000.0,0.0,0.0,0.0,0.0,Fiscal
2017,4,Administracion Central,Ministerio De Ambiente Y Espacio Publico,Ministerio De Ambiente Y Espacio Publico,Ministerio De Ambiente Y Espacio Publico,Direccion General De Cementerios,Servicios Mortuorios,Servicios Económicos,Servicios Urbanos,Gastos En Personal,Remuneraciones Al Personal,84781174.0,101302253.0,101240022.26,9807095843.07,9801071269.94,Fiscal
2017,4,Administracion Central,Ministerio De Ambiente Y Espacio Publico,Ministerio De Ambiente Y Espacio Publico,Ministerio De Ambiente Y Espacio Publico,Direccion General De Cementerios,Servicios Mortuorios,Servicios Económicos,Servicios Urbanos,Bienes De Consumo,Bienes De Consumo,7331245.0,960290.0,934962.72,92965909.33,90513969.17,Fiscal
2017,4,Administracion Central,Ministerio De Ambiente Y Espacio Publico,Ministerio De Ambiente Y Espacio Publico,Ministerio De Ambiente Y Espacio Publico,Direccion General De Cementerios,Servicios Mortuorios,Servicios Económicos,Servicios Urbanos,Servicios No Personales,Servicios No Personales,111657121.0,124599989.0,124167315.61,12062555352.72,12020668136.21,Fiscal
2017,4,Administracion Central,Ministerio De Ambiente Y Espacio Publico,Ministerio De Ambiente Y Espacio Publico,Ministerio De Ambiente Y Espacio Publico,Direccion General De Cementerios,Servicios Mortuorios,Servicios Económicos,Servicios Urbanos,Bienes De Uso,Maquinaria Y Equipo,12359000.0,311810.0,216722.5,30186402.22,20980958.13,Fiscal
2017,4,Administracion Central,Ministerio De Ambiente Y Espacio Publico,Ministerio De Ambiente Y Espacio Publico,Ministerio De Ambiente Y Espacio Publico,Direccion General De Cementerios,Servicios Mortuorios,Servicios Económicos,Servicios Urbanos,Servicios No Personales,Servicios No Personales,10800000.0,0.0,0.0,0.0,0.0,Fiscal
2017,4,Administracion Central,Ministerio De Ambiente Y Espacio Publico,Ministerio De Ambiente Y Espacio Publico,Ministerio De Ambiente Y Espacio Publico,Direccion General De Cementerios,Servicios Mortuorios,Servicios Económicos,Servicios Urbanos,Bienes De Uso,Construcciones Del Dominio Privado,30550000.0,0.0,0.0,0.0,0.0,Fiscal
2017,4,Administracion Central,Ministerio De Ambiente Y Espacio Publico,Ministerio De Ambiente Y Espacio Publico,Ministerio De Ambiente Y Espacio Publico,Dirección General Alumbrado,Mantenimiento Y Optimizacion Del Alumbrado Publico,Servicios Económicos,Servicios Urbanos,Gastos En Personal,Remuneraciones Al Personal,22963193.0,28449872.0,28449862.94,2754239053.57,2754238176.47,Fiscal
2017,4,Administracion Central,Ministerio De Ambiente Y Espacio Publico,Ministerio De Ambiente Y Espacio Publico,Ministerio De Ambiente Y Espacio Publico,Dirección General Alumbrado,Mantenimiento Y Optimizacion Del Alumbrado Publico,Servicios Económicos,Servicios Urbanos,Bienes De Consumo,Bienes De Consumo,934669.0,338862.0,338857.0,32805312.94,32804828.89,Fiscal
2017,4,Administracion Central,Ministerio De Ambiente Y Espacio Publico,Ministerio De Ambiente Y Espacio Publico,Ministerio De Ambiente Y Espacio Publico,Dirección General Alumbrado,Mantenimiento Y Optimizacion Del Alumbrado Publico,Servicios Económicos,Servicios Urbanos,Servicios No Personales,Servicios No Personales,230941820.0,189547042.0,189546520.39,18350095408.68,18350044911.48,Fiscal
2017,4,Administracion Central,Ministerio De Ambiente Y Espacio Publico,Ministerio De Ambiente Y Espacio Publico,Ministerio De Ambiente Y Espacio Publico,Dirección General Alumbrado,Mantenimiento Y Optimizacion Del Alumbrado Publico,Servicios Económicos,Servicios Urbanos,Bienes De Uso,Maquinaria Y Equipo,2096440.0,45000.0,32999.61,4356460.99,3194700.3,Fiscal
2017,4,Administracion Central,Ministerio De Ambiente Y Espacio Publico,Ministerio De Ambiente Y Espacio Publico,Ministerio De Ambiente Y Espacio Publico,Dirección General Alumbrado,Mantenimiento Y Optimizacion Del Alumbrado Publico,Servicios Económicos,Servicios Urbanos,Servicios No Personales,Servicios No Personales,240000008.0,5820000.0,5820000.0,563435620.79,563435620.79,Fiscal
2017,4,Administracion Central,Ministerio De Ambiente Y Espacio Publico,Ministerio De Ambiente Y Espacio Publico,Ministerio De Ambiente Y Espacio Publico,Dirección General Alumbrado,Mantenimiento Y Optimizacion Del Alumbrado Publico,Servicios Económicos,Servicios Urbanos,Bienes De Uso,Construcciones Del Dominio Público,246157977.0,719430148.0,718474768.93,69648208256.8,69555717775.81,Fiscal
2017,4,Administracion Central,Ministerio De Ambiente Y Espacio Publico,Ministerio De Ambiente Y Espacio Publico,Ministerio De Ambiente Y Espacio Publico,Dirección General Alumbrado,Mantenimiento Y Optimizacion Del Alumbrado Publico,Servicios Económicos,Servicios Urbanos,Bienes De Consumo,Bienes De Consumo,148553955.0,201066888.0,201066887.26,19465334512.19,19465334440.55,Fiscal
2017,4,Administracion Central,Ministerio De Ambiente Y Espacio Publico,Ministerio De Ambiente Y Espacio Publico,Ministerio De Ambiente Y Espacio Publico,Direccion General De Reciclado,Reciclado De Residuos Urbanos,Servicios Sociales,Trabajo,Gastos En Personal,Remuneraciones Al Personal,29991851.0,34441609.0,34441596.99,3334300575.25,3334299412.56,Fiscal
2017,4,Administracion Central,Ministerio De Ambiente Y Espacio Publico,Ministerio De Ambiente Y Espacio Publico,Ministerio De Ambiente Y Espacio Publico,Direccion General De Reciclado,Reciclado De Residuos Urbanos,Servicios Sociales,Trabajo,Bienes De Consumo,Bienes De Consumo,45217049.0,76459258.0,76265147.74,7402039432.39,7383247570.73,Fiscal
2017,4,Administracion Central,Ministerio De Ambiente Y Espacio Publico,Ministerio De Ambiente Y Espacio Publico,Ministerio De Ambiente Y Espacio Publico,Direccion General De Reciclado,Reciclado De Residuos Urbanos,Servicios Sociales,Trabajo,Servicios No Personales,Servicios No Personales,271581752.0,192971301.0,192395700.7,18681598758.4,18625874752.84,Fiscal
2017,4,Administracion Central,Ministerio De Ambiente Y Espacio Publico,Ministerio De Ambiente Y Espacio Publico,Ministerio De Ambiente Y Espacio Publico,Direccion General De Reciclado,Reciclado De Residuos Urbanos,Servicios Sociales,Trabajo,Bienes De Uso,Maquinaria Y Equipo,0.0,32051108.0,31911716.79,3102875589.87,3089381092.8,Fiscal
2017,4,Administracion Central,Ministerio De Ambiente Y Espacio Publico,Ministerio De Ambiente Y Espacio Publico,Ministerio De Ambiente Y Espacio Publico,Direccion General De Reciclado,Reciclado De Residuos Urbanos,Servicios Sociales,Trabajo,Transferencias,Al Sector Privado,570010305.0,734531411.0,734527241.89,71110165214.39,71109761601.83,Fiscal
2017,4,Administracion Central,Ministerio De Ambiente Y Espacio Publico,Ministerio De Ambiente Y Espacio Publico,Ministerio De Ambiente Y Espacio Publico,Direccion General De Reciclado,Reciclado De Residuos Urbanos,Servicios Sociales,Trabajo,Transferencias,Al Sector Público,49189710.0,0.0,0.0,0.0,0.0,Fiscal
2017,4,Administracion Central,Ministerio De Ambiente Y Espacio Publico,Ministerio De Ambiente Y Espacio Publico,Ministerio De Ambiente Y Espacio Publico,Subsecretaria De Higiene Urbana,Actividades Comunes A Los Programas: 11-52-53-56-57-58-59 Y 85,Servicios Económicos,Ecología,Gastos En Personal,Remuneraciones Al Personal,4533324.0,7520234.0,7520221.48,728035689.4,728034477.33,Fiscal
2017,4,Administracion Central,Ministerio De Ambiente Y Espacio Publico,Ministerio De Ambiente Y Espacio Publico,Ministerio De Ambiente Y Espacio Publico,Subsecretaria De Higiene Urbana,Actividades Comunes A Los Programas: 11-52-53-56-57-58-59 Y 85,Servicios Económicos,Ecología,Bienes De Consumo,Bienes De Consumo,882935.0,157296.0,126459.17,15227864.16,12242543.12,Fiscal
2017,4,Administracion Central,Ministerio De Ambiente Y Espacio Publico,Ministerio De Ambiente Y Espacio Publico,Ministerio De Ambiente Y Espacio Publico,Subsecretaria De Higiene Urbana,Actividades Comunes A Los Programas: 11-52-53-56-57-58-59 Y 85,Servicios Económicos,Ecología,Servicios No Personales,Servicios No Personales,16135880.0,15408665.0,15408662.44,1491716620.25,1491716372.41,Fiscal
2017,4,Administracion Central,Ministerio De Ambiente Y Espacio Publico,Ministerio De Ambiente Y Espacio Publico,Ministerio De Ambiente Y Espacio Publico,Subsecretaria De Higiene Urbana,Actividades Comunes A Los Programas: 11-52-53-56-57-58-59 Y 85,Servicios Económicos,Ecología,Bienes De Uso,Maquinaria Y Equipo,278800.0,5857.0,5856.6,567017.6,566978.88,Fiscal
2017,4,Administracion Central,Ministerio De Ambiente Y Espacio Publico,Ministerio De Ambiente Y Espacio Publico,Ministerio De Ambiente Y Espacio Publico,Subsecretaria De Higiene Urbana,Actividades Comunes A Los Programas: 11-52-53-56-57-58-59 Y 85,Servicios Económicos,Ecología,Bienes De Uso,Activos Intangibles,3825000.0,0.0,0.0,0.0,0.0,Fiscal
2017,4,Administracion Central,Ministerio De Ambiente Y Espacio Publico,Ministerio De Ambiente Y Espacio Publico,Ministerio De Ambiente Y Espacio Publico,Dir. Gral. Mantenimiento Y Talleres,Mantenimiento Edilicio,Servicios Económicos,Servicios Urbanos,Gastos En Personal,Remuneraciones Al Personal,110363340.0,128483599.0,128477337.27,12438528584.9,12437922385.29,Fiscal
2017,4,Administracion Central,Ministerio De Ambiente Y Espacio Publico,Ministerio De Ambiente Y Espacio Publico,Ministerio De Ambiente Y Espacio Publico,Dir. Gral. Mantenimiento Y Talleres,Mantenimiento Edilicio,Servicios Económicos,Servicios Urbanos,Bienes De Consumo,Bienes De Consumo,7802912.0,8301382.0,8150000.53,803658817.97,789003540.91,Fiscal
2017,4,Administracion Central,Ministerio De Ambiente Y Espacio Publico,Ministerio De Ambiente Y Espacio Publico,Ministerio De Ambiente Y Espacio Publico,Dir. Gral. Mantenimiento Y Talleres,Mantenimiento Edilicio,Servicios Económicos,Servicios Urbanos,Servicios No Personales,Servicios No Personales,83007474.0,94350507.0,94234260.98,9134095615.73,9122841810.16,Fiscal
2017,4,Administracion Central,Ministerio De Ambiente Y Espacio Publico,Ministerio De Ambiente Y Espacio Publico,Ministerio De Ambiente Y Espacio Publico,Dir. Gral. Mantenimiento Y Talleres,Mantenimiento Edilicio,Servicios Económicos,Servicios Urbanos,Bienes De Uso,Maquinaria Y Equipo,9368700.0,704658.0,668531.08,68218113.0,64720657.06,Fiscal
2017,4,Administracion Central,Ministerio De Ambiente Y Espacio Publico,Ministerio De Ambiente Y Espacio Publico,Ministerio De Ambiente Y Espacio Publico,Dir. Gral. Mantenimiento Y Talleres,Mantenimiento Edilicio,Servicios Económicos,Servicios Urbanos,Bienes De Uso,Activos Intangibles,41820.0,820.0,0.0,79384.4,0.0,Fiscal
2017,4,Administracion Central,Ministerio De Ambiente Y Espacio Publico,Ministerio De Ambiente Y Espacio Publico,Ministerio De Ambiente Y Espacio Publico,Subsecretaria De Uso Del Espacio Público,Actividades Comunes A Los Programas 15 74 75 76 Y 77,Administración Gubernamental,Dirección Ejecutiva,Gastos En Personal,Remuneraciones Al Personal,6770725.0,5810591.0,5810584.39,562524733.2,562524093.29,Fiscal
2017,4,Administracion Central,Ministerio De Ambiente Y Espacio Publico,Ministerio De Ambiente Y Espacio Publico,Ministerio De Ambiente Y Espacio Publico,Subsecretaria De Uso Del Espacio Público,Actividades Comunes A Los Programas 15 74 75 76 Y 77,Administración Gubernamental,Dirección Ejecutiva,Bienes De Consumo,Bienes De Consumo,952510.0,78237.0,78117.11,7574143.07,7562536.49,Fiscal
2017,4,Administracion Central,Ministerio De Ambiente Y Espacio Publico,Ministerio De Ambiente Y Espacio Publico,Ministerio De Ambiente Y Espacio Publico,Subsecretaria De Uso Del Espacio Público,Actividades Comunes A Los Programas 15 74 75 76 Y 77,Administración Gubernamental,Dirección Ejecutiva,Servicios No Personales,Servicios No Personales,16118671.0,45582034.0,44738382.88,4412807839.13,4331133768.25,Fiscal
2017,4,Administracion Central,Ministerio De Ambiente Y Espacio Publico,Ministerio De Ambiente Y Espacio Publico,Ministerio De Ambiente Y Espacio Publico,Subsecretaria De Uso Del Espacio Público,Actividades Comunes A Los Programas 15 74 75 76 Y 77,Administración Gubernamental,Dirección Ejecutiva,Bienes De Uso,Maquinaria Y Equipo,1534250.0,838911.0,838909.84,81215178.71,81215066.41,Fiscal
2017,4,Administracion Central,Ministerio De Ambiente Y Espacio Publico,Ministerio De Ambiente Y Espacio Publico,Ministerio De Ambiente Y Espacio Publico,Subsecretaria De Uso Del Espacio Público,Actividades Comunes A Los Programas 15 74 75 76 Y 77,Administración Gubernamental,Dirección Ejecutiva,Bienes De Uso,Activos Intangibles,510000.0,0.0,0.0,0.0,0.0,Fiscal
2017,4,Organismos Descentralizados,Ministerio De Ambiente Y Espacio Publico,Ministerio De Ambiente Y Espacio Publico,Ente Mantenimiento Urbano Integral,Ente De Mantenimiento Urbano Integral,Mantenimiento De La Via Publica,Servicios Económicos,Servicios Urbanos,Gastos En Personal,Remuneraciones Al Personal,71447153.0,85692996.0,85672770.25,8295959862.33,8294001802.53,Fiscal
2017,4,Organismos Descentralizados,Ministerio De Ambiente Y Espacio Publico,Ministerio De Ambiente Y Espacio Publico,Ente Mantenimiento Urbano Integral,Ente De Mantenimiento Urbano Integral,Mantenimiento De La Via Publica,Servicios Económicos,Servicios Urbanos,Bienes De Consumo,Bienes De Consumo,124100.0,0.0,0.0,0.0,0.0,Fiscal
2017,4,Organismos Descentralizados,Ministerio De Ambiente Y Espacio Publico,Ministerio De Ambiente Y Espacio Publico,Ente Mantenimiento Urbano Integral,Ente De Mantenimiento Urbano Integral,Mantenimiento De La Via Publica,Servicios Económicos,Servicios Urbanos,Servicios No Personales,Servicios No Personales,17616640.0,24807398.0,24780737.8,2401610256.42,2399029275.95,Fiscal
2017,4,Organismos Descentralizados,Ministerio De Ambiente Y Espacio Publico,Ministerio De Ambiente Y Espacio Publico,Ente Mantenimiento Urbano Integral,Ente De Mantenimiento Urbano Integral,Mantenimiento De La Via Publica,Servicios Económicos,Servicios Urbanos,Servicios No Personales,Servicios No Personales,0.0,35098056.0,35098055.79,3397851369.58,3397851349.25,Fiscal
2017,4,Organismos Descentralizados,Ministerio De Ambiente Y Espacio Publico,Ministerio De Ambiente Y Espacio Publico,Ente Mantenimiento Urbano Integral,Ente De Mantenimiento Urbano Integral,Mantenimiento De La Via Publica,Servicios Económicos,Servicios Urbanos,Bienes De Uso,Construcciones Del Dominio Público,649085565.0,1204377644.0,1201998781.63,116596093731.05,116365795484.28,Fiscal
2017,4,Organismos Descentralizados,Ministerio De Ambiente Y Espacio Publico,Ministerio De Ambiente Y Espacio Publico,Ente Mantenimiento Urbano Integral,Ente De Mantenimiento Urbano Integral,Mejoramiento De Las Vias De Transito Peatonal Y Vehicular,Servicios Económicos,Servicios Urbanos,Bienes De Consumo,Bienes De Consumo,24418298.0,7901318.0,7862689.75,764928524.47,761188914.16,Fiscal
2017,4,Organismos Descentralizados,Ministerio De Ambiente Y Espacio Publico,Ministerio De Ambiente Y Espacio Publico,Ente Mantenimiento Urbano Integral,Ente De Mantenimiento Urbano Integral,Mejoramiento De Las Vias De Transito Peatonal Y Vehicular,Servicios Económicos,Servicios Urbanos,Servicios No Personales,Servicios No Personales,29340863.0,19837142.0,19711627.34,1920438559.71,1908287454.83,Fiscal
2017,4,Organismos Descentralizados,Ministerio De Ambiente Y Espacio Publico,Ministerio De Ambiente Y Espacio Publico,Ente Mantenimiento Urbano Integral,Ente De Mantenimiento Urbano Integral,Mejoramiento De Las Vias De Transito Peatonal Y Vehicular,Servicios Económicos,Servicios Urbanos,Bienes De Uso,Maquinaria Y Equipo,4258500.0,1476100.0,1423485.24,142901601.35,137807953.59,Fiscal
2017,4,Organismos Descentralizados,Ministerio De Ambiente Y Espacio Publico,Ministerio De Ambiente Y Espacio Publico,Ente Mantenimiento Urbano Integral,Ente De Mantenimiento Urbano Integral,Mejoramiento De Las Vias De Transito Peatonal Y Vehicular,Servicios Económicos,Servicios Urbanos,Gastos En Personal,Remuneraciones Al Personal,43263617.0,42249987.0,42241996.29,4090231555.63,4089457973.05,Fiscal
2017,4,Organismos Descentralizados,Ministerio De Ambiente Y Espacio Publico,Ministerio De Ambiente Y Espacio Publico,Ente Mantenimiento Urbano Integral,Ente De Mantenimiento Urbano Integral,Mejoramiento De Las Vias De Transito Peatonal Y Vehicular,Administración Gubernamental,Control De La Gestión,Gastos En Personal,Remuneraciones Al Personal,0.0,1687089.0,1687086.14,163327497.95,163327221.07,Fiscal
2017,4,Organismos Descentralizados,Ministerio De Ambiente Y Espacio Publico,Ministerio De Ambiente Y Espacio Publico,Ente Mantenimiento Urbano Integral,Ente De Mantenimiento Urbano Integral,Mejoramiento De Las Vias De Transito Peatonal Y Vehicular,Administración Gubernamental,Control De La Gestión,Bienes De Consumo,Bienes De Consumo,127500.0,0.0,0.0,0.0,0.0,Fiscal
2017,4,Organismos Descentralizados,Ministerio De Ambiente Y Espacio Publico,Ministerio De Ambiente Y Espacio Publico,Ente Mantenimiento Urbano Integral,Ente De Mantenimiento Urbano Integral,Mejoramiento De Las Vias De Transito Peatonal Y Vehicular,Administración Gubernamental,Control De La Gestión,Servicios No Personales,Servicios No Personales,2622000.0,2110500.0,2110500.0,204318020.22,204318020.22,Fiscal
2017,4,Organismos Descentralizados,Ministerio De Ambiente Y Espacio Publico,Ministerio De Ambiente Y Espacio Publico,Ente Mantenimiento Urbano Integral,Ente De Mantenimiento Urbano Integral,Mejoramiento De Las Vias De Transito Peatonal Y Vehicular,Servicios Económicos,Servicios Urbanos,Bienes De Consumo,Bienes De Consumo,0.0,2076542.0,2076541.09,201030537.95,201030449.85,Fiscal
2017,4,Organismos Descentralizados,Ministerio De Ambiente Y Espacio Publico,Ministerio De Ambiente Y Espacio Publico,Ente Mantenimiento Urbano Integral,Ente De Mantenimiento Urbano Integral,Mejoramiento De Las Vias De Transito Peatonal Y Vehicular,Servicios Económicos,Servicios Urbanos,Bienes De Uso,Construcciones Del Dominio Público,1069072650.0,1655785387.0,1655654494.89,160296987529.57,160284315832.44,Fiscal
2017,4,Organismos Descentralizados,Ministerio De Ambiente Y Espacio Publico,Ministerio De Ambiente Y Espacio Publico,Ente Mantenimiento Urbano Integral,Ente De Mantenimiento Urbano Integral,Mejoramiento De Las Vias De Transito Peatonal Y Vehicular,Servicios Económicos,Servicios Urbanos,Servicios No Personales,Servicios No Personales,39600008.0,194197581.0,192317076.22,18800315224.57,18618263097.74,Fiscal
2017,4,Organismos Descentralizados,Ministerio De Ambiente Y Espacio Publico,Ministerio De Ambiente Y Espacio Publico,Ente De Higiene Urbana,Ente De Higiene Urbana,"Recoleccion, Barrido E Higiene De La Ciudad De Buenos Aires",Servicios Económicos,Servicios Urbanos,Gastos En Personal,Remuneraciones Al Personal,196608458.0,223268959.0,223209241.62,21614722425.72,21608941171.58,Fiscal
2017,4,Organismos Descentralizados,Ministerio De Ambiente Y Espacio Publico,Ministerio De Ambiente Y Espacio Publico,Ente De Higiene Urbana,Ente De Higiene Urbana,"Recoleccion, Barrido E Higiene De La Ciudad De Buenos Aires",Servicios Económicos,Servicios Urbanos,Bienes De Consumo,Bienes De Consumo,15521200.0,12878443.0,12823547.05,1246765210.74,1241450720.42,Fiscal
2017,4,Organismos Descentralizados,Ministerio De Ambiente Y Espacio Publico,Ministerio De Ambiente Y Espacio Publico,Ente De Higiene Urbana,Ente De Higiene Urbana,"Recoleccion, Barrido E Higiene De La Ciudad De Buenos Aires",Servicios Económicos,Servicios Urbanos,Servicios No Personales,Servicios No Personales,164570524.0,274782100.0,274738185.28,26601722181.43,26597470786.67,Fiscal
2017,4,Organismos Descentralizados,Ministerio De Ambiente Y Espacio Publico,Ministerio De Ambiente Y Espacio Publico,Ente De Higiene Urbana,Ente De Higiene Urbana,"Recoleccion, Barrido E Higiene De La Ciudad De Buenos Aires",Servicios Económicos,Servicios Urbanos,Bienes De Uso,Maquinaria Y Equipo,127500.0,500.0,0.0,48405.12,0.0,Fiscal
2017,4,Organismos Descentralizados,Ministerio De Ambiente Y Espacio Publico,Ministerio De Ambiente Y Espacio Publico,Ente De Higiene Urbana,Ente De Higiene Urbana,"Recoleccion, Barrido E Higiene De La Ciudad De Buenos Aires",Administración Gubernamental,Control De La Gestión,Gastos En Personal,Remuneraciones Al Personal,0.0,2554382.0,2554376.58,247290345.0,247289820.29,Fiscal
2017,4,Organismos Descentralizados,Ministerio De Ambiente Y Espacio Publico,Ministerio De Ambiente Y Espacio Publico,Ente De Higiene Urbana,Ente De Higiene Urbana,"Recoleccion, Barrido E Higiene De La Ciudad De Buenos Aires",Administración Gubernamental,Control De La Gestión,Bienes De Consumo,Bienes De Consumo,40800.0,0.0,0.0,0.0,0.0,Fiscal
2017,4,Organismos Descentralizados,Ministerio De Ambiente Y Espacio Publico,Ministerio De Ambiente Y Espacio Publico,Ente De Higiene Urbana,Ente De Higiene Urbana,"Recoleccion, Barrido E Higiene De La Ciudad De Buenos Aires",Administración Gubernamental,Control De La Gestión,Servicios No Personales,Servicios No Personales,20400.0,0.0,0.0,0.0,0.0,Fiscal
2017,4,Organismos Descentralizados,Ministerio De Ambiente Y Espacio Publico,Ministerio De Ambiente Y Espacio Publico,Ente De Higiene Urbana,Ente De Higiene Urbana,"Recoleccion, Barrido E Higiene De La Ciudad De Buenos Aires",Administración Gubernamental,Control De La Gestión,Bienes De Uso,Maquinaria Y Equipo,7514000.0,17000.0,0.0,1645774.15,0.0,Fiscal
2017,4,Organismos Descentralizados,Ministerio De Ambiente Y Espacio Publico,Ministerio De Ambiente Y Espacio Publico,Agencia Ambiental,Agencia Ambiental,"Actividades Comunes A Los Prog. 91,92,93, 94,95, 96 Y 100",Servicios Económicos,Ecología,Gastos En Personal,Remuneraciones Al Personal,38330144.0,41710078.0,41710042.48,4037962833.54,4037959394.84,Fiscal
2017,4,Organismos Descentralizados,Ministerio De Ambiente Y Espacio Publico,Ministerio De Ambiente Y Espacio Publico,Agencia Ambiental,Agencia Ambiental,"Actividades Comunes A Los Prog. 91,92,93, 94,95, 96 Y 100",Servicios Económicos,Ecología,Bienes De Consumo,Bienes De Consumo,2345580.0,568191.0,555292.04,55006709.42,53757957.95,Fiscal
2017,4,Organismos Descentralizados,Ministerio De Ambiente Y Espacio Publico,Ministerio De Ambiente Y Espacio Publico,Agencia Ambiental,Agencia Ambiental,"Actividades Comunes A Los Prog. 91,92,93, 94,95, 96 Y 100",Servicios Económicos,Ecología,Servicios No Personales,Servicios No Personales,45939187.0,59894549.0,58827024.75,5798405910.28,5695058627.03,Fiscal
2017,4,Organismos Descentralizados,Ministerio De Ambiente Y Espacio Publico,Ministerio De Ambiente Y Espacio Publico,Agencia Ambiental,Agencia Ambiental,"Actividades Comunes A Los Prog. 91,92,93, 94,95, 96 Y 100",Servicios Económicos,Ecología,Bienes De Uso,Maquinaria Y Equipo,2569000.0,9122740.0,9092870.56,883174686.46,880283018.69,Fiscal
2017,4,Organismos Descentralizados,Ministerio De Ambiente Y Espacio Publico,Ministerio De Ambiente Y Espacio Publico,Agencia Ambiental,Agencia Ambiental,"Actividades Comunes A Los Prog. 91,92,93, 94,95, 96 Y 100",Servicios Económicos,Ecología,Servicios No Personales,Impuestos Directos,0.0,725.0,725.0,70187.43,70187.43,Fiscal
2017,4,Organismos Descentralizados,Ministerio De Ambiente Y Espacio Publico,Ministerio De Ambiente Y Espacio Publico,Agencia Ambiental,Agencia Ambiental,"Actividades Comunes A Los Prog. 91,92,93, 94,95, 96 Y 100",Administración Gubernamental,Control De La Gestión,Gastos En Personal,Remuneraciones Al Personal,4861719.0,5574343.0,5574338.54,539653506.65,539653074.88,Fiscal
2017,4,Organismos Descentralizados,Ministerio De Ambiente Y Espacio Publico,Ministerio De Ambiente Y Espacio Publico,Agencia Ambiental,Agencia Ambiental,"Actividades Comunes A Los Prog. 91,92,93, 94,95, 96 Y 100",Administración Gubernamental,Control De La Gestión,Bienes De Consumo,Bienes De Consumo,159500.0,80971.0,80970.03,7838822.28,7838728.37,Fiscal
2017,4,Organismos Descentralizados,Ministerio De Ambiente Y Espacio Publico,Ministerio De Ambiente Y Espacio Publico,Agencia Ambiental,Agencia Ambiental,"Actividades Comunes A Los Prog. 91,92,93, 94,95, 96 Y 100",Administración Gubernamental,Control De La Gestión,Servicios No Personales,Servicios No Personales,96000.0,153677.0,151276.8,14877507.89,14645143.94,Fiscal
2017,4,Organismos Descentralizados,Ministerio De Ambiente Y Espacio Publico,Ministerio De Ambiente Y Espacio Publico,Agencia Ambiental,Agencia Ambiental,"Actividades Comunes A Los Prog. 91,92,93, 94,95, 96 Y 100",Servicios Económicos,Ecología,Bienes De Uso,Activos Intangibles,8500000.0,6005350.0,6005250.0,581379399.54,581369718.52,Fiscal
2017,4,Organismos Descentralizados,Ministerio De Ambiente Y Espacio Publico,Ministerio De Ambiente Y Espacio Publico,Agencia Ambiental,Agencia Ambiental,Intervenciones Veterinarias,Servicios Económicos,Ecología,Gastos En Personal,Remuneraciones Al Personal,580098.0,85838.0,85836.12,8309997.73,8309815.73,Fiscal
2017,4,Organismos Descentralizados,Ministerio De Ambiente Y Espacio Publico,Ministerio De Ambiente Y Espacio Publico,Agencia Ambiental,Agencia Ambiental,Intervenciones Veterinarias,Servicios Económicos,Ecología,Bienes De Consumo,Bienes De Consumo,8538195.0,3706294.0,3706293.0,358807226.93,358807130.12,Fiscal
2017,4,Organismos Descentralizados,Ministerio De Ambiente Y Espacio Publico,Ministerio De Ambiente Y Espacio Publico,Agencia Ambiental,Agencia Ambiental,Intervenciones Veterinarias,Servicios Económicos,Ecología,Servicios No Personales,Servicios No Personales,5434395.0,1844326.0,1806825.7,178549650.3,174919237.1,Fiscal
2017,4,Organismos Descentralizados,Ministerio De Ambiente Y Espacio Publico,Ministerio De Ambiente Y Espacio Publico,Agencia Ambiental,Agencia Ambiental,Intervenciones Veterinarias,Servicios Económicos,Ecología,Bienes De Uso,Maquinaria Y Equipo,7243635.0,1229397.0,1229397.0,119018223.69,119018223.69,Fiscal
2017,4,Organismos Descentralizados,Ministerio De Ambiente Y Espacio Publico,Ministerio De Ambiente Y Espacio Publico,Agencia Ambiental,Agencia Ambiental,Sanidad Y Tenencia Responsable De Mascotas,Servicios Económicos,Ecología,Gastos En Personal,Remuneraciones Al Personal,5973752.0,4630076.0,4630067.11,448238787.86,448237927.22,Fiscal
2017,4,Organismos Descentralizados,Ministerio De Ambiente Y Espacio Publico,Ministerio De Ambiente Y Espacio Publico,Agencia Ambiental,Agencia Ambiental,Sanidad Y Tenencia Responsable De Mascotas,Servicios Económicos,Ecología,Bienes De Consumo,Bienes De Consumo,1968750.0,7454723.0,7454679.04,721693553.49,721689297.72,Fiscal
2017,4,Organismos Descentralizados,Ministerio De Ambiente Y Espacio Publico,Ministerio De Ambiente Y Espacio Publico,Agencia Ambiental,Agencia Ambiental,Sanidad Y Tenencia Responsable De Mascotas,Servicios Económicos,Ecología,Servicios No Personales,Servicios No Personales,13476994.0,26468851.0,26442206.2,2562455926.95,2559876437.35,Fiscal
2017,4,Organismos Descentralizados,Ministerio De Ambiente Y Espacio Publico,Ministerio De Ambiente Y Espacio Publico,Agencia Ambiental,Agencia Ambiental,Sanidad Y Tenencia Responsable De Mascotas,Servicios Económicos,Ecología,Bienes De Uso,Maquinaria Y Equipo,3467880.0,2580650.0,2580090.38,249833356.49,249779179.55,Fiscal
2017,4,Organismos Descentralizados,Ministerio De Ambiente Y Espacio Publico,Ministerio De Ambiente Y Espacio Publico,Agencia Ambiental,Agencia Ambiental,Sanidad Y Tenencia Responsable De Mascotas,Servicios Económicos,Ecología,Bienes De Uso,Activos Intangibles,0.0,260713.0,0.0,25239689.18,0.0,Fiscal
2017,4,Organismos Descentralizados,Ministerio De Ambiente Y Espacio Publico,Ministerio De Ambiente Y Espacio Publico,Agencia Ambiental,Direccion General De Control,Control Ambiental,Servicios Económicos,Ecología,Gastos En Personal,Remuneraciones Al Personal,51726371.0,57608369.0,57606049.99,5577080266.38,5576855762.45,Fiscal
2017,4,Organismos Descentralizados,Ministerio De Ambiente Y Espacio Publico,Ministerio De Ambiente Y Espacio Publico,Agencia Ambiental,Direccion General De Control,Control Ambiental,Servicios Económicos,Ecología,Servicios No Personales,Servicios No Personales,13103392.0,14096931.0,14057544.93,1364727331.48,1360914356.43,Fiscal
2017,4,Organismos Descentralizados,Ministerio De Ambiente Y Espacio Publico,Ministerio De Ambiente Y Espacio Publico,Agencia Ambiental,Direccion General De Control,Control Ambiental,Servicios Económicos,Ecología,Bienes De Consumo,Bienes De Consumo,527160.0,1253231.0,1189261.36,121325599.05,115132682.59,Fiscal
2017,4,Organismos Descentralizados,Ministerio De Ambiente Y Espacio Publico,Ministerio De Ambiente Y Espacio Publico,Agencia Ambiental,Direccion General De Control,Control Ambiental,Servicios Económicos,Ecología,Bienes De Uso,Maquinaria Y Equipo,2110845.0,76698.0,76697.71,7425152.1,7425124.03,Fiscal
2017,4,Organismos Descentralizados,Ministerio De Ambiente Y Espacio Publico,Ministerio De Ambiente Y Espacio Publico,Agencia Ambiental,Direccion General De Control,Control Ambiental,Servicios Económicos,Ecología,Bienes De Uso,Activos Intangibles,37600.0,0.0,0.0,0.0,0.0,Fiscal
2017,4,Organismos Descentralizados,Ministerio De Ambiente Y Espacio Publico,Ministerio De Ambiente Y Espacio Publico,Agencia Ambiental,Direccion General De Control,Laboratorio De Analisis Y Calidad Ambiental,Servicios Económicos,Ecología,Gastos En Personal,Remuneraciones Al Personal,674966.0,971934.0,971931.77,94093167.81,94092951.92,Fiscal
2017,4,Organismos Descentralizados,Ministerio De Ambiente Y Espacio Publico,Ministerio De Ambiente Y Espacio Publico,Agencia Ambiental,Direccion General De Control,Laboratorio De Analisis Y Calidad Ambiental,Servicios Económicos,Ecología,Bienes De Consumo,Bienes De Consumo,4212423.0,1664658.0,1449439.47,161155947.36,140320588.93,Fiscal
2017,4,Organismos Descentralizados,Ministerio De Ambiente Y Espacio Publico,Ministerio De Ambiente Y Espacio Publico,Agencia Ambiental,Direccion General De Control,Laboratorio De Analisis Y Calidad Ambiental,Servicios Económicos,Ecología,Servicios No Personales,Servicios No Personales,1549671.0,3740837.0,3740500.12,362151343.19,362118729.76,Fiscal
2017,4,Organismos Descentralizados,Ministerio De Ambiente Y Espacio Publico,Ministerio De Ambiente Y Espacio Publico,Agencia Ambiental,Direccion General De Control,Laboratorio De Analisis Y Calidad Ambiental,Servicios Económicos,Ecología,Bienes De Uso,Maquinaria Y Equipo,2010215.0,806009.0,804151.0,78029928.05,77850054.62,Fiscal
2017,4,Organismos Descentralizados,Ministerio De Ambiente Y Espacio Publico,Ministerio De Ambiente Y Espacio Publico,Agencia Ambiental,Direccion General De Control,Redes Ambientales,Servicios Económicos,Ecología,Gastos En Personal,Remuneraciones Al Personal,967735.0,867810.0,867806.87,84012897.95,84012594.94,Fiscal
2017,4,Organismos Descentralizados,Ministerio De Ambiente Y Espacio Publico,Ministerio De Ambiente Y Espacio Publico,Agencia Ambiental,Direccion General De Control,Redes Ambientales,Servicios Económicos,Ecología,Bienes De Uso,Maquinaria Y Equipo,1281900.0,990.0,990.0,95842.14,95842.14,Fiscal
2017,4,Organismos Descentralizados,Ministerio De Ambiente Y Espacio Publico,Ministerio De Ambiente Y Espacio Publico,Agencia Ambiental,Direccion General De Evaluacion Ambiental,Evaluacion Tecnica,Servicios Económicos,Ecología,Gastos En Personal,Remuneraciones Al Personal,23556188.0,26089613.0,26089590.0,2525741803.59,2525739576.95,Fiscal
2017,4,Organismos Descentralizados,Ministerio De Ambiente Y Espacio Publico,Ministerio De Ambiente Y Espacio Publico,Agencia Ambiental,Direccion General De Evaluacion Ambiental,Evaluacion Tecnica,Servicios Económicos,Ecología,Bienes De Consumo,Bienes De Consumo,726258.0,197729.0,123108.32,19142192.76,11918146.51,Fiscal
2017,4,Organismos Descentralizados,Ministerio De Ambiente Y Espacio Publico,Ministerio De Ambiente Y Espacio Publico,Agencia Ambiental,Direccion General De Evaluacion Ambiental,Evaluacion Tecnica,Servicios Económicos,Ecología,Servicios No Personales,Servicios No Personales,15062640.0,13208158.0,13207764.47,1278685000.39,1278646902.65,Fiscal
2017,4,Organismos Descentralizados,Ministerio De Ambiente Y Espacio Publico,Ministerio De Ambiente Y Espacio Publico,Agencia Ambiental,Direccion General De Evaluacion Ambiental,Evaluacion Tecnica,Servicios Económicos,Ecología,Bienes De Uso,Maquinaria Y Equipo,1290770.0,1500.0,1490.0,145215.37,144247.26,Fiscal
2017,4,Organismos Descentralizados,Ministerio De Ambiente Y Espacio Publico,Ministerio De Ambiente Y Espacio Publico,Agencia Ambiental,Direccion General De Evaluacion Ambiental,Evaluacion Tecnica,Servicios Económicos,Ecología,Bienes De Uso,Activos Intangibles,2180500.0,160300.0,160300.0,15518682.13,15518682.13,Fiscal
2017,4,Organismos Descentralizados,Ministerio De Ambiente Y Espacio Publico,Ministerio De Ambiente Y Espacio Publico,Agencia Ambiental,Direccion General De Evaluacion Ambiental,Compensacion Ambiental,Servicios Económicos,Ecología,Servicios No Personales,Servicios No Personales,23500000.0,9395720.0,9395720.0,909601946.9,909601946.9,Fiscal
2017,4,Organismos Descentralizados,Ministerio De Ambiente Y Espacio Publico,Ministerio De Ambiente Y Espacio Publico,Agencia Ambiental,Direccion General Politica Y Estrategia Ambiental,Estrategias Ambientales,Servicios Económicos,Ecología,Gastos En Personal,Remuneraciones Al Personal,6224441.0,4368425.0,4368412.81,422908290.68,422907110.56,Fiscal
2017,4,Organismos Descentralizados,Ministerio De Ambiente Y Espacio Publico,Ministerio De Ambiente Y Espacio Publico,Agencia Ambiental,Direccion General Politica Y Estrategia Ambiental,Estrategias Ambientales,Servicios Económicos,Ecología,Bienes De Consumo,Bienes De Consumo,890975.0,4462604.0,4459748.17,432025782.66,431749309.06,Fiscal
2017,4,Organismos Descentralizados,Ministerio De Ambiente Y Espacio Publico,Ministerio De Ambiente Y Espacio Publico,Agencia Ambiental,Direccion General Politica Y Estrategia Ambiental,Estrategias Ambientales,Servicios Económicos,Ecología,Servicios No Personales,Servicios No Personales,13254131.0,13445666.0,13422154.5,1301678207.85,1299402053.79,Fiscal
2017,4,Organismos Descentralizados,Ministerio De Ambiente Y Espacio Publico,Ministerio De Ambiente Y Espacio Publico,Agencia Ambiental,Direccion General Politica Y Estrategia Ambiental,Estrategias Ambientales,Servicios Económicos,Ecología,Bienes De Uso,Maquinaria Y Equipo,3874284.0,1093446.0,1092661.4,105856774.19,105780816.88,Fiscal
2017,4,Organismos Descentralizados,Ministerio De Ambiente Y Espacio Publico,Ministerio De Ambiente Y Espacio Publico,Agencia Ambiental,Direccion General Politica Y Estrategia Ambiental,Estrategias Ambientales,Servicios Económicos,Ecología,Bienes De Consumo,Bienes De Consumo,0.0,3614220.0,3614220.0,349893520.51,349893520.51,Fiscal
2017,4,Organismos Descentralizados,Ministerio De Ambiente Y Espacio Publico,Ministerio De Ambiente Y Espacio Publico,Agencia Ambiental,Direccion General Politica Y Estrategia Ambiental,Buenos Aires Produce Mas Limpio (P+L),Servicios Económicos,Ecología,Bienes De Consumo,Bienes De Consumo,12959.0,2400.0,0.0,232344.59,0.0,Fiscal
2017,4,Organismos Descentralizados,Ministerio De Ambiente Y Espacio Publico,Ministerio De Ambiente Y Espacio Publico,Agencia Ambiental,Direccion General Politica Y Estrategia Ambiental,Buenos Aires Produce Mas Limpio (P+L),Servicios Económicos,Ecología,Servicios No Personales,Servicios No Personales,283516.0,562036.0,404065.0,54410842.37,39117631.29,Fiscal
2017,4,Organismos Descentralizados,Ministerio De Ambiente Y Espacio Publico,Ministerio De Ambiente Y Espacio Publico,Agencia Ambiental,Direccion General Politica Y Estrategia Ambiental,Buenos Aires Produce Mas Limpio (P+L),Servicios Económicos,Ecología,Bienes De Uso,Maquinaria Y Equipo,123200.0,6041.0,6041.0,584830.68,584830.68,Fiscal
2017,4,Organismos Descentralizados,Ministerio De Ambiente Y Espacio Publico,Ministerio De Ambiente Y Espacio Publico,Agencia Ambiental,Direccion General Politica Y Estrategia Ambiental,Gestion Ambiental,Servicios Económicos,Ecología,Gastos En Personal,Remuneraciones Al Personal,8445862.0,16438828.0,16438805.79,1591446951.76,1591444801.61,Fiscal
2017,4,Organismos Descentralizados,Ministerio De Ambiente Y Espacio Publico,Ministerio De Ambiente Y Espacio Publico,Agencia Ambiental,Direccion General Politica Y Estrategia Ambiental,Gestion Ambiental,Servicios Económicos,Ecología,Servicios No Personales,Servicios No Personales,3591290.0,5529894.0,5529833.6,535350388.11,535344540.77,Fiscal
2017,4,Organismos Descentralizados,Ministerio De Ambiente Y Espacio Publico,Ministerio De Ambiente Y Espacio Publico,Agencia Ambiental,Direccion General Politica Y Estrategia Ambiental,Gestion Ambiental,Servicios Económicos,Ecología,Bienes De Consumo,Bienes De Consumo,629700.0,87577.0,51583.13,8478350.75,4993775.41,Fiscal
2017,4,Organismos Descentralizados,Ministerio De Ambiente Y Espacio Publico,Ministerio De Ambiente Y Espacio Publico,Agencia Ambiental,Direccion General Politica Y Estrategia Ambiental,Gestion Ambiental,Servicios Económicos,Ecología,Bienes De Uso,Maquinaria Y Equipo,0.0,150.0,150.0,14521.54,14521.54,Fiscal
2017,4,Organismos Descentralizados,Ministerio De Ambiente Y Espacio Publico,Ministerio De Ambiente Y Espacio Publico,Agencia Ambiental,Direccion General Politica Y Estrategia Ambiental,Gestion Ambiental,Servicios Económicos,Ecología,Bienes De Uso,Construcciones Del Dominio Público,9220000.0,0.0,0.0,0.0,0.0,Fiscal
2017,4,Organismos Descentralizados,Ministerio De Ambiente Y Espacio Publico,Ministerio De Ambiente Y Espacio Publico,Agencia Ambiental,Direccion General Politica Y Estrategia Ambiental,Gestion Ambiental,Servicios Económicos,Ecología,Servicios No Personales,Servicios No Personales,0.0,7599936.0,7599933.51,735751659.47,735751418.42,Fiscal
2017,4,Administracion Central,Ministerio De Ambiente Y Espacio Publico,Vias Peatonales,Vias Peatonales,Subsecretaria De Vias Peatonales,"Actividades Comunes A Los Programas 90,91,92 Y 93",Administración Gubernamental,Dirección Ejecutiva,Bienes De Consumo,Bienes De Consumo,0.0,427642.0,409624.35,41400126.42,39655833.32,Fiscal
2017,4,Administracion Central,Ministerio De Ambiente Y Espacio Publico,Vias Peatonales,Vias Peatonales,Subsecretaria De Vias Peatonales,"Actividades Comunes A Los Programas 90,91,92 Y 93",Administración Gubernamental,Dirección Ejecutiva,Servicios No Personales,Servicios No Personales,0.0,27876955.0,27397289.1,2698774818.94,2652338246.06,Fiscal
2017,4,Administracion Central,Ministerio De Ambiente Y Espacio Publico,Vias Peatonales,Vias Peatonales,Subsecretaria De Vias Peatonales,"Actividades Comunes A Los Programas 90,91,92 Y 93",Administración Gubernamental,Dirección Ejecutiva,Bienes De Uso,Maquinaria Y Equipo,0.0,4131644.0,4131642.16,399985464.27,399985286.14,Fiscal
2017,4,Administracion Central,Ministerio De Ambiente Y Espacio Publico,Vias Peatonales,Vias Peatonales,Subsecretaria De Vias Peatonales,"Actividades Comunes A Los Programas 90,91,92 Y 93",Administración Gubernamental,Dirección Ejecutiva,Bienes De Uso,Activos Intangibles,0.0,127656.0,127656.0,12358408.52,12358408.52,Fiscal
2017,4,Administracion Central,Ministerio De Ambiente Y Espacio Publico,Vias Peatonales,Vias Peatonales,Direccion General De Planificacion De Intervenciones En Vias Peatonales,Intervencion En Vias Peatonales,Servicios Económicos,Servicios Urbanos,Bienes De Consumo,Bienes De Consumo,0.0,68243.0,38235.63,6606621.49,3701600.67,Fiscal
2017,4,Administracion Central,Ministerio De Ambiente Y Espacio Publico,Vias Peatonales,Vias Peatonales,Direccion General De Planificacion De Intervenciones En Vias Peatonales,Intervencion En Vias Peatonales,Servicios Económicos,Servicios Urbanos,Servicios No Personales,Servicios No Personales,0.0,2342342.0,2342342.0,226762700.84,226762700.84,Fiscal
2017,4,Administracion Central,Ministerio De Ambiente Y Espacio Publico,Vias Peatonales,Vias Peatonales,Direccion General De Planificacion De Intervenciones En Vias Peatonales,Intervencion En Vias Peatonales,Servicios Económicos,Servicios Urbanos,Bienes De Uso,Maquinaria Y Equipo,0.0,414972.0,414972.0,40173540.62,40173540.62,Fiscal
2017,4,Administracion Central,Ministerio De Ambiente Y Espacio Publico,Vias Peatonales,Vias Peatonales,Dirección General Obras En Vias Peatonales,Obras En Vias Peatonales,Servicios Económicos,Servicios Urbanos,Bienes De Consumo,Bienes De Consumo,0.0,1281337.0,1231326.86,124046547.77,119205053.91,Fiscal
2017,4,Administracion Central,Ministerio De Ambiente Y Espacio Publico,Vias Peatonales,Vias Peatonales,Dirección General Obras En Vias Peatonales,Obras En Vias Peatonales,Servicios Económicos,Servicios Urbanos,Servicios No Personales,Servicios No Personales,0.0,470875.0,470875.0,45585523.7,45585523.7,Fiscal
2017,4,Administracion Central,Ministerio De Ambiente Y Espacio Publico,Vias Peatonales,Vias Peatonales,Dirección General Obras En Vias Peatonales,Obras En Vias Peatonales,Servicios Económicos,Servicios Urbanos,Bienes De Uso,Maquinaria Y Equipo,0.0,8360739.0,8360739.0,809405183.63,809405183.63,Fiscal
2017,4,Administracion Central,Ministerio De Ambiente Y Espacio Publico,Vias Peatonales,Vias Peatonales,Dirección General Obras En Vias Peatonales,Obras En Vias Peatonales,Servicios Económicos,Servicios Urbanos,Servicios No Personales,Servicios No Personales,0.0,20576438.0,20477790.13,1992009985.95,1982459861.57,Fiscal
2017,4,Administracion Central,Ministerio De Ambiente Y Espacio Publico,Vias Peatonales,Vias Peatonales,Direccion General Fiscalizacion De Vias Peatonales,Fiscalizacion De Vias Peatonales,Servicios Económicos,Servicios Urbanos,Bienes De Consumo,Bienes De Consumo,0.0,161308.0,143297.85,15616266.86,13872699.84,Fiscal
2017,4,Administracion Central,Ministerio De Ambiente Y Espacio Publico,Vias Peatonales,Vias Peatonales,Direccion General Fiscalizacion De Vias Peatonales,Fiscalizacion De Vias Peatonales,Servicios Económicos,Servicios Urbanos,Servicios No Personales,Servicios No Personales,0.0,1343440.0,1331440.0,130058754.36,128897031.43,Fiscal
2017,4,Administracion Central,Ministerio De Ambiente Y Espacio Publico,Vias Peatonales,Vias Peatonales,Direccion General Fiscalizacion De Vias Peatonales,Fiscalizacion De Vias Peatonales,Servicios Económicos,Servicios Urbanos,Bienes De Uso,Maquinaria Y Equipo,0.0,10143285.0,10143283.69,981973897.05,981973770.23,Fiscal
2017,4,Administracion Central,Ministerio De Ambiente Y Espacio Publico,Vias Peatonales,Vias Peatonales,Direccion General Coordinacion Administrativa Y Registros,Coordinacion Administrativa Y Registro,Administración Gubernamental,Dirección Ejecutiva,Bienes De Consumo,Bienes De Consumo,0.0,201718.0,201709.59,19528368.82,19527554.65,Fiscal
2017,4,Administracion Central,Ministerio De Ambiente Y Espacio Publico,Vias Peatonales,Vias Peatonales,Direccion General Coordinacion Administrativa Y Registros,Coordinacion Administrativa Y Registro,Administración Gubernamental,Dirección Ejecutiva,Servicios No Personales,Servicios No Personales,0.0,4904731.0,4904731.0,474828205.46,474828205.46,Fiscal
2017,4,Administracion Central,Ministerio De Ambiente Y Espacio Publico,Vias Peatonales,Vias Peatonales,Direccion General Coordinacion Administrativa Y Registros,Coordinacion Administrativa Y Registro,Administración Gubernamental,Dirección Ejecutiva,Bienes De Uso,Maquinaria Y Equipo,0.0,345000.0,345000.0,33399534.22,33399534.22,Fiscal
2017,4,Administracion Central,Ministerio De Salud,Ministerio De Salud,Ministerio De Salud,Ministerio De Salud,Actividades Centrales En Salud,Servicios Sociales,Salud,Gastos En Personal,Remuneraciones Al Personal,167653194.0,128926630.0,128908275.97,12481418524.16,12479641666.04,Fiscal
2017,4,Administracion Central,Ministerio De Salud,Ministerio De Salud,Ministerio De Salud,Ministerio De Salud,Actividades Centrales En Salud,Servicios Sociales,Salud,Bienes De Consumo,Bienes De Consumo,11330000.0,956088.0,946394.92,92559112.68,91620723.24,Fiscal
2017,4,Administracion Central,Ministerio De Salud,Ministerio De Salud,Ministerio De Salud,Ministerio De Salud,Actividades Centrales En Salud,Servicios Sociales,Salud,Servicios No Personales,Servicios No Personales,59537637.0,51590469.0,51106148.33,4994485898.27,4947598695.98,Fiscal
2017,4,Administracion Central,Ministerio De Salud,Ministerio De Salud,Ministerio De Salud,Ministerio De Salud,Actividades Centrales En Salud,Servicios Sociales,Salud,Bienes De Uso,Maquinaria Y Equipo,90000000.0,981153.0,971768.62,94985661.45,94077157.33,Fiscal
2017,4,Administracion Central,Ministerio De Salud,Ministerio De Salud,Ministerio De Salud,Ministerio De Salud,Actividades Centrales En Salud,Servicios Sociales,Salud,Transferencias,Al Sector Privado,25300000.0,0.0,0.0,0.0,0.0,Fiscal
2017,4,Administracion Central,Ministerio De Salud,Ministerio De Salud,Ministerio De Salud,Ministerio De Salud,Actividades Centrales En Salud,Administración Gubernamental,Control De La Gestión,Gastos En Personal,Remuneraciones Al Personal,7336985.0,4485303.0,4484696.99,434223278.39,434164610.42,Fiscal
2017,4,Administracion Central,Ministerio De Salud,Ministerio De Salud,Ministerio De Salud,Ministerio De Salud,Actividades Centrales En Salud,Administración Gubernamental,Control De La Gestión,Bienes De Consumo,Bienes De Consumo,120000.0,59186.0,59185.03,5729811.11,5729717.2,Fiscal
2017,4,Administracion Central,Ministerio De Salud,Ministerio De Salud,Ministerio De Salud,Ministerio De Salud,Actividades Centrales En Salud,Administración Gubernamental,Control De La Gestión,Servicios No Personales,Servicios No Personales,1282200.0,1410368.0,1410366.71,136538070.38,136537945.5,Fiscal
2017,4,Administracion Central,Ministerio De Salud,Ministerio De Salud,Ministerio De Salud,Ministerio De Salud,Actividades Centrales En Salud,Administración Gubernamental,Control De La Gestión,Bienes De Uso,Maquinaria Y Equipo,0.0,11290.0,11289.3,1092987.66,1092919.89,Fiscal
2017,4,Administracion Central,Ministerio De Salud,Ministerio De Salud,Ministerio De Salud,Ministerio De Salud,Actividades Centrales En Salud,Servicios De Seguridad,Seguridad Interior,Servicios No Personales,Servicios No Personales,366458534.0,421862860.0,420581646.31,40840646462.72,40716611852.62,Fiscal
2017,4,Administracion Central,Ministerio De Salud,Ministerio De Salud,Ministerio De Salud,Ministerio De Salud,Facturacion Y Cobranza De Los Efectores Publicos S.E.,Servicios Sociales,Salud,Transferencias,Al Sector Privado,0.0,124990500.0,124989325.53,12100360817.97,12100247117.24,Fiscal
2017,4,Administracion Central,Ministerio De Salud,Ministerio De Salud,Ministerio De Salud,Ministerio De Salud,Facturacion Y Cobranza De Los Efectores Publicos S.E.,Servicios Sociales,Salud,Bienes De Consumo,Bienes De Consumo,0.0,6500010.0,6499998.75,629267554.9,629266465.78,Fiscal
2017,4,Administracion Central,Ministerio De Salud,Ministerio De Salud,Ministerio De Salud,Ministerio De Salud,Hospital De Pediatría Juan Pedro Garrahan,Servicios Sociales,Salud,Transferencias,Al Sector Privado,2000000000.0,952816500.0,952816500.0,92242397968.73,92242397968.73,Fiscal
2017,4,Administracion Central,Ministerio De Salud,Ministerio De Salud,Ministerio De Salud,Dir.Gral.De Recursos Fisicos En Salud,Infraestructura Y Equipamiento,Servicios Sociales,Salud,Gastos En Personal,Remuneraciones Al Personal,36014072.0,37333195.0,37333186.54,3614235721.81,3614234902.8,Fiscal
2017,4,Administracion Central,Ministerio De Salud,Ministerio De Salud,Ministerio De Salud,Dir.Gral.De Recursos Fisicos En Salud,Infraestructura Y Equipamiento,Servicios Sociales,Salud,Bienes De Consumo,Bienes De Consumo,850000.0,10539643.0,10535153.65,1020345411.79,1019910796.72,Fiscal
2017,4,Administracion Central,Ministerio De Salud,Ministerio De Salud,Ministerio De Salud,Dir.Gral.De Recursos Fisicos En Salud,Infraestructura Y Equipamiento,Servicios Sociales,Salud,Servicios No Personales,Servicios No Personales,126696959.0,110298275.0,110106532.5,10678002929.02,10659440290.78,Fiscal
2017,4,Administracion Central,Ministerio De Salud,Ministerio De Salud,Ministerio De Salud,Dir.Gral.De Recursos Fisicos En Salud,Infraestructura Y Equipamiento,Servicios Sociales,Salud,Bienes De Uso,Maquinaria Y Equipo,0.0,9820112.0,9814122.52,950687440.03,950107597.01,Fiscal
2017,4,Administracion Central,Ministerio De Salud,Ministerio De Salud,Ministerio De Salud,Dir.Gral.De Recursos Fisicos En Salud,Infraestructura Y Equipamiento,Servicios Sociales,Salud,Bienes De Uso,Construcciones Del Dominio Privado,554206540.0,787232889.0,785691524.89,76212208165.17,76062988329.4,Fiscal
2017,4,Administracion Central,Ministerio De Salud,Ministerio De Salud,Ministerio De Salud,Dir.Gral.De Recursos Fisicos En Salud,Infraestructura Y Equipamiento,Servicios Sociales,Salud,Servicios No Personales,Servicios No Personales,0.0,17524311.0,17084966.0,1696532825.98,1653999729.28,Fiscal
2017,4,Administracion Central,Ministerio De Salud,Ministerio De Salud,Ministerio De Salud,Dir.Gral.De Recursos Fisicos En Salud,Infraestructura Y Equipamiento,Servicios Sociales,Salud,Bienes De Uso,Bienes De Uso,0.0,56594255.0,56572746.78,5478903642.47,5476821426.44,Fiscal
2017,4,Administracion Central,Ministerio De Salud,Ministerio De Salud,Ministerio De Salud,Dir.Gral.De Recursos Fisicos En Salud,Infraestructura Y Equipamiento,Servicios Sociales,Salud,Activos Financieros,Activos Financieros,0.0,44513660.0,44513655.01,4309378291.38,4309377808.29,Fiscal
2017,4,Administracion Central,Ministerio De Salud,Ministerio De Salud,Ministerio De Salud,Htal.Teodoro Alvarez,Atención Médica General,Servicios Sociales,Salud,Gastos En Personal,Remuneraciones Al Personal,767797096.0,828306011.0,827787504.24,80188507132.86,80138310366.84,Fiscal
2017,4,Administracion Central,Ministerio De Salud,Ministerio De Salud,Ministerio De Salud,Htal.Teodoro Alvarez,Atención Médica General,Servicios Sociales,Salud,Bienes De Consumo,Bienes De Consumo,83756000.0,96394074.0,96385073.18,9331933835.88,9331062464.3,Fiscal
2017,4,Administracion Central,Ministerio De Salud,Ministerio De Salud,Ministerio De Salud,Htal.Teodoro Alvarez,Atención Médica General,Servicios Sociales,Salud,Servicios No Personales,Servicios No Personales,82487885.0,86774023.0,86486400.3,8400614350.1,8372769526.3,Fiscal
2017,4,Administracion Central,Ministerio De Salud,Ministerio De Salud,Ministerio De Salud,Htal.Teodoro Alvarez,Atención Médica General,Servicios Sociales,Salud,Transferencias,Al Sector Privado,10000.0,0.0,0.0,0.0,0.0,Fiscal
2017,4,Administracion Central,Ministerio De Salud,Ministerio De Salud,Ministerio De Salud,Htal.Teodoro Alvarez,Atención Médica General,Servicios Sociales,Salud,Bienes De Uso,Maquinaria Y Equipo,0.0,1655924.0,1302117.79,160310406.69,126058341.13,Fiscal
2017,4,Administracion Central,Ministerio De Salud,Ministerio De Salud,Ministerio De Salud,Htal.Teodoro Alvarez,Atención Médica General,Servicios Sociales,Salud,Bienes De Uso,Construcciones Del Dominio Privado,24884505.0,33308723.0,33308722.55,3224625605.03,3224625561.47,Fiscal
2017,4,Administracion Central,Ministerio De Salud,Ministerio De Salud,Ministerio De Salud,Htal. Torcuato De Alvear,Atención De Salud Mental,Servicios Sociales,Salud,Gastos En Personal,Remuneraciones Al Personal,200189669.0,217602915.0,217214231.34,21066191322.87,21028562762.86,Fiscal
2017,4,Administracion Central,Ministerio De Salud,Ministerio De Salud,Ministerio De Salud,Htal. Torcuato De Alvear,Atención De Salud Mental,Servicios Sociales,Salud,Bienes De Consumo,Bienes De Consumo,10460000.0,13756213.0,13756205.63,1331742338.73,1331741625.24,Fiscal
2017,4,Administracion Central,Ministerio De Salud,Ministerio De Salud,Ministerio De Salud,Htal. Torcuato De Alvear,Atención De Salud Mental,Servicios Sociales,Salud,Servicios No Personales,Servicios No Personales,28854766.0,28082275.0,28082271.87,2718651898.26,2718651595.24,Fiscal
2017,4,Administracion Central,Ministerio De Salud,Ministerio De Salud,Ministerio De Salud,Htal. Torcuato De Alvear,Atención De Salud Mental,Servicios Sociales,Salud,Bienes De Uso,Maquinaria Y Equipo,0.0,295798.0,289623.46,28636276.59,28038517.87,Fiscal
2017,4,Administracion Central,Ministerio De Salud,Ministerio De Salud,Ministerio De Salud,Htal. Torcuato De Alvear,Atención De Salud Mental,Servicios Sociales,Salud,Bienes De Uso,Construcciones Del Dominio Privado,14272959.0,14787413.0,14787412.85,1431573062.47,1431573047.95,Fiscal
2017,4,Administracion Central,Ministerio De Salud,Ministerio De Salud,Ministerio De Salud,Htal. Cosme Argerich,Atención Médica General,Servicios Sociales,Salud,Gastos En Personal,Remuneraciones Al Personal,1262539059.0,1377805214.0,1377727838.21,133385659120.28,133378168351.16,Fiscal
2017,4,Administracion Central,Ministerio De Salud,Ministerio De Salud,Ministerio De Salud,Htal. Cosme Argerich,Atención Médica General,Servicios Sociales,Salud,Bienes De Consumo,Bienes De Consumo,211080000.0,235546058.0,235397350.75,22803271377.02,22788874991.84,Fiscal
2017,4,Administracion Central,Ministerio De Salud,Ministerio De Salud,Ministerio De Salud,Htal. Cosme Argerich,Atención Médica General,Servicios Sociales,Salud,Servicios No Personales,Servicios No Personales,117686126.0,125167291.0,125128021.34,12117475997.83,12113674292.46,Fiscal
2017,4,Administracion Central,Ministerio De Salud,Ministerio De Salud,Ministerio De Salud,Htal. Cosme Argerich,Atención Médica General,Servicios Sociales,Salud,Bienes De Uso,Maquinaria Y Equipo,0.0,9206264.0,9130946.4,891260665.29,883969150.05,Fiscal
2017,4,Administracion Central,Ministerio De Salud,Ministerio De Salud,Ministerio De Salud,Htal. Cosme Argerich,Atención Médica General,Servicios Sociales,Salud,Transferencias,Al Sector Privado,10000.0,3570332.0,3570330.0,345644712.52,345644518.9,Fiscal
2017,4,Administracion Central,Ministerio De Salud,Ministerio De Salud,Ministerio De Salud,Htal. Cosme Argerich,Atención Médica General,Servicios Sociales,Salud,Bienes De Uso,Construcciones Del Dominio Privado,51726664.0,60572478.0,60561275.33,5864036382.27,5862951849.05,Fiscal
2017,4,Administracion Central,Ministerio De Salud,Ministerio De Salud,Ministerio De Salud,Htal. Jose T. Borda,Atención De Salud Mental,Servicios Sociales,Salud,Gastos En Personal,Remuneraciones Al Personal,449976109.0,484204740.0,483874094.23,46875979084.56,46843969186.85,Fiscal
2017,4,Administracion Central,Ministerio De Salud,Ministerio De Salud,Ministerio De Salud,Htal. Jose T. Borda,Atención De Salud Mental,Servicios Sociales,Salud,Bienes De Consumo,Bienes De Consumo,22803000.0,29151425.0,29125351.63,2822156570.76,2819632401.45,Fiscal
2017,4,Administracion Central,Ministerio De Salud,Ministerio De Salud,Ministerio De Salud,Htal. Jose T. Borda,Atención De Salud Mental,Servicios Sociales,Salud,Servicios No Personales,Servicios No Personales,141215234.0,129434551.0,129430544.52,12530590480.17,12530202611.86,Fiscal
2017,4,Administracion Central,Ministerio De Salud,Ministerio De Salud,Ministerio De Salud,Htal. Jose T. Borda,Atención De Salud Mental,Servicios Sociales,Salud,Bienes De Uso,Maquinaria Y Equipo,0.0,1219008.0,1200812.49,118012462.07,116250950.3,Fiscal
2017,4,Administracion Central,Ministerio De Salud,Ministerio De Salud,Ministerio De Salud,Htal. Jose T. Borda,Atención De Salud Mental,Servicios Sociales,Salud,Bienes De Uso,Construcciones Del Dominio Privado,55778577.0,64469401.0,64469283.49,6241298449.23,6241287073.06,Fiscal
2017,4,Administracion Central,Ministerio De Salud,Ministerio De Salud,Ministerio De Salud,Htal. Maria Curie,At. Médica De Patologías Específicas,Servicios Sociales,Salud,Gastos En Personal,Remuneraciones Al Personal,338709277.0,357564081.0,357351574.02,34615865970.97,34595293118.36,Fiscal
2017,4,Administracion Central,Ministerio De Salud,Ministerio De Salud,Ministerio De Salud,Htal. Maria Curie,At. Médica De Patologías Específicas,Servicios Sociales,Salud,Bienes De Consumo,Bienes De Consumo,40556000.0,47123700.0,46872594.49,4562056900.94,4537747315.22,Fiscal
2017,4,Administracion Central,Ministerio De Salud,Ministerio De Salud,Ministerio De Salud,Htal. Maria Curie,At. Médica De Patologías Específicas,Servicios Sociales,Salud,Servicios No Personales,Servicios No Personales,29501321.0,30183602.0,30112345.86,2922081878.11,2915183553.8,Fiscal
2017,4,Administracion Central,Ministerio De Salud,Ministerio De Salud,Ministerio De Salud,Htal. Maria Curie,At. Médica De Patologías Específicas,Servicios Sociales,Salud,Bienes De Uso,Maquinaria Y Equipo,0.0,1306382.0,1281361.0,126471160.34,124048871.22,Fiscal
2017,4,Administracion Central,Ministerio De Salud,Ministerio De Salud,Ministerio De Salud,Htal. Maria Curie,At. Médica De Patologías Específicas,Servicios Sociales,Salud,Transferencias,Al Sector Privado,10000.0,772896.0,772894.84,74824250.44,74824138.14,Fiscal
2017,4,Administracion Central,Ministerio De Salud,Ministerio De Salud,Ministerio De Salud,Htal. Maria Curie,At. Médica De Patologías Específicas,Servicios Sociales,Salud,Bienes De Uso,Construcciones Del Dominio Privado,12195330.0,12634687.0,12634686.15,1223167132.88,1223167050.59,Fiscal
2017,4,Administracion Central,Ministerio De Salud,Ministerio De Salud,Ministerio De Salud,Htal. Odontologico Jose Dueñas,Atención Odontológica General,Servicios Sociales,Salud,Gastos En Personal,Remuneraciones Al Personal,162695078.0,181106439.0,180923321.83,17532958571.71,17515230953.78,Fiscal
2017,4,Administracion Central,Ministerio De Salud,Ministerio De Salud,Ministerio De Salud,Htal. Odontologico Jose Dueñas,Atención Odontológica General,Servicios Sociales,Salud,Bienes De Consumo,Bienes De Consumo,5689000.0,5789503.0,5789311.6,560483198.78,560464669.3,Fiscal
2017,4,Administracion Central,Ministerio De Salud,Ministerio De Salud,Ministerio De Salud,Htal. Odontologico Jose Dueñas,Atención Odontológica General,Servicios Sociales,Salud,Servicios No Personales,Servicios No Personales,7438917.0,7640540.0,7569285.51,739682542.63,732784378.05,Fiscal
2017,4,Administracion Central,Ministerio De Salud,Ministerio De Salud,Ministerio De Salud,Htal. Odontologico Jose Dueñas,Atención Odontológica General,Servicios Sociales,Salud,Bienes De Uso,Maquinaria Y Equipo,0.0,1479290.0,1399803.71,143210426.03,135515338.89,Fiscal
2017,4,Administracion Central,Ministerio De Salud,Ministerio De Salud,Ministerio De Salud,Htal. Odontologico Jose Dueñas,Atención Odontológica General,Servicios Sociales,Salud,Bienes De Uso,Construcciones Del Dominio Privado,9152142.0,8009665.0,8009664.15,775417623.99,775417541.7,Fiscal
2017,4,Administracion Central,Ministerio De Salud,Ministerio De Salud,Ministerio De Salud,Htal. Carlos G. Durand,Atención Médica General,Servicios Sociales,Salud,Gastos En Personal,Remuneraciones Al Personal,1040676584.0,1182393896.0,1181566095.02,114467841720.45,114387702105.49,Fiscal
2017,4,Administracion Central,Ministerio De Salud,Ministerio De Salud,Ministerio De Salud,Htal. Carlos G. Durand,Atención Médica General,Servicios Sociales,Salud,Bienes De Consumo,Bienes De Consumo,138018000.0,172648838.0,172572762.26,16714176154.21,16706811243.25,Fiscal
2017,4,Administracion Central,Ministerio De Salud,Ministerio De Salud,Ministerio De Salud,Htal. Carlos G. Durand,Atención Médica General,Servicios Sociales,Salud,Servicios No Personales,Servicios No Personales,170497568.0,192596683.0,190122361.16,18645331898.37,18405792197.0,Fiscal
2017,4,Administracion Central,Ministerio De Salud,Ministerio De Salud,Ministerio De Salud,Htal. Carlos G. Durand,Atención Médica General,Servicios Sociales,Salud,Bienes De Uso,Maquinaria Y Equipo,0.0,1691995.0,1408978.98,163802449.0,136403599.02,Fiscal
2017,4,Administracion Central,Ministerio De Salud,Ministerio De Salud,Ministerio De Salud,Htal. Carlos G. Durand,Atención Médica General,Servicios Sociales,Salud,Transferencias,Al Sector Privado,10000.0,3826577.0,3826576.0,370451853.52,370451756.71,Fiscal
2017,4,Administracion Central,Ministerio De Salud,Ministerio De Salud,Ministerio De Salud,Htal. Carlos G. Durand,Atención Médica General,Servicios Sociales,Salud,Bienes De Uso,Construcciones Del Dominio Privado,73877631.0,86516811.0,86516810.98,8375713593.59,8375713591.65,Fiscal
2017,4,Administracion Central,Ministerio De Salud,Ministerio De Salud,Ministerio De Salud,Htal. Pedro De Elizalde,Atención Médica Materno Infantil,Servicios Sociales,Salud,Gastos En Personal,Remuneraciones Al Personal,885184066.0,938519693.0,936824335.71,90858320592.89,90694192639.77,Fiscal
2017,4,Administracion Central,Ministerio De Salud,Ministerio De Salud,Ministerio De Salud,Htal. Pedro De Elizalde,Atención Médica Materno Infantil,Servicios Sociales,Salud,Bienes De Consumo,Bienes De Consumo,90680000.0,125703045.0,125407658.61,12169342473.36,12140746044.84,Fiscal
2017,4,Administracion Central,Ministerio De Salud,Ministerio De Salud,Ministerio De Salud,Htal. Pedro De Elizalde,Atención Médica Materno Infantil,Servicios Sociales,Salud,Servicios No Personales,Servicios No Personales,116534129.0,121647043.0,121595807.03,11776679929.58,11771719762.82,Fiscal
2017,4,Administracion Central,Ministerio De Salud,Ministerio De Salud,Ministerio De Salud,Htal. Pedro De Elizalde,Atención Médica Materno Infantil,Servicios Sociales,Salud,Bienes De Uso,Maquinaria Y Equipo,2602428.0,2822512.0,805571.18,273248075.76,77987542.59,Fiscal
2017,4,Administracion Central,Ministerio De Salud,Ministerio De Salud,Ministerio De Salud,Htal. Pedro De Elizalde,Atención Médica Materno Infantil,Servicios Sociales,Salud,Transferencias,Al Sector Privado,10000.0,1817885.0,1781714.0,175989890.64,172488167.3,Fiscal
2017,4,Administracion Central,Ministerio De Salud,Ministerio De Salud,Ministerio De Salud,Htal. Pedro De Elizalde,Atención Médica Materno Infantil,Servicios Sociales,Salud,Bienes De Uso,Construcciones Del Dominio Privado,62093329.0,64848193.0,64848191.55,6277969395.22,6277969254.84,Fiscal
2017,4,Administracion Central,Ministerio De Salud,Ministerio De Salud,Ministerio De Salud,Htal. Juan A. Fernandez,Atención Médica General,Servicios Sociales,Salud,Gastos En Personal,Remuneraciones Al Personal,1112106807.0,1196079903.0,1194306668.13,115792787399.18,115621120098.53,Fiscal
2017,4,Administracion Central,Ministerio De Salud,Ministerio De Salud,Ministerio De Salud,Htal. Juan A. Fernandez,Atención Médica General,Servicios Sociales,Salud,Bienes De Consumo,Bienes De Consumo,188660000.0,198901545.0,198784043.22,19255707127.75,19244331751.74,Fiscal
2017,4,Administracion Central,Ministerio De Salud,Ministerio De Salud,Ministerio De Salud,Htal. Juan A. Fernandez,Atención Médica General,Servicios Sociales,Salud,Servicios No Personales,Servicios No Personales,145494297.0,162129943.0,161863445.78,15695839361.36,15670039700.43,Fiscal
2017,4,Administracion Central,Ministerio De Salud,Ministerio De Salud,Ministerio De Salud,Htal. Juan A. Fernandez,Atención Médica General,Servicios Sociales,Salud,Bienes De Uso,Maquinaria Y Equipo,0.0,7121529.0,6537775.0,689436961.01,632923593.77,Fiscal
2017,4,Administracion Central,Ministerio De Salud,Ministerio De Salud,Ministerio De Salud,Htal. Juan A. Fernandez,Atención Médica General,Servicios Sociales,Salud,Transferencias,Al Sector Privado,10000.0,2038413.0,2038410.0,197339260.15,197338969.72,Fiscal
2017,4,Administracion Central,Ministerio De Salud,Ministerio De Salud,Ministerio De Salud,Htal. Juan A. Fernandez,Atención Médica General,Servicios Sociales,Salud,Bienes De Uso,Construcciones Del Dominio Privado,45772586.0,52281297.0,52281296.04,5061365125.6,5061365032.66,Fiscal
2017,4,Administracion Central,Ministerio De Salud,Ministerio De Salud,Ministerio De Salud,Htal. Maria Ferrer,Atención De Rehabilitación,Servicios Sociales,Salud,Gastos En Personal,Remuneraciones Al Personal,179920175.0,204118051.0,203719825.54,19760718347.07,19722166043.07,Fiscal
2017,4,Administracion Central,Ministerio De Salud,Ministerio De Salud,Ministerio De Salud,Htal. Maria Ferrer,Atención De Rehabilitación,Servicios Sociales,Salud,Bienes De Consumo,Bienes De Consumo,24082000.0,27942519.0,27939585.78,2705122085.78,2704838120.04,Fiscal
2017,4,Administracion Central,Ministerio De Salud,Ministerio De Salud,Ministerio De Salud,Htal. Maria Ferrer,Atención De Rehabilitación,Servicios Sociales,Salud,Servicios No Personales,Servicios No Personales,21247136.0,19323248.0,19323236.87,1870688356.12,1870687278.62,Fiscal
2017,4,Administracion Central,Ministerio De Salud,Ministerio De Salud,Ministerio De Salud,Htal. Maria Ferrer,Atención De Rehabilitación,Servicios Sociales,Salud,Bienes De Uso,Maquinaria Y Equipo,0.0,1399604.0,1398394.46,135496004.91,135378909.05,Fiscal
2017,4,Administracion Central,Ministerio De Salud,Ministerio De Salud,Ministerio De Salud,Htal. Maria Ferrer,Atención De Rehabilitación,Servicios Sociales,Salud,Transferencias,Al Sector Privado,10000.0,442765.0,394415.92,42864187.74,38183501.5,Fiscal
2017,4,Administracion Central,Ministerio De Salud,Ministerio De Salud,Ministerio De Salud,Htal. Maria Ferrer,Atención De Rehabilitación,Servicios Sociales,Salud,Bienes De Uso,Construcciones Del Dominio Privado,12414872.0,12658540.0,11832293.23,1225476347.63,1145487196.12,Fiscal
2017,4,Administracion Central,Ministerio De Salud,Ministerio De Salud,Ministerio De Salud,Htal. Ricardo Gutierrez,Atención Médica Materno Infantil,Servicios Sociales,Salud,Gastos En Personal,Remuneraciones Al Personal,1035776935.0,1158592942.0,1154698026.5,112163665553.36,111786597832.97,Fiscal
2017,4,Administracion Central,Ministerio De Salud,Ministerio De Salud,Ministerio De Salud,Htal. Ricardo Gutierrez,Atención Médica Materno Infantil,Servicios Sociales,Salud,Bienes De Consumo,Bienes De Consumo,256965000.0,295690815.0,294652897.81,28625899984.86,28525418968.32,Fiscal
2017,4,Administracion Central,Ministerio De Salud,Ministerio De Salud,Ministerio De Salud,Htal. Ricardo Gutierrez,Atención Médica Materno Infantil,Servicios Sociales,Salud,Servicios No Personales,Servicios No Personales,180242712.0,211869914.0,211372411.15,20511178096.51,20463014724.15,Fiscal
2017,4,Administracion Central,Ministerio De Salud,Ministerio De Salud,Ministerio De Salud,Htal. Ricardo Gutierrez,Atención Médica Materno Infantil,Servicios Sociales,Salud,Bienes De Uso,Maquinaria Y Equipo,7723781.0,3504389.0,344791.54,339260754.59,33379353.16,Fiscal
2017,4,Administracion Central,Ministerio De Salud,Ministerio De Salud,Ministerio De Salud,Htal. Ricardo Gutierrez,Atención Médica Materno Infantil,Servicios Sociales,Salud,Transferencias,Al Sector Privado,10000.0,268587.0,268586.0,26001973.04,26001876.23,Fiscal
2017,4,Administracion Central,Ministerio De Salud,Ministerio De Salud,Ministerio De Salud,Htal. Ricardo Gutierrez,Atención Médica Materno Infantil,Servicios Sociales,Salud,Bienes De Uso,Construcciones Del Dominio Privado,68480440.0,78360553.0,78274816.06,7586104265.49,7577804051.39,Fiscal
2017,4,Administracion Central,Ministerio De Salud,Ministerio De Salud,Ministerio De Salud,Htal. Pedro Lagleyze,Atención Médica Oftalmológica,Servicios Sociales,Salud,Gastos En Personal,Remuneraciones Al Personal,172295296.0,176619241.0,175954919.49,17098551837.9,17034238710.34,Fiscal
2017,4,Administracion Central,Ministerio De Salud,Ministerio De Salud,Ministerio De Salud,Htal. Pedro Lagleyze,Atención Médica Oftalmológica,Servicios Sociales,Salud,Bienes De Consumo,Bienes De Consumo,5158000.0,5007338.0,5007149.78,484761614.18,484743392.56,Fiscal
2017,4,Administracion Central,Ministerio De Salud,Ministerio De Salud,Ministerio De Salud,Htal. Pedro Lagleyze,Atención Médica Oftalmológica,Servicios Sociales,Salud,Servicios No Personales,Servicios No Personales,11321578.0,9755024.0,9751058.55,944386254.86,944002358.68,Fiscal
2017,4,Administracion Central,Ministerio De Salud,Ministerio De Salud,Ministerio De Salud,Htal. Pedro Lagleyze,Atención Médica Oftalmológica,Servicios Sociales,Salud,Bienes De Uso,Maquinaria Y Equipo,0.0,576556.0,266192.4,55816527.11,25770151.23,Fiscal
2017,4,Administracion Central,Ministerio De Salud,Ministerio De Salud,Ministerio De Salud,Htal. Pedro Lagleyze,Atención Médica Oftalmológica,Servicios Sociales,Salud,Bienes De Uso,Construcciones Del Dominio Privado,8485407.0,7683987.0,7683985.29,743888657.3,743888491.76,Fiscal
2017,4,Administracion Central,Ministerio De Salud,Ministerio De Salud,Ministerio De Salud,Htal. Braulio Moyano,Atención De Salud Mental,Servicios Sociales,Salud,Gastos En Personal,Remuneraciones Al Personal,428906861.0,476352908.0,475948811.45,46115841311.84,46076720626.18,Fiscal
2017,4,Administracion Central,Ministerio De Salud,Ministerio De Salud,Ministerio De Salud,Htal. Braulio Moyano,Atención De Salud Mental,Servicios Sociales,Salud,Bienes De Consumo,Bienes De Consumo,26157000.0,30401062.0,30398291.65,2943134233.8,2942866035.54,Fiscal
2017,4,Administracion Central,Ministerio De Salud,Ministerio De Salud,Ministerio De Salud,Htal. Braulio Moyano,Atención De Salud Mental,Servicios Sociales,Salud,Servicios No Personales,Servicios No Personales,137817983.0,141558708.0,141425810.69,13704333079.11,13691467258.09,Fiscal
2017,4,Administracion Central,Ministerio De Salud,Ministerio De Salud,Ministerio De Salud,Htal. Braulio Moyano,Atención De Salud Mental,Servicios Sociales,Salud,Bienes De Uso,Maquinaria Y Equipo,0.0,1246081.0,1140128.54,120633405.81,110376122.29,Fiscal
2017,4,Administracion Central,Ministerio De Salud,Ministerio De Salud,Ministerio De Salud,Htal. Braulio Moyano,Atención De Salud Mental,Servicios Sociales,Salud,Bienes De Uso,Construcciones Del Dominio Privado,41524828.0,46472730.0,46472729.52,4499036336.33,4499036289.86,Fiscal
2017,4,Administracion Central,Ministerio De Salud,Ministerio De Salud,Ministerio De Salud,Htal. Francisco J.Muñiz,At. Médica De Patologías Específicas,Servicios Sociales,Salud,Gastos En Personal,Remuneraciones Al Personal,621534019.0,668176246.0,668107469.12,64686305491.97,64679647185.42,Fiscal
2017,4,Administracion Central,Ministerio De Salud,Ministerio De Salud,Ministerio De Salud,Htal. Francisco J.Muñiz,At. Médica De Patologías Específicas,Servicios Sociales,Salud,Bienes De Consumo,Bienes De Consumo,80625000.0,92906922.0,92898160.77,8994341799.47,8993493622.65,Fiscal
2017,4,Administracion Central,Ministerio De Salud,Ministerio De Salud,Ministerio De Salud,Htal. Francisco J.Muñiz,At. Médica De Patologías Específicas,Servicios Sociales,Salud,Servicios No Personales,Servicios No Personales,114111052.0,122160708.0,122118889.77,11826407963.63,11822359530.57,Fiscal
2017,4,Administracion Central,Ministerio De Salud,Ministerio De Salud,Ministerio De Salud,Htal. Francisco J.Muñiz,At. Médica De Patologías Específicas,Servicios Sociales,Salud,Bienes De Uso,Maquinaria Y Equipo,0.0,2506931.0,2409366.81,242696602.11,233251389.06,Fiscal
2017,4,Administracion Central,Ministerio De Salud,Ministerio De Salud,Ministerio De Salud,Htal. Francisco J.Muñiz,At. Médica De Patologías Específicas,Servicios Sociales,Salud,Transferencias,Al Sector Privado,10000.0,140880.0,130228.0,13638627.19,12607404.47,Fiscal
2017,4,Administracion Central,Ministerio De Salud,Ministerio De Salud,Ministerio De Salud,Htal. Francisco J.Muñiz,At. Médica De Patologías Específicas,Servicios Sociales,Salud,Bienes De Uso,Construcciones Del Dominio Privado,61444165.0,69503664.0,69503663.33,6728666679.23,6728666614.37,Fiscal
2017,4,Administracion Central,Ministerio De Salud,Ministerio De Salud,Ministerio De Salud,Htal.De Odontologia,Atención Odontológica General,Servicios Sociales,Salud,Gastos En Personal,Remuneraciones Al Personal,127989498.0,144730361.0,144610956.51,14011381580.31,13999822002.49,Fiscal
2017,4,Administracion Central,Ministerio De Salud,Ministerio De Salud,Ministerio De Salud,Htal.De Odontologia,Atención Odontológica General,Servicios Sociales,Salud,Bienes De Consumo,Bienes De Consumo,2215000.0,4435801.0,4427996.32,429430977.69,428675404.71,Fiscal
2017,4,Administracion Central,Ministerio De Salud,Ministerio De Salud,Ministerio De Salud,Htal.De Odontologia,Atención Odontológica General,Servicios Sociales,Salud,Servicios No Personales,Servicios No Personales,4334754.0,4116683.0,4116680.32,398537086.2,398536826.75,Fiscal
2017,4,Administracion Central,Ministerio De Salud,Ministerio De Salud,Ministerio De Salud,Htal.De Odontologia,Atención Odontológica General,Servicios Sociales,Salud,Bienes De Uso,Maquinaria Y Equipo,0.0,1650017.0,1630899.0,159738548.58,157887730.33,Fiscal
2017,4,Administracion Central,Ministerio De Salud,Ministerio De Salud,Ministerio De Salud,Htal.De Odontologia,Atención Odontológica General,Servicios Sociales,Salud,Bienes De Uso,Construcciones Del Dominio Privado,6415889.0,5453334.0,5453333.33,527938595.82,527938530.96,Fiscal
2017,4,Administracion Central,Ministerio De Salud,Ministerio De Salud,Ministerio De Salud,Htal. Jose M. Penna,Atención Médica General,Servicios Sociales,Salud,Gastos En Personal,Remuneraciones Al Personal,845553148.0,953133807.0,952938559.49,92273116536.86,92254214577.76,Fiscal
2017,4,Administracion Central,Ministerio De Salud,Ministerio De Salud,Ministerio De Salud,Htal. Jose M. Penna,Atención Médica General,Servicios Sociales,Salud,Bienes De Consumo,Bienes De Consumo,117386000.0,119704721.0,119595585.72,11588643262.6,11578077849.5,Fiscal
2017,4,Administracion Central,Ministerio De Salud,Ministerio De Salud,Ministerio De Salud,Htal. Jose M. Penna,Atención Médica General,Servicios Sociales,Salud,Servicios No Personales,Servicios No Personales,84222686.0,87248675.0,87067883.83,8446565526.1,8429063088.79,Fiscal
2017,4,Administracion Central,Ministerio De Salud,Ministerio De Salud,Ministerio De Salud,Htal. Jose M. Penna,Atención Médica General,Servicios Sociales,Salud,Bienes De Uso,Maquinaria Y Equipo,0.0,4309129.0,3494697.36,417167830.44,338322504.56,Fiscal
2017,4,Administracion Central,Ministerio De Salud,Ministerio De Salud,Ministerio De Salud,Htal. Jose M. Penna,Atención Médica General,Servicios Sociales,Salud,Transferencias,Al Sector Privado,10000.0,162753.0,162752.5,15756157.66,15756109.26,Fiscal
2017,4,Administracion Central,Ministerio De Salud,Ministerio De Salud,Ministerio De Salud,Htal. Jose M. Penna,Atención Médica General,Servicios Sociales,Salud,Bienes De Uso,Construcciones Del Dominio Privado,34281765.0,37673710.0,37654657.15,3647201062.09,3645356551.03,Fiscal
2017,4,Administracion Central,Ministerio De Salud,Ministerio De Salud,Ministerio De Salud,Htal. Parmenio Piñero,Atención Médica General,Servicios Sociales,Salud,Gastos En Personal,Remuneraciones Al Personal,1055657751.0,1148130478.0,1147646516.06,111150791859.4,111103939385.85,Fiscal
2017,4,Administracion Central,Ministerio De Salud,Ministerio De Salud,Ministerio De Salud,Htal. Parmenio Piñero,Atención Médica General,Servicios Sociales,Salud,Bienes De Consumo,Bienes De Consumo,114815000.0,115519966.0,114815543.15,11183516109.46,11115320761.38,Fiscal
2017,4,Administracion Central,Ministerio De Salud,Ministerio De Salud,Ministerio De Salud,Htal. Parmenio Piñero,Atención Médica General,Servicios Sociales,Salud,Servicios No Personales,Servicios No Personales,119468562.0,131597824.0,131570966.51,12740017467.4,12737417387.24,Fiscal
2017,4,Administracion Central,Ministerio De Salud,Ministerio De Salud,Ministerio De Salud,Htal. Parmenio Piñero,Atención Médica General,Servicios Sociales,Salud,Bienes De Uso,Maquinaria Y Equipo,0.0,2508146.0,2246220.61,242814226.55,217457165.61,Fiscal
2017,4,Administracion Central,Ministerio De Salud,Ministerio De Salud,Ministerio De Salud,Htal. Parmenio Piñero,Atención Médica General,Servicios Sociales,Salud,Transferencias,Al Sector Privado,10000.0,119000.0,119000.0,11520419.05,11520419.05,Fiscal
2017,4,Administracion Central,Ministerio De Salud,Ministerio De Salud,Ministerio De Salud,Htal. Parmenio Piñero,Atención Médica General,Servicios Sociales,Salud,Bienes De Uso,Construcciones Del Dominio Privado,50423979.0,62022618.0,62022617.92,6004424789.68,6004424781.94,Fiscal
2017,4,Administracion Central,Ministerio De Salud,Ministerio De Salud,Ministerio De Salud,Htal. Ignacio Pirovano,Atención Médica General,Servicios Sociales,Salud,Gastos En Personal,Remuneraciones Al Personal,861879466.0,940942884.0,940192128.56,91092910305.16,91020229487.73,Fiscal
2017,4,Administracion Central,Ministerio De Salud,Ministerio De Salud,Ministerio De Salud,Htal. Ignacio Pirovano,Atención Médica General,Servicios Sociales,Salud,Bienes De Consumo,Bienes De Consumo,125387000.0,135096890.0,134995620.61,13078762901.06,13068958986.69,Fiscal
2017,4,Administracion Central,Ministerio De Salud,Ministerio De Salud,Ministerio De Salud,Htal. Ignacio Pirovano,Atención Médica General,Servicios Sociales,Salud,Servicios No Personales,Servicios No Personales,101800300.0,110204259.0,109847887.35,10668901217.1,10634400790.67,Fiscal
2017,4,Administracion Central,Ministerio De Salud,Ministerio De Salud,Ministerio De Salud,Htal. Ignacio Pirovano,Atención Médica General,Servicios Sociales,Salud,Bienes De Uso,Maquinaria Y Equipo,0.0,6103350.0,4899932.91,590866803.46,474363701.2,Fiscal
2017,4,Administracion Central,Ministerio De Salud,Ministerio De Salud,Ministerio De Salud,Htal. Ignacio Pirovano,Atención Médica General,Servicios Sociales,Salud,Transferencias,Al Sector Privado,10000.0,1411194.0,1389413.0,136618035.64,134509411.72,Fiscal
2017,4,Administracion Central,Ministerio De Salud,Ministerio De Salud,Ministerio De Salud,Htal. Ignacio Pirovano,Atención Médica General,Servicios Sociales,Salud,Bienes De Uso,Construcciones Del Dominio Privado,51561583.0,61103771.0,61103770.23,5915470987.3,5915470912.76,Fiscal
2017,4,Administracion Central,Ministerio De Salud,Ministerio De Salud,Ministerio De Salud,Htal. De Quemados,At. Médica De Patologías Específicas,Servicios Sociales,Salud,Gastos En Personal,Remuneraciones Al Personal,260631309.0,286727204.0,286276508.17,27758130615.74,27714498642.41,Fiscal
2017,4,Administracion Central,Ministerio De Salud,Ministerio De Salud,Ministerio De Salud,Htal. De Quemados,At. Médica De Patologías Específicas,Servicios Sociales,Salud,Bienes De Consumo,Bienes De Consumo,31015000.0,31653473.0,31423671.0,3064380448.45,3042133260.73,Fiscal
2017,4,Administracion Central,Ministerio De Salud,Ministerio De Salud,Ministerio De Salud,Htal. De Quemados,At. Médica De Patologías Específicas,Servicios Sociales,Salud,Servicios No Personales,Servicios No Personales,31964848.0,32788204.0,32766214.89,3174234033.57,3172105262.46,Fiscal
2017,4,Administracion Central,Ministerio De Salud,Ministerio De Salud,Ministerio De Salud,Htal. De Quemados,At. Médica De Patologías Específicas,Servicios Sociales,Salud,Bienes De Uso,Maquinaria Y Equipo,0.0,62000.0,62000.0,6002235.14,6002235.14,Fiscal
2017,4,Administracion Central,Ministerio De Salud,Ministerio De Salud,Ministerio De Salud,Htal. De Quemados,At. Médica De Patologías Específicas,Servicios Sociales,Salud,Bienes De Uso,Construcciones Del Dominio Privado,13919099.0,14624013.0,14624012.44,1415754268.58,1415754214.36,Fiscal
2017,4,Administracion Central,Ministerio De Salud,Ministerio De Salud,Ministerio De Salud,Htal. Odontologico Quinquela Martin,Atención Odontológica General,Servicios Sociales,Salud,Gastos En Personal,Remuneraciones Al Personal,65859570.0,70800596.0,70784328.87,6854222982.76,6852648157.94,Fiscal
2017,4,Administracion Central,Ministerio De Salud,Ministerio De Salud,Ministerio De Salud,Htal. Odontologico Quinquela Martin,Atención Odontológica General,Servicios Sociales,Salud,Bienes De Consumo,Bienes De Consumo,1063000.0,1638295.0,1638281.56,158603738.89,158602437.76,Fiscal
2017,4,Administracion Central,Ministerio De Salud,Ministerio De Salud,Ministerio De Salud,Htal. Odontologico Quinquela Martin,Atención Odontológica General,Servicios Sociales,Salud,Servicios No Personales,Servicios No Personales,4126819.0,5116910.0,5107946.88,495369306.25,494501584.42,Fiscal
2017,4,Administracion Central,Ministerio De Salud,Ministerio De Salud,Ministerio De Salud,Htal. Odontologico Quinquela Martin,Atención Odontológica General,Servicios Sociales,Salud,Bienes De Uso,Maquinaria Y Equipo,0.0,212667.0,186024.6,20588344.19,18009086.94,Fiscal
2017,4,Administracion Central,Ministerio De Salud,Ministerio De Salud,Ministerio De Salud,Htal. Odontologico Quinquela Martin,Atención Odontológica General,Servicios Sociales,Salud,Bienes De Uso,Construcciones Del Dominio Privado,6260470.0,5044778.0,5042823.87,488386189.72,488197009.92,Fiscal
2017,4,Administracion Central,Ministerio De Salud,Ministerio De Salud,Ministerio De Salud,Htal. Jose M.Ramos Mejia,Atención Médica General,Servicios Sociales,Salud,Gastos En Personal,Remuneraciones Al Personal,1017769234.0,1130128429.0,1129229631.62,109408009101.01,109320996307.24,Fiscal
2017,4,Administracion Central,Ministerio De Salud,Ministerio De Salud,Ministerio De Salud,Htal. Jose M.Ramos Mejia,Atención Médica General,Servicios Sociales,Salud,Bienes De Consumo,Bienes De Consumo,138915000.0,172015169.0,171985237.45,16652830503.62,16649932822.96,Fiscal
2017,4,Administracion Central,Ministerio De Salud,Ministerio De Salud,Ministerio De Salud,Htal. Jose M.Ramos Mejia,Atención Médica General,Servicios Sociales,Salud,Servicios No Personales,Servicios No Personales,111648745.0,123087689.0,122511248.94,11916149220.54,11860343917.61,Fiscal
2017,4,Administracion Central,Ministerio De Salud,Ministerio De Salud,Ministerio De Salud,Htal. Jose M.Ramos Mejia,Atención Médica General,Servicios Sociales,Salud,Bienes De Uso,Maquinaria Y Equipo,0.0,4481079.0,3549799.75,433814351.92,343656980.38,Fiscal
2017,4,Administracion Central,Ministerio De Salud,Ministerio De Salud,Ministerio De Salud,Htal. Jose M.Ramos Mejia,Atención Médica General,Servicios Sociales,Salud,Transferencias,Al Sector Privado,10000.0,1674013.0,1609335.0,162061607.19,155800114.22,Fiscal
2017,4,Administracion Central,Ministerio De Salud,Ministerio De Salud,Ministerio De Salud,Htal. Jose M.Ramos Mejia,Atención Médica General,Servicios Sociales,Salud,Bienes De Uso,Construcciones Del Dominio Privado,56998362.0,65310352.0,65310350.8,6322711120.83,6322711004.66,Fiscal
2017,4,Administracion Central,Ministerio De Salud,Ministerio De Salud,Ministerio De Salud,Htal. Bernardino Rivadavia,Atención Médica General,Servicios Sociales,Salud,Gastos En Personal,Remuneraciones Al Personal,793667517.0,836429845.0,835795783.28,80974977485.61,80913593815.7,Fiscal
2017,4,Administracion Central,Ministerio De Salud,Ministerio De Salud,Ministerio De Salud,Htal. Bernardino Rivadavia,Atención Médica General,Servicios Sociales,Salud,Bienes De Consumo,Bienes De Consumo,93917000.0,106313432.0,106180479.62,10292229305.4,10279358153.03,Fiscal
2017,4,Administracion Central,Ministerio De Salud,Ministerio De Salud,Ministerio De Salud,Htal. Bernardino Rivadavia,Atención Médica General,Servicios Sociales,Salud,Servicios No Personales,Servicios No Personales,114024442.0,109192374.0,109186665.96,10570940383.23,10570387786.48,Fiscal
2017,4,Administracion Central,Ministerio De Salud,Ministerio De Salud,Ministerio De Salud,Htal. Bernardino Rivadavia,Atención Médica General,Servicios Sociales,Salud,Bienes De Uso,Maquinaria Y Equipo,0.0,3965926.0,3020683.07,383942264.23,292433065.42,Fiscal
2017,4,Administracion Central,Ministerio De Salud,Ministerio De Salud,Ministerio De Salud,Htal. Bernardino Rivadavia,Atención Médica General,Servicios Sociales,Salud,Transferencias,Al Sector Privado,10000.0,3960791.0,3960791.0,383445143.63,383445143.63,Fiscal
2017,4,Administracion Central,Ministerio De Salud,Ministerio De Salud,Ministerio De Salud,Htal. Bernardino Rivadavia,Atención Médica General,Servicios Sociales,Salud,Bienes De Uso,Construcciones Del Dominio Privado,58887650.0,69313813.0,69313812.34,6710287157.58,6710287093.68,Fiscal
2017,4,Administracion Central,Ministerio De Salud,Ministerio De Salud,Ministerio De Salud,Htal. Manuel Rocca,Atención De Rehabilitación,Servicios Sociales,Salud,Gastos En Personal,Remuneraciones Al Personal,205460069.0,223463231.0,222987130.06,21633529945.46,21587438497.23,Fiscal
2017,4,Administracion Central,Ministerio De Salud,Ministerio De Salud,Ministerio De Salud,Htal. Manuel Rocca,Atención De Rehabilitación,Servicios Sociales,Salud,Bienes De Consumo,Bienes De Consumo,7634000.0,10011103.0,10008049.15,969177325.36,968881681.4,Fiscal
2017,4,Administracion Central,Ministerio De Salud,Ministerio De Salud,Ministerio De Salud,Htal. Manuel Rocca,Atención De Rehabilitación,Servicios Sociales,Salud,Servicios No Personales,Servicios No Personales,22113727.0,26835304.0,26835299.83,2597932331.34,2597931927.64,Fiscal
2017,4,Administracion Central,Ministerio De Salud,Ministerio De Salud,Ministerio De Salud,Htal. Manuel Rocca,Atención De Rehabilitación,Servicios Sociales,Salud,Bienes De Uso,Maquinaria Y Equipo,0.0,309762.0,309760.91,29988134.84,29988029.32,Fiscal
2017,4,Administracion Central,Ministerio De Salud,Ministerio De Salud,Ministerio De Salud,Htal. Manuel Rocca,Atención De Rehabilitación,Servicios Sociales,Salud,Transferencias,Al Sector Privado,10000.0,0.0,0.0,0.0,0.0,Fiscal
2017,4,Administracion Central,Ministerio De Salud,Ministerio De Salud,Ministerio De Salud,Htal. Manuel Rocca,Atención De Rehabilitación,Servicios Sociales,Salud,Bienes De Uso,Construcciones Del Dominio Privado,12142791.0,12460423.0,12460421.83,1206296592.5,1206296479.23,Fiscal
2017,4,Administracion Central,Ministerio De Salud,Ministerio De Salud,Ministerio De Salud,Htal. Santa Lucia,Atención Médica Oftalmológica,Servicios Sociales,Salud,Gastos En Personal,Remuneraciones Al Personal,220693521.0,237481590.0,236371948.21,22990650702.45,22883226009.87,Fiscal
2017,4,Administracion Central,Ministerio De Salud,Ministerio De Salud,Ministerio De Salud,Htal. Santa Lucia,Atención Médica Oftalmológica,Servicios Sociales,Salud,Bienes De Consumo,Bienes De Consumo,11756000.0,15185584.0,15183968.36,1470120094.18,1469963683.68,Fiscal
2017,4,Administracion Central,Ministerio De Salud,Ministerio De Salud,Ministerio De Salud,Htal. Santa Lucia,Atención Médica Oftalmológica,Servicios Sociales,Salud,Servicios No Personales,Servicios No Personales,20310556.0,20331203.0,20312167.53,1968268725.73,1966425897.23,Fiscal
2017,4,Administracion Central,Ministerio De Salud,Ministerio De Salud,Ministerio De Salud,Htal. Santa Lucia,Atención Médica Oftalmológica,Servicios Sociales,Salud,Bienes De Uso,Maquinaria Y Equipo,0.0,2691631.0,2684061.1,260577454.2,259844610.33,Fiscal
2017,4,Administracion Central,Ministerio De Salud,Ministerio De Salud,Ministerio De Salud,Htal. Santa Lucia,Atención Médica Oftalmológica,Servicios Sociales,Salud,Bienes De Uso,Construcciones Del Dominio Privado,14424992.0,16012379.0,15993367.07,1550162319.97,1548321770.38,Fiscal
2017,4,Administracion Central,Ministerio De Salud,Ministerio De Salud,Ministerio De Salud,Htal.Donacion Francisco Santojanni,Atención Médica General,Servicios Sociales,Salud,Gastos En Personal,Remuneraciones Al Personal,1107172325.0,1248607721.0,1247774581.67,120878018282.97,120797361861.04,Fiscal
2017,4,Administracion Central,Ministerio De Salud,Ministerio De Salud,Ministerio De Salud,Htal.Donacion Francisco Santojanni,Atención Médica General,Servicios Sociales,Salud,Bienes De Consumo,Bienes De Consumo,152275000.0,184865295.0,184845094.84,17896854338.69,17894898756.27,Fiscal
2017,4,Administracion Central,Ministerio De Salud,Ministerio De Salud,Ministerio De Salud,Htal.Donacion Francisco Santojanni,Atención Médica General,Servicios Sociales,Salud,Servicios No Personales,Servicios No Personales,119577297.0,124600509.0,124596538.36,12062605694.05,12062221295.42,Fiscal
2017,4,Administracion Central,Ministerio De Salud,Ministerio De Salud,Ministerio De Salud,Htal.Donacion Francisco Santojanni,Atención Médica General,Servicios Sociales,Salud,Bienes De Uso,Maquinaria Y Equipo,0.0,4168404.0,3880292.69,403544208.84,375652082.58,Fiscal
2017,4,Administracion Central,Ministerio De Salud,Ministerio De Salud,Ministerio De Salud,Htal.Donacion Francisco Santojanni,Atención Médica General,Servicios Sociales,Salud,Transferencias,Al Sector Privado,10000.0,710176.0,610672.55,68752311.93,59119358.64,Fiscal
2017,4,Administracion Central,Ministerio De Salud,Ministerio De Salud,Ministerio De Salud,Htal.Donacion Francisco Santojanni,Atención Médica General,Servicios Sociales,Salud,Bienes De Uso,Construcciones Del Dominio Privado,51376128.0,57088235.0,57088233.25,5526725966.86,5526725797.44,Fiscal
2017,4,Administracion Central,Ministerio De Salud,Ministerio De Salud,Ministerio De Salud,Htal. Ramon Sarda,Atención Médica Materno Infantil,Servicios Sociales,Salud,Gastos En Personal,Remuneraciones Al Personal,389943304.0,457437530.0,457101027.64,44284638949.99,44252062074.37,Fiscal
2017,4,Administracion Central,Ministerio De Salud,Ministerio De Salud,Ministerio De Salud,Htal. Ramon Sarda,Atención Médica Materno Infantil,Servicios Sociales,Salud,Bienes De Consumo,Bienes De Consumo,58436000.0,66479728.0,66467582.93,6435918696.86,6434742929.67,Fiscal
2017,4,Administracion Central,Ministerio De Salud,Ministerio De Salud,Ministerio De Salud,Htal. Ramon Sarda,Atención Médica Materno Infantil,Servicios Sociales,Salud,Servicios No Personales,Servicios No Personales,52710529.0,58193624.0,56624664.05,5633738945.8,5481847550.02,Fiscal
2017,4,Administracion Central,Ministerio De Salud,Ministerio De Salud,Ministerio De Salud,Htal. Ramon Sarda,Atención Médica Materno Infantil,Servicios Sociales,Salud,Bienes De Uso,Maquinaria Y Equipo,0.0,3631908.0,2802790.32,351605900.11,271338815.1,Fiscal
2017,4,Administracion Central,Ministerio De Salud,Ministerio De Salud,Ministerio De Salud,Htal. Ramon Sarda,Atención Médica Materno Infantil,Servicios Sociales,Salud,Bienes De Uso,Construcciones Del Dominio Privado,25238699.0,28685963.0,28333147.06,2777095080.91,2742938883.63,Fiscal
2017,4,Administracion Central,Ministerio De Salud,Ministerio De Salud,Ministerio De Salud,Talleres Protegidos De Rehab.Psiquiat.,Atención De Salud Mental,Servicios Sociales,Salud,Gastos En Personal,Remuneraciones Al Personal,78809145.0,86705389.0,86608930.41,8393969875.81,8384631696.16,Fiscal
2017,4,Administracion Central,Ministerio De Salud,Ministerio De Salud,Ministerio De Salud,Talleres Protegidos De Rehab.Psiquiat.,Atención De Salud Mental,Servicios Sociales,Salud,Bienes De Consumo,Bienes De Consumo,2180000.0,2048257.0,1898408.58,198292260.2,183785398.07,Fiscal
2017,4,Administracion Central,Ministerio De Salud,Ministerio De Salud,Ministerio De Salud,Talleres Protegidos De Rehab.Psiquiat.,Atención De Salud Mental,Servicios Sociales,Salud,Servicios No Personales,Servicios No Personales,4999335.0,4868251.0,4868246.15,471296567.76,471296098.23,Fiscal
2017,4,Administracion Central,Ministerio De Salud,Ministerio De Salud,Ministerio De Salud,Talleres Protegidos De Rehab.Psiquiat.,Atención De Salud Mental,Servicios Sociales,Salud,Transferencias,Al Sector Privado,1500000.0,1500000.0,1498472.0,145215366.18,145067440.13,Fiscal
2017,4,Administracion Central,Ministerio De Salud,Ministerio De Salud,Ministerio De Salud,Talleres Protegidos De Rehab.Psiquiat.,Atención De Salud Mental,Servicios Sociales,Salud,Bienes De Uso,Maquinaria Y Equipo,0.0,7716.0,7715.16,746987.84,746906.52,Fiscal
2017,4,Administracion Central,Ministerio De Salud,Ministerio De Salud,Ministerio De Salud,Htal. Carolina Tobar Garcia,Atención De Salud Mental,Servicios Sociales,Salud,Gastos En Personal,Remuneraciones Al Personal,217600967.0,238986043.0,238905432.41,23136297164.65,23128493233.75,Fiscal
2017,4,Administracion Central,Ministerio De Salud,Ministerio De Salud,Ministerio De Salud,Htal. Carolina Tobar Garcia,Atención De Salud Mental,Servicios Sociales,Salud,Bienes De Consumo,Bienes De Consumo,4490000.0,7036755.0,6915969.37,681229969.38,669536683.05,Fiscal
2017,4,Administracion Central,Ministerio De Salud,Ministerio De Salud,Ministerio De Salud,Htal. Carolina Tobar Garcia,Atención De Salud Mental,Servicios Sociales,Salud,Servicios No Personales,Servicios No Personales,33651813.0,25835082.0,25835077.18,2501100595.34,2501100128.71,Fiscal
2017,4,Administracion Central,Ministerio De Salud,Ministerio De Salud,Ministerio De Salud,Htal. Carolina Tobar Garcia,Atención De Salud Mental,Servicios Sociales,Salud,Bienes De Uso,Maquinaria Y Equipo,0.0,326721.0,325994.21,31629939.77,31559579.05,Fiscal
2017,4,Administracion Central,Ministerio De Salud,Ministerio De Salud,Ministerio De Salud,Htal. Carolina Tobar Garcia,Atención De Salud Mental,Servicios Sociales,Salud,Bienes De Uso,Construcciones Del Dominio Privado,14390606.0,15587542.0,15587540.33,1509033746.29,1509033584.61,Fiscal
2017,4,Administracion Central,Ministerio De Salud,Ministerio De Salud,Ministerio De Salud,Htal. Enrique Tornu,Atención Médica General,Servicios Sociales,Salud,Gastos En Personal,Remuneraciones Al Personal,595133220.0,651227293.0,651044695.51,63045473214.42,63027795906.84,Fiscal
2017,4,Administracion Central,Ministerio De Salud,Ministerio De Salud,Ministerio De Salud,Htal. Enrique Tornu,Atención Médica General,Servicios Sociales,Salud,Bienes De Consumo,Bienes De Consumo,60516000.0,68888537.0,68846323.94,6669116084.2,6665029427.55,Fiscal
2017,4,Administracion Central,Ministerio De Salud,Ministerio De Salud,Ministerio De Salud,Htal. Enrique Tornu,Atención Médica General,Servicios Sociales,Salud,Servicios No Personales,Servicios No Personales,59912926.0,63263939.0,63205935.82,6124597378.73,6118982076.71,Fiscal
2017,4,Administracion Central,Ministerio De Salud,Ministerio De Salud,Ministerio De Salud,Htal. Enrique Tornu,Atención Médica General,Servicios Sociales,Salud,Bienes De Uso,Maquinaria Y Equipo,0.0,1338886.0,1245920.39,129617880.51,120617857.11,Fiscal
2017,4,Administracion Central,Ministerio De Salud,Ministerio De Salud,Ministerio De Salud,Htal. Enrique Tornu,Atención Médica General,Servicios Sociales,Salud,Transferencias,Al Sector Privado,10000.0,129870.0,75440.0,12572746.4,7303364.82,Fiscal
2017,4,Administracion Central,Ministerio De Salud,Ministerio De Salud,Ministerio De Salud,Htal. Enrique Tornu,Atención Médica General,Servicios Sociales,Salud,Bienes De Uso,Construcciones Del Dominio Privado,40037580.0,44998343.0,44998342.07,4356300570.93,4356300480.89,Fiscal
2017,4,Administracion Central,Ministerio De Salud,Ministerio De Salud,Ministerio De Salud,Htal. Bonorino Udaondo,At. Médica De Patologías Específicas,Servicios Sociales,Salud,Gastos En Personal,Remuneraciones Al Personal,310249810.0,330523403.0,330509867.38,31998051332.55,31996740945.88,Fiscal
2017,4,Administracion Central,Ministerio De Salud,Ministerio De Salud,Ministerio De Salud,Htal. Bonorino Udaondo,At. Médica De Patologías Específicas,Servicios Sociales,Salud,Bienes De Consumo,Bienes De Consumo,60043000.0,65608619.0,65607231.4,6351586421.92,6351452088.02,Fiscal
2017,4,Administracion Central,Ministerio De Salud,Ministerio De Salud,Ministerio De Salud,Htal. Bonorino Udaondo,At. Médica De Patologías Específicas,Servicios Sociales,Salud,Servicios No Personales,Servicios No Personales,61978257.0,36399766.0,36399759.85,3523870232.45,3523869637.07,Fiscal
2017,4,Administracion Central,Ministerio De Salud,Ministerio De Salud,Ministerio De Salud,Htal. Bonorino Udaondo,At. Médica De Patologías Específicas,Servicios Sociales,Salud,Bienes De Uso,Maquinaria Y Equipo,0.0,2596914.0,2152663.84,251407878.3,208399911.86,Fiscal
2017,4,Administracion Central,Ministerio De Salud,Ministerio De Salud,Ministerio De Salud,Htal. Bonorino Udaondo,At. Médica De Patologías Específicas,Servicios Sociales,Salud,Bienes De Uso,Construcciones Del Dominio Privado,20785422.0,21943220.0,21943218.48,2124328485.03,2124328337.88,Fiscal
2017,4,Administracion Central,Ministerio De Salud,Ministerio De Salud,Ministerio De Salud,Htal. Dalmacio Velez Sarsfield,Atención Médica General,Servicios Sociales,Salud,Gastos En Personal,Remuneraciones Al Personal,466738375.0,501748532.0,501455857.54,48574397870.91,48546063984.99,Fiscal
2017,4,Administracion Central,Ministerio De Salud,Ministerio De Salud,Ministerio De Salud,Htal. Dalmacio Velez Sarsfield,Atención Médica General,Servicios Sociales,Salud,Bienes De Consumo,Bienes De Consumo,45400000.0,48966860.0,48808465.01,4740493670.5,4725159412.85,Fiscal
2017,4,Administracion Central,Ministerio De Salud,Ministerio De Salud,Ministerio De Salud,Htal. Dalmacio Velez Sarsfield,Atención Médica General,Servicios Sociales,Salud,Servicios No Personales,Servicios No Personales,36102339.0,37085006.0,37069494.39,3590208484.14,3588706801.39,Fiscal
2017,4,Administracion Central,Ministerio De Salud,Ministerio De Salud,Ministerio De Salud,Htal. Dalmacio Velez Sarsfield,Atención Médica General,Servicios Sociales,Salud,Bienes De Uso,Maquinaria Y Equipo,0.0,2173208.0,1782349.48,210388797.01,172549688.27,Fiscal
2017,4,Administracion Central,Ministerio De Salud,Ministerio De Salud,Ministerio De Salud,Htal. Dalmacio Velez Sarsfield,Atención Médica General,Servicios Sociales,Salud,Transferencias,Al Sector Privado,10000.0,0.0,0.0,0.0,0.0,Fiscal
2017,4,Administracion Central,Ministerio De Salud,Ministerio De Salud,Ministerio De Salud,Htal. Dalmacio Velez Sarsfield,Atención Médica General,Servicios Sociales,Salud,Servicios No Personales,Servicios No Personales,0.0,351760.0,351759.68,34053971.47,34053940.49,Fiscal
2017,4,Administracion Central,Ministerio De Salud,Ministerio De Salud,Ministerio De Salud,Htal. Dalmacio Velez Sarsfield,Atención Médica General,Servicios Sociales,Salud,Bienes De Uso,Construcciones Del Dominio Privado,12199927.0,14118446.0,14111026.21,1366810203.89,1366091892.21,Fiscal
2017,4,Administracion Central,Ministerio De Salud,Ministerio De Salud,Ministerio De Salud,Htal. Abel Zubizarreta,Atención Médica General,Servicios Sociales,Salud,Gastos En Personal,Remuneraciones Al Personal,380333766.0,417129230.0,416595746.6,40382382586.84,40330735928.65,Fiscal
2017,4,Administracion Central,Ministerio De Salud,Ministerio De Salud,Ministerio De Salud,Htal. Abel Zubizarreta,Atención Médica General,Servicios Sociales,Salud,Bienes De Consumo,Bienes De Consumo,35034000.0,44796164.0,44792524.26,4336727572.58,4336375208.46,Fiscal
2017,4,Administracion Central,Ministerio De Salud,Ministerio De Salud,Ministerio De Salud,Htal. Abel Zubizarreta,Atención Médica General,Servicios Sociales,Salud,Servicios No Personales,Servicios No Personales,36597581.0,35847625.0,35652956.71,3470417327.45,3451571442.78,Fiscal
2017,4,Administracion Central,Ministerio De Salud,Ministerio De Salud,Ministerio De Salud,Htal. Abel Zubizarreta,Atención Médica General,Servicios Sociales,Salud,Bienes De Uso,Maquinaria Y Equipo,0.0,2399130.0,2305881.01,232260360.98,223232903.5,Fiscal
2017,4,Administracion Central,Ministerio De Salud,Ministerio De Salud,Ministerio De Salud,Htal. Abel Zubizarreta,Atención Médica General,Servicios Sociales,Salud,Transferencias,Al Sector Privado,10000.0,125141.0,125140.15,12114930.76,12114848.47,Fiscal
2017,4,Administracion Central,Ministerio De Salud,Ministerio De Salud,Ministerio De Salud,Htal. Abel Zubizarreta,Atención Médica General,Servicios Sociales,Salud,Bienes De Uso,Construcciones Del Dominio Privado,12343255.0,12656371.0,12653405.09,1225266366.21,1224979235.74,Fiscal
2017,4,Administracion Central,Ministerio De Salud,Ministerio De Salud,Ministerio De Salud,Centro De Salud Ameghino,Atención De Salud Mental,Servicios Sociales,Salud,Gastos En Personal,Remuneraciones Al Personal,92553728.0,95583181.0,95423578.09,9253431086.59,9237979889.91,Fiscal
2017,4,Administracion Central,Ministerio De Salud,Ministerio De Salud,Ministerio De Salud,Centro De Salud Ameghino,Atención De Salud Mental,Servicios Sociales,Salud,Bienes De Consumo,Bienes De Consumo,3570000.0,4033178.0,4032987.09,390452946.77,390434464.72,Fiscal
2017,4,Administracion Central,Ministerio De Salud,Ministerio De Salud,Ministerio De Salud,Centro De Salud Ameghino,Atención De Salud Mental,Servicios Sociales,Salud,Servicios No Personales,Servicios No Personales,5689139.0,3784300.0,3784297.95,366359006.83,366358808.37,Fiscal
2017,4,Administracion Central,Ministerio De Salud,Ministerio De Salud,Ministerio De Salud,Centro De Salud Ameghino,Atención De Salud Mental,Servicios Sociales,Salud,Bienes De Uso,Maquinaria Y Equipo,0.0,196086.0,196085.4,18983133.53,18983075.44,Fiscal
2017,4,Administracion Central,Ministerio De Salud,Ministerio De Salud,Ministerio De Salud,Centro De Salud Ameghino,Atención De Salud Mental,Servicios Sociales,Salud,Bienes De Uso,Construcciones Del Dominio Privado,7018160.0,5924631.0,5924630.06,573564973.44,573564882.44,Fiscal
2017,4,Administracion Central,Ministerio De Salud,Ministerio De Salud,Ministerio De Salud,Instituto Pasteur,Instituto De Control De Zoonosis Luis Pasteur,Servicios Sociales,Salud,Gastos En Personal,Remuneraciones Al Personal,86760987.0,93333792.0,93251840.64,9035667188.38,9027733457.21,Fiscal
2017,4,Administracion Central,Ministerio De Salud,Ministerio De Salud,Ministerio De Salud,Instituto Pasteur,Instituto De Control De Zoonosis Luis Pasteur,Servicios Sociales,Salud,Bienes De Consumo,Bienes De Consumo,3220000.0,2704403.0,2704389.84,261813914.64,261812640.61,Fiscal
2017,4,Administracion Central,Ministerio De Salud,Ministerio De Salud,Ministerio De Salud,Instituto Pasteur,Instituto De Control De Zoonosis Luis Pasteur,Servicios Sociales,Salud,Servicios No Personales,Servicios No Personales,9080882.0,9076128.0,9076121.89,878662167.37,878661575.85,Fiscal
2017,4,Administracion Central,Ministerio De Salud,Ministerio De Salud,Ministerio De Salud,Instituto Pasteur,Instituto De Control De Zoonosis Luis Pasteur,Servicios Sociales,Salud,Bienes De Uso,Maquinaria Y Equipo,0.0,504623.0,504621.72,48852675.82,48852551.9,Fiscal
2017,4,Administracion Central,Ministerio De Salud,Ministerio De Salud,Ministerio De Salud,Instituto Pasteur,Instituto De Control De Zoonosis Luis Pasteur,Servicios Sociales,Salud,Bienes De Uso,Construcciones Del Dominio Privado,14506823.0,14668087.0,14668085.94,1420021083.28,1420020980.66,Fiscal
2017,4,Administracion Central,Ministerio De Salud,Ministerio De Salud,Ministerio De Salud,Instituto De Rehabilitacion Psicofica,Atención De Rehabilitación,Servicios Sociales,Salud,Gastos En Personal,Remuneraciones Al Personal,194926677.0,222668035.0,222163655.77,21556546826.58,21507717750.19,Fiscal
2017,4,Administracion Central,Ministerio De Salud,Ministerio De Salud,Ministerio De Salud,Instituto De Rehabilitacion Psicofica,Atención De Rehabilitación,Servicios Sociales,Salud,Bienes De Consumo,Bienes De Consumo,26904000.0,15334344.0,15235127.91,1484521586.09,1474916452.2,Fiscal
2017,4,Administracion Central,Ministerio De Salud,Ministerio De Salud,Ministerio De Salud,Instituto De Rehabilitacion Psicofica,Atención De Rehabilitación,Servicios Sociales,Salud,Servicios No Personales,Servicios No Personales,19571237.0,22409723.0,22277261.32,2169490754.34,2156667106.76,Fiscal
2017,4,Administracion Central,Ministerio De Salud,Ministerio De Salud,Ministerio De Salud,Instituto De Rehabilitacion Psicofica,Atención De Rehabilitación,Servicios Sociales,Salud,Bienes De Uso,Maquinaria Y Equipo,0.0,1033819.0,969484.98,100084269.77,93856077.59,Fiscal
2017,4,Administracion Central,Ministerio De Salud,Ministerio De Salud,Ministerio De Salud,Instituto De Rehabilitacion Psicofica,Atención De Rehabilitación,Servicios Sociales,Salud,Transferencias,Al Sector Privado,10000.0,3995949.0,3994849.0,386848798.19,386742306.92,Fiscal
2017,4,Administracion Central,Ministerio De Salud,Ministerio De Salud,Ministerio De Salud,Instituto De Rehabilitacion Psicofica,Atención De Rehabilitación,Servicios Sociales,Salud,Bienes De Uso,Construcciones Del Dominio Privado,16294590.0,16836316.0,16836314.76,1629927862.08,1629927742.04,Fiscal
2017,4,Administracion Central,Ministerio De Salud,Ministerio De Salud,Ministerio De Salud,Dir.Gral.Adjunta Same,Sistema De Atencion Médica De Emergencia,Servicios Sociales,Salud,Gastos En Personal,Remuneraciones Al Personal,338718111.0,409629337.0,408734687.53,39656316114.62,39569704881.02,Fiscal
2017,4,Administracion Central,Ministerio De Salud,Ministerio De Salud,Ministerio De Salud,Dir.Gral.Adjunta Same,Sistema De Atencion Médica De Emergencia,Servicios Sociales,Salud,Bienes De Consumo,Bienes De Consumo,2946000.0,6582327.0,6580805.62,637236683.76,637089398.59,Fiscal
2017,4,Administracion Central,Ministerio De Salud,Ministerio De Salud,Ministerio De Salud,Dir.Gral.Adjunta Same,Sistema De Atencion Médica De Emergencia,Servicios Sociales,Salud,Servicios No Personales,Servicios No Personales,33906217.0,29997299.0,29997290.99,2904045839.2,2904045063.75,Fiscal
2017,4,Administracion Central,Ministerio De Salud,Ministerio De Salud,Ministerio De Salud,Dir.Gral.Adjunta Same,Sistema De Atencion Médica De Emergencia,Servicios Sociales,Salud,Bienes De Uso,Maquinaria Y Equipo,42500000.0,40968573.0,40968560.93,3966177553.47,3966176384.97,Fiscal
2017,4,Administracion Central,Ministerio De Salud,Ministerio De Salud,Ministerio De Salud,Ctro.De Salud Nº 1 Hugo Rosario,Atención De Salud Mental,Servicios Sociales,Salud,Bienes De Consumo,Bienes De Consumo,1871000.0,2120969.0,2120727.24,205331526.67,205308121.82,Fiscal
2017,4,Administracion Central,Ministerio De Salud,Ministerio De Salud,Ministerio De Salud,Ctro.De Salud Nº 1 Hugo Rosario,Atención De Salud Mental,Servicios Sociales,Salud,Servicios No Personales,Servicios No Personales,206675.0,290439.0,290435.44,28117470.49,28117125.85,Fiscal
2017,4,Administracion Central,Ministerio De Salud,Ministerio De Salud,Ministerio De Salud,Ctro.De Salud Nº 1 Hugo Rosario,Atención De Salud Mental,Servicios Sociales,Salud,Bienes De Uso,Maquinaria Y Equipo,0.0,15001.0,15000.0,1452250.47,1452153.66,Fiscal
2017,4,Administracion Central,Ministerio De Salud,Ministerio De Salud,Ministerio De Salud,Ctro.De Salud Nº 1 Hugo Rosario,Atención De Salud Mental,Servicios Sociales,Salud,Gastos En Personal,Remuneraciones Al Personal,31916434.0,34822093.0,34804439.34,3371135324.18,3369426269.04,Fiscal
2017,4,Administracion Central,Ministerio De Salud,Ministerio De Salud,Ministerio De Salud,Cai Cecilia Grierson,Atención Médica General,Servicios Sociales,Salud,Gastos En Personal,Remuneraciones Al Personal,55278659.0,133333548.0,133333536.16,12908053331.57,12908052185.34,Fiscal
2017,4,Administracion Central,Ministerio De Salud,Ministerio De Salud,Ministerio De Salud,Cai Cecilia Grierson,Atención Médica General,Servicios Sociales,Salud,Bienes De Consumo,Bienes De Consumo,5839000.0,7092625.0,7091737.17,686638757.72,686552806.68,Fiscal
2017,4,Administracion Central,Ministerio De Salud,Ministerio De Salud,Ministerio De Salud,Cai Cecilia Grierson,Atención Médica General,Servicios Sociales,Salud,Servicios No Personales,Servicios No Personales,12841482.0,9301065.0,9301061.03,900438373.25,900437988.91,Fiscal
2017,4,Administracion Central,Ministerio De Salud,Ministerio De Salud,Ministerio De Salud,Cai Cecilia Grierson,Atención Médica General,Servicios Sociales,Salud,Bienes De Uso,Maquinaria Y Equipo,0.0,715044.0,615262.86,69223584.2,59563747.68,Fiscal
2017,4,Administracion Central,Ministerio De Salud,Ministerio De Salud,Ministerio De Salud,Cai Cecilia Grierson,Atención Médica General,Servicios Sociales,Salud,Bienes De Uso,Construcciones Del Dominio Privado,7582279.0,11610175.0,11610174.23,1123983876.05,1123983801.51,Fiscal
2017,4,Administracion Central,Ministerio De Salud,Ministerio De Salud,Ministerio De Salud,Subsecretaria De Administracion Del Sistema De Salud,Administración Del Sistema De Salud,Servicios Sociales,Salud,Gastos En Personal,Remuneraciones Al Personal,119892809.0,97423818.0,97377890.48,9431623603.9,9427177349.48,Fiscal
2017,4,Administracion Central,Ministerio De Salud,Ministerio De Salud,Ministerio De Salud,Subsecretaria De Administracion Del Sistema De Salud,Administración Del Sistema De Salud,Servicios Sociales,Salud,Bienes De Consumo,Bienes De Consumo,800000.0,436084.0,436072.44,42217398.5,42216279.37,Fiscal
2017,4,Administracion Central,Ministerio De Salud,Ministerio De Salud,Ministerio De Salud,Subsecretaria De Administracion Del Sistema De Salud,Administración Del Sistema De Salud,Servicios Sociales,Salud,Servicios No Personales,Servicios No Personales,52467885.0,42924698.0,42285926.1,4155550492.25,4093710828.68,Fiscal
2017,4,Administracion Central,Ministerio De Salud,Ministerio De Salud,Ministerio De Salud,Subsecretaria De Administracion Del Sistema De Salud,Administración Del Sistema De Salud,Servicios Sociales,Salud,Bienes De Uso,Maquinaria Y Equipo,0.0,94303.0,94300.17,9129496.45,9129222.48,Fiscal
2017,4,Administracion Central,Ministerio De Salud,Ministerio De Salud,Ministerio De Salud,Subsecretaria De Administracion Del Sistema De Salud,Administración Del Sistema De Salud,Servicios Sociales,Salud,Bienes De Uso,Bienes De Uso,67000000.0,0.0,0.0,0.0,0.0,Fiscal
2017,4,Administracion Central,Ministerio De Salud,Ministerio De Salud,Ministerio De Salud,Subsecretaria De Planificacion Sanitaria,Planificación Sanitaria,Servicios Sociales,Salud,Gastos En Personal,Remuneraciones Al Personal,95642766.0,139417336.0,139313614.51,13497026333.04,13486985030.27,Fiscal
2017,4,Administracion Central,Ministerio De Salud,Ministerio De Salud,Ministerio De Salud,Subsecretaria De Planificacion Sanitaria,Planificación Sanitaria,Servicios Sociales,Salud,Bienes De Consumo,Bienes De Consumo,1045000.0,15138927.0,14387550.5,1465603218.62,1392862276.23,Fiscal
2017,4,Administracion Central,Ministerio De Salud,Ministerio De Salud,Ministerio De Salud,Subsecretaria De Planificacion Sanitaria,Planificación Sanitaria,Servicios Sociales,Salud,Servicios No Personales,Servicios No Personales,80613884.0,106945160.0,104379246.29,10353387047.3,10104980314.63,Fiscal
2017,4,Administracion Central,Ministerio De Salud,Ministerio De Salud,Ministerio De Salud,Subsecretaria De Planificacion Sanitaria,Planificación Sanitaria,Servicios Sociales,Salud,Bienes De Uso,Maquinaria Y Equipo,103056822.0,58549316.0,17384243.87,5668173575.15,1682972892.94,Fiscal
2017,4,Administracion Central,Ministerio De Salud,Ministerio De Salud,Ministerio De Salud,Subsecretaria De Planificacion Sanitaria,Planificación Sanitaria,Servicios Sociales,Salud,Transferencias,Al Sector Privado,13000000.0,5713912.0,5462760.42,553165215.61,528851169.84,Fiscal
2017,4,Administracion Central,Ministerio De Salud,Ministerio De Salud,Ministerio De Salud,Subsecretaria De Planificacion Sanitaria,Planificación Sanitaria,Servicios Sociales,Salud,Bienes De Uso,Activos Intangibles,0.0,3223136.0,3223136.0,312032583.0,312032583.0,Fiscal
2017,4,Administracion Central,Ministerio De Salud,Ministerio De Salud,Ministerio De Salud,Subsecretaria De Planificacion Sanitaria,Planificación Sanitaria,Servicios Sociales,Salud,Bienes De Uso,Bienes De Uso,20000000.0,70569118.0,66500819.15,6831813541.07,6437960536.24,Fiscal
2017,4,Administracion Central,Ministerio De Salud,Ministerio De Salud,Ministerio De Salud,Subsecretaria De Planificacion Sanitaria,Planificación Sanitaria,Servicios Sociales,Salud,Servicios No Personales,Servicios No Personales,0.0,197161036.0,197146627.14,19087208026.56,19085813101.31,Fiscal
2017,4,Administracion Central,Ministerio De Salud,Ministerio De Salud,Ministerio De Salud,Subsecretaria De Planificacion Sanitaria,Planificación Sanitaria,Servicios Sociales,Salud,Activos Financieros,Activos Financieros,0.0,8490290.0,8490289.43,821947047.57,821946992.39,Fiscal
2017,4,Administracion Central,Ministerio De Salud,Ministerio De Salud,Ministerio De Salud,Subsecretaría De Atención Hospitalaria,Actividades De Atencion Hospitalaria Comunes A Los Programas 51/58 Y 85,Servicios Sociales,Salud,Gastos En Personal,Remuneraciones Al Personal,74932981.0,53394581.0,53365644.09,5169142421.42,5166341032.1,Fiscal
2017,4,Administracion Central,Ministerio De Salud,Ministerio De Salud,Ministerio De Salud,Subsecretaría De Atención Hospitalaria,Actividades De Atencion Hospitalaria Comunes A Los Programas 51/58 Y 85,Servicios Sociales,Salud,Bienes De Consumo,Bienes De Consumo,12395000.0,17021159.0,17021154.31,1647822558.03,1647822103.99,Fiscal
2017,4,Administracion Central,Ministerio De Salud,Ministerio De Salud,Ministerio De Salud,Subsecretaría De Atención Hospitalaria,Actividades De Atencion Hospitalaria Comunes A Los Programas 51/58 Y 85,Servicios Sociales,Salud,Servicios No Personales,Servicios No Personales,13019233.0,16685496.0,16257085.4,1615326941.06,1573852406.29,Fiscal
2017,4,Administracion Central,Ministerio De Salud,Ministerio De Salud,Ministerio De Salud,Subsecretaría De Atención Hospitalaria,Actividades De Atencion Hospitalaria Comunes A Los Programas 51/58 Y 85,Servicios Sociales,Salud,Bienes De Uso,Maquinaria Y Equipo,0.0,20726.0,20726.0,2006489.12,2006489.12,Fiscal
2017,4,Administracion Central,Ministerio De Salud,Ministerio De Salud,Ministerio De Salud,Subsecretaría De Atención Hospitalaria,Atención De Salud Mental,Servicios Sociales,Salud,Gastos En Personal,Remuneraciones Al Personal,9588363.0,29114273.0,29114257.48,2818559876.57,2818558374.08,Fiscal
2017,4,Administracion Central,Ministerio De Salud,Ministerio De Salud,Ministerio De Salud,Subsecretaría De Atención Hospitalaria,Atención De Salud Mental,Servicios Sociales,Salud,Bienes De Consumo,Bienes De Consumo,385000.0,565185.0,555993.39,54715697.82,53825855.82,Fiscal
2017,4,Administracion Central,Ministerio De Salud,Ministerio De Salud,Ministerio De Salud,Subsecretaría De Atención Hospitalaria,Atención De Salud Mental,Servicios Sociales,Salud,Servicios No Personales,Servicios No Personales,24691892.0,29445621.0,29362949.6,2850637757.34,2842634318.93,Fiscal
2017,4,Administracion Central,Ministerio De Salud,Ministerio De Salud,Ministerio De Salud,Subsecretaría De Atención Hospitalaria,Atención De Salud Mental,Servicios Sociales,Salud,Bienes De Uso,Maquinaria Y Equipo,0.0,608755.0,608751.88,58933720.16,58933418.11,Fiscal
2017,4,Administracion Central,Ministerio De Salud,Ministerio De Salud,Ministerio De Salud,Subsecretaría De Atención Hospitalaria,Atención De Salud Mental,Servicios Sociales,Salud,Servicios No Personales,Impuestos Directos,0.0,8155.0,8154.2,789487.54,789410.09,Fiscal
2017,4,Administracion Central,Ministerio De Salud,Ministerio De Salud,Ministerio De Salud,Subsecretaría De Atención Hospitalaria,Atención De Salud Mental,Servicios Sociales,Salud,Transferencias,Al Sector Privado,160000000.0,207352324.0,207352323.4,20073829105.76,20073829047.67,Fiscal
2017,4,Administracion Central,Ministerio De Salud,Ministerio De Salud,Ministerio De Salud,Subsecretaria Atencion Primaria Ambulatoria Y Comunitaria,Promoción Y Cuidado De La Salud Del Niño,Servicios Sociales,Salud,Gastos En Personal,Remuneraciones Al Personal,1680877.0,1675013.0,1669607.08,162158417.44,161635069.0,Fiscal
2017,4,Administracion Central,Ministerio De Salud,Ministerio De Salud,Ministerio De Salud,Subsecretaria Atencion Primaria Ambulatoria Y Comunitaria,Promoción Y Cuidado De La Salud Del Niño,Servicios Sociales,Salud,Bienes De Consumo,Bienes De Consumo,22353600.0,7941587.0,7941585.98,768826976.19,768826877.44,Fiscal
2017,4,Administracion Central,Ministerio De Salud,Ministerio De Salud,Ministerio De Salud,Subsecretaria Atencion Primaria Ambulatoria Y Comunitaria,Promoción Y Cuidado De La Salud Del Niño,Servicios Sociales,Salud,Servicios No Personales,Servicios No Personales,3933921.0,1340000.0,1336986.0,129725727.12,129433941.05,Fiscal
2017,4,Administracion Central,Ministerio De Salud,Ministerio De Salud,Ministerio De Salud,Subsecretaria Atencion Primaria Ambulatoria Y Comunitaria,Promoción Y Cuidado De La Salud Del Niño,Servicios Sociales,Salud,Bienes De Uso,Maquinaria Y Equipo,0.0,10900.0,10900.0,1055231.66,1055231.66,Fiscal
2017,4,Administracion Central,Ministerio De Salud,Ministerio De Salud,Ministerio De Salud,Subsecretaria Atencion Primaria Ambulatoria Y Comunitaria,Prevención Y Protección En Salud Sexual,Servicios Sociales,Salud,Gastos En Personal,Remuneraciones Al Personal,8700224.0,1290233.0,1258525.71,124907771.7,121838181.22,Fiscal
2017,4,Administracion Central,Ministerio De Salud,Ministerio De Salud,Ministerio De Salud,Subsecretaria Atencion Primaria Ambulatoria Y Comunitaria,Prevención Y Protección En Salud Sexual,Servicios Sociales,Salud,Bienes De Consumo,Bienes De Consumo,43200000.0,58322999.0,58322996.78,5646263771.13,5646263556.21,Fiscal
2017,4,Administracion Central,Ministerio De Salud,Ministerio De Salud,Ministerio De Salud,Subsecretaria Atencion Primaria Ambulatoria Y Comunitaria,Prevención Y Protección En Salud Sexual,Servicios Sociales,Salud,Servicios No Personales,Servicios No Personales,80000.0,0.0,0.0,0.0,0.0,Fiscal
2017,4,Administracion Central,Ministerio De Salud,Ministerio De Salud,Ministerio De Salud,Subsecretaria Atencion Primaria Ambulatoria Y Comunitaria,Gestión De Redes Y Programas De Salud,Servicios Sociales,Salud,Gastos En Personal,Remuneraciones Al Personal,52246863.0,55186641.0,55186633.83,5342632187.5,5342631493.37,Fiscal
2017,4,Administracion Central,Ministerio De Salud,Ministerio De Salud,Ministerio De Salud,Subsecretaria Atencion Primaria Ambulatoria Y Comunitaria,Gestión De Redes Y Programas De Salud,Servicios Sociales,Salud,Bienes De Consumo,Bienes De Consumo,22446400.0,22299296.0,22297809.5,2158800289.51,2158656381.09,Fiscal
2017,4,Administracion Central,Ministerio De Salud,Ministerio De Salud,Ministerio De Salud,Subsecretaria Atencion Primaria Ambulatoria Y Comunitaria,Gestión De Redes Y Programas De Salud,Servicios Sociales,Salud,Servicios No Personales,Servicios No Personales,21260000.0,22172923.0,21622763.9,2146566088.53,2093305051.76,Fiscal
2017,4,Administracion Central,Ministerio De Salud,Ministerio De Salud,Ministerio De Salud,Subsecretaria Atencion Primaria Ambulatoria Y Comunitaria,Gestión De Redes Y Programas De Salud,Servicios Sociales,Salud,Bienes De Uso,Maquinaria Y Equipo,0.0,1736513.0,1620064.81,168112247.45,156838869.75,Fiscal
2017,4,Administracion Central,Ministerio De Salud,Ministerio De Salud,Ministerio De Salud,Subsecretaria Atencion Primaria Ambulatoria Y Comunitaria,"Atención Primaria, Ambulatoria Y Comunitaria",Servicios Sociales,Salud,Gastos En Personal,Remuneraciones Al Personal,26759371.0,116352776.0,116352765.4,11264140648.86,11264139622.68,Fiscal
2017,4,Administracion Central,Ministerio De Salud,Ministerio De Salud,Ministerio De Salud,Subsecretaria Atencion Primaria Ambulatoria Y Comunitaria,"Atención Primaria, Ambulatoria Y Comunitaria",Servicios Sociales,Salud,Bienes De Consumo,Bienes De Consumo,545000.0,297339.0,295062.1,28785461.18,28565033.93,Fiscal
2017,4,Administracion Central,Ministerio De Salud,Ministerio De Salud,Ministerio De Salud,Subsecretaria Atencion Primaria Ambulatoria Y Comunitaria,"Atención Primaria, Ambulatoria Y Comunitaria",Servicios Sociales,Salud,Servicios No Personales,Servicios No Personales,4457044.0,1018151.0,1018149.54,98567446.86,98567305.52,Fiscal
2017,4,Administracion Central,Ministerio De Salud,Ministerio De Salud,Ministerio De Salud,Subsecretaria Atencion Primaria Ambulatoria Y Comunitaria,"Atención Primaria, Ambulatoria Y Comunitaria",Servicios Sociales,Salud,Bienes De Uso,Maquinaria Y Equipo,0.0,4459213.0,2936692.71,431697499.12,284301938.17,Fiscal
2017,4,Administracion Central,Ministerio De Salud,Ministerio De Salud,Ministerio De Salud,Ente Autarquico Instituto De Transplante,Ente Autarquico Instituto Del Transplante,Servicios Sociales,Salud,Gastos En Personal,Remuneraciones Al Personal,11604032.0,7923488.0,7923485.21,767074807.58,767074537.48,Fiscal
2017,4,Administracion Central,Ministerio De Salud,Ministerio De Salud,Ministerio De Salud,Ente Autarquico Instituto De Transplante,Ente Autarquico Instituto Del Transplante,Servicios Sociales,Salud,Bienes De Consumo,Bienes De Consumo,280000.0,316199.0,315185.07,30611302.38,30513143.57,Fiscal
2017,4,Administracion Central,Ministerio De Salud,Ministerio De Salud,Ministerio De Salud,Ente Autarquico Instituto De Transplante,Ente Autarquico Instituto Del Transplante,Servicios Sociales,Salud,Servicios No Personales,Servicios No Personales,4422820.0,6557678.0,6391333.69,634850408.06,618746574.8,Fiscal
2017,4,Administracion Central,Ministerio De Salud,Ministerio De Salud,Ministerio De Salud,Ente Autarquico Instituto De Transplante,Ente Autarquico Instituto Del Transplante,Servicios Sociales,Salud,Transferencias,Al Sector Privado,0.0,3207255.0,3206253.12,310495139.51,310398147.27,Fiscal
2017,4,Administracion Central,Ministerio De Salud,Ministerio De Salud,Ministerio De Salud,Ente Autarquico Instituto De Transplante,Ente Autarquico Instituto Del Transplante,Administración Gubernamental,Control De La Gestión,Gastos En Personal,Remuneraciones Al Personal,0.0,1884062.0,1884056.51,182396502.16,182395970.67,Fiscal
2017,4,Administracion Central,Ministerio De Salud,Ministerio De Salud,Ministerio De Salud,Ente Autarquico Instituto De Transplante,Ente Autarquico Instituto Del Transplante,Administración Gubernamental,Control De La Gestión,Bienes De Consumo,Bienes De Consumo,50000.0,24664.0,24663.3,2387727.86,2387660.09,Fiscal
2017,4,Administracion Central,Ministerio De Salud,Ministerio De Salud,Ministerio De Salud,Ente Autarquico Instituto De Transplante,Ente Autarquico Instituto Del Transplante,Administración Gubernamental,Control De La Gestión,Servicios No Personales,Servicios No Personales,50000.0,39490.0,39490.0,3823036.54,3823036.54,Fiscal
2017,4,Administracion Central,Ministerio De Salud,Ministerio De Salud,Ministerio De Salud,Ente Autarquico Instituto De Transplante,Ente Autarquico Instituto Del Transplante,Administración Gubernamental,Control De La Gestión,Bienes De Uso,Maquinaria Y Equipo,0.0,14278.0,14277.5,1382256.67,1382208.26,Fiscal
2017,4,Administracion Central,Ministerio De Salud,Ministerio De Salud,Ministerio De Salud,Ente Autarquico Instituto De Transplante,Ente Autarquico Instituto Del Transplante,Servicios Sociales,Salud,Bienes De Uso,Maquinaria Y Equipo,1440000.0,2082626.0,974291.57,201619531.48,94321404.74,Fiscal
2017,4,Administracion Central,Ministerio De Salud,Ministerio De Salud,Ministerio De Salud,Centro De Salud 34,Salud Comunitaria-Centros De Salud,Servicios Sociales,Salud,Gastos En Personal,Remuneraciones Al Personal,916308.0,6908932.0,6908925.35,668855393.54,668854749.76,Fiscal
2017,4,Administracion Central,Ministerio De Salud,Ministerio De Salud,Ministerio De Salud,Centro De Salud 34,Salud Comunitaria-Centros De Salud,Servicios Sociales,Salud,Bienes De Consumo,Bienes De Consumo,990000.0,736657.0,736650.42,71315944.0,71315306.99,Fiscal
2017,4,Administracion Central,Ministerio De Salud,Ministerio De Salud,Ministerio De Salud,Centro De Salud 34,Salud Comunitaria-Centros De Salud,Servicios Sociales,Salud,Bienes De Uso,Maquinaria Y Equipo,0.0,213373.0,0.0,20656692.22,0.0,Fiscal
2017,4,Administracion Central,Ministerio De Salud,Ministerio De Salud,Ministerio De Salud,Centros Salud 22 38,Salud Comunitaria-Centros De Salud,Servicios Sociales,Salud,Gastos En Personal,Remuneraciones Al Personal,24945227.0,28663024.0,28642188.6,2774874350.72,2772857270.56,Fiscal
2017,4,Administracion Central,Ministerio De Salud,Ministerio De Salud,Ministerio De Salud,Centros Salud 22 38,Salud Comunitaria-Centros De Salud,Servicios Sociales,Salud,Bienes De Consumo,Bienes De Consumo,1975000.0,1300440.0,1300436.28,125895913.87,125895553.73,Fiscal
2017,4,Administracion Central,Ministerio De Salud,Ministerio De Salud,Ministerio De Salud,Centros Salud 22 38,Salud Comunitaria-Centros De Salud,Servicios Sociales,Salud,Bienes De Uso,Maquinaria Y Equipo,0.0,241066.0,0.0,23337658.31,0.0,Fiscal
2017,4,Administracion Central,Ministerio De Salud,Ministerio De Salud,Ministerio De Salud,Centros Salud 17 21 25 26,Salud Comunitaria-Centros De Salud,Servicios Sociales,Salud,Bienes De Consumo,Bienes De Consumo,1812000.0,1501439.0,1498606.42,145354676.12,145080453.36,Fiscal
2017,4,Administracion Central,Ministerio De Salud,Ministerio De Salud,Ministerio De Salud,Centros Salud 17 21 25 26,Salud Comunitaria-Centros De Salud,Servicios Sociales,Salud,Bienes De Uso,Maquinaria Y Equipo,0.0,87363.0,0.0,8457633.36,0.0,Fiscal
2017,4,Administracion Central,Ministerio De Salud,Ministerio De Salud,Ministerio De Salud,Centros Salud 2 12 27,Salud Comunitaria-Centros De Salud,Servicios Sociales,Salud,Gastos En Personal,Remuneraciones Al Personal,22896463.0,25562973.0,25537089.68,2474757656.62,2472251886.09,Fiscal
2017,4,Administracion Central,Ministerio De Salud,Ministerio De Salud,Ministerio De Salud,Centros Salud 2 12 27,Salud Comunitaria-Centros De Salud,Servicios Sociales,Salud,Bienes De Consumo,Bienes De Consumo,1508000.0,1029299.0,1025938.93,99646687.46,99321398.27,Fiscal
2017,4,Administracion Central,Ministerio De Salud,Ministerio De Salud,Ministerio De Salud,Centros Salud 2 12 27,Salud Comunitaria-Centros De Salud,Servicios Sociales,Salud,Bienes De Uso,Maquinaria Y Equipo,0.0,294019.0,0.0,28464051.17,0.0,Fiscal
2017,4,Administracion Central,Ministerio De Salud,Ministerio De Salud,Ministerio De Salud,Centros Salud 11 45,Salud Comunitaria-Centros De Salud,Servicios Sociales,Salud,Gastos En Personal,Remuneraciones Al Personal,104583608.0,117672424.0,117628005.81,11391896093.9,11387595958.08,Fiscal
2017,4,Administracion Central,Ministerio De Salud,Ministerio De Salud,Ministerio De Salud,Centros Salud 11 45,Salud Comunitaria-Centros De Salud,Servicios Sociales,Salud,Bienes De Consumo,Bienes De Consumo,690000.0,569965.0,569959.25,55178450.79,55177894.13,Fiscal
2017,4,Administracion Central,Ministerio De Salud,Ministerio De Salud,Ministerio De Salud,Centros Salud 11 45,Salud Comunitaria-Centros De Salud,Servicios Sociales,Salud,Bienes De Uso,Maquinaria Y Equipo,0.0,331978.0,0.0,32138871.22,0.0,Fiscal
2017,4,Administracion Central,Ministerio De Salud,Ministerio De Salud,Ministerio De Salud,Centro Salud 33,Salud Comunitaria-Centros De Salud,Servicios Sociales,Salud,Bienes De Consumo,Bienes De Consumo,880000.0,1496836.0,1496828.59,144909058.57,144908341.21,Fiscal
2017,4,Administracion Central,Ministerio De Salud,Ministerio De Salud,Ministerio De Salud,Centro Salud 33,Salud Comunitaria-Centros De Salud,Servicios Sociales,Salud,Bienes De Uso,Maquinaria Y Equipo,0.0,122994.0,0.0,11907079.17,0.0,Fiscal
2017,4,Administracion Central,Ministerio De Salud,Ministerio De Salud,Ministerio De Salud,Centro Salud 36,Salud Comunitaria-Centros De Salud,Servicios Sociales,Salud,Gastos En Personal,Remuneraciones Al Personal,33062792.0,33362654.0,33320964.29,3229846678.31,3225810687.3,Fiscal
2017,4,Administracion Central,Ministerio De Salud,Ministerio De Salud,Ministerio De Salud,Centro Salud 36,Salud Comunitaria-Centros De Salud,Servicios Sociales,Salud,Bienes De Consumo,Bienes De Consumo,758000.0,684850.0,667443.52,66300495.69,64615370.11,Fiscal
2017,4,Administracion Central,Ministerio De Salud,Ministerio De Salud,Ministerio De Salud,Centro Salud 36,Salud Comunitaria-Centros De Salud,Servicios Sociales,Salud,Bienes De Uso,Maquinaria Y Equipo,0.0,125672.0,0.0,12166337.0,0.0,Fiscal
2017,4,Administracion Central,Ministerio De Salud,Ministerio De Salud,Ministerio De Salud,Cs 9 15 41,Salud Comunitaria - Acumar,Servicios Sociales,Salud,Gastos En Personal,Remuneraciones Al Personal,35467847.0,35077839.0,35025460.83,3395894156.87,3390823413.45,Fiscal
2017,4,Administracion Central,Ministerio De Salud,Ministerio De Salud,Ministerio De Salud,Cs 9 15 41,Salud Comunitaria - Acumar,Servicios Sociales,Salud,Bienes De Consumo,Bienes De Consumo,2476000.0,2093213.0,2093207.6,202644461.53,202643938.75,Fiscal
2017,4,Administracion Central,Ministerio De Salud,Ministerio De Salud,Ministerio De Salud,Cs 9 15 41,Salud Comunitaria - Acumar,Servicios Sociales,Salud,Servicios No Personales,Servicios No Personales,10000000.0,0.0,0.0,0.0,0.0,Fiscal
2017,4,Administracion Central,Ministerio De Salud,Ministerio De Salud,Ministerio De Salud,Cs 9 15 41,Salud Comunitaria - Acumar,Servicios Sociales,Salud,Bienes De Uso,Maquinaria Y Equipo,0.0,340013.0,0.0,32916741.53,0.0,Fiscal
2017,4,Administracion Central,Ministerio De Salud,Ministerio De Salud,Ministerio De Salud,Cs. 1 8 10 16 30 32 35 39,Salud Comunitaria - Acumar,Servicios Sociales,Salud,Gastos En Personal,Remuneraciones Al Personal,102472948.0,110650086.0,110634053.77,10712061837.81,10710509753.71,Fiscal
2017,4,Administracion Central,Ministerio De Salud,Ministerio De Salud,Ministerio De Salud,Cs. 1 8 10 16 30 32 35 39,Salud Comunitaria - Acumar,Servicios Sociales,Salud,Bienes De Consumo,Bienes De Consumo,4872000.0,5412366.0,5412357.93,523972473.74,523971692.48,Fiscal
2017,4,Administracion Central,Ministerio De Salud,Ministerio De Salud,Ministerio De Salud,Cs. 1 8 10 16 30 32 35 39,Salud Comunitaria - Acumar,Servicios Sociales,Salud,Bienes De Uso,Maquinaria Y Equipo,0.0,1309013.0,0.0,126725868.09,0.0,Fiscal
2017,4,Administracion Central,Ministerio De Salud,Ministerio De Salud,Ministerio De Salud,Cs 6 14 19 20 24 31 40 43 44,Salud Comunitaria - Acumar,Servicios Sociales,Salud,Gastos En Personal,Remuneraciones Al Personal,76360689.0,85163474.0,85112815.65,8244696708.24,8239792461.01,Fiscal
2017,4,Administracion Central,Ministerio De Salud,Ministerio De Salud,Ministerio De Salud,Cs 6 14 19 20 24 31 40 43 44,Salud Comunitaria - Acumar,Servicios Sociales,Salud,Bienes De Consumo,Bienes De Consumo,5372000.0,7228433.0,7228416.86,699786363.35,699784800.83,Fiscal
2017,4,Administracion Central,Ministerio De Salud,Ministerio De Salud,Ministerio De Salud,Cs 6 14 19 20 24 31 40 43 44,Salud Comunitaria - Acumar,Servicios Sociales,Salud,Bienes De Uso,Maquinaria Y Equipo,0.0,1012262.0,0.0,97997331.34,0.0,Fiscal
2017,4,Administracion Central,Ministerio De Salud,Ministerio De Salud,Ministerio De Salud,Cs 3 4 5 7 28 29 37,Salud Comunitaria - Acumar,Servicios Sociales,Salud,Gastos En Personal,Remuneraciones Al Personal,15174440.0,18751694.0,18751687.65,1815356073.85,1815355459.1,Fiscal
2017,4,Administracion Central,Ministerio De Salud,Ministerio De Salud,Ministerio De Salud,Cs 3 4 5 7 28 29 37,Salud Comunitaria - Acumar,Servicios Sociales,Salud,Bienes De Consumo,Bienes De Consumo,4167000.0,4453323.0,4453315.23,431127286.79,431126534.57,Fiscal
2017,4,Administracion Central,Ministerio De Salud,Ministerio De Salud,Ministerio De Salud,Cs 3 4 5 7 28 29 37,Salud Comunitaria - Acumar,Servicios Sociales,Salud,Servicios No Personales,Servicios No Personales,5000000.0,0.0,0.0,0.0,0.0,Fiscal
2017,4,Administracion Central,Ministerio De Salud,Ministerio De Salud,Ministerio De Salud,Cs 3 4 5 7 28 29 37,Salud Comunitaria - Acumar,Servicios Sociales,Salud,Bienes De Uso,Maquinaria Y Equipo,0.0,951940.0,433353.6,92157543.79,41953067.81,Fiscal
2017,4,Administracion Central,Ministerio De Salud,Ministerio De Salud,Ministerio De Salud,Salud Comunitaria-Acumar,Salud Comunitaria - Acumar,Servicios Sociales,Salud,Bienes De Consumo,Bienes De Consumo,100000.0,0.0,0.0,0.0,0.0,Fiscal
2017,4,Administracion Central,Ministerio De Salud,Ministerio De Salud,Ministerio De Salud,Salud Comunitaria-Acumar,Salud Comunitaria - Acumar,Servicios Sociales,Salud,Servicios No Personales,Servicios No Personales,3000000.0,0.0,0.0,0.0,0.0,Fiscal
2017,4,Administracion Central,Min.Hàbitat Y Des. Humano,Min.Hàbitat Y Des. Humano,Min.Hàbitat Y Des. Humano,Comision Plena Participacion E Integracion Personas Con Necesidades Especiales,Inclusión De Personas Con Discapacidad,Servicios Sociales,Promoción Y Acción Social,Gastos En Personal,Remuneraciones Al Personal,11583207.0,11251104.0,11251093.71,1089222124.89,1089221128.71,Fiscal
2017,4,Administracion Central,Min.Hàbitat Y Des. Humano,Min.Hàbitat Y Des. Humano,Min.Hàbitat Y Des. Humano,Comision Plena Participacion E Integracion Personas Con Necesidades Especiales,Inclusión De Personas Con Discapacidad,Servicios Sociales,Promoción Y Acción Social,Bienes De Consumo,Bienes De Consumo,289412.0,274934.0,258792.52,26616427.66,25053767.04,Fiscal
2017,4,Administracion Central,Min.Hàbitat Y Des. Humano,Min.Hàbitat Y Des. Humano,Min.Hàbitat Y Des. Humano,Comision Plena Participacion E Integracion Personas Con Necesidades Especiales,Inclusión De Personas Con Discapacidad,Servicios Sociales,Promoción Y Acción Social,Servicios No Personales,Servicios No Personales,3375900.0,2324543.0,2324540.8,225039575.3,225039362.32,Fiscal
2017,4,Administracion Central,Min.Hàbitat Y Des. Humano,Min.Hàbitat Y Des. Humano,Min.Hàbitat Y Des. Humano,Comision Plena Participacion E Integracion Personas Con Necesidades Especiales,Inclusión De Personas Con Discapacidad,Servicios Sociales,Promoción Y Acción Social,Transferencias,Al Sector Privado,8800000.0,8418800.0,8306220.0,815026083.22,804127185.93,Fiscal
2017,4,Administracion Central,Min.Hàbitat Y Des. Humano,Min.Hàbitat Y Des. Humano,Min.Hàbitat Y Des. Humano,Comision Plena Participacion E Integracion Personas Con Necesidades Especiales,Inclusión De Personas Con Discapacidad,Servicios Sociales,Promoción Y Acción Social,Bienes De Uso,Maquinaria Y Equipo,650000.0,615428.0,615426.94,59579734.92,59579632.3,Fiscal
2017,4,Administracion Central,Min.Hàbitat Y Des. Humano,Min.Hàbitat Y Des. Humano,Min.Hàbitat Y Des. Humano,Min.Hàbitat Y Des. Humano,Actividades Centrales,Servicios Sociales,Promoción Y Acción Social,Gastos En Personal,Remuneraciones Al Personal,137601639.0,113933223.0,113933197.19,11029903132.27,11029900633.6,Fiscal
2017,4,Administracion Central,Min.Hàbitat Y Des. Humano,Min.Hàbitat Y Des. Humano,Min.Hàbitat Y Des. Humano,Min.Hàbitat Y Des. Humano,Actividades Centrales,Servicios Sociales,Promoción Y Acción Social,Bienes De Consumo,Bienes De Consumo,1629526.0,2077854.0,2076922.06,201157552.99,201067331.65,Fiscal
2017,4,Administracion Central,Min.Hàbitat Y Des. Humano,Min.Hàbitat Y Des. Humano,Min.Hàbitat Y Des. Humano,Min.Hàbitat Y Des. Humano,Actividades Centrales,Servicios Sociales,Promoción Y Acción Social,Servicios No Personales,Servicios No Personales,95825953.0,138542252.0,137569599.2,13412309237.37,13318146482.36,Fiscal
2017,4,Administracion Central,Min.Hàbitat Y Des. Humano,Min.Hàbitat Y Des. Humano,Min.Hàbitat Y Des. Humano,Min.Hàbitat Y Des. Humano,Actividades Centrales,Servicios Sociales,Promoción Y Acción Social,Bienes De Uso,Maquinaria Y Equipo,370000.0,416030.0,416029.84,40275965.86,40275950.37,Fiscal
2017,4,Administracion Central,Min.Hàbitat Y Des. Humano,Min.Hàbitat Y Des. Humano,Min.Hàbitat Y Des. Humano,Min.Hàbitat Y Des. Humano,Actividades Centrales,Servicios Sociales,Promoción Y Acción Social,Transferencias,Al Sector Privado,0.0,10350000.0,9590072.5,1001986026.67,928417259.88,Fiscal
2017,4,Administracion Central,Min.Hàbitat Y Des. Humano,Min.Hàbitat Y Des. Humano,Min.Hàbitat Y Des. Humano,Min.Hàbitat Y Des. Humano,Actividades Centrales,Servicios Sociales,Promoción Y Acción Social,Transferencias,Al Sector Público,7000000.0,10473560.0,10473557.5,1013947900.43,1013947658.4,Fiscal
2017,4,Administracion Central,Min.Hàbitat Y Des. Humano,Min.Hàbitat Y Des. Humano,Min.Hàbitat Y Des. Humano,Min.Hàbitat Y Des. Humano,Actividades Centrales,Administración Gubernamental,Control De La Gestión,Gastos En Personal,Remuneraciones Al Personal,4905142.0,5598825.0,5598819.61,542023615.05,542023093.24,Fiscal
2017,4,Administracion Central,Min.Hàbitat Y Des. Humano,Min.Hàbitat Y Des. Humano,Min.Hàbitat Y Des. Humano,Min.Hàbitat Y Des. Humano,Actividades Centrales,Administración Gubernamental,Control De La Gestión,Bienes De Consumo,Bienes De Consumo,40000.0,0.0,0.0,0.0,0.0,Fiscal
2017,4,Administracion Central,Min.Hàbitat Y Des. Humano,Min.Hàbitat Y Des. Humano,Min.Hàbitat Y Des. Humano,Min.Hàbitat Y Des. Humano,Actividades Centrales,Administración Gubernamental,Control De La Gestión,Servicios No Personales,Servicios No Personales,95000.0,65599.0,65598.51,6350655.2,6350607.77,Fiscal
2017,4,Administracion Central,Min.Hàbitat Y Des. Humano,Min.Hàbitat Y Des. Humano,Min.Hàbitat Y Des. Humano,Min.Hàbitat Y Des. Humano,Actividades Centrales,Servicios De Seguridad,Seguridad Interior,Servicios No Personales,Servicios No Personales,138956286.0,157855816.0,156654454.92,15282060083.08,15165756023.65,Fiscal
2017,4,Administracion Central,Min.Hàbitat Y Des. Humano,Min.Hàbitat Y Des. Humano,Min.Hàbitat Y Des. Humano,Min.Hàbitat Y Des. Humano,Actividades Centrales,Servicios Sociales,Promoción Y Acción Social,Bienes De Uso,Construcciones Del Dominio Privado,369772928.0,16029626.0,16007357.63,1551832006.25,1549676199.91,Fiscal
2017,4,Administracion Central,Min.Hàbitat Y Des. Humano,Min.Hàbitat Y Des. Humano,Min.Hàbitat Y Des. Humano,Min.Hàbitat Y Des. Humano,Actividades Centrales,Servicios Sociales,Promoción Y Acción Social,Servicios No Personales,Servicios No Personales,0.0,22566315.0,18774586.64,2184650464.09,1817572315.91,Fiscal
2017,4,Administracion Central,Min.Hàbitat Y Des. Humano,Min.Hàbitat Y Des. Humano,Min.Hàbitat Y Des. Humano,Min.Hàbitat Y Des. Humano,Actividades Centrales,Servicios Sociales,Promoción Y Acción Social,Activos Financieros,Activos Financieros,0.0,95036072.0,95036072.0,9200465330.74,9200465330.74,Fiscal
2017,4,Administracion Central,Min.Hàbitat Y Des. Humano,Min.Hàbitat Y Des. Humano,Min.Hàbitat Y Des. Humano,Min.Hàbitat Y Des. Humano,Aplicación Ley 4004,Servicios Sociales,Promoción Y Acción Social,Transferencias,Al Sector Privado,0.0,150000.0,0.0,14521536.62,0.0,Fiscal
2017,4,Administracion Central,Min.Hàbitat Y Des. Humano,Min.Hàbitat Y Des. Humano,Min.Hàbitat Y Des. Humano,Subsecretaria De Fortalecim Familiar Y Comunitario,"Actividad Comun Programas 41,42,43,44,45,46,47 Y 62",Servicios Sociales,Promoción Y Acción Social,Gastos En Personal,Remuneraciones Al Personal,50956424.0,62013634.0,62011600.84,6003555046.45,6003358215.73,Fiscal
2017,4,Administracion Central,Min.Hàbitat Y Des. Humano,Min.Hàbitat Y Des. Humano,Min.Hàbitat Y Des. Humano,Subsecretaria De Fortalecim Familiar Y Comunitario,"Actividad Comun Programas 41,42,43,44,45,46,47 Y 62",Servicios Sociales,Promoción Y Acción Social,Servicios No Personales,Servicios No Personales,25368737.0,20145813.0,20145807.33,1950321074.57,1950320525.66,Fiscal
2017,4,Administracion Central,Min.Hàbitat Y Des. Humano,Min.Hàbitat Y Des. Humano,Min.Hàbitat Y Des. Humano,Subsecretaria De Fortalecim Familiar Y Comunitario,"Actividad Comun Programas 41,42,43,44,45,46,47 Y 62",Servicios Sociales,Promoción Y Acción Social,Bienes De Consumo,Bienes De Consumo,2852248.0,3272248.0,3271452.88,316787127.71,316710151.95,Fiscal
2017,4,Administracion Central,Min.Hàbitat Y Des. Humano,Min.Hàbitat Y Des. Humano,Min.Hàbitat Y Des. Humano,Subsecretaria De Fortalecim Familiar Y Comunitario,"Actividad Comun Programas 41,42,43,44,45,46,47 Y 62",Servicios Sociales,Promoción Y Acción Social,Bienes De Uso,Maquinaria Y Equipo,70000.0,70535.0,70534.88,6828510.57,6828498.95,Fiscal
2017,4,Administracion Central,Min.Hàbitat Y Des. Humano,Min.Hàbitat Y Des. Humano,Min.Hàbitat Y Des. Humano,Subsecretaria De Fortalecim Familiar Y Comunitario,"Actividad Comun Programas 41,42,43,44,45,46,47 Y 62",Servicios Sociales,Promoción Y Acción Social,Transferencias,Al Sector Privado,0.0,166431625.0,161365863.12,16112286245.92,15621868601.65,Fiscal
2017,4,Administracion Central,Min.Hàbitat Y Des. Humano,Min.Hàbitat Y Des. Humano,Min.Hàbitat Y Des. Humano,Subsecretaria De Fortalecim Familiar Y Comunitario,"Actividad Comun Programas 41,42,43,44,45,46,47 Y 62",Servicios Sociales,Promoción Y Acción Social,Bienes De Uso,Construcciones Del Dominio Privado,13380000.0,11159531.0,11159517.9,1080356920.4,1080355652.19,Fiscal
2017,4,Administracion Central,Min.Hàbitat Y Des. Humano,Min.Hàbitat Y Des. Humano,Min.Hàbitat Y Des. Humano,Dir.Gral.Niñez Y Adolescencia,Atencion Niñez Y Adolescencia Vulnerables,Servicios Sociales,Promoción Y Acción Social,Gastos En Personal,Remuneraciones Al Personal,87394964.0,151826414.0,151826378.4,14698352203.55,14698348757.1,Fiscal
2017,4,Administracion Central,Min.Hàbitat Y Des. Humano,Min.Hàbitat Y Des. Humano,Min.Hàbitat Y Des. Humano,Dir.Gral.Niñez Y Adolescencia,Atencion Niñez Y Adolescencia Vulnerables,Servicios Sociales,Promoción Y Acción Social,Servicios No Personales,Servicios No Personales,105240062.0,118649354.0,118227569.51,11486472925.69,11445639866.25,Fiscal
2017,4,Administracion Central,Min.Hàbitat Y Des. Humano,Min.Hàbitat Y Des. Humano,Min.Hàbitat Y Des. Humano,Dir.Gral.Niñez Y Adolescencia,Atencion Niñez Y Adolescencia Vulnerables,Servicios Sociales,Promoción Y Acción Social,Bienes De Consumo,Bienes De Consumo,5496545.0,3900094.0,3846770.94,377569052.24,372406833.78,Fiscal
2017,4,Administracion Central,Min.Hàbitat Y Des. Humano,Min.Hàbitat Y Des. Humano,Min.Hàbitat Y Des. Humano,Dir.Gral.Niñez Y Adolescencia,Atencion Niñez Y Adolescencia Vulnerables,Servicios Sociales,Promoción Y Acción Social,Bienes De Uso,Maquinaria Y Equipo,3600000.0,2058296.0,2058179.15,199264138.24,199252825.96,Fiscal
2017,4,Administracion Central,Min.Hàbitat Y Des. Humano,Min.Hàbitat Y Des. Humano,Min.Hàbitat Y Des. Humano,Dir.Gral.Niñez Y Adolescencia,Atencion Niñez Y Adolescencia Vulnerables,Servicios Sociales,Promoción Y Acción Social,Transferencias,Al Sector Privado,108771780.0,134123130.0,133312122.2,12984492957.74,12905979094.64,Fiscal
2017,4,Administracion Central,Min.Hàbitat Y Des. Humano,Min.Hàbitat Y Des. Humano,Min.Hàbitat Y Des. Humano,Dir.Gral.Niñez Y Adolescencia,Atencion Niñez Y Adolescencia Vulnerables,Servicios Sociales,Promoción Y Acción Social,Transferencias,Al Sector Público,12040000.0,12040000.0,12040000.0,1165595339.23,1165595339.23,Fiscal
2017,4,Administracion Central,Min.Hàbitat Y Des. Humano,Min.Hàbitat Y Des. Humano,Min.Hàbitat Y Des. Humano,Dir.Gral.Niñez Y Adolescencia,Desarrollo Integral Infantil,Servicios Sociales,Promoción Y Acción Social,Gastos En Personal,Remuneraciones Al Personal,179737167.0,176806669.0,176806643.98,17116696788.34,17116694366.14,Fiscal
2017,4,Administracion Central,Min.Hàbitat Y Des. Humano,Min.Hàbitat Y Des. Humano,Min.Hàbitat Y Des. Humano,Dir.Gral.Niñez Y Adolescencia,Desarrollo Integral Infantil,Servicios Sociales,Promoción Y Acción Social,Bienes De Consumo,Bienes De Consumo,4402170.0,5018728.0,5018099.23,485864282.86,485803411.49,Fiscal
2017,4,Administracion Central,Min.Hàbitat Y Des. Humano,Min.Hàbitat Y Des. Humano,Min.Hàbitat Y Des. Humano,Dir.Gral.Niñez Y Adolescencia,Desarrollo Integral Infantil,Servicios Sociales,Promoción Y Acción Social,Servicios No Personales,Servicios No Personales,102584000.0,115050874.0,114894146.33,11138103198.42,11122930354.43,Fiscal
2017,4,Administracion Central,Min.Hàbitat Y Des. Humano,Min.Hàbitat Y Des. Humano,Min.Hàbitat Y Des. Humano,Dir.Gral.Niñez Y Adolescencia,Desarrollo Integral Infantil,Servicios Sociales,Promoción Y Acción Social,Bienes De Uso,Maquinaria Y Equipo,2385494.0,1575000.0,716563.08,152476134.49,69370646.7,Fiscal
2017,4,Administracion Central,Min.Hàbitat Y Des. Humano,Min.Hàbitat Y Des. Humano,Min.Hàbitat Y Des. Humano,Dir.Gral.Niñez Y Adolescencia,Desarrollo Integral Infantil,Servicios Sociales,Promoción Y Acción Social,Transferencias,Al Sector Privado,426879641.0,117220046.0,117128903.97,11348101269.28,11339277787.11,Fiscal
2017,4,Administracion Central,Min.Hàbitat Y Des. Humano,Min.Hàbitat Y Des. Humano,Min.Hàbitat Y Des. Humano,Dir.Gral.Niñez Y Adolescencia,Desarrollo Integral Infantil,Servicios Sociales,Promoción Y Acción Social,Transferencias,Al Sector Público,2000000.0,2000000.0,2000000.0,193620488.24,193620488.24,Fiscal
2017,4,Administracion Central,Min.Hàbitat Y Des. Humano,Min.Hàbitat Y Des. Humano,Min.Hàbitat Y Des. Humano,Dir.Gral.Niñez Y Adolescencia,Fortalecimiento De Vinculos,Servicios Sociales,Promoción Y Acción Social,Gastos En Personal,Remuneraciones Al Personal,34575539.0,32053261.0,32044842.99,3103084022.32,3102269072.72,Fiscal
2017,4,Administracion Central,Min.Hàbitat Y Des. Humano,Min.Hàbitat Y Des. Humano,Min.Hàbitat Y Des. Humano,Dir.Gral.Niñez Y Adolescencia,Fortalecimiento De Vinculos,Servicios Sociales,Promoción Y Acción Social,Bienes De Consumo,Bienes De Consumo,1901772.0,1901772.0,1901243.8,184111011.58,184059876.41,Fiscal
2017,4,Administracion Central,Min.Hàbitat Y Des. Humano,Min.Hàbitat Y Des. Humano,Min.Hàbitat Y Des. Humano,Dir.Gral.Niñez Y Adolescencia,Fortalecimiento De Vinculos,Servicios Sociales,Promoción Y Acción Social,Servicios No Personales,Servicios No Personales,11120887.0,8400500.0,8383498.98,813254455.75,811608582.85,Fiscal
2017,4,Administracion Central,Min.Hàbitat Y Des. Humano,Min.Hàbitat Y Des. Humano,Min.Hàbitat Y Des. Humano,Dir.Gral.Niñez Y Adolescencia,Fortalecimiento De Vinculos,Servicios Sociales,Promoción Y Acción Social,Transferencias,Al Sector Privado,94678220.0,106880515.0,105315452.0,10347128749.06,10195614617.97,Fiscal
2017,4,Administracion Central,Min.Hàbitat Y Des. Humano,Min.Hàbitat Y Des. Humano,Min.Hàbitat Y Des. Humano,Dir.Gral.Niñez Y Adolescencia,Fortalecimiento De Vinculos,Servicios Sociales,Promoción Y Acción Social,Bienes De Uso,Maquinaria Y Equipo,400000.0,463983.0,255218.5,44918307.5,24707765.29,Fiscal
2017,4,Administracion Central,Min.Hàbitat Y Des. Humano,Min.Hàbitat Y Des. Humano,Min.Hàbitat Y Des. Humano,Subsecretaria De Promocion Social,"Actividad Comun A Los Programas 63,64,65,66,67,68,69,70 Y 71",Servicios Sociales,Promoción Y Acción Social,Gastos En Personal,Remuneraciones Al Personal,9840185.0,11097283.0,11097267.95,1074330676.32,1074329219.33,Fiscal
2017,4,Administracion Central,Min.Hàbitat Y Des. Humano,Min.Hàbitat Y Des. Humano,Min.Hàbitat Y Des. Humano,Subsecretaria De Promocion Social,"Actividad Comun A Los Programas 63,64,65,66,67,68,69,70 Y 71",Servicios Sociales,Promoción Y Acción Social,Bienes De Consumo,Bienes De Consumo,2553883.0,2878187.0,2874192.7,278637986.1,278251296.94,Fiscal
2017,4,Administracion Central,Min.Hàbitat Y Des. Humano,Min.Hàbitat Y Des. Humano,Min.Hàbitat Y Des. Humano,Subsecretaria De Promocion Social,"Actividad Comun A Los Programas 63,64,65,66,67,68,69,70 Y 71",Servicios Sociales,Promoción Y Acción Social,Servicios No Personales,Servicios No Personales,11838846.0,10524706.0,10471331.09,1018899357.18,1013732119.11,Fiscal
2017,4,Administracion Central,Min.Hàbitat Y Des. Humano,Min.Hàbitat Y Des. Humano,Min.Hàbitat Y Des. Humano,Subsecretaria De Promocion Social,"Actividad Comun A Los Programas 63,64,65,66,67,68,69,70 Y 71",Servicios Sociales,Promoción Y Acción Social,Bienes De Uso,Maquinaria Y Equipo,55000.0,187198.0,187196.99,18122684.08,18122586.3,Fiscal
2017,4,Administracion Central,Min.Hàbitat Y Des. Humano,Min.Hàbitat Y Des. Humano,Min.Hàbitat Y Des. Humano,Subsecretaria De Promocion Social,"Actividad Comun A Los Programas 63,64,65,66,67,68,69,70 Y 71",Servicios Sociales,Promoción Y Acción Social,Transferencias,Al Sector Privado,0.0,57521006.0,57473217.25,5568622633.02,5563996192.47,Fiscal
2017,4,Administracion Central,Min.Hàbitat Y Des. Humano,Min.Hàbitat Y Des. Humano,Min.Hàbitat Y Des. Humano,Subsecretaria De Promocion Social,"Actividad Comun A Los Programas 63,64,65,66,67,68,69,70 Y 71",Servicios Sociales,Promoción Y Acción Social,Bienes De Uso,Construcciones Del Dominio Privado,23400000.0,19378163.0,19378147.86,1876004690.67,1876003224.96,Fiscal
2017,4,Administracion Central,Min.Hàbitat Y Des. Humano,Min.Hàbitat Y Des. Humano,Min.Hàbitat Y Des. Humano,Subsecretaria De Promocion Social,Externacion Asistida,Servicios Sociales,Promoción Y Acción Social,Bienes De Consumo,Bienes De Consumo,671000.0,861514.0,861512.83,83403380.65,83403267.39,Fiscal
2017,4,Administracion Central,Min.Hàbitat Y Des. Humano,Min.Hàbitat Y Des. Humano,Min.Hàbitat Y Des. Humano,Subsecretaria De Promocion Social,Externacion Asistida,Servicios Sociales,Promoción Y Acción Social,Gastos En Personal,Remuneraciones Al Personal,585588.0,650910.0,650907.93,63014756.0,63014555.6,Fiscal
2017,4,Administracion Central,Min.Hàbitat Y Des. Humano,Min.Hàbitat Y Des. Humano,Min.Hàbitat Y Des. Humano,Subsecretaria De Promocion Social,Externacion Asistida,Servicios Sociales,Promoción Y Acción Social,Servicios No Personales,Servicios No Personales,5000000.0,2407200.0,2407200.0,233041619.65,233041619.65,Fiscal
2017,4,Administracion Central,Min.Hàbitat Y Des. Humano,Min.Hàbitat Y Des. Humano,Min.Hàbitat Y Des. Humano,Subsecretaria De Promocion Social,Externacion Asistida,Servicios Sociales,Promoción Y Acción Social,Bienes De Uso,Maquinaria Y Equipo,113000.0,112817.0,112816.92,10921841.31,10921833.57,Fiscal
2017,4,Administracion Central,Min.Hàbitat Y Des. Humano,Min.Hàbitat Y Des. Humano,Min.Hàbitat Y Des. Humano,Subsecretaria De Promocion Social,Externacion Asistida,Servicios Sociales,Promoción Y Acción Social,Transferencias,Al Sector Privado,1300200.0,604650.0,368100.0,58536314.11,35635850.86,Fiscal
2017,4,Administracion Central,Min.Hàbitat Y Des. Humano,Min.Hàbitat Y Des. Humano,Min.Hàbitat Y Des. Humano,Dir.Gral.Mujer,Asistencia Victimas De La Violencia,Servicios Sociales,Promoción Y Acción Social,Gastos En Personal,Remuneraciones Al Personal,61863801.0,79494879.0,79494872.71,7695918642.46,7695918033.52,Fiscal
2017,4,Administracion Central,Min.Hàbitat Y Des. Humano,Min.Hàbitat Y Des. Humano,Min.Hàbitat Y Des. Humano,Dir.Gral.Mujer,Asistencia Victimas De La Violencia,Servicios Sociales,Promoción Y Acción Social,Servicios No Personales,Servicios No Personales,42820581.0,18383906.0,18320047.23,1779750427.78,1773568244.67,Fiscal
2017,4,Administracion Central,Min.Hàbitat Y Des. Humano,Min.Hàbitat Y Des. Humano,Min.Hàbitat Y Des. Humano,Dir.Gral.Mujer,Asistencia Victimas De La Violencia,Servicios Sociales,Promoción Y Acción Social,Bienes De Consumo,Bienes De Consumo,1617532.0,2234443.0,2234438.73,216316972.31,216316558.93,Fiscal
2017,4,Administracion Central,Min.Hàbitat Y Des. Humano,Min.Hàbitat Y Des. Humano,Min.Hàbitat Y Des. Humano,Dir.Gral.Mujer,Asistencia Victimas De La Violencia,Servicios Sociales,Promoción Y Acción Social,Bienes De Uso,Maquinaria Y Equipo,150000.0,277381.0,265379.7,26853322.32,25691473.54,Fiscal
2017,4,Administracion Central,Min.Hàbitat Y Des. Humano,Min.Hàbitat Y Des. Humano,Min.Hàbitat Y Des. Humano,Dir.Gral.Mujer,Asistencia Victimas De La Violencia,Servicios Sociales,Promoción Y Acción Social,Transferencias,Al Sector Privado,4900000.0,11332000.0,11331890.72,1097053686.39,1097043106.97,Fiscal
2017,4,Administracion Central,Min.Hàbitat Y Des. Humano,Min.Hàbitat Y Des. Humano,Min.Hàbitat Y Des. Humano,Dir.Gral.Mujer,Fortalecimiento Politicas Igualdad De Oportunidad,Servicios Sociales,Promoción Y Acción Social,Gastos En Personal,Remuneraciones Al Personal,13539658.0,14880360.0,14880353.61,1440571284.23,1440570665.61,Fiscal
2017,4,Administracion Central,Min.Hàbitat Y Des. Humano,Min.Hàbitat Y Des. Humano,Min.Hàbitat Y Des. Humano,Dir.Gral.Mujer,Fortalecimiento Politicas Igualdad De Oportunidad,Servicios Sociales,Promoción Y Acción Social,Bienes De Consumo,Bienes De Consumo,328962.0,468962.0,468962.0,45400325.7,45400325.7,Fiscal
2017,4,Administracion Central,Min.Hàbitat Y Des. Humano,Min.Hàbitat Y Des. Humano,Min.Hàbitat Y Des. Humano,Dir.Gral.Mujer,Fortalecimiento Politicas Igualdad De Oportunidad,Servicios Sociales,Promoción Y Acción Social,Servicios No Personales,Servicios No Personales,12460000.0,14159310.0,14157728.98,1370766257.7,1370613198.77,Fiscal
2017,4,Administracion Central,Min.Hàbitat Y Des. Humano,Min.Hàbitat Y Des. Humano,Min.Hàbitat Y Des. Humano,Dir.Gral.Mujer,Fortalecimiento Politicas Igualdad De Oportunidad,Servicios Sociales,Promoción Y Acción Social,Transferencias,Al Sector Privado,2684000.0,704000.0,660000.0,68154411.86,63894761.12,Fiscal
2017,4,Administracion Central,Min.Hàbitat Y Des. Humano,Min.Hàbitat Y Des. Humano,Min.Hàbitat Y Des. Humano,Dir. Gral. De Ciudadania Porteña,Con Todo Derecho Ciudadania Porteña,Servicios Sociales,Promoción Y Acción Social,Gastos En Personal,Remuneraciones Al Personal,40182945.0,44079354.0,44079330.16,4267333021.49,4267330713.54,Fiscal
2017,4,Administracion Central,Min.Hàbitat Y Des. Humano,Min.Hàbitat Y Des. Humano,Min.Hàbitat Y Des. Humano,Dir. Gral. De Ciudadania Porteña,Con Todo Derecho Ciudadania Porteña,Servicios Sociales,Promoción Y Acción Social,Servicios No Personales,Servicios No Personales,5783533.0,3598463.0,3598460.51,348368081.49,348367840.44,Fiscal
2017,4,Administracion Central,Min.Hàbitat Y Des. Humano,Min.Hàbitat Y Des. Humano,Min.Hàbitat Y Des. Humano,Dir. Gral. De Ciudadania Porteña,Con Todo Derecho Ciudadania Porteña,Servicios Sociales,Promoción Y Acción Social,Bienes De Consumo,Bienes De Consumo,749685.0,399685.0,398526.76,38693602.42,38581472.92,Fiscal
2017,4,Administracion Central,Min.Hàbitat Y Des. Humano,Min.Hàbitat Y Des. Humano,Min.Hàbitat Y Des. Humano,Dir. Gral. De Ciudadania Porteña,Con Todo Derecho Ciudadania Porteña,Servicios Sociales,Promoción Y Acción Social,Bienes De Uso,Maquinaria Y Equipo,20000.0,39104.0,39103.59,3785667.79,3785628.09,Fiscal
2017,4,Administracion Central,Min.Hàbitat Y Des. Humano,Min.Hàbitat Y Des. Humano,Min.Hàbitat Y Des. Humano,Dir. Gral. De Ciudadania Porteña,Con Todo Derecho Ciudadania Porteña,Servicios Sociales,Promoción Y Acción Social,Transferencias,Al Sector Privado,1918908196.0,1144323695.0,1144322609.15,110782256267.85,110782151146.45,Fiscal
2017,4,Administracion Central,Min.Hàbitat Y Des. Humano,Min.Hàbitat Y Des. Humano,Min.Hàbitat Y Des. Humano,Dir. Gral. De Economia Social,Formacion E Inclusion Para El Trabajo,Servicios Sociales,Promoción Y Acción Social,Gastos En Personal,Remuneraciones Al Personal,17887020.0,20865607.0,20864132.56,2020004507.43,2019861766.53,Fiscal
2017,4,Administracion Central,Min.Hàbitat Y Des. Humano,Min.Hàbitat Y Des. Humano,Min.Hàbitat Y Des. Humano,Dir. Gral. De Economia Social,Formacion E Inclusion Para El Trabajo,Servicios Sociales,Promoción Y Acción Social,Bienes De Consumo,Bienes De Consumo,165422.0,4053676.0,628897.38,392437363.15,60883708.89,Fiscal
2017,4,Administracion Central,Min.Hàbitat Y Des. Humano,Min.Hàbitat Y Des. Humano,Min.Hàbitat Y Des. Humano,Dir. Gral. De Economia Social,Formacion E Inclusion Para El Trabajo,Servicios Sociales,Promoción Y Acción Social,Servicios No Personales,Servicios No Personales,5205960.0,2260246.0,1837960.33,218814967.04,177933388.23,Fiscal
2017,4,Administracion Central,Min.Hàbitat Y Des. Humano,Min.Hàbitat Y Des. Humano,Min.Hàbitat Y Des. Humano,Dir. Gral. De Economia Social,Formacion E Inclusion Para El Trabajo,Servicios Sociales,Promoción Y Acción Social,Bienes De Uso,Maquinaria Y Equipo,145000.0,545099.0,217599.0,52771167.26,21065812.31,Fiscal
2017,4,Administracion Central,Min.Hàbitat Y Des. Humano,Min.Hàbitat Y Des. Humano,Min.Hàbitat Y Des. Humano,Dir. Gral. De Economia Social,Formacion E Inclusion Para El Trabajo,Servicios Sociales,Promoción Y Acción Social,Transferencias,Al Sector Privado,110000000.0,100405200.0,99288428.1,9720251923.15,9612136962.88,Fiscal
2017,4,Administracion Central,Min.Hàbitat Y Des. Humano,Min.Hàbitat Y Des. Humano,Min.Hàbitat Y Des. Humano,Dir. Gral. De Economia Social,Programa Promudemi,Servicios Sociales,Trabajo,Gastos En Personal,Remuneraciones Al Personal,1749523.0,1943377.0,1943373.91,188138801.79,188138502.65,Fiscal
2017,4,Administracion Central,Min.Hàbitat Y Des. Humano,Min.Hàbitat Y Des. Humano,Min.Hàbitat Y Des. Humano,Dir. Gral. De Economia Social,Programa Promudemi,Servicios Sociales,Trabajo,Bienes De Consumo,Bienes De Consumo,26929.0,0.0,0.0,0.0,0.0,Fiscal
2017,4,Administracion Central,Min.Hàbitat Y Des. Humano,Min.Hàbitat Y Des. Humano,Min.Hàbitat Y Des. Humano,Dir. Gral. De Economia Social,Programa Promudemi,Servicios Sociales,Trabajo,Servicios No Personales,Servicios No Personales,207751.0,149824.0,149823.79,14504498.02,14504477.69,Fiscal
2017,4,Administracion Central,Min.Hàbitat Y Des. Humano,Min.Hàbitat Y Des. Humano,Min.Hàbitat Y Des. Humano,Dir. Gral. De Economia Social,Programa Promudemi,Servicios Sociales,Trabajo,Transferencias,Al Sector Privado,15000000.0,0.0,0.0,0.0,0.0,Fiscal
2017,4,Administracion Central,Min.Hàbitat Y Des. Humano,Min.Hàbitat Y Des. Humano,Min.Hàbitat Y Des. Humano,Dir. Gral. De Economia Social,Programa Promudemi,Servicios Sociales,Trabajo,Activos Financieros,Concesión De Préstamo De Largo Plazo,2840000.0,2840000.0,1660000.0,274941093.31,160705005.24,Fiscal
2017,4,Administracion Central,Min.Hàbitat Y Des. Humano,Min.Hàbitat Y Des. Humano,Min.Hàbitat Y Des. Humano,Dir. Gral. De Servicios Sociales Zonales,Asistencia Social Descentralizada,Servicios Sociales,Promoción Y Acción Social,Gastos En Personal,Remuneraciones Al Personal,35098493.0,41950998.0,41950934.26,4061286357.55,4061280186.87,Fiscal
2017,4,Administracion Central,Min.Hàbitat Y Des. Humano,Min.Hàbitat Y Des. Humano,Min.Hàbitat Y Des. Humano,Dir. Gral. De Servicios Sociales Zonales,Asistencia Social Descentralizada,Servicios Sociales,Promoción Y Acción Social,Bienes De Consumo,Bienes De Consumo,638019.0,420038.0,419797.43,40663981.32,40640691.68,Fiscal
2017,4,Administracion Central,Min.Hàbitat Y Des. Humano,Min.Hàbitat Y Des. Humano,Min.Hàbitat Y Des. Humano,Dir. Gral. De Servicios Sociales Zonales,Asistencia Social Descentralizada,Servicios Sociales,Promoción Y Acción Social,Servicios No Personales,Servicios No Personales,14075981.0,8959316.0,8702111.46,867353569.13,842453534.82,Fiscal
2017,4,Administracion Central,Min.Hàbitat Y Des. Humano,Min.Hàbitat Y Des. Humano,Min.Hàbitat Y Des. Humano,Dir. Gral. De Servicios Sociales Zonales,Asistencia Social Descentralizada,Servicios Sociales,Promoción Y Acción Social,Bienes De Uso,Maquinaria Y Equipo,810000.0,687700.0,687700.0,66576404.88,66576404.88,Fiscal
2017,4,Administracion Central,Min.Hàbitat Y Des. Humano,Min.Hàbitat Y Des. Humano,Min.Hàbitat Y Des. Humano,Dir. Gral. Fortalecimiento De La Sociedad Civil,Fortalecimiento A Organizaciones De La Sociedad Civil,Servicios Sociales,Promoción Y Acción Social,Gastos En Personal,Remuneraciones Al Personal,21014529.0,24103411.0,24103400.29,2333457103.09,2333456066.25,Fiscal
2017,4,Administracion Central,Min.Hàbitat Y Des. Humano,Min.Hàbitat Y Des. Humano,Min.Hàbitat Y Des. Humano,Dir. Gral. Fortalecimiento De La Sociedad Civil,Fortalecimiento A Organizaciones De La Sociedad Civil,Servicios Sociales,Promoción Y Acción Social,Servicios No Personales,Servicios No Personales,2653654.0,2524045.0,2524042.44,244353412.63,244353164.79,Fiscal
2017,4,Administracion Central,Min.Hàbitat Y Des. Humano,Min.Hàbitat Y Des. Humano,Min.Hàbitat Y Des. Humano,Dir. Gral. Fortalecimiento De La Sociedad Civil,Fortalecimiento A Organizaciones De La Sociedad Civil,Servicios Sociales,Promoción Y Acción Social,Bienes De Consumo,Bienes De Consumo,669388.0,359388.0,359290.43,34792440.01,34782994.24,Fiscal
2017,4,Administracion Central,Min.Hàbitat Y Des. Humano,Min.Hàbitat Y Des. Humano,Min.Hàbitat Y Des. Humano,Dir. Gral. Fortalecimiento De La Sociedad Civil,Fortalecimiento A Organizaciones De La Sociedad Civil,Servicios Sociales,Promoción Y Acción Social,Bienes De Uso,Maquinaria Y Equipo,30000.0,781050.0,758970.0,75613641.17,73476070.98,Fiscal
2017,4,Administracion Central,Min.Hàbitat Y Des. Humano,Min.Hàbitat Y Des. Humano,Min.Hàbitat Y Des. Humano,Dir. Gral. Fortalecimiento De La Sociedad Civil,Fortalecimiento A Organizaciones De La Sociedad Civil,Servicios Sociales,Promoción Y Acción Social,Transferencias,Al Sector Privado,64690000.0,471978014.0,454556913.44,45692306755.69,44005765757.59,Fiscal
2017,4,Administracion Central,Min.Hàbitat Y Des. Humano,Min.Hàbitat Y Des. Humano,Min.Hàbitat Y Des. Humano,Dir. Gral. Fortalecimiento De La Sociedad Civil,Fortalecimiento A Organizaciones De La Sociedad Civil,Servicios Sociales,Promoción Y Acción Social,Transferencias,Al Sector Privado,250000.0,250000.0,250000.0,24202561.03,24202561.03,Fiscal
2017,4,Administracion Central,Min.Hàbitat Y Des. Humano,Min.Hàbitat Y Des. Humano,Min.Hàbitat Y Des. Humano,Dir. Gral. Fortalecimiento De La Sociedad Civil,Fortalecimiento A Grupos Comunitarios,Servicios Sociales,Promoción Y Acción Social,Gastos En Personal,Remuneraciones Al Personal,38664773.0,47159735.0,47156739.0,4565545458.09,4565255414.6,Fiscal
2017,4,Administracion Central,Min.Hàbitat Y Des. Humano,Min.Hàbitat Y Des. Humano,Min.Hàbitat Y Des. Humano,Dir. Gral. Fortalecimiento De La Sociedad Civil,Fortalecimiento A Grupos Comunitarios,Servicios Sociales,Promoción Y Acción Social,Bienes De Consumo,Bienes De Consumo,4265508.0,4265508.0,4265429.72,412944870.79,412937292.48,Fiscal
2017,4,Administracion Central,Min.Hàbitat Y Des. Humano,Min.Hàbitat Y Des. Humano,Min.Hàbitat Y Des. Humano,Dir. Gral. Fortalecimiento De La Sociedad Civil,Fortalecimiento A Grupos Comunitarios,Servicios Sociales,Promoción Y Acción Social,Servicios No Personales,Servicios No Personales,4580000.0,2191700.0,2155200.0,212179012.04,208645438.13,Fiscal
2017,4,Administracion Central,Min.Hàbitat Y Des. Humano,Min.Hàbitat Y Des. Humano,Min.Hàbitat Y Des. Humano,Dir. Gral. Fortalecimiento De La Sociedad Civil,Fortalecimiento A Grupos Comunitarios,Servicios Sociales,Promoción Y Acción Social,Bienes De Uso,Maquinaria Y Equipo,65000.0,48342.0,48342.0,4680000.82,4680000.82,Fiscal
2017,4,Administracion Central,Min.Hàbitat Y Des. Humano,Min.Hàbitat Y Des. Humano,Min.Hàbitat Y Des. Humano,Dir. Gral. Fortalecimiento De La Sociedad Civil,Fortalecimiento A Grupos Comunitarios,Servicios Sociales,Promoción Y Acción Social,Transferencias,Al Sector Privado,940000000.0,1647108338.0,1645244703.94,159456960297.61,159276541429.31,Fiscal
2017,4,Administracion Central,Min.Hàbitat Y Des. Humano,Min.Hàbitat Y Des. Humano,Min.Hàbitat Y Des. Humano,Dir. Gral. Fortalecimiento De La Sociedad Civil,"Articulacion Entre Sector Publico, Privado Y Osc",Servicios Sociales,Promoción Y Acción Social,Bienes De Consumo,Bienes De Consumo,709238.0,709238.0,709238.0,68661503.92,68661503.92,Fiscal
2017,4,Administracion Central,Min.Hàbitat Y Des. Humano,Min.Hàbitat Y Des. Humano,Min.Hàbitat Y Des. Humano,Dir. Gral. Fortalecimiento De La Sociedad Civil,"Articulacion Entre Sector Publico, Privado Y Osc",Servicios Sociales,Promoción Y Acción Social,Servicios No Personales,Servicios No Personales,6651221.0,5331155.0,5331154.54,516110417.0,516110372.47,Fiscal
2017,4,Administracion Central,Min.Hàbitat Y Des. Humano,Min.Hàbitat Y Des. Humano,Min.Hàbitat Y Des. Humano,Dir. Gral. Fortalecimiento De La Sociedad Civil,"Articulacion Entre Sector Publico, Privado Y Osc",Servicios Sociales,Promoción Y Acción Social,Bienes De Uso,Maquinaria Y Equipo,80000.0,80000.0,80000.0,7744819.53,7744819.53,Fiscal
2017,4,Administracion Central,Min.Hàbitat Y Des. Humano,Min.Hàbitat Y Des. Humano,Min.Hàbitat Y Des. Humano,Secretaria Tercera Edad,"Actividades Comunes A Los Programas 20,21,23,24 Y 30",Servicios Sociales,Promoción Y Acción Social,Gastos En Personal,Remuneraciones Al Personal,124136661.0,161777237.0,161770845.37,15661693807.4,15661075032.14,Fiscal
2017,4,Administracion Central,Min.Hàbitat Y Des. Humano,Min.Hàbitat Y Des. Humano,Min.Hàbitat Y Des. Humano,Secretaria Tercera Edad,"Actividades Comunes A Los Programas 20,21,23,24 Y 30",Servicios Sociales,Promoción Y Acción Social,Bienes De Consumo,Bienes De Consumo,451795.0,728817.0,728814.0,70556951.69,70556661.26,Fiscal
2017,4,Administracion Central,Min.Hàbitat Y Des. Humano,Min.Hàbitat Y Des. Humano,Min.Hàbitat Y Des. Humano,Secretaria Tercera Edad,"Actividades Comunes A Los Programas 20,21,23,24 Y 30",Servicios Sociales,Promoción Y Acción Social,Servicios No Personales,Servicios No Personales,28210668.0,27312295.0,27037889.89,2644109946.49,2617544720.8,Fiscal
2017,4,Administracion Central,Min.Hàbitat Y Des. Humano,Min.Hàbitat Y Des. Humano,Min.Hàbitat Y Des. Humano,Secretaria Tercera Edad,"Actividades Comunes A Los Programas 20,21,23,24 Y 30",Servicios Sociales,Promoción Y Acción Social,Bienes De Uso,Maquinaria Y Equipo,0.0,765000.0,765000.0,74059836.75,74059836.75,Fiscal
2017,4,Administracion Central,Min.Hàbitat Y Des. Humano,Min.Hàbitat Y Des. Humano,Min.Hàbitat Y Des. Humano,Secretaria Tercera Edad,"Actividades Comunes A Los Programas 20,21,23,24 Y 30",Servicios Sociales,Promoción Y Acción Social,Transferencias,Al Sector Público,5000000.0,5000000.0,5000000.0,484051220.61,484051220.61,Fiscal
2017,4,Administracion Central,Min.Hàbitat Y Des. Humano,Min.Hàbitat Y Des. Humano,Min.Hàbitat Y Des. Humano,Secretaria Tercera Edad,"Actividades Comunes A Los Programas 20,21,23,24 Y 30",Servicios Sociales,Promoción Y Acción Social,Bienes De Uso,Construcciones Del Dominio Privado,24370000.0,21368009.0,19696743.03,2068642167.7,1906846501.15,Fiscal
2017,4,Administracion Central,Min.Hàbitat Y Des. Humano,Min.Hàbitat Y Des. Humano,Min.Hàbitat Y Des. Humano,Secretaria Tercera Edad,Hogar De Residencia Permanente Y Transitoria,Servicios Sociales,Promoción Y Acción Social,Gastos En Personal,Remuneraciones Al Personal,288672446.0,315925891.0,315920929.11,30584862632.26,30584382270.47,Fiscal
2017,4,Administracion Central,Min.Hàbitat Y Des. Humano,Min.Hàbitat Y Des. Humano,Min.Hàbitat Y Des. Humano,Secretaria Tercera Edad,Hogar De Residencia Permanente Y Transitoria,Servicios Sociales,Promoción Y Acción Social,Bienes De Consumo,Bienes De Consumo,14348408.0,12414910.0,12414906.62,1201890467.86,1201890140.64,Fiscal
2017,4,Administracion Central,Min.Hàbitat Y Des. Humano,Min.Hàbitat Y Des. Humano,Min.Hàbitat Y Des. Humano,Secretaria Tercera Edad,Hogar De Residencia Permanente Y Transitoria,Servicios Sociales,Promoción Y Acción Social,Servicios No Personales,Servicios No Personales,208383830.0,342125964.0,341667536.74,33121298095.41,33076917640.46,Fiscal
2017,4,Administracion Central,Min.Hàbitat Y Des. Humano,Min.Hàbitat Y Des. Humano,Min.Hàbitat Y Des. Humano,Secretaria Tercera Edad,Hogar De Residencia Permanente Y Transitoria,Servicios Sociales,Promoción Y Acción Social,Bienes De Uso,Maquinaria Y Equipo,5910000.0,5037450.0,5037447.12,487676764.25,487676485.44,Fiscal
2017,4,Administracion Central,Min.Hàbitat Y Des. Humano,Min.Hàbitat Y Des. Humano,Min.Hàbitat Y Des. Humano,Secretaria Tercera Edad,Hogar De Residencia Permanente Y Transitoria,Servicios Sociales,Promoción Y Acción Social,Transferencias,Al Sector Privado,24000000.0,21081350.0,20930974.2,2040890639.93,2026332722.02,Fiscal
2017,4,Administracion Central,Min.Hàbitat Y Des. Humano,Min.Hàbitat Y Des. Humano,Min.Hàbitat Y Des. Humano,Secretaria Tercera Edad,Integracion Social De Adultos Mayores,Servicios Sociales,Promoción Y Acción Social,Bienes De Consumo,Bienes De Consumo,1395170.0,1535171.0,1494744.17,148620279.28,144706548.0,Fiscal
2017,4,Administracion Central,Min.Hàbitat Y Des. Humano,Min.Hàbitat Y Des. Humano,Min.Hàbitat Y Des. Humano,Secretaria Tercera Edad,Integracion Social De Adultos Mayores,Servicios Sociales,Promoción Y Acción Social,Servicios No Personales,Servicios No Personales,15784308.0,19174940.0,18702440.96,1856330622.43,1810587875.02,Fiscal
2017,4,Administracion Central,Min.Hàbitat Y Des. Humano,Min.Hàbitat Y Des. Humano,Min.Hàbitat Y Des. Humano,Secretaria Tercera Edad,Integracion Social De Adultos Mayores,Servicios Sociales,Promoción Y Acción Social,Transferencias,Al Sector Privado,6434264.0,79234264.0,79221122.7,7670688440.69,7669416228.23,Fiscal
2017,4,Administracion Central,Min.Hàbitat Y Des. Humano,Min.Hàbitat Y Des. Humano,Min.Hàbitat Y Des. Humano,Secretaria Tercera Edad,Integracion Social De Adultos Mayores,Servicios Sociales,Promoción Y Acción Social,Bienes De Uso,Maquinaria Y Equipo,130000.0,100000.0,100000.0,9681024.41,9681024.41,Fiscal
2017,4,Administracion Central,Min.Hàbitat Y Des. Humano,Min.Hàbitat Y Des. Humano,Min.Hàbitat Y Des. Humano,Secretaria Tercera Edad,Sistemas Alternativos A La Institucionalizacion,Servicios Sociales,Promoción Y Acción Social,Servicios No Personales,Servicios No Personales,20770000.0,36024181.0,36023167.95,3487509756.92,3487411683.3,Fiscal
2017,4,Administracion Central,Min.Hàbitat Y Des. Humano,Min.Hàbitat Y Des. Humano,Min.Hàbitat Y Des. Humano,Secretaria Tercera Edad,Sistemas Alternativos A La Institucionalizacion,Servicios Sociales,Promoción Y Acción Social,Transferencias,Al Sector Privado,89553000.0,116735000.0,116654232.9,11301143847.61,11293324764.95,Fiscal
2017,4,Administracion Central,Min.Hàbitat Y Des. Humano,Min.Hàbitat Y Des. Humano,Min.Hàbitat Y Des. Humano,Secretaria Tercera Edad,Sistemas Alternativos A La Institucionalizacion,Servicios Sociales,Promoción Y Acción Social,Bienes De Consumo,Bienes De Consumo,207273.0,155673.0,155672.03,15070741.13,15070647.23,Fiscal
2017,4,Administracion Central,Min.Hàbitat Y Des. Humano,Min.Hàbitat Y Des. Humano,Min.Hàbitat Y Des. Humano,Secretaria Tercera Edad,Sistemas Alternativos A La Institucionalizacion,Servicios Sociales,Promoción Y Acción Social,Bienes De Uso,Maquinaria Y Equipo,300000.0,0.0,0.0,0.0,0.0,Fiscal
2017,4,Administracion Central,Min.Hàbitat Y Des. Humano,Min.Hàbitat Y Des. Humano,Min.Hàbitat Y Des. Humano,Secretaria Tercera Edad,Proteccion E Inclusion,Servicios Sociales,Promoción Y Acción Social,Bienes De Consumo,Bienes De Consumo,71573.0,71573.0,71573.0,6928999.6,6928999.6,Fiscal
2017,4,Administracion Central,Min.Hàbitat Y Des. Humano,Min.Hàbitat Y Des. Humano,Min.Hàbitat Y Des. Humano,Secretaria Tercera Edad,Proteccion E Inclusion,Servicios Sociales,Promoción Y Acción Social,Servicios No Personales,Servicios No Personales,332000.0,86000.0,86000.0,8325680.99,8325680.99,Fiscal
2017,4,Administracion Central,Min.Hàbitat Y Des. Humano,Min.Hàbitat Y Des. Humano,Min.Hàbitat Y Des. Humano,Dir.Gral.Atención Inmediata,Asistencia Socio Habitacional,Servicios Sociales,Promoción Y Acción Social,Gastos En Personal,Remuneraciones Al Personal,37300694.0,61680116.0,61680052.36,5971267087.45,5971260926.45,Fiscal
2017,4,Administracion Central,Min.Hàbitat Y Des. Humano,Min.Hàbitat Y Des. Humano,Min.Hàbitat Y Des. Humano,Dir.Gral.Atención Inmediata,Asistencia Socio Habitacional,Servicios Sociales,Promoción Y Acción Social,Bienes De Consumo,Bienes De Consumo,798701.0,528703.0,508262.6,51183866.5,49205026.38,Fiscal
2017,4,Administracion Central,Min.Hàbitat Y Des. Humano,Min.Hàbitat Y Des. Humano,Min.Hàbitat Y Des. Humano,Dir.Gral.Atención Inmediata,Asistencia Socio Habitacional,Servicios Sociales,Promoción Y Acción Social,Servicios No Personales,Servicios No Personales,7379472.0,10136825.0,10136821.45,981348502.87,981348159.2,Fiscal
2017,4,Administracion Central,Min.Hàbitat Y Des. Humano,Min.Hàbitat Y Des. Humano,Min.Hàbitat Y Des. Humano,Dir.Gral.Atención Inmediata,Asistencia Socio Habitacional,Servicios Sociales,Promoción Y Acción Social,Transferencias,Al Sector Privado,98490000.0,88724514.0,88137789.42,8589441859.97,8532640910.15,Fiscal
2017,4,Administracion Central,Min.Hàbitat Y Des. Humano,Min.Hàbitat Y Des. Humano,Min.Hàbitat Y Des. Humano,Dir.Gral.Atención Inmediata,Asistencia Socio Habitacional,Servicios Sociales,Promoción Y Acción Social,Bienes De Uso,Maquinaria Y Equipo,50000.0,190400.0,190400.0,18432670.48,18432670.48,Fiscal
2017,4,Administracion Central,Min.Hàbitat Y Des. Humano,Min.Hàbitat Y Des. Humano,Min.Hàbitat Y Des. Humano,Dir.Gral.Atención Inmediata,Asistencia Familias Alta Vulnerabilidad Social,Servicios Sociales,Promoción Y Acción Social,Gastos En Personal,Remuneraciones Al Personal,17080056.0,15705808.0,15703763.85,1520483106.62,1520285211.96,Fiscal
2017,4,Administracion Central,Min.Hàbitat Y Des. Humano,Min.Hàbitat Y Des. Humano,Min.Hàbitat Y Des. Humano,Dir.Gral.Atención Inmediata,Asistencia Familias Alta Vulnerabilidad Social,Servicios Sociales,Promoción Y Acción Social,Bienes De Consumo,Bienes De Consumo,76767.0,141767.0,141767.0,13724497.88,13724497.88,Fiscal
2017,4,Administracion Central,Min.Hàbitat Y Des. Humano,Min.Hàbitat Y Des. Humano,Min.Hàbitat Y Des. Humano,Dir.Gral.Atención Inmediata,Asistencia Familias Alta Vulnerabilidad Social,Servicios Sociales,Promoción Y Acción Social,Servicios No Personales,Servicios No Personales,140000.0,3037500.0,2977500.0,294061116.52,288252501.87,Fiscal
2017,4,Administracion Central,Min.Hàbitat Y Des. Humano,Min.Hàbitat Y Des. Humano,Min.Hàbitat Y Des. Humano,Dir.Gral.Atención Inmediata,Asistencia Familias Alta Vulnerabilidad Social,Servicios Sociales,Promoción Y Acción Social,Bienes De Uso,Maquinaria Y Equipo,0.0,449592.0,449591.78,43525111.28,43525089.98,Fiscal
2017,4,Administracion Central,Min.Hàbitat Y Des. Humano,Min.Hàbitat Y Des. Humano,Min.Hàbitat Y Des. Humano,Dir.Gral.Atención Inmediata,Asistencia Familias Alta Vulnerabilidad Social,Servicios Sociales,Promoción Y Acción Social,Transferencias,Al Sector Privado,268960000.0,328043677.0,328036281.0,31757988453.14,31757272444.57,Fiscal
2017,4,Administracion Central,Min.Hàbitat Y Des. Humano,Min.Hàbitat Y Des. Humano,Min.Hàbitat Y Des. Humano,Dir.Gral.Atención Inmediata,Asistencia Integral A Los Sin Techo,Servicios Sociales,Promoción Y Acción Social,Gastos En Personal,Remuneraciones Al Personal,25660334.0,26496070.0,26495954.63,2565091004.98,2565079835.98,Fiscal
2017,4,Administracion Central,Min.Hàbitat Y Des. Humano,Min.Hàbitat Y Des. Humano,Min.Hàbitat Y Des. Humano,Dir.Gral.Atención Inmediata,Asistencia Integral A Los Sin Techo,Servicios Sociales,Promoción Y Acción Social,Bienes De Consumo,Bienes De Consumo,4065388.0,4265474.0,4265432.82,412941579.24,412937592.59,Fiscal
2017,4,Administracion Central,Min.Hàbitat Y Des. Humano,Min.Hàbitat Y Des. Humano,Min.Hàbitat Y Des. Humano,Dir.Gral.Atención Inmediata,Asistencia Integral A Los Sin Techo,Servicios Sociales,Promoción Y Acción Social,Servicios No Personales,Servicios No Personales,55335857.0,69481584.0,69459757.55,6726529109.04,6724416085.09,Fiscal
2017,4,Administracion Central,Min.Hàbitat Y Des. Humano,Min.Hàbitat Y Des. Humano,Min.Hàbitat Y Des. Humano,Dir.Gral.Atención Inmediata,Asistencia Integral A Los Sin Techo,Servicios Sociales,Promoción Y Acción Social,Bienes De Uso,Maquinaria Y Equipo,558000.0,1372959.0,1372958.25,132916495.96,132916423.35,Fiscal
2017,4,Administracion Central,Min.Hàbitat Y Des. Humano,Min.Hàbitat Y Des. Humano,Min.Hàbitat Y Des. Humano,Dir.Gral.Atención Inmediata,Asistencia Integral A Los Sin Techo,Servicios Sociales,Promoción Y Acción Social,Transferencias,Al Sector Privado,70320000.0,83338000.0,81783927.57,8067972124.66,7917521993.33,Fiscal
2017,4,Administracion Central,Min.Hàbitat Y Des. Humano,Min.Hàbitat Y Des. Humano,Min.Hàbitat Y Des. Humano,Dir.Gral.Atención Inmediata,Asistencia Inmediata Ante La Emergencia Social,Servicios Sociales,Promoción Y Acción Social,Gastos En Personal,Remuneraciones Al Personal,74689497.0,82536477.0,82536427.38,7990376487.36,7990371683.64,Fiscal
2017,4,Administracion Central,Min.Hàbitat Y Des. Humano,Min.Hàbitat Y Des. Humano,Min.Hàbitat Y Des. Humano,Dir.Gral.Atención Inmediata,Asistencia Inmediata Ante La Emergencia Social,Servicios Sociales,Promoción Y Acción Social,Bienes De Consumo,Bienes De Consumo,2171749.0,1691750.0,1691749.0,163778730.49,163778633.68,Fiscal
2017,4,Administracion Central,Min.Hàbitat Y Des. Humano,Min.Hàbitat Y Des. Humano,Min.Hàbitat Y Des. Humano,Dir.Gral.Atención Inmediata,Asistencia Inmediata Ante La Emergencia Social,Servicios Sociales,Promoción Y Acción Social,Servicios No Personales,Servicios No Personales,31448000.0,22605615.0,22216613.64,2188455106.68,2150795790.06,Fiscal
2017,4,Administracion Central,Min.Hàbitat Y Des. Humano,Min.Hàbitat Y Des. Humano,Min.Hàbitat Y Des. Humano,Dir.Gral.Atención Inmediata,Asistencia Inmediata Ante La Emergencia Social,Servicios Sociales,Promoción Y Acción Social,Bienes De Uso,Maquinaria Y Equipo,4954000.0,3381047.0,3381046.44,327319985.46,327319931.25,Fiscal
2017,4,Administracion Central,Min.Hàbitat Y Des. Humano,Min.Hàbitat Y Des. Humano,Min.Hàbitat Y Des. Humano,Dir.Gral.Atención Inmediata,Asistencia Inmediata Ante La Emergencia Social,Servicios Sociales,Promoción Y Acción Social,Transferencias,Al Sector Privado,9170700.0,700.0,0.0,67767.17,0.0,Fiscal
2017,4,Administracion Central,Min.Hàbitat Y Des. Humano,Min.Hàbitat Y Des. Humano,Min.Hàbitat Y Des. Humano,Dir.Gral.Politicas Sociales En Adicciones,Politicas Sociales En Adicciones,Servicios Sociales,Promoción Y Acción Social,Gastos En Personal,Remuneraciones Al Personal,10032163.0,13501108.0,13501090.87,1307045561.4,1307043903.04,Fiscal
2017,4,Administracion Central,Min.Hàbitat Y Des. Humano,Min.Hàbitat Y Des. Humano,Min.Hàbitat Y Des. Humano,Dir.Gral.Politicas Sociales En Adicciones,Politicas Sociales En Adicciones,Servicios Sociales,Promoción Y Acción Social,Bienes De Consumo,Bienes De Consumo,1272792.0,1272792.0,1242392.44,123219304.24,120276315.41,Fiscal
2017,4,Administracion Central,Min.Hàbitat Y Des. Humano,Min.Hàbitat Y Des. Humano,Min.Hàbitat Y Des. Humano,Dir.Gral.Politicas Sociales En Adicciones,Politicas Sociales En Adicciones,Servicios Sociales,Promoción Y Acción Social,Servicios No Personales,Servicios No Personales,18431016.0,17454702.0,17391298.59,1689793961.7,1683655862.1,Fiscal
2017,4,Administracion Central,Min.Hàbitat Y Des. Humano,Min.Hàbitat Y Des. Humano,Min.Hàbitat Y Des. Humano,Dir.Gral.Politicas Sociales En Adicciones,Politicas Sociales En Adicciones,Servicios Sociales,Promoción Y Acción Social,Bienes De Uso,Maquinaria Y Equipo,735000.0,722552.0,719754.72,69950435.51,69679630.15,Fiscal
2017,4,Administracion Central,Min.Hàbitat Y Des. Humano,Min.Hàbitat Y Des. Humano,Min.Hàbitat Y Des. Humano,Dir.Gral.Politicas Sociales En Adicciones,Politicas Sociales En Adicciones,Servicios Sociales,Promoción Y Acción Social,Transferencias,Al Sector Privado,57400000.0,63204071.0,63199437.0,6118801543.03,6118352924.36,Fiscal
2017,4,Administracion Central,Min.Hàbitat Y Des. Humano,Min.Hàbitat Y Des. Humano,Min.Hàbitat Y Des. Humano,Sistema Integral De Coordinacion De Politicas Sociales,Red Integral De Proteccion Social,Servicios Sociales,Promoción Y Acción Social,Gastos En Personal,Remuneraciones Al Personal,0.0,228161.0,228158.95,22088322.11,22088123.65,Fiscal
2017,4,Administracion Central,Min.Hàbitat Y Des. Humano,Min.Hàbitat Y Des. Humano,Min.Hàbitat Y Des. Humano,Sistema Integral De Coordinacion De Politicas Sociales,Red Integral De Proteccion Social,Servicios Sociales,Promoción Y Acción Social,Bienes De Consumo,Bienes De Consumo,225660.0,26560.0,26407.65,2571280.08,2556531.04,Fiscal
2017,4,Administracion Central,Min.Hàbitat Y Des. Humano,Min.Hàbitat Y Des. Humano,Min.Hàbitat Y Des. Humano,Sistema Integral De Coordinacion De Politicas Sociales,Red Integral De Proteccion Social,Servicios Sociales,Promoción Y Acción Social,Servicios No Personales,Servicios No Personales,955420.0,100000.0,70000.0,9681024.41,6776717.09,Fiscal
2017,4,Administracion Central,Min.Hàbitat Y Des. Humano,Min.Hàbitat Y Des. Humano,Min.Hàbitat Y Des. Humano,Sistema Integral De Coordinacion De Politicas Sociales,Red Integral De Proteccion Social,Servicios Sociales,Promoción Y Acción Social,Bienes De Uso,Maquinaria Y Equipo,200000.0,0.0,0.0,0.0,0.0,Fiscal
2017,4,Administracion Central,Min.Hàbitat Y Des. Humano,Min.Hàbitat Y Des. Humano,Min.Hàbitat Y Des. Humano,Sistema Integral De Coordinacion De Politicas Sociales,Red Integral De Proteccion Social,Servicios Sociales,Promoción Y Acción Social,Transferencias,Al Sector Público,0.0,14350000.0,14343787.66,1389227003.15,1388625585.0,Fiscal
2017,4,Administracion Central,Min.Hàbitat Y Des. Humano,Min.Hàbitat Y Des. Humano,Min.Hàbitat Y Des. Humano,Unidad De Gestion Intervencion Social,Intervencion Social En Villas De Emergencia Y N.H.T,Servicios Sociales,Vivienda,Gastos En Personal,Remuneraciones Al Personal,16527036.0,19787397.0,19787385.85,1915622734.11,1915621654.68,Fiscal
2017,4,Administracion Central,Min.Hàbitat Y Des. Humano,Min.Hàbitat Y Des. Humano,Min.Hàbitat Y Des. Humano,Unidad De Gestion Intervencion Social,Intervencion Social En Villas De Emergencia Y N.H.T,Servicios Sociales,Vivienda,Bienes De Consumo,Bienes De Consumo,9312100.0,8021277.0,7658464.67,776541784.54,741417834.3,Fiscal
2017,4,Administracion Central,Min.Hàbitat Y Des. Humano,Min.Hàbitat Y Des. Humano,Min.Hàbitat Y Des. Humano,Unidad De Gestion Intervencion Social,Intervencion Social En Villas De Emergencia Y N.H.T,Servicios Sociales,Vivienda,Servicios No Personales,Servicios No Personales,308000000.0,431660286.0,431244952.27,41789137665.55,41748929105.76,Fiscal
2017,4,Administracion Central,Min.Hàbitat Y Des. Humano,Min.Hàbitat Y Des. Humano,Min.Hàbitat Y Des. Humano,Unidad De Gestion Intervencion Social,Intervencion Social En Villas De Emergencia Y N.H.T,Servicios Sociales,Vivienda,Bienes De Uso,Maquinaria Y Equipo,0.0,54344.0,54343.62,5261055.91,5261019.12,Fiscal
2017,4,Administracion Central,Min.Hàbitat Y Des. Humano,Min.Hàbitat Y Des. Humano,Min.Hàbitat Y Des. Humano,Unidad De Gestion Intervencion Social,Intervencion Social En Villas De Emergencia Y N.H.T,Servicios Sociales,Vivienda,Transferencias,Al Sector Privado,181600000.0,231747546.0,231747420.35,22435536503.0,22435524338.79,Fiscal
2017,4,Administracion Central,Min.Hàbitat Y Des. Humano,Min.Hàbitat Y Des. Humano,Min.Hàbitat Y Des. Humano,Unidad De Gestion Intervencion Social,Intervencion Social En Villas De Emergencia Y N.H.T,Servicios Sociales,Vivienda,Transferencias,Al Sector Público,68000000.0,74012830.0,74012830.0,7165200140.48,7165200140.48,Fiscal
2017,4,Administracion Central,Min.Hàbitat Y Des. Humano,Min.Hàbitat Y Des. Humano,Min.Hàbitat Y Des. Humano,Unidad De Gestion Intervencion Social,Intervencion Social En Villas De Emergencia Y N.H.T,Servicios Sociales,Vivienda,Bienes De Uso,Construcciones Del Dominio Público,32290153.0,56559149.0,50835303.84,5475505022.04,4921378174.78,Fiscal
2017,4,Administracion Central,Min.Hàbitat Y Des. Humano,Min.Hàbitat Y Des. Humano,Min.Hàbitat Y Des. Humano,Unidad De Gestion Intervencion Social,Intervencion Social En Villas De Emergencia Y N.H.T,Servicios Sociales,Vivienda,Bienes De Uso,Construcciones Del Dominio Privado,5322647.0,14827162.0,14827156.03,1435421172.86,1435420594.9,Fiscal
2017,4,Administracion Central,Min.Hàbitat Y Des. Humano,Min.Hàbitat Y Des. Humano,Min.Hàbitat Y Des. Humano,Subs.Habitat E Inclusiòn,Actividades Comunes A Los Programas 19 Y 25,Servicios Sociales,Promoción Y Acción Social,Gastos En Personal,Remuneraciones Al Personal,36342526.0,42431156.0,42431143.52,4107770570.75,4107769362.56,Fiscal
2017,4,Administracion Central,Min.Hàbitat Y Des. Humano,Min.Hàbitat Y Des. Humano,Min.Hàbitat Y Des. Humano,Subs.Habitat E Inclusiòn,Actividades Comunes A Los Programas 19 Y 25,Servicios Sociales,Promoción Y Acción Social,Bienes De Consumo,Bienes De Consumo,2090570.0,2203645.0,2173572.63,213335410.41,210424096.93,Fiscal
2017,4,Administracion Central,Min.Hàbitat Y Des. Humano,Min.Hàbitat Y Des. Humano,Min.Hàbitat Y Des. Humano,Subs.Habitat E Inclusiòn,Actividades Comunes A Los Programas 19 Y 25,Servicios Sociales,Promoción Y Acción Social,Servicios No Personales,Servicios No Personales,47751847.0,62794836.0,60240012.24,6079183402.78,5831850290.88,Fiscal
2017,4,Administracion Central,Min.Hàbitat Y Des. Humano,Min.Hàbitat Y Des. Humano,Min.Hàbitat Y Des. Humano,Subs.Habitat E Inclusiòn,Actividades Comunes A Los Programas 19 Y 25,Servicios Sociales,Promoción Y Acción Social,Bienes De Uso,Maquinaria Y Equipo,1395000.0,1092195.0,1087722.38,105735664.58,105302669.15,Fiscal
2017,4,Administracion Central,Min.Hàbitat Y Des. Humano,Min.Hàbitat Y Des. Humano,Min.Hàbitat Y Des. Humano,Subs.Habitat E Inclusiòn,Actividades Comunes A Los Programas 19 Y 25,Servicios Sociales,Promoción Y Acción Social,Transferencias,Al Sector Público,8642000.0,6642000.0,6642000.0,643013641.46,643013641.46,Fiscal
2017,4,Administracion Central,Min.Hàbitat Y Des. Humano,Min.Hàbitat Y Des. Humano,Min.Hàbitat Y Des. Humano,Subs.Habitat E Inclusiòn,Habitat,Servicios Sociales,Promoción Y Acción Social,Bienes De Consumo,Bienes De Consumo,1907209.0,1018500.0,1018308.92,98601233.64,98582735.14,Fiscal
2017,4,Administracion Central,Min.Hàbitat Y Des. Humano,Min.Hàbitat Y Des. Humano,Min.Hàbitat Y Des. Humano,Subs.Habitat E Inclusiòn,Habitat,Servicios Sociales,Promoción Y Acción Social,Servicios No Personales,Servicios No Personales,3130000.0,0.0,0.0,0.0,0.0,Fiscal
2017,4,Administracion Central,Min.Hàbitat Y Des. Humano,Min.Hàbitat Y Des. Humano,Min.Hàbitat Y Des. Humano,Subs.Habitat E Inclusiòn,Habitat,Servicios Sociales,Promoción Y Acción Social,Transferencias,Al Sector Privado,61560976.0,51014700.0,49547582.74,4938745560.82,4796713580.73,Fiscal
2017,4,Administracion Central,Min.Hàbitat Y Des. Humano,Min.Hàbitat Y Des. Humano,Min.Hàbitat Y Des. Humano,Subs.Habitat E Inclusiòn,Habitat,Servicios Sociales,Promoción Y Acción Social,Bienes De Uso,Construcciones Del Dominio Público,0.0,367899687.0,89539995.18,35616458510.98,8668388792.08,Fiscal
2017,4,Administracion Central,Min.Hàbitat Y Des. Humano,Min.Hàbitat Y Des. Humano,Min.Hàbitat Y Des. Humano,Subs.Habitat E Inclusiòn,Habitat,Servicios Sociales,Promoción Y Acción Social,Servicios No Personales,Servicios No Personales,0.0,5154703.0,1882000.0,499028055.81,182196879.44,Fiscal
2017,4,Administracion Central,Min.Hàbitat Y Des. Humano,Min.Hàbitat Y Des. Humano,Min.Hàbitat Y Des. Humano,Subs.Habitat E Inclusiòn,Habitat,Servicios Sociales,Promoción Y Acción Social,Transferencias,Transferencias,0.0,4362100.0,825102.09,422295965.89,79878334.76,Fiscal
2017,4,Administracion Central,Min.Hàbitat Y Des. Humano,Min.Hàbitat Y Des. Humano,Min.Hàbitat Y Des. Humano,Subs.Habitat E Inclusiòn,Inclusion Social,Servicios Sociales,Promoción Y Acción Social,Bienes De Consumo,Bienes De Consumo,1631405.0,1626733.0,1626127.22,157484418.85,157425773.14,Fiscal
2017,4,Administracion Central,Min.Hàbitat Y Des. Humano,Min.Hàbitat Y Des. Humano,Min.Hàbitat Y Des. Humano,Subs.Habitat E Inclusiòn,Inclusion Social,Servicios Sociales,Promoción Y Acción Social,Servicios No Personales,Servicios No Personales,8520000.0,1323565.0,1032413.01,128134650.76,99948155.53,Fiscal
2017,4,Administracion Central,Min.Hàbitat Y Des. Humano,Min.Hàbitat Y Des. Humano,Min.Hàbitat Y Des. Humano,Subs.Habitat E Inclusiòn,Inclusion Social,Servicios Sociales,Promoción Y Acción Social,Bienes De Uso,Maquinaria Y Equipo,1710000.0,1070984.0,1054090.66,103682222.49,102046774.12,Fiscal
2017,4,Administracion Central,Min.Hàbitat Y Des. Humano,Min.Hàbitat Y Des. Humano,Min.Hàbitat Y Des. Humano,Subs.Habitat E Inclusiòn,Inclusion Social,Servicios Sociales,Promoción Y Acción Social,Transferencias,Al Sector Privado,27200000.0,28433958.0,28200348.1,2752698415.34,2730082583.89,Fiscal
2017,4,Administracion Central,Min.Hàbitat Y Des. Humano,Min.Hàbitat Y Des. Humano,Min.Hàbitat Y Des. Humano,Subs.Habitat E Inclusiòn,Inclusion Social,Servicios Sociales,Promoción Y Acción Social,Transferencias,Transferencias,0.0,17353316.0,9186310.78,1679978758.29,889328989.19,Fiscal
2017,4,Administracion Central,Min.Hàbitat Y Des. Humano,Min.Hàbitat Y Des. Humano,Min.Hàbitat Y Des. Humano,Subs.Habitat E Inclusiòn,Inclusion Social,Servicios Sociales,Promoción Y Acción Social,Bienes De Uso,Bienes De Uso,0.0,449234.0,332772.0,43490453.21,32215738.56,Fiscal
2017,4,Administracion Central,Min.Hàbitat Y Des. Humano,Min.Hàbitat Y Des. Humano,Min.Hàbitat Y Des. Humano,D.G.Atencion Y Asist. Victima,"Atencion, Contencion Y Asesoramiento",Servicios Sociales,Promoción Y Acción Social,Bienes De Consumo,Bienes De Consumo,204000.0,170219.0,169659.31,16478942.94,16424759.22,Fiscal
2017,4,Administracion Central,Min.Hàbitat Y Des. Humano,Min.Hàbitat Y Des. Humano,Min.Hàbitat Y Des. Humano,D.G.Atencion Y Asist. Victima,"Atencion, Contencion Y Asesoramiento",Servicios Sociales,Promoción Y Acción Social,Servicios No Personales,Servicios No Personales,1970040.0,642761.0,642759.49,62225849.32,62225703.14,Fiscal
2017,4,Administracion Central,Min.Hàbitat Y Des. Humano,Min.Hàbitat Y Des. Humano,Min.Hàbitat Y Des. Humano,D.G.Atencion Y Asist. Victima,Asistencia Al Damnificado,Servicios Sociales,Promoción Y Acción Social,Transferencias,Al Sector Privado,372000000.0,387670735.0,387669723.74,37530498494.41,37530400594.08,Fiscal
2017,4,Administracion Central,Min.Hàbitat Y Des. Humano,Min.Hàbitat Y Des. Humano,Min.Hàbitat Y Des. Humano,D.G.Atencion Y Asist. Victima,"Deteccion, Proteccion Y Asist A Victimas De Trata Pers-Ley 2781",Servicios Sociales,Promoción Y Acción Social,Bienes De Consumo,Bienes De Consumo,74301.0,60255.0,60255.0,5833301.26,5833301.26,Fiscal
2017,4,Administracion Central,Min.Hàbitat Y Des. Humano,Min.Hàbitat Y Des. Humano,Min.Hàbitat Y Des. Humano,D.G.Atencion Y Asist. Victima,"Deteccion, Proteccion Y Asist A Victimas De Trata Pers-Ley 2781",Servicios Sociales,Promoción Y Acción Social,Servicios No Personales,Servicios No Personales,2710498.0,891596.0,891595.22,86315626.42,86315550.91,Fiscal
2017,4,Administracion Central,Min.Hàbitat Y Des. Humano,Min.Hàbitat Y Des. Humano,Min.Hàbitat Y Des. Humano,D.G.Atencion Y Asist. Victima,"Deteccion, Proteccion Y Asist A Victimas De Trata Pers-Ley 2781",Servicios Sociales,Promoción Y Acción Social,Bienes De Uso,Maquinaria Y Equipo,40000.0,8174.0,8173.76,791326.94,791303.7,Fiscal
2017,4,Administracion Central,Ministerio De Cultura,Ministerio De Cultura,Ministerio De Cultura,Ministerio De Cultura,Actividades Centrales Ministerio De Cultura,Servicios Sociales,Cultura,Gastos En Personal,Remuneraciones Al Personal,145380870.0,73158024.0,73158007.04,7082446162.94,7082444521.04,Fiscal
2017,4,Administracion Central,Ministerio De Cultura,Ministerio De Cultura,Ministerio De Cultura,Ministerio De Cultura,Actividades Centrales Ministerio De Cultura,Servicios Sociales,Cultura,Bienes De Consumo,Bienes De Consumo,14056561.0,1438611.0,1432024.85,139272282.11,138634675.32,Fiscal
2017,4,Administracion Central,Ministerio De Cultura,Ministerio De Cultura,Ministerio De Cultura,Ministerio De Cultura,Actividades Centrales Ministerio De Cultura,Servicios Sociales,Cultura,Servicios No Personales,Servicios No Personales,163657363.0,85321982.0,83904475.78,8260041906.42,8122812783.21,Fiscal
2017,4,Administracion Central,Ministerio De Cultura,Ministerio De Cultura,Ministerio De Cultura,Ministerio De Cultura,Actividades Centrales Ministerio De Cultura,Servicios Sociales,Cultura,Bienes De Uso,Maquinaria Y Equipo,7239894.0,1850543.0,1850541.42,179151519.59,179151366.63,Fiscal
2017,4,Administracion Central,Ministerio De Cultura,Ministerio De Cultura,Ministerio De Cultura,Ministerio De Cultura,Actividades Centrales Ministerio De Cultura,Administración Gubernamental,Control De La Gestión,Gastos En Personal,Remuneraciones Al Personal,0.0,763552.0,763549.16,73919655.52,73919380.58,Fiscal
2017,4,Administracion Central,Ministerio De Cultura,Ministerio De Cultura,Ministerio De Cultura,Ministerio De Cultura,Actividades Centrales Ministerio De Cultura,Administración Gubernamental,Control De La Gestión,Bienes De Consumo,Bienes De Consumo,165946.0,1705.0,1655.1,165061.47,160230.64,Fiscal
2017,4,Administracion Central,Ministerio De Cultura,Ministerio De Cultura,Ministerio De Cultura,Ministerio De Cultura,Actividades Centrales Ministerio De Cultura,Administración Gubernamental,Control De La Gestión,Servicios No Personales,Servicios No Personales,0.0,27640.0,27640.0,2675835.15,2675835.15,Fiscal
2017,4,Administracion Central,Ministerio De Cultura,Ministerio De Cultura,Ministerio De Cultura,Ministerio De Cultura,Actividades Centrales Ministerio De Cultura,Administración Gubernamental,Control De La Gestión,Bienes De Uso,Maquinaria Y Equipo,5280.0,0.0,0.0,0.0,0.0,Fiscal
2017,4,Administracion Central,Ministerio De Cultura,Ministerio De Cultura,Ministerio De Cultura,Ministerio De Cultura,Actividades Centrales Ministerio De Cultura,Servicios De Seguridad,Seguridad Interior,Servicios No Personales,Servicios No Personales,81619465.0,93287034.0,92792999.07,9031140534.98,8983312892.8,Fiscal
2017,4,Administracion Central,Ministerio De Cultura,Ministerio De Cultura,Ministerio De Cultura,Ministerio De Cultura,Actividades Casa De La Cultura,Servicios Sociales,Cultura,Gastos En Personal,Remuneraciones Al Personal,6429928.0,7508515.0,7508501.7,726901170.15,726899882.57,Fiscal
2017,4,Administracion Central,Ministerio De Cultura,Ministerio De Cultura,Ministerio De Cultura,Ministerio De Cultura,Actividades Casa De La Cultura,Servicios Sociales,Cultura,Bienes De Consumo,Bienes De Consumo,451200.0,1007.0,0.0,97487.92,0.0,Fiscal
2017,4,Administracion Central,Ministerio De Cultura,Ministerio De Cultura,Ministerio De Cultura,Ministerio De Cultura,Actividades Casa De La Cultura,Servicios Sociales,Cultura,Servicios No Personales,Servicios No Personales,3239770.0,47892.0,0.0,4636436.21,0.0,Fiscal
2017,4,Administracion Central,Ministerio De Cultura,Ministerio De Cultura,Ministerio De Cultura,Ministerio De Cultura,Actividades Casa De La Cultura,Servicios Sociales,Cultura,Bienes De Uso,Maquinaria Y Equipo,66882.0,0.0,0.0,0.0,0.0,Fiscal
2017,4,Administracion Central,Ministerio De Cultura,Ministerio De Cultura,Ministerio De Cultura,Ministerio De Cultura,Incentivo A La Produccion Cultural,Servicios Sociales,Cultura,Gastos En Personal,Remuneraciones Al Personal,11059428.0,9839628.0,9839601.25,952576788.75,952574199.08,Fiscal
2017,4,Administracion Central,Ministerio De Cultura,Ministerio De Cultura,Ministerio De Cultura,Ministerio De Cultura,Incentivo A La Produccion Cultural,Servicios Sociales,Cultura,Transferencias,Al Sector Privado,63256062.0,71273193.0,70758379.95,6899975213.7,6850136036.66,Fiscal
2017,4,Administracion Central,Ministerio De Cultura,Ministerio De Cultura,Ministerio De Cultura,Ministerio De Cultura,Incentivo A La Produccion Cultural,Servicios Sociales,Cultura,Bienes De Consumo,Bienes De Consumo,30648.0,87434.0,87337.17,8464506.88,8455132.75,Fiscal
2017,4,Administracion Central,Ministerio De Cultura,Ministerio De Cultura,Ministerio De Cultura,Ministerio De Cultura,Incentivo A La Produccion Cultural,Servicios Sociales,Cultura,Servicios No Personales,Servicios No Personales,729013.0,524251.0,518075.68,50752867.29,50155033.05,Fiscal
2017,4,Administracion Central,Ministerio De Cultura,Ministerio De Cultura,Ministerio De Cultura,Ministerio De Cultura,Incentivo A La Produccion Cultural,Servicios Sociales,Cultura,Bienes De Uso,Maquinaria Y Equipo,21157.0,6998.0,6997.06,677478.09,677387.09,Fiscal
2017,4,Administracion Central,Ministerio De Cultura,Ministerio De Cultura,Ministerio De Cultura,Ministerio De Cultura,Promocion Y Proteccion De Bares Notables,Servicios Sociales,Cultura,Bienes De Consumo,Bienes De Consumo,42601.0,1.0,0.0,96.81,0.0,Fiscal
2017,4,Administracion Central,Ministerio De Cultura,Ministerio De Cultura,Ministerio De Cultura,Ministerio De Cultura,Promocion Y Proteccion De Bares Notables,Servicios Sociales,Cultura,Servicios No Personales,Servicios No Personales,1684209.0,60053.0,56000.0,5813745.59,5421373.67,Fiscal
2017,4,Administracion Central,Ministerio De Cultura,Ministerio De Cultura,Ministerio De Cultura,Ministerio De Cultura,Comision Preservacion Del Patrimonio De La Ciudad,Servicios Sociales,Cultura,Gastos En Personal,Remuneraciones Al Personal,3332683.0,2713106.0,2713103.05,262656454.19,262656168.6,Fiscal
2017,4,Administracion Central,Ministerio De Cultura,Ministerio De Cultura,Ministerio De Cultura,Ministerio De Cultura,Comision Preservacion Del Patrimonio De La Ciudad,Servicios Sociales,Cultura,Bienes De Consumo,Bienes De Consumo,55846.0,9846.0,7234.92,953193.66,700414.37,Fiscal
2017,4,Administracion Central,Ministerio De Cultura,Ministerio De Cultura,Ministerio De Cultura,Ministerio De Cultura,Comision Preservacion Del Patrimonio De La Ciudad,Servicios Sociales,Cultura,Servicios No Personales,Servicios No Personales,847002.0,734240.0,729234.0,71081953.64,70597321.56,Fiscal
2017,4,Administracion Central,Ministerio De Cultura,Ministerio De Cultura,Ministerio De Cultura,Ministerio De Cultura,Comision Preservacion Del Patrimonio De La Ciudad,Servicios Sociales,Cultura,Bienes De Uso,Maquinaria Y Equipo,50307.0,2501.0,2500.01,242122.42,242026.58,Fiscal
2017,4,Administracion Central,Ministerio De Cultura,Ministerio De Cultura,Ministerio De Cultura,Ministerio De Cultura,Comision Preservacion Del Patrimonio De La Ciudad,Servicios Sociales,Cultura,Transferencias,Al Sector Privado,399300.0,0.0,0.0,0.0,0.0,Fiscal
2017,4,Administracion Central,Ministerio De Cultura,Ministerio De Cultura,Ministerio De Cultura,Ministerio De Cultura,Actividad En Espacio Publico Y En El Extranjero,Servicios Sociales,Cultura,Bienes De Consumo,Bienes De Consumo,1719039.0,178458.0,178144.67,17276562.55,17246228.99,Fiscal
2017,4,Administracion Central,Ministerio De Cultura,Ministerio De Cultura,Ministerio De Cultura,Ministerio De Cultura,Actividad En Espacio Publico Y En El Extranjero,Servicios Sociales,Cultura,Servicios No Personales,Servicios No Personales,68484777.0,108533765.0,107582014.73,10507180285.16,10415041109.18,Fiscal
2017,4,Administracion Central,Ministerio De Cultura,Ministerio De Cultura,Ministerio De Cultura,Ministerio De Cultura,Actividad En Espacio Publico Y En El Extranjero,Servicios Sociales,Cultura,Bienes De Uso,Maquinaria Y Equipo,793220.0,4999.0,4999.0,483954.41,483954.41,Fiscal
2017,4,Administracion Central,Ministerio De Cultura,Ministerio De Cultura,Ministerio De Cultura,Dir.Gral. De Festivales Y Eventos Centrales,Usina De Las Artes,Servicios Sociales,Cultura,Gastos En Personal,Remuneraciones Al Personal,741347.0,2497079.0,2497074.35,241742827.58,241742377.41,Fiscal
2017,4,Administracion Central,Ministerio De Cultura,Ministerio De Cultura,Ministerio De Cultura,Dir.Gral. De Festivales Y Eventos Centrales,Usina De Las Artes,Servicios Sociales,Cultura,Bienes De Consumo,Bienes De Consumo,638880.0,688518.0,688205.34,66655595.66,66625326.97,Fiscal
2017,4,Administracion Central,Ministerio De Cultura,Ministerio De Cultura,Ministerio De Cultura,Dir.Gral. De Festivales Y Eventos Centrales,Usina De Las Artes,Servicios Sociales,Cultura,Servicios No Personales,Servicios No Personales,31113822.0,33944172.0,33313275.43,3286143577.85,3225066326.89,Fiscal
2017,4,Administracion Central,Ministerio De Cultura,Ministerio De Cultura,Ministerio De Cultura,Dir.Gral. De Festivales Y Eventos Centrales,Usina De Las Artes,Servicios Sociales,Cultura,Bienes De Uso,Maquinaria Y Equipo,196209.0,1676463.0,1676459.32,162298792.29,162298436.03,Fiscal
2017,4,Administracion Central,Ministerio De Cultura,Ministerio De Cultura,Ministerio De Cultura,Dir.Gral. De Festivales Y Eventos Centrales,Usina De Las Artes,Servicios Sociales,Cultura,Activos Financieros,Activos Financieros,0.0,20826447.0,20826447.0,2016213418.27,2016213418.27,Fiscal
2017,4,Administracion Central,Ministerio De Cultura,Ministerio De Cultura,Ministerio De Cultura,Dir.Gral. De Festivales Y Eventos Centrales,Festivales De La Ciudad,Servicios Sociales,Cultura,Gastos En Personal,Remuneraciones Al Personal,12400538.0,13144103.0,13144088.71,1272483820.2,1272482436.78,Fiscal
2017,4,Administracion Central,Ministerio De Cultura,Ministerio De Cultura,Ministerio De Cultura,Dir.Gral. De Festivales Y Eventos Centrales,Festivales De La Ciudad,Servicios Sociales,Cultura,Bienes De Consumo,Bienes De Consumo,1977054.0,5292430.0,5254851.09,512361440.3,508723416.85,Fiscal
2017,4,Administracion Central,Ministerio De Cultura,Ministerio De Cultura,Ministerio De Cultura,Dir.Gral. De Festivales Y Eventos Centrales,Festivales De La Ciudad,Servicios Sociales,Cultura,Servicios No Personales,Servicios No Personales,79239007.0,166321241.0,164221876.63,16101599943.93,15898359966.77,Fiscal
2017,4,Administracion Central,Ministerio De Cultura,Ministerio De Cultura,Ministerio De Cultura,Dir.Gral. De Festivales Y Eventos Centrales,Festivales De La Ciudad,Servicios Sociales,Cultura,Bienes De Uso,Maquinaria Y Equipo,221743.0,1278656.0,1278653.0,123786999.51,123786709.08,Fiscal
2017,4,Administracion Central,Ministerio De Cultura,Ministerio De Cultura,Ministerio De Cultura,Dir. Gral De Promocion Cultural,Promocion De Actividades Culturales,Servicios Sociales,Cultura,Gastos En Personal,Remuneraciones Al Personal,137427094.0,98986093.0,98986059.74,9582867828.04,9582864608.13,Fiscal
2017,4,Administracion Central,Ministerio De Cultura,Ministerio De Cultura,Ministerio De Cultura,Dir. Gral De Promocion Cultural,Promocion De Actividades Culturales,Servicios Sociales,Cultura,Bienes De Consumo,Bienes De Consumo,1080989.0,779304.0,742386.89,75444610.49,71870656.05,Fiscal
2017,4,Administracion Central,Ministerio De Cultura,Ministerio De Cultura,Ministerio De Cultura,Dir. Gral De Promocion Cultural,Promocion De Actividades Culturales,Servicios Sociales,Cultura,Servicios No Personales,Servicios No Personales,30831142.0,35966841.0,34661031.23,3481958657.52,3355542894.91,Fiscal
2017,4,Administracion Central,Ministerio De Cultura,Ministerio De Cultura,Ministerio De Cultura,Dir. Gral De Promocion Cultural,Promocion De Actividades Culturales,Servicios Sociales,Cultura,Bienes De Uso,Maquinaria Y Equipo,1156626.0,2129014.0,2129009.4,206110365.08,206109919.75,Fiscal
2017,4,Administracion Central,Ministerio De Cultura,Ministerio De Cultura,Ministerio De Cultura,Dir. Gral De Promocion Cultural,Promocion De Actividades Culturales,Servicios Sociales,Cultura,Transferencias,Al Sector Privado,10013470.0,10769174.0,10769169.99,1042566363.94,1042565975.73,Fiscal
2017,4,Administracion Central,Ministerio De Cultura,Ministerio De Cultura,Ministerio De Cultura,Dir. Gral De Promocion Cultural,Programa Cultural En Barrios,Servicios Sociales,Cultura,Gastos En Personal,Remuneraciones Al Personal,40036610.0,107659216.0,107659206.15,10422514982.97,10422514029.39,Fiscal
2017,4,Administracion Central,Ministerio De Cultura,Ministerio De Cultura,Ministerio De Cultura,Dir. Gral De Promocion Cultural,Programa Cultural En Barrios,Servicios Sociales,Cultura,Servicios No Personales,Servicios No Personales,23784812.0,1365698.0,1320392.0,132213556.78,127827471.86,Fiscal
2017,4,Administracion Central,Ministerio De Cultura,Ministerio De Cultura,Ministerio De Cultura,Dir. Gral De Promocion Cultural,Programa Cultural En Barrios,Servicios Sociales,Cultura,Transferencias,Al Sector Privado,2500000.0,0.0,0.0,0.0,0.0,Fiscal
2017,4,Administracion Central,Ministerio De Cultura,Ministerio De Cultura,Ministerio De Cultura,Dir. Gral De Promocion Cultural,Programa Cultural En Barrios,Servicios Sociales,Cultura,Bienes De Consumo,Bienes De Consumo,2790.0,0.0,0.0,0.0,0.0,Fiscal
2017,4,Administracion Central,Ministerio De Cultura,Ministerio De Cultura,Ministerio De Cultura,Dir. Gral De Promocion Cultural,Programa Cultural En Barrios,Servicios Sociales,Cultura,Bienes De Uso,Maquinaria Y Equipo,11869.0,0.0,0.0,0.0,0.0,Fiscal
2017,4,Administracion Central,Ministerio De Cultura,Ministerio De Cultura,Ministerio De Cultura,Dir. Gral De Promocion Cultural,Premios Y Subsidios,Servicios Sociales,Cultura,Gastos En Personal,Remuneraciones Al Personal,1588580.0,1583863.0,1583856.78,153334163.69,153333561.53,Fiscal
2017,4,Administracion Central,Ministerio De Cultura,Ministerio De Cultura,Ministerio De Cultura,Dir. Gral De Promocion Cultural,Premios Y Subsidios,Servicios Sociales,Cultura,Transferencias,Al Sector Privado,100000000.0,114992124.0,114983123.97,11132415596.58,11131544301.48,Fiscal
2017,4,Administracion Central,Ministerio De Cultura,Ministerio De Cultura,Ministerio De Cultura,Dir. Gral De Promocion Cultural,Premios Y Subsidios,Servicios Sociales,Cultura,Servicios No Personales,Servicios No Personales,86044.0,50044.0,49000.0,4844771.86,4743701.96,Fiscal
2017,4,Administracion Central,Ministerio De Cultura,Ministerio De Cultura,Ministerio De Cultura,Dir. Gral De Ensenanza Artistica,Enseñanza De Las Artes,Servicios Sociales,Educación,Gastos En Personal,Remuneraciones Al Personal,253478397.0,284520367.0,284503534.53,27544486187.03,27542856631.5,Fiscal
2017,4,Administracion Central,Ministerio De Cultura,Ministerio De Cultura,Ministerio De Cultura,Dir. Gral De Ensenanza Artistica,Enseñanza De Las Artes,Servicios Sociales,Educación,Bienes De Consumo,Bienes De Consumo,427259.0,1482942.0,1461108.64,143563977.04,141450284.13,Fiscal
2017,4,Administracion Central,Ministerio De Cultura,Ministerio De Cultura,Ministerio De Cultura,Dir. Gral De Ensenanza Artistica,Enseñanza De Las Artes,Servicios Sociales,Educación,Servicios No Personales,Servicios No Personales,6472092.0,15048093.0,14976685.39,1456809556.9,1449896568.75,Fiscal
2017,4,Administracion Central,Ministerio De Cultura,Ministerio De Cultura,Ministerio De Cultura,Dir. Gral De Ensenanza Artistica,Enseñanza De Las Artes,Servicios Sociales,Educación,Bienes De Uso,Maquinaria Y Equipo,1027906.0,2338174.0,2338140.79,226359195.74,226355980.67,Fiscal
2017,4,Administracion Central,Ministerio De Cultura,Ministerio De Cultura,Ministerio De Cultura,Dir. Gral De Ensenanza Artistica,Enseñanza De Las Artes,Servicios Sociales,Educación,Transferencias,Al Sector Privado,559020.0,1498800.0,1485240.0,145099193.89,143786446.98,Fiscal
2017,4,Administracion Central,Ministerio De Cultura,Ministerio De Cultura,Ministerio De Cultura,Dir. Gral De Ensenanza Artistica,Enseñanza De Las Artes,Servicios Sociales,Educación,Transferencias,Al Sector Privado,847000.0,0.0,0.0,0.0,0.0,Fiscal
2017,4,Administracion Central,Ministerio De Cultura,Ministerio De Cultura,Ministerio De Cultura,Dir. Gral De Ensenanza Artistica,Enseñanza De Las Artes,Servicios Sociales,Educación,Bienes De Uso,Construcciones Del Dominio Privado,12000000.0,13238421.0,13238420.86,1281614768.8,1281614755.25,Fiscal
2017,4,Administracion Central,Ministerio De Cultura,Ministerio De Cultura,Ministerio De Cultura,Dir. Gral De Ensenanza Artistica,Difusion De Las Artes,Servicios Sociales,Cultura,Gastos En Personal,Remuneraciones Al Personal,6489075.0,9331547.0,9331535.1,903389343.11,903388191.07,Fiscal
2017,4,Administracion Central,Ministerio De Cultura,Ministerio De Cultura,Ministerio De Cultura,Dir. Gral De Ensenanza Artistica,Difusion De Las Artes,Servicios Sociales,Cultura,Bienes De Consumo,Bienes De Consumo,24936.0,24936.0,24896.0,2414060.25,2410187.84,Fiscal
2017,4,Administracion Central,Ministerio De Cultura,Ministerio De Cultura,Ministerio De Cultura,Dir. Gral De Ensenanza Artistica,Difusion De Las Artes,Servicios Sociales,Cultura,Servicios No Personales,Servicios No Personales,2096783.0,2341159.0,2341156.5,226648174.32,226647932.29,Fiscal
2017,4,Administracion Central,Ministerio De Cultura,Ministerio De Cultura,Ministerio De Cultura,Dir. Gral De Musica,Promocion Y Divulgacion Musical,Servicios Sociales,Cultura,Gastos En Personal,Remuneraciones Al Personal,110456329.0,123053410.0,123030439.5,11912830662.18,11910606882.47,Fiscal
2017,4,Administracion Central,Ministerio De Cultura,Ministerio De Cultura,Ministerio De Cultura,Dir. Gral De Musica,Promocion Y Divulgacion Musical,Servicios Sociales,Cultura,Bienes De Consumo,Bienes De Consumo,957582.0,798266.0,778843.96,77280326.33,75400073.9,Fiscal
2017,4,Administracion Central,Ministerio De Cultura,Ministerio De Cultura,Ministerio De Cultura,Dir. Gral De Musica,Promocion Y Divulgacion Musical,Servicios Sociales,Cultura,Servicios No Personales,Servicios No Personales,7611456.0,8979110.0,8913248.69,869269831.1,862893781.6,Fiscal
2017,4,Administracion Central,Ministerio De Cultura,Ministerio De Cultura,Ministerio De Cultura,Dir. Gral De Musica,Promocion Y Divulgacion Musical,Servicios Sociales,Cultura,Bienes De Uso,Maquinaria Y Equipo,3006466.0,1220874.0,1220872.54,118193109.98,118192968.64,Fiscal
2017,4,Administracion Central,Ministerio De Cultura,Ministerio De Cultura,Ministerio De Cultura,Dir. Gral Del Libro Y Promocion De La Lectura,Promocion De La Lectura,Servicios Sociales,Cultura,Gastos En Personal,Remuneraciones Al Personal,63223036.0,73551292.0,73551265.34,7120518534.03,7120515953.07,Fiscal
2017,4,Administracion Central,Ministerio De Cultura,Ministerio De Cultura,Ministerio De Cultura,Dir. Gral Del Libro Y Promocion De La Lectura,Promocion De La Lectura,Servicios Sociales,Cultura,Servicios No Personales,Servicios No Personales,18455856.0,22145943.0,22051826.82,2143954148.15,2134842737.79,Fiscal
2017,4,Administracion Central,Ministerio De Cultura,Ministerio De Cultura,Ministerio De Cultura,Dir. Gral Del Libro Y Promocion De La Lectura,Promocion De La Lectura,Servicios Sociales,Cultura,Bienes De Uso,Maquinaria Y Equipo,597475.0,1933240.0,1932584.87,187157436.35,187094013.05,Fiscal
2017,4,Administracion Central,Ministerio De Cultura,Ministerio De Cultura,Ministerio De Cultura,Dir. Gral Del Libro Y Promocion De La Lectura,Promocion De La Lectura,Servicios Sociales,Cultura,Bienes De Consumo,Bienes De Consumo,313068.0,623847.0,619995.52,60394780.36,60021917.65,Fiscal
2017,4,Administracion Central,Ministerio De Cultura,Ministerio De Cultura,Ministerio De Cultura,Dir. Gral Del Libro Y Promocion De La Lectura,Promocion De La Lectura,Servicios Sociales,Cultura,Transferencias,Al Sector Privado,7545526.0,7545526.0,7368675.0,730484214.09,713363225.61,Fiscal
2017,4,Administracion Central,Ministerio De Cultura,Ministerio De Cultura,Ministerio De Cultura,Dir. Gral Del Libro Y Promocion De La Lectura,Promocion De La Lectura,Servicios Sociales,Cultura,Transferencias,Al Sector Privado,1353000.0,1353000.0,1353000.0,130984260.3,130984260.3,Fiscal
2017,4,Administracion Central,Ministerio De Cultura,Ministerio De Cultura,Ministerio De Cultura,Dir.Gral.Patrimonio Museos Y Casco Historico,"Administracion De Patrimonio, Museos Y Casco Historico",Servicios Sociales,Cultura,Gastos En Personal,Remuneraciones Al Personal,63366750.0,108511037.0,108511027.58,10504979981.93,10504979069.98,Fiscal
2017,4,Administracion Central,Ministerio De Cultura,Ministerio De Cultura,Ministerio De Cultura,Dir.Gral.Patrimonio Museos Y Casco Historico,"Administracion De Patrimonio, Museos Y Casco Historico",Servicios Sociales,Cultura,Bienes De Consumo,Bienes De Consumo,2278797.0,3480006.0,3466876.06,336900230.41,335629117.71,Fiscal
2017,4,Administracion Central,Ministerio De Cultura,Ministerio De Cultura,Ministerio De Cultura,Dir.Gral.Patrimonio Museos Y Casco Historico,"Administracion De Patrimonio, Museos Y Casco Historico",Servicios Sociales,Cultura,Servicios No Personales,Servicios No Personales,22427893.0,28571274.0,28276426.75,2765992010.82,2737447776.57,Fiscal
2017,4,Administracion Central,Ministerio De Cultura,Ministerio De Cultura,Ministerio De Cultura,Dir.Gral.Patrimonio Museos Y Casco Historico,"Administracion De Patrimonio, Museos Y Casco Historico",Servicios Sociales,Cultura,Bienes De Uso,Maquinaria Y Equipo,4654924.0,3024106.0,3024063.76,292764440.11,292760350.85,Fiscal
2017,4,Administracion Central,Ministerio De Cultura,Ministerio De Cultura,Ministerio De Cultura,Dir.Gral.Patrimonio Museos Y Casco Historico,Divulgacion Y Preservacion Del Patrimonio De La Ciudad,Servicios Sociales,Cultura,Gastos En Personal,Remuneraciones Al Personal,23458654.0,16431558.0,16431550.26,1590743141.29,1590742391.98,Fiscal
2017,4,Administracion Central,Ministerio De Cultura,Ministerio De Cultura,Ministerio De Cultura,Dir.Gral.Patrimonio Museos Y Casco Historico,Divulgacion Y Preservacion Del Patrimonio De La Ciudad,Servicios Sociales,Cultura,Servicios No Personales,Servicios No Personales,17000821.0,10593003.0,10546906.24,1025511206.42,1021048567.83,Fiscal
2017,4,Administracion Central,Ministerio De Cultura,Ministerio De Cultura,Ministerio De Cultura,Dir.Gral.Patrimonio Museos Y Casco Historico,Divulgacion Y Preservacion Del Patrimonio De La Ciudad,Servicios Sociales,Cultura,Bienes De Uso,Maquinaria Y Equipo,262361.0,0.0,0.0,0.0,0.0,Fiscal
2017,4,Administracion Central,Ministerio De Cultura,Ministerio De Cultura,Ministerio De Cultura,Dir.Gral.Patrimonio Museos Y Casco Historico,Divulgacion Y Preservacion Del Patrimonio De La Ciudad,Servicios Sociales,Cultura,Bienes De Uso,Construcciones Del Dominio Privado,7000000.0,2912097.0,2912096.21,281920821.48,281920745.0,Fiscal
2017,4,Administracion Central,Ministerio De Cultura,Ministerio De Cultura,Ministerio De Cultura,Dir.Gral.Patrimonio Museos Y Casco Historico,Divulgacion Y Preservacion Del Patrimonio De La Ciudad,Servicios Sociales,Cultura,Activos Financieros,Activos Financieros,0.0,822357.0,822356.69,79612581.93,79612551.91,Fiscal
2017,4,Administracion Central,Ministerio De Cultura,Ministerio De Cultura,Ministerio De Cultura,Dir.Gral.Patrimonio Museos Y Casco Historico,Comunicacion De La Cultura En Museos,Servicios Sociales,Cultura,Gastos En Personal,Remuneraciones Al Personal,88327706.0,89541517.0,89539829.76,8668536119.85,8668372777.73,Fiscal
2017,4,Administracion Central,Ministerio De Cultura,Ministerio De Cultura,Ministerio De Cultura,Dir.Gral.Patrimonio Museos Y Casco Historico,Comunicacion De La Cultura En Museos,Servicios Sociales,Cultura,Servicios No Personales,Servicios No Personales,10123859.0,29066401.0,29016119.18,2813925376.57,2809057581.3,Fiscal
2017,4,Administracion Central,Ministerio De Cultura,Ministerio De Cultura,Ministerio De Cultura,Dir.Gral.Patrimonio Museos Y Casco Historico,Comunicacion De La Cultura En Museos,Servicios Sociales,Cultura,Bienes De Uso,Maquinaria Y Equipo,793221.0,3531429.0,3496173.31,341878503.59,338465391.63,Fiscal
2017,4,Administracion Central,Ministerio De Cultura,Ministerio De Cultura,Ministerio De Cultura,Dir.Gral.Patrimonio Museos Y Casco Historico,Comunicacion De La Cultura En Museos,Servicios Sociales,Cultura,Bienes De Consumo,Bienes De Consumo,274422.0,3953364.0,3953356.56,382726133.94,382725413.68,Fiscal
2017,4,Administracion Central,Ministerio De Cultura,Ministerio De Cultura,Ministerio De Cultura,Dir.Gral.Patrimonio Museos Y Casco Historico,Comunicacion De La Cultura En Museos,Servicios Sociales,Cultura,Servicios No Personales,Servicios No Personales,0.0,899650.0,469790.0,87095336.12,45480484.59,Fiscal
2017,4,Administracion Central,Ministerio De Cultura,Ministerio De Cultura,Ministerio De Cultura,Dir.Gral.Patrimonio Museos Y Casco Historico,Comunicacion De La Cultura En Museos,Servicios Sociales,Cultura,Bienes De Uso,Construcciones Del Dominio Privado,0.0,12013648.0,12013647.63,1163044195.68,1163044159.86,Fiscal
2017,4,Administracion Central,Ministerio De Cultura,Ministerio De Cultura,Ministerio De Cultura,Dir.Gral.Patrimonio Museos Y Casco Historico,Comunicacion De La Cultura En Museos,Servicios Sociales,Cultura,Activos Financieros,Activos Financieros,0.0,9295500.0,9295429.51,899899624.24,899892800.08,Fiscal
2017,4,Administracion Central,Ministerio De Cultura,Ministerio De Cultura,Ministerio De Cultura,Dir.Gral.Patrimonio Museos Y Casco Historico,Puesta En Valor Del Casco Historico Y Su Entorno,Servicios Sociales,Cultura,Gastos En Personal,Remuneraciones Al Personal,3513090.0,1105385.0,1105379.28,107012591.7,107012037.94,Fiscal
2017,4,Administracion Central,Ministerio De Cultura,Ministerio De Cultura,Ministerio De Cultura,Dir.Gral.Patrimonio Museos Y Casco Historico,Puesta En Valor Del Casco Historico Y Su Entorno,Servicios Sociales,Cultura,Bienes De Consumo,Bienes De Consumo,113946.0,5757.0,5756.19,557336.58,557258.16,Fiscal
2017,4,Administracion Central,Ministerio De Cultura,Ministerio De Cultura,Ministerio De Cultura,Dir.Gral.Patrimonio Museos Y Casco Historico,Puesta En Valor Del Casco Historico Y Su Entorno,Servicios Sociales,Cultura,Servicios No Personales,Servicios No Personales,784687.0,322043.0,322040.81,31177061.45,31176849.43,Fiscal
2017,4,Administracion Central,Ministerio De Cultura,Ministerio De Cultura,Ministerio De Cultura,Dir.Gral.Patrimonio Museos Y Casco Historico,Puesta En Valor Del Casco Historico Y Su Entorno,Servicios Sociales,Cultura,Bienes De Uso,Maquinaria Y Equipo,190085.0,0.0,0.0,0.0,0.0,Fiscal
2017,4,Administracion Central,Ministerio De Cultura,Ministerio De Cultura,Ministerio De Cultura,Dir.Gral.Patrimonio Museos Y Casco Historico,Escuela Taller Del Casco Historico,Servicios Sociales,Educación,Gastos En Personal,Remuneraciones Al Personal,1443893.0,202191.0,202189.42,19574160.07,19574007.11,Fiscal
2017,4,Administracion Central,Ministerio De Cultura,Ministerio De Cultura,Ministerio De Cultura,Dir.Gral.Patrimonio Museos Y Casco Historico,Escuela Taller Del Casco Historico,Servicios Sociales,Educación,Bienes De Consumo,Bienes De Consumo,203891.0,42124.0,42121.75,4078034.72,4077816.9,Fiscal
2017,4,Administracion Central,Ministerio De Cultura,Ministerio De Cultura,Ministerio De Cultura,Dir.Gral.Patrimonio Museos Y Casco Historico,Escuela Taller Del Casco Historico,Servicios Sociales,Educación,Servicios No Personales,Servicios No Personales,861819.0,324883.0,324000.0,31452002.54,31366519.1,Fiscal
2017,4,Administracion Central,Ministerio De Cultura,Ministerio De Cultura,Ministerio De Cultura,Dir. Gral Centro Cultural Recoleta,Difusion De Las Artes En El Centro Cultural Recoleta,Servicios Sociales,Cultura,Gastos En Personal,Remuneraciones Al Personal,54369339.0,64618553.0,64618526.6,6255737890.76,6255735334.97,Fiscal
2017,4,Administracion Central,Ministerio De Cultura,Ministerio De Cultura,Ministerio De Cultura,Dir. Gral Centro Cultural Recoleta,Difusion De Las Artes En El Centro Cultural Recoleta,Servicios Sociales,Cultura,Servicios No Personales,Servicios No Personales,25240185.0,60915502.0,60786964.28,5897244619.45,5884800851.4,Fiscal
2017,4,Administracion Central,Ministerio De Cultura,Ministerio De Cultura,Ministerio De Cultura,Dir. Gral Centro Cultural Recoleta,Difusion De Las Artes En El Centro Cultural Recoleta,Servicios Sociales,Cultura,Bienes De Consumo,Bienes De Consumo,424442.0,1820694.0,1820586.19,176261830.61,176251393.5,Fiscal
2017,4,Administracion Central,Ministerio De Cultura,Ministerio De Cultura,Ministerio De Cultura,Dir. Gral Centro Cultural Recoleta,Difusion De Las Artes En El Centro Cultural Recoleta,Servicios Sociales,Cultura,Servicios No Personales,Derechos Sobre Bienes Intangibles,0.0,140136.0,140135.16,13566600.37,13566519.05,Fiscal
2017,4,Administracion Central,Ministerio De Cultura,Ministerio De Cultura,Ministerio De Cultura,Dir. Gral Centro Cultural Recoleta,Difusion De Las Artes En El Centro Cultural Recoleta,Servicios Sociales,Cultura,Servicios No Personales,Impuestos Directos,0.0,35031.0,35030.47,3391359.66,3391308.35,Fiscal
2017,4,Administracion Central,Ministerio De Cultura,Ministerio De Cultura,Ministerio De Cultura,Dir. Gral Centro Cultural Recoleta,Difusion De Las Artes En El Centro Cultural Recoleta,Servicios Sociales,Cultura,Bienes De Uso,Maquinaria Y Equipo,299081.0,1451754.0,1451573.58,140544659.15,140527192.64,Fiscal
2017,4,Administracion Central,Ministerio De Cultura,Ministerio De Cultura,Ministerio De Cultura,Dir. Gral Centro Cultural Recoleta,Difusion De Las Artes En El Centro Cultural Recoleta,Servicios Sociales,Cultura,Bienes De Uso,Construcciones Del Dominio Privado,80000000.0,3699691.0,3699690.94,358167988.89,358167983.08,Fiscal
2017,4,Administracion Central,Ministerio De Cultura,Ministerio De Cultura,Ministerio De Cultura,Dir. Gral Centro Cultural Recoleta,Difusion De Las Artes En El Centro Cultural Recoleta,Servicios Sociales,Cultura,Activos Financieros,Activos Financieros,0.0,10880826.0,10880825.59,1053375421.31,1053375381.62,Fiscal
2017,4,Administracion Central,Ministerio De Cultura,Ministerio De Cultura,Ministerio De Cultura,Subs.Politicas Culturales Y Nuevas Audiencias,"Actividades Comunes A Los Prog. 34,35,39,54 Y 57",Servicios Sociales,Cultura,Gastos En Personal,Remuneraciones Al Personal,4068304.0,5503530.0,5503524.71,532798082.83,532797570.71,Fiscal
2017,4,Administracion Central,Ministerio De Cultura,Ministerio De Cultura,Ministerio De Cultura,Subs.Politicas Culturales Y Nuevas Audiencias,"Actividades Comunes A Los Prog. 34,35,39,54 Y 57",Servicios Sociales,Cultura,Bienes De Consumo,Bienes De Consumo,133949.0,1212876.0,1197073.82,117418821.65,115889008.75,Fiscal
2017,4,Administracion Central,Ministerio De Cultura,Ministerio De Cultura,Ministerio De Cultura,Subs.Politicas Culturales Y Nuevas Audiencias,"Actividades Comunes A Los Prog. 34,35,39,54 Y 57",Servicios Sociales,Cultura,Servicios No Personales,Servicios No Personales,9565361.0,33374454.0,33367617.52,3230989039.19,3230327197.89,Fiscal
2017,4,Administracion Central,Ministerio De Cultura,Ministerio De Cultura,Ministerio De Cultura,Subs.Politicas Culturales Y Nuevas Audiencias,"Actividades Comunes A Los Prog. 34,35,39,54 Y 57",Servicios Sociales,Cultura,Bienes De Uso,Maquinaria Y Equipo,93255.0,682815.0,661400.22,66103486.84,64030316.76,Fiscal
2017,4,Administracion Central,Ministerio De Cultura,Ministerio De Cultura,Ministerio De Cultura,Subs.Politicas Culturales Y Nuevas Audiencias,"Actividades Comunes A Los Prog. 34,35,39,54 Y 57",Servicios Sociales,Cultura,Transferencias,Al Sector Privado,0.0,350000.0,332604.92,33883585.44,32199563.5,Fiscal
2017,4,Administracion Central,Ministerio De Cultura,Ministerio De Cultura,Ministerio De Cultura,Dir. Gral Complejo Teatral Ciudad De Buenos Aires,Administracion Del Complejo Teatral,Servicios Sociales,Cultura,Gastos En Personal,Remuneraciones Al Personal,169418635.0,234549766.0,234524479.86,22706820105.28,22704372147.9,Fiscal
2017,4,Administracion Central,Ministerio De Cultura,Ministerio De Cultura,Ministerio De Cultura,Dir. Gral Complejo Teatral Ciudad De Buenos Aires,Administracion Del Complejo Teatral,Servicios Sociales,Cultura,Bienes De Consumo,Bienes De Consumo,1228621.0,15710281.0,15690336.96,1520916138.84,1518985351.46,Fiscal
2017,4,Administracion Central,Ministerio De Cultura,Ministerio De Cultura,Ministerio De Cultura,Dir. Gral Complejo Teatral Ciudad De Buenos Aires,Administracion Del Complejo Teatral,Servicios Sociales,Cultura,Servicios No Personales,Servicios No Personales,59032702.0,58985448.0,58924647.22,5710395620.54,5704509482.19,Fiscal
2017,4,Administracion Central,Ministerio De Cultura,Ministerio De Cultura,Ministerio De Cultura,Dir. Gral Complejo Teatral Ciudad De Buenos Aires,Administracion Del Complejo Teatral,Servicios Sociales,Cultura,Bienes De Uso,Maquinaria Y Equipo,632537.0,43108566.0,42949457.2,4173350798.22,4157947436.45,Fiscal
2017,4,Administracion Central,Ministerio De Cultura,Ministerio De Cultura,Ministerio De Cultura,Dir. Gral Complejo Teatral Ciudad De Buenos Aires,Administracion Del Complejo Teatral,Servicios Sociales,Cultura,Servicios No Personales,Servicios No Personales,600000.0,23820596.0,18711423.53,2306077713.9,1811457479.81,Fiscal
2017,4,Administracion Central,Ministerio De Cultura,Ministerio De Cultura,Ministerio De Cultura,Dir. Gral Complejo Teatral Ciudad De Buenos Aires,Administracion Del Complejo Teatral,Servicios Sociales,Cultura,Bienes De Uso,Construcciones Del Dominio Privado,161900000.0,201018859.0,199863949.03,19460684812.97,19348877696.84,Fiscal
2017,4,Administracion Central,Ministerio De Cultura,Ministerio De Cultura,Ministerio De Cultura,Dir. Gral Complejo Teatral Ciudad De Buenos Aires,Administracion Del Complejo Teatral,Servicios Sociales,Cultura,Activos Financieros,Activos Financieros,10000000.0,0.0,0.0,0.0,0.0,Fiscal
2017,4,Administracion Central,Ministerio De Cultura,Ministerio De Cultura,Ministerio De Cultura,Dir. Gral Complejo Teatral Ciudad De Buenos Aires,Expresiones Artisticas En El Complejo Teatral,Servicios Sociales,Cultura,Bienes De Consumo,Bienes De Consumo,775629.0,2285427.0,2194728.41,221252745.79,212472193.15,Fiscal
2017,4,Administracion Central,Ministerio De Cultura,Ministerio De Cultura,Ministerio De Cultura,Dir. Gral Complejo Teatral Ciudad De Buenos Aires,Expresiones Artisticas En El Complejo Teatral,Servicios Sociales,Cultura,Servicios No Personales,Servicios No Personales,33061742.0,92161791.0,91291399.31,8922205485.46,8837942653.47,Fiscal
2017,4,Administracion Central,Ministerio De Cultura,Ministerio De Cultura,Ministerio De Cultura,Dir. Gral Complejo Teatral Ciudad De Buenos Aires,Expresiones Artisticas En El Complejo Teatral,Servicios Sociales,Cultura,Gastos En Personal,Remuneraciones Al Personal,32718260.0,2838558.0,2838556.22,274801492.94,274801320.61,Fiscal
2017,4,Administracion Central,Ministerio De Cultura,Ministerio De Cultura,Ministerio De Cultura,Dir. Gral Complejo Teatral Ciudad De Buenos Aires,Formacion Artistica En El Complejo Teatral,Servicios Sociales,Educación,Gastos En Personal,Remuneraciones Al Personal,0.0,4262803.0,4262799.65,412682999.08,412682674.76,Fiscal
2017,4,Administracion Central,Ministerio De Cultura,Ministerio De Cultura,Ministerio De Cultura,Dir. Gral Complejo Teatral Ciudad De Buenos Aires,Formacion Artistica En El Complejo Teatral,Servicios Sociales,Educación,Servicios No Personales,Servicios No Personales,2464401.0,1751091.0,1727947.05,169523547.19,167282975.74,Fiscal
2017,4,Administracion Central,Ministerio De Cultura,Ministerio De Cultura,Ministerio De Cultura,Dir. Gral Centro Cultural General San Martin,Nuevas Tendencias En El Ccgsm,Servicios Sociales,Cultura,Gastos En Personal,Remuneraciones Al Personal,76407418.0,95344765.0,95344740.7,9230349975.43,9230347622.94,Fiscal
2017,4,Administracion Central,Ministerio De Cultura,Ministerio De Cultura,Ministerio De Cultura,Dir. Gral Centro Cultural General San Martin,Nuevas Tendencias En El Ccgsm,Servicios Sociales,Cultura,Servicios No Personales,Servicios No Personales,34948284.0,36433566.0,35693924.74,3527142418.71,3455537567.76,Fiscal
2017,4,Administracion Central,Ministerio De Cultura,Ministerio De Cultura,Ministerio De Cultura,Dir. Gral Centro Cultural General San Martin,Nuevas Tendencias En El Ccgsm,Servicios Sociales,Cultura,Bienes De Uso,Maquinaria Y Equipo,2692074.0,297972.0,297970.28,28846742.06,28846575.55,Fiscal
2017,4,Administracion Central,Ministerio De Cultura,Ministerio De Cultura,Ministerio De Cultura,Dir. Gral Centro Cultural General San Martin,Nuevas Tendencias En El Ccgsm,Servicios Sociales,Cultura,Bienes De Consumo,Bienes De Consumo,1738895.0,915051.0,910323.74,88586310.69,88128663.5,Fiscal
2017,4,Administracion Central,Ministerio De Cultura,Ministerio De Cultura,Ministerio De Cultura,Dir. Gral Centro Cultural General San Martin,Nuevas Tendencias En El Ccgsm,Servicios Sociales,Cultura,Bienes De Uso,Activos Intangibles,48772.0,4737.0,0.0,458590.13,0.0,Fiscal
2017,4,Administracion Central,Ministerio De Cultura,Ministerio De Cultura,Ministerio De Cultura,Dir. Gral Centro Cultural General San Martin,Nuevas Tendencias En El Ccgsm,Servicios Sociales,Cultura,Bienes De Uso,Construcciones Del Dominio Privado,8500000.0,0.0,0.0,0.0,0.0,Fiscal
2017,4,Administracion Central,Ministerio De Cultura,Ministerio De Cultura,Ministerio De Cultura,Dir. Gral Centro Cultural General San Martin,Nuevas Tendencias En El Ccgsm,Servicios Sociales,Cultura,Bienes De Uso,Bienes De Uso,0.0,6084333.0,4056222.0,589025763.05,392683842.03,Fiscal
2017,4,Administracion Central,Ministerio De Cultura,Ministerio De Cultura,Ministerio De Cultura,Dir. Gral Centro Cultural General San Martin,Nuevas Tendencias En El Ccgsm,Servicios Sociales,Cultura,Activos Financieros,Activos Financieros,0.0,0.0,0.0,0.0,0.0,Fiscal
2017,4,Administracion Central,Ministerio De Cultura,Ministerio De Cultura,Ministerio De Cultura,Subsecretaria De Gestion Cultural,"Act.Com 15,26,27,31,32,33,37,38,41,42,52,53,55 Y 56",Servicios Sociales,Cultura,Gastos En Personal,Remuneraciones Al Personal,4901971.0,5538759.0,5538749.42,536208610.92,536207683.48,Fiscal
2017,4,Administracion Central,Ministerio De Cultura,Ministerio De Cultura,Ministerio De Cultura,Subsecretaria De Gestion Cultural,"Act.Com 15,26,27,31,32,33,37,38,41,42,52,53,55 Y 56",Servicios Sociales,Cultura,Bienes De Consumo,Bienes De Consumo,222859.0,745940.0,739566.65,72214633.5,71597627.93,Fiscal
2017,4,Administracion Central,Ministerio De Cultura,Ministerio De Cultura,Ministerio De Cultura,Subsecretaria De Gestion Cultural,"Act.Com 15,26,27,31,32,33,37,38,41,42,52,53,55 Y 56",Servicios Sociales,Cultura,Servicios No Personales,Servicios No Personales,17134020.0,54423760.0,54266143.05,5268777491.65,5253518556.24,Fiscal
2017,4,Administracion Central,Ministerio De Cultura,Ministerio De Cultura,Ministerio De Cultura,Subsecretaria De Gestion Cultural,"Act.Com 15,26,27,31,32,33,37,38,41,42,52,53,55 Y 56",Servicios Sociales,Cultura,Bienes De Uso,Maquinaria Y Equipo,145200.0,0.0,0.0,0.0,0.0,Fiscal
2017,4,Organismos Descentralizados,Ministerio De Cultura,Ministerio De Cultura,Teatro Colon,Ente Autarquico Teatro Colon,Actividades Comunes A Los Programas 58 - 59,Servicios Sociales,Cultura,Gastos En Personal,Remuneraciones Al Personal,328742411.0,392828378.0,389752941.36,38029811172.34,37732077400.44,Fiscal
2017,4,Organismos Descentralizados,Ministerio De Cultura,Ministerio De Cultura,Teatro Colon,Ente Autarquico Teatro Colon,Actividades Comunes A Los Programas 58 - 59,Servicios Sociales,Cultura,Bienes De Consumo,Bienes De Consumo,21083700.0,17675300.0,17016611.07,1711150107.93,1647382271.82,Fiscal
2017,4,Organismos Descentralizados,Ministerio De Cultura,Ministerio De Cultura,Teatro Colon,Ente Autarquico Teatro Colon,Actividades Comunes A Los Programas 58 - 59,Servicios Sociales,Cultura,Servicios No Personales,Servicios No Personales,256192610.0,220064986.0,217237813.13,21304545017.42,21030845721.7,Fiscal
2017,4,Organismos Descentralizados,Ministerio De Cultura,Ministerio De Cultura,Teatro Colon,Ente Autarquico Teatro Colon,Actividades Comunes A Los Programas 58 - 59,Servicios Sociales,Cultura,Bienes De Uso,Maquinaria Y Equipo,11875332.0,13012780.0,12816910.64,1259770408.51,1240808247.95,Fiscal
2017,4,Organismos Descentralizados,Ministerio De Cultura,Ministerio De Cultura,Teatro Colon,Ente Autarquico Teatro Colon,Actividades Comunes A Los Programas 58 - 59,Servicios Sociales,Cultura,Bienes De Uso,Activos Intangibles,880000.0,41400.0,41388.86,4007944.11,4006865.64,Fiscal
2017,4,Organismos Descentralizados,Ministerio De Cultura,Ministerio De Cultura,Teatro Colon,Ente Autarquico Teatro Colon,Actividades Comunes A Los Programas 58 - 59,Servicios Sociales,Cultura,Bienes De Uso,Bienes De Uso,10000000.0,5994647.0,5994646.05,580343239.5,580343147.53,Fiscal
2017,4,Organismos Descentralizados,Ministerio De Cultura,Ministerio De Cultura,Teatro Colon,Ente Autarquico Teatro Colon,Actividades Comunes A Los Programas 58 - 59,Servicios Sociales,Cultura,Bienes De Uso,Construcciones Del Dominio Privado,10000000.0,2014785.0,1673059.86,195051827.7,161969333.48,Fiscal
2017,4,Organismos Descentralizados,Ministerio De Cultura,Ministerio De Cultura,Teatro Colon,Ente Autarquico Teatro Colon,Actividades Comunes A Los Programas 58 - 59,Servicios Sociales,Cultura,Activos Financieros,Activos Financieros,4000000.0,985216.0,985215.24,95379001.47,95378927.9,Fiscal
2017,4,Organismos Descentralizados,Ministerio De Cultura,Ministerio De Cultura,Teatro Colon,Ente Autarquico Teatro Colon,For. Art. Instituto Superior De Arte,Servicios Sociales,Educación,Gastos En Personal,Remuneraciones Al Personal,15304160.0,14529761.0,14529734.04,1406629709.45,1406627099.44,Fiscal
2017,4,Organismos Descentralizados,Ministerio De Cultura,Ministerio De Cultura,Teatro Colon,Ente Autarquico Teatro Colon,For. Art. Instituto Superior De Arte,Servicios Sociales,Educación,Servicios No Personales,Servicios No Personales,3850000.0,3850000.0,3796570.47,372719439.87,367546914.03,Fiscal
2017,4,Organismos Descentralizados,Ministerio De Cultura,Ministerio De Cultura,Teatro Colon,Ente Autarquico Teatro Colon,For. Art. Instituto Superior De Arte,Servicios Sociales,Educación,Bienes De Uso,Maquinaria Y Equipo,6000000.0,4994112.0,4994104.73,483481201.89,483480498.08,Fiscal
2017,4,Organismos Descentralizados,Ministerio De Cultura,Ministerio De Cultura,Teatro Colon,Ente Autarquico Teatro Colon,Divulgacion De Las Expresiones Artisticas,Servicios Sociales,Cultura,Gastos En Personal,Remuneraciones Al Personal,295449995.0,331398615.0,331388997.11,32082780819.93,32081849709.65,Fiscal
2017,4,Organismos Descentralizados,Ministerio De Cultura,Ministerio De Cultura,Teatro Colon,Ente Autarquico Teatro Colon,Divulgacion De Las Expresiones Artisticas,Servicios Sociales,Cultura,Servicios No Personales,Servicios No Personales,181290669.0,254973524.0,252822027.31,24684049103.16,24475762183.37,Fiscal
2017,4,Organismos Descentralizados,Ministerio De Cultura,Ministerio De Cultura,Teatro Colon,Ente Autarquico Teatro Colon,Divulgacion De Las Expresiones Artisticas,Servicios Sociales,Cultura,Bienes De Consumo,Bienes De Consumo,34282230.0,28074613.0,26988016.26,2717910138.17,2612716442.51,Fiscal
2017,4,Organismos Descentralizados,Ministerio De Cultura,Ministerio De Cultura,Teatro Colon,Ente Autarquico Teatro Colon,Divulgacion De Las Expresiones Artisticas,Servicios Sociales,Cultura,Transferencias,Al Sector Privado,2452000.0,1822000.0,1821334.9,176388264.79,176323876.3,Fiscal
2017,4,Administracion Central,Ministerio De Educacion,Ministerio De Educacion,Ministerio De Educacion,Ministerio De Educacion,Actividades Centrales Educacion,Servicios Sociales,Educación,Gastos En Personal,Remuneraciones Al Personal,113469653.0,111594438.0,111594407.89,10803484785.47,10803481870.51,Fiscal
2017,4,Administracion Central,Ministerio De Educacion,Ministerio De Educacion,Ministerio De Educacion,Ministerio De Educacion,Actividades Centrales Educacion,Servicios Sociales,Educación,Bienes De Consumo,Bienes De Consumo,1517900.0,5783343.0,5779662.38,559886847.67,559530525.95,Fiscal
2017,4,Administracion Central,Ministerio De Educacion,Ministerio De Educacion,Ministerio De Educacion,Ministerio De Educacion,Actividades Centrales Educacion,Servicios Sociales,Educación,Servicios No Personales,Servicios No Personales,73991357.0,43979149.0,43759230.7,4257632150.98,4236341806.67,Fiscal
2017,4,Administracion Central,Ministerio De Educacion,Ministerio De Educacion,Ministerio De Educacion,Ministerio De Educacion,Actividades Centrales Educacion,Servicios Sociales,Educación,Bienes De Uso,Maquinaria Y Equipo,525000.0,1026901.0,1026898.38,99414536.5,99414282.86,Fiscal
2017,4,Administracion Central,Ministerio De Educacion,Ministerio De Educacion,Ministerio De Educacion,Ministerio De Educacion,Actividades Centrales Educacion,Administración Gubernamental,Control De La Gestión,Gastos En Personal,Remuneraciones Al Personal,4511870.0,5692640.0,5692633.71,551105868.1,551105259.16,Fiscal
2017,4,Administracion Central,Ministerio De Educacion,Ministerio De Educacion,Ministerio De Educacion,Ministerio De Educacion,Actividades Centrales Educacion,Administración Gubernamental,Control De La Gestión,Bienes De Consumo,Bienes De Consumo,90880.0,106633.0,106630.02,10323166.76,10322878.27,Fiscal
2017,4,Administracion Central,Ministerio De Educacion,Ministerio De Educacion,Ministerio De Educacion,Ministerio De Educacion,Actividades Centrales Educacion,Administración Gubernamental,Control De La Gestión,Servicios No Personales,Servicios No Personales,924900.0,898441.0,898440.84,86978292.54,86978277.05,Fiscal
2017,4,Administracion Central,Ministerio De Educacion,Ministerio De Educacion,Ministerio De Educacion,Ministerio De Educacion,Actividades Centrales Educacion,Servicios De Seguridad,Seguridad Interior,Servicios No Personales,Servicios No Personales,161947726.0,183423603.0,181957495.34,17757283784.22,17615349543.74,Fiscal
2017,4,Administracion Central,Ministerio De Educacion,Ministerio De Educacion,Ministerio De Educacion,Ministerio De Educacion,Comunicacion Y Relaciones Institucionales,Servicios Sociales,Educación,Gastos En Personal,Remuneraciones Al Personal,3622003.0,62111.0,62110.07,6012981.07,6012891.04,Fiscal
2017,4,Administracion Central,Ministerio De Educacion,Ministerio De Educacion,Ministerio De Educacion,Ministerio De Educacion,Comunicacion Y Relaciones Institucionales,Servicios Sociales,Educación,Bienes De Consumo,Bienes De Consumo,1562400.0,0.0,0.0,0.0,0.0,Fiscal
2017,4,Administracion Central,Ministerio De Educacion,Ministerio De Educacion,Ministerio De Educacion,Ministerio De Educacion,Comunicacion Y Relaciones Institucionales,Servicios Sociales,Educación,Servicios No Personales,Servicios No Personales,13565964.0,0.0,0.0,0.0,0.0,Fiscal
2017,4,Administracion Central,Ministerio De Educacion,Ministerio De Educacion,Ministerio De Educacion,Ministerio De Educacion,Escuelas Verdes,Servicios Sociales,Educación,Gastos En Personal,Remuneraciones Al Personal,20320009.0,23552420.0,23552415.83,2280115529.87,2280115126.17,Fiscal
2017,4,Administracion Central,Ministerio De Educacion,Ministerio De Educacion,Ministerio De Educacion,Ministerio De Educacion,Escuelas Verdes,Servicios Sociales,Educación,Bienes De Consumo,Bienes De Consumo,118000.0,62675.0,62671.72,6067582.05,6067264.51,Fiscal
2017,4,Administracion Central,Ministerio De Educacion,Ministerio De Educacion,Ministerio De Educacion,Ministerio De Educacion,Escuelas Verdes,Servicios Sociales,Educación,Servicios No Personales,Servicios No Personales,3036164.0,5303719.0,5089009.91,513454331.15,492668291.73,Fiscal
2017,4,Administracion Central,Ministerio De Educacion,Ministerio De Educacion,Ministerio De Educacion,Ministerio De Educacion,Escuelas Verdes,Servicios Sociales,Educación,Bienes De Uso,Maquinaria Y Equipo,0.0,25273.0,25273.0,2446685.3,2446685.3,Fiscal
2017,4,Administracion Central,Ministerio De Educacion,Ministerio De Educacion,Ministerio De Educacion,Dir. Gral De Educacion De Gestion Estatal,Educacion De Gestion Estatal,Servicios Sociales,Educación,Gastos En Personal,Remuneraciones Al Personal,73808273.0,94194815.0,94194801.26,9119023035.2,9119021705.03,Fiscal
2017,4,Administracion Central,Ministerio De Educacion,Ministerio De Educacion,Ministerio De Educacion,Dir. Gral De Educacion De Gestion Estatal,Educacion De Gestion Estatal,Servicios Sociales,Educación,Bienes De Consumo,Bienes De Consumo,139870.0,65686.0,65683.03,6359077.7,6358790.17,Fiscal
2017,4,Administracion Central,Ministerio De Educacion,Ministerio De Educacion,Ministerio De Educacion,Dir. Gral De Educacion De Gestion Estatal,Educacion De Gestion Estatal,Servicios Sociales,Educación,Servicios No Personales,Servicios No Personales,323492987.0,260147190.0,260137269.53,25184912971.62,25183952568.5,Fiscal
2017,4,Administracion Central,Ministerio De Educacion,Ministerio De Educacion,Ministerio De Educacion,Dir. Gral De Educacion De Gestion Estatal,Educacion De Gestion Estatal,Servicios Sociales,Educación,Bienes De Uso,Maquinaria Y Equipo,170400.0,60318.0,60317.5,5839400.3,5839351.9,Fiscal
2017,4,Administracion Central,Ministerio De Educacion,Ministerio De Educacion,Ministerio De Educacion,Dir. Gral De Educacion De Gestion Estatal,Educacion Inicial,Servicios Sociales,Educación,Gastos En Personal,Remuneraciones Al Personal,2811607455.0,2825223631.0,2823220570.54,273510589417.13,273316672645.01,Fiscal
2017,4,Administracion Central,Ministerio De Educacion,Ministerio De Educacion,Ministerio De Educacion,Dir. Gral De Educacion De Gestion Estatal,Educacion Inicial,Servicios Sociales,Educación,Bienes De Consumo,Bienes De Consumo,4114195.0,3216079.0,3216072.4,311349393.11,311348754.16,Fiscal
2017,4,Administracion Central,Ministerio De Educacion,Ministerio De Educacion,Ministerio De Educacion,Dir. Gral De Educacion De Gestion Estatal,Educacion Inicial,Servicios Sociales,Educación,Servicios No Personales,Servicios No Personales,50019830.0,1960825.0,1960824.53,189827946.93,189827901.43,Fiscal
2017,4,Administracion Central,Ministerio De Educacion,Ministerio De Educacion,Ministerio De Educacion,Dir. Gral De Educacion De Gestion Estatal,Educacion Inicial,Servicios Sociales,Educación,Bienes De Uso,Maquinaria Y Equipo,210300.0,32696.0,32696.0,3165307.74,3165307.74,Fiscal
2017,4,Administracion Central,Ministerio De Educacion,Ministerio De Educacion,Ministerio De Educacion,Dir. Gral De Educacion De Gestion Estatal,Educacion Primaria,Servicios Sociales,Educación,Gastos En Personal,Remuneraciones Al Personal,6776259841.0,7106312649.0,7106256592.9,687963862358.9,687958435554.17,Fiscal
2017,4,Administracion Central,Ministerio De Educacion,Ministerio De Educacion,Ministerio De Educacion,Dir. Gral De Educacion De Gestion Estatal,Educacion Primaria,Servicios Sociales,Educación,Bienes De Consumo,Bienes De Consumo,6221960.0,5974760.0,5974759.92,578417974.17,578417966.43,Fiscal
2017,4,Administracion Central,Ministerio De Educacion,Ministerio De Educacion,Ministerio De Educacion,Dir. Gral De Educacion De Gestion Estatal,Educacion Primaria,Servicios Sociales,Educación,Servicios No Personales,Servicios No Personales,231798488.0,314992246.0,311105135.7,30494476231.88,30118164134.81,Fiscal
2017,4,Administracion Central,Ministerio De Educacion,Ministerio De Educacion,Ministerio De Educacion,Dir. Gral De Educacion De Gestion Estatal,Educacion Primaria,Servicios Sociales,Educación,Bienes De Uso,Maquinaria Y Equipo,3030100.0,167929.0,167927.65,16257247.49,16257116.79,Fiscal
2017,4,Administracion Central,Ministerio De Educacion,Ministerio De Educacion,Ministerio De Educacion,Dir. Gral De Educacion De Gestion Estatal,Educacion Primaria,Servicios Sociales,Educación,Transferencias,Al Sector Privado,2500000.0,2316656.0,2316646.5,224276032.91,224275113.21,Fiscal
2017,4,Administracion Central,Ministerio De Educacion,Ministerio De Educacion,Ministerio De Educacion,Dir. Gral De Educacion De Gestion Estatal,Educacion Especial,Servicios Sociales,Educación,Gastos En Personal,Remuneraciones Al Personal,1140960941.0,1211250754.0,1211238173.68,117261481188.03,117260263284.18,Fiscal
2017,4,Administracion Central,Ministerio De Educacion,Ministerio De Educacion,Ministerio De Educacion,Dir. Gral De Educacion De Gestion Estatal,Educacion Especial,Servicios Sociales,Educación,Bienes De Consumo,Bienes De Consumo,706565.0,228963.0,228960.69,22165963.92,22165740.29,Fiscal
2017,4,Administracion Central,Ministerio De Educacion,Ministerio De Educacion,Ministerio De Educacion,Dir. Gral De Educacion De Gestion Estatal,Educacion Especial,Servicios Sociales,Educación,Servicios No Personales,Servicios No Personales,6846100.0,1498347.0,1498347.0,145055338.85,145055338.85,Fiscal
2017,4,Administracion Central,Ministerio De Educacion,Ministerio De Educacion,Ministerio De Educacion,Dir. Gral De Educacion De Gestion Estatal,Educacion Especial,Servicios Sociales,Educación,Bienes De Uso,Maquinaria Y Equipo,190035.0,242743.0,242743.0,23500009.09,23500009.09,Fiscal
2017,4,Administracion Central,Ministerio De Educacion,Ministerio De Educacion,Ministerio De Educacion,Dir. Gral De Educacion De Gestion Estatal,Educacion Especial,Servicios Sociales,Educación,Transferencias,Al Sector Privado,2280000.0,758516.0,758516.0,73432119.13,73432119.13,Fiscal
2017,4,Administracion Central,Ministerio De Educacion,Ministerio De Educacion,Ministerio De Educacion,Dir. Gral De Educacion De Gestion Estatal,Educacion Media,Servicios Sociales,Educación,Gastos En Personal,Remuneraciones Al Personal,3075427563.0,3374023150.0,3373979387.58,326640004825.71,326635768175.14,Fiscal
2017,4,Administracion Central,Ministerio De Educacion,Ministerio De Educacion,Ministerio De Educacion,Dir. Gral De Educacion De Gestion Estatal,Educacion Media,Servicios Sociales,Educación,Bienes De Consumo,Bienes De Consumo,2057276.0,1220579.0,1219839.09,118164550.96,118092920.09,Fiscal
2017,4,Administracion Central,Ministerio De Educacion,Ministerio De Educacion,Ministerio De Educacion,Dir. Gral De Educacion De Gestion Estatal,Educacion Media,Servicios Sociales,Educación,Servicios No Personales,Servicios No Personales,13094524.0,6685311.0,6620750.34,647206589.94,640956456.69,Fiscal
2017,4,Administracion Central,Ministerio De Educacion,Ministerio De Educacion,Ministerio De Educacion,Dir. Gral De Educacion De Gestion Estatal,Educacion Media,Servicios Sociales,Educación,Bienes De Uso,Maquinaria Y Equipo,401007.0,1001.0,1000.0,96907.05,96810.24,Fiscal
2017,4,Administracion Central,Ministerio De Educacion,Ministerio De Educacion,Ministerio De Educacion,Dir. Gral De Educacion De Gestion Estatal,Educacion Del Adulto Y Del Adolescente,Servicios Sociales,Educación,Gastos En Personal,Remuneraciones Al Personal,500200472.0,447236848.0,447236676.47,43297108435.36,43297091829.5,Fiscal
2017,4,Administracion Central,Ministerio De Educacion,Ministerio De Educacion,Ministerio De Educacion,Dir. Gral De Educacion De Gestion Estatal,Educacion Del Adulto Y Del Adolescente,Servicios Sociales,Educación,Bienes De Consumo,Bienes De Consumo,2838600.0,2335550.0,2335545.51,226105165.66,226104730.98,Fiscal
2017,4,Administracion Central,Ministerio De Educacion,Ministerio De Educacion,Ministerio De Educacion,Dir. Gral De Educacion De Gestion Estatal,Educacion Del Adulto Y Del Adolescente,Servicios Sociales,Educación,Servicios No Personales,Servicios No Personales,6291048.0,2657319.0,2657319.0,257255701.1,257255701.1,Fiscal
2017,4,Administracion Central,Ministerio De Educacion,Ministerio De Educacion,Ministerio De Educacion,Dir. Gral De Educacion De Gestion Estatal,Educacion Del Adulto Y Del Adolescente,Servicios Sociales,Educación,Bienes De Uso,Maquinaria Y Equipo,339500.0,0.0,0.0,0.0,0.0,Fiscal
2017,4,Administracion Central,Ministerio De Educacion,Ministerio De Educacion,Ministerio De Educacion,Dir. Gral De Educacion De Gestion Estatal,Educacion Tecnica,Servicios Sociales,Educación,Gastos En Personal,Remuneraciones Al Personal,1673496812.0,2467464463.0,2455813891.45,238875837026.07,237747942350.15,Fiscal
2017,4,Administracion Central,Ministerio De Educacion,Ministerio De Educacion,Ministerio De Educacion,Dir. Gral De Educacion De Gestion Estatal,Educacion Tecnica,Servicios Sociales,Educación,Bienes De Consumo,Bienes De Consumo,392868.0,29001187.0,25829777.51,2807611993.31,2500587066.37,Fiscal
2017,4,Administracion Central,Ministerio De Educacion,Ministerio De Educacion,Ministerio De Educacion,Dir. Gral De Educacion De Gestion Estatal,Educacion Tecnica,Servicios Sociales,Educación,Servicios No Personales,Servicios No Personales,63171664.0,17090353.0,16634752.25,1654521246.07,1610414426.24,Fiscal
2017,4,Administracion Central,Ministerio De Educacion,Ministerio De Educacion,Ministerio De Educacion,Dir. Gral De Educacion De Gestion Estatal,Educacion Tecnica,Servicios Sociales,Educación,Bienes De Uso,Maquinaria Y Equipo,119600.0,64150622.0,51908996.31,6210437376.42,5025322604.91,Fiscal
2017,4,Administracion Central,Ministerio De Educacion,Ministerio De Educacion,Ministerio De Educacion,Dir. Gral De Educacion De Gestion Estatal,Educacion Tecnica,Servicios Sociales,Educación,Bienes De Uso,Activos Intangibles,0.0,511591.0,0.0,49527249.6,0.0,Fiscal
2017,4,Administracion Central,Ministerio De Educacion,Ministerio De Educacion,Ministerio De Educacion,Dir. Gral De Educacion De Gestion Estatal,Educacion Tecnica,Servicios Sociales,Educación,Transferencias,Al Sector Privado,0.0,3890200.0,3868882.0,376611211.68,374547410.9,Fiscal
2017,4,Administracion Central,Ministerio De Educacion,Ministerio De Educacion,Ministerio De Educacion,Dir. Gral De Educacion De Gestion Estatal,Educacion Tecnica,Servicios Sociales,Educación,Transferencias,Al Sector Público,0.0,1452620.0,1409020.0,140628496.82,136407570.17,Fiscal
2017,4,Administracion Central,Ministerio De Educacion,Ministerio De Educacion,Ministerio De Educacion,Dir. Gral Educacion De Gestion Privada,Educacion De Gestion Privada,Servicios Sociales,Educación,Gastos En Personal,Remuneraciones Al Personal,83779065.0,91682982.0,91682967.86,8875851869.28,8875850500.38,Fiscal
2017,4,Administracion Central,Ministerio De Educacion,Ministerio De Educacion,Ministerio De Educacion,Dir. Gral Educacion De Gestion Privada,Educacion De Gestion Privada,Servicios Sociales,Educación,Bienes De Consumo,Bienes De Consumo,210000.0,220906.0,219991.06,21385963.79,21297388.22,Fiscal
2017,4,Administracion Central,Ministerio De Educacion,Ministerio De Educacion,Ministerio De Educacion,Dir. Gral Educacion De Gestion Privada,Educacion De Gestion Privada,Servicios Sociales,Educación,Servicios No Personales,Servicios No Personales,3727652.0,4935216.0,4935215.09,477779465.76,477779377.66,Fiscal
2017,4,Administracion Central,Ministerio De Educacion,Ministerio De Educacion,Ministerio De Educacion,Dir. Gral Educacion De Gestion Privada,Educacion De Gestion Privada,Servicios Sociales,Educación,Bienes De Uso,Maquinaria Y Equipo,200000.0,203404.0,203403.2,19691590.9,19691513.45,Fiscal
2017,4,Administracion Central,Ministerio De Educacion,Ministerio De Educacion,Ministerio De Educacion,Dir. Gral Educacion De Gestion Privada,Educacion De Gestion Privada,Servicios Sociales,Educación,Transferencias,Al Sector Privado,5269651066.0,5786576553.0,5782071404.1,560199888728.16,559763744163.34,Fiscal
2017,4,Administracion Central,Ministerio De Educacion,Ministerio De Educacion,Ministerio De Educacion,Dir.Gral.Tecnología Educativa,Plan Integral De Educacion Digital,Servicios Sociales,Educación,Gastos En Personal,Remuneraciones Al Personal,180504435.0,181326298.0,181326290.35,17554243175.17,17554242434.57,Fiscal
2017,4,Administracion Central,Ministerio De Educacion,Ministerio De Educacion,Ministerio De Educacion,Dir.Gral.Tecnología Educativa,Plan Integral De Educacion Digital,Servicios Sociales,Educación,Bienes De Consumo,Bienes De Consumo,153708.0,151095.0,151091.87,14627543.84,14627240.82,Fiscal
2017,4,Administracion Central,Ministerio De Educacion,Ministerio De Educacion,Ministerio De Educacion,Dir.Gral.Tecnología Educativa,Plan Integral De Educacion Digital,Servicios Sociales,Educación,Servicios No Personales,Servicios No Personales,4815822.0,736978.0,543398.96,71347020.09,52606585.97,Fiscal
2017,4,Administracion Central,Ministerio De Educacion,Ministerio De Educacion,Ministerio De Educacion,Dir.Gral.Tecnología Educativa,Plan Integral De Educacion Digital,Servicios Sociales,Educación,Bienes De Uso,Maquinaria Y Equipo,39200.0,25319.0,25318.06,2451138.57,2451047.57,Fiscal
2017,4,Administracion Central,Ministerio De Educacion,Ministerio De Educacion,Ministerio De Educacion,Dir.Gral.Tecnología Educativa,Plan Integral De Educacion Digital,Servicios Sociales,Educación,Bienes De Consumo,Bienes De Consumo,0.0,3942063.0,3325719.04,381632081.38,321963672.14,Fiscal
2017,4,Administracion Central,Ministerio De Educacion,Ministerio De Educacion,Ministerio De Educacion,Dir.Gral.Tecnología Educativa,Plan Integral De Educacion Digital,Servicios Sociales,Educación,Servicios No Personales,Servicios No Personales,847060020.0,690103926.0,689134435.02,66809129545.8,66715272887.35,Fiscal
2017,4,Administracion Central,Ministerio De Educacion,Ministerio De Educacion,Ministerio De Educacion,Dir.Gral.Tecnología Educativa,Plan Integral De Educacion Digital,Servicios Sociales,Educación,Bienes De Uso,Bienes De Uso,0.0,31657238.0,31652883.3,3064744939.02,3064323359.45,Fiscal
2017,4,Administracion Central,Ministerio De Educacion,Ministerio De Educacion,Ministerio De Educacion,Dir.Gral.Tecnología Educativa,Plan Integral De Educacion Digital,Servicios Sociales,Educación,Transferencias,Transferencias,8400000.0,921795700.0,921795699.08,89239266747.86,89239266658.8,Fiscal
2017,4,Administracion Central,Ministerio De Educacion,Ministerio De Educacion,Ministerio De Educacion,Dir.Gral.Tecnología Educativa,Sistemas Y Proyectos De Informatizacion,Servicios Sociales,Educación,Bienes De Consumo,Bienes De Consumo,298679.0,58226.0,58225.15,5636873.27,5636790.99,Fiscal
2017,4,Administracion Central,Ministerio De Educacion,Ministerio De Educacion,Ministerio De Educacion,Dir.Gral.Tecnología Educativa,Sistemas Y Proyectos De Informatizacion,Servicios Sociales,Educación,Servicios No Personales,Servicios No Personales,466845.0,248600.0,248600.0,24067026.69,24067026.69,Fiscal
2017,4,Administracion Central,Ministerio De Educacion,Ministerio De Educacion,Ministerio De Educacion,Dir.Gral.Tecnología Educativa,Sistemas Y Proyectos De Informatizacion,Servicios Sociales,Educación,Bienes De Uso,Maquinaria Y Equipo,172480.0,4196109.0,4196109.0,406226336.65,406226336.65,Fiscal
2017,4,Administracion Central,Ministerio De Educacion,Ministerio De Educacion,Ministerio De Educacion,Dir.Gral.Tecnología Educativa,Sistemas Y Proyectos De Informatizacion,Servicios Sociales,Educación,Transferencias,Al Sector Privado,0.0,990000.0,990000.0,95842141.68,95842141.68,Fiscal
2017,4,Administracion Central,Ministerio De Educacion,Ministerio De Educacion,Ministerio De Educacion,Dir.Gral.Tecnología Educativa,Sistemas Y Proyectos De Informatizacion,Servicios Sociales,Educación,Bienes De Uso,Bienes De Uso,26500000.0,19740463.0,19740461.79,1911079042.12,1911078924.98,Fiscal
2017,4,Administracion Central,Ministerio De Educacion,Ministerio De Educacion,Ministerio De Educacion,Dir.Gral. Servicios A Las Escuelas,Asistencia Alimentaria Y Accion Comunitaria,Servicios Sociales,Educación,Gastos En Personal,Remuneraciones Al Personal,19738363.0,23094179.0,22777632.03,2235753106.79,2205108117.35,Fiscal
2017,4,Administracion Central,Ministerio De Educacion,Ministerio De Educacion,Ministerio De Educacion,Dir.Gral. Servicios A Las Escuelas,Asistencia Alimentaria Y Accion Comunitaria,Servicios Sociales,Educación,Bienes De Consumo,Bienes De Consumo,180931703.0,233598264.0,228783161.28,22614704964.38,22148553694.58,Fiscal
2017,4,Administracion Central,Ministerio De Educacion,Ministerio De Educacion,Ministerio De Educacion,Dir.Gral. Servicios A Las Escuelas,Asistencia Alimentaria Y Accion Comunitaria,Servicios Sociales,Educación,Servicios No Personales,Servicios No Personales,2032098000.0,1973797892.0,1964412970.19,191083855772.55,190175299201.06,Fiscal
2017,4,Administracion Central,Ministerio De Educacion,Ministerio De Educacion,Ministerio De Educacion,Dir.Gral. Servicios A Las Escuelas,Subsidio A Cooperadoras Escolares,Servicios Sociales,Educación,Transferencias,Al Sector Privado,104500000.0,81763983.0,78906389.0,7915591154.64,7638946781.9,Fiscal
2017,4,Administracion Central,Ministerio De Educacion,Ministerio De Educacion,Ministerio De Educacion,Dir.Gral. Servicios A Las Escuelas,Subsidio A Cooperadoras Escolares,Servicios Sociales,Educación,Servicios No Personales,Servicios No Personales,2786000.0,694797.0,670600.0,67263467.19,64920949.71,Fiscal
2017,4,Administracion Central,Ministerio De Educacion,Ministerio De Educacion,Ministerio De Educacion,Dir.Gral. Servicios A Las Escuelas,Subsidio A Cooperadoras Escolares,Servicios Sociales,Educación,Transferencias,Al Sector Público,644000.0,0.0,0.0,0.0,0.0,Fiscal
2017,4,Administracion Central,Ministerio De Educacion,Ministerio De Educacion,Ministerio De Educacion,Dirección General De Educación Superior,Educacion Artistica,Servicios Sociales,Educación,Gastos En Personal,Remuneraciones Al Personal,651744803.0,725521544.0,725510600.35,70237917790.61,70236858333.18,Fiscal
2017,4,Administracion Central,Ministerio De Educacion,Ministerio De Educacion,Ministerio De Educacion,Dirección General De Educación Superior,Educacion Artistica,Servicios Sociales,Educación,Bienes De Consumo,Bienes De Consumo,622500.0,227001.0,227000.0,21976022.23,21975925.42,Fiscal
2017,4,Administracion Central,Ministerio De Educacion,Ministerio De Educacion,Ministerio De Educacion,Dirección General De Educación Superior,Educacion Artistica,Servicios Sociales,Educación,Servicios No Personales,Servicios No Personales,23961676.0,17170361.0,17170359.32,1662266840.08,1662266677.44,Fiscal
2017,4,Administracion Central,Ministerio De Educacion,Ministerio De Educacion,Ministerio De Educacion,Dirección General De Educación Superior,Formacion Tecnico Superior,Servicios Sociales,Educación,Gastos En Personal,Remuneraciones Al Personal,268894166.0,375218916.0,375218847.53,36325034857.26,36325028228.66,Fiscal
2017,4,Administracion Central,Ministerio De Educacion,Ministerio De Educacion,Ministerio De Educacion,Dirección General De Educación Superior,Formacion Tecnico Superior,Servicios Sociales,Educación,Bienes De Consumo,Bienes De Consumo,523100.0,353900.0,353900.0,34261145.39,34261145.39,Fiscal
2017,4,Administracion Central,Ministerio De Educacion,Ministerio De Educacion,Ministerio De Educacion,Dirección General De Educación Superior,Formacion Tecnico Superior,Servicios Sociales,Educación,Servicios No Personales,Servicios No Personales,25437280.0,15000.0,15000.0,1452153.66,1452153.66,Fiscal
2017,4,Administracion Central,Ministerio De Educacion,Ministerio De Educacion,Ministerio De Educacion,Dirección General De Educación Superior,Formacion Tecnico Superior,Servicios Sociales,Educación,Bienes De Uso,Maquinaria Y Equipo,60000.0,0.0,0.0,0.0,0.0,Fiscal
2017,4,Administracion Central,Ministerio De Educacion,Ministerio De Educacion,Ministerio De Educacion,Dirección General De Educación Superior,Formacion Docente,Servicios Sociales,Educación,Gastos En Personal,Remuneraciones Al Personal,1259656585.0,1383689150.0,1383684912.77,133955284400.84,133954874193.57,Fiscal
2017,4,Administracion Central,Ministerio De Educacion,Ministerio De Educacion,Ministerio De Educacion,Dirección General De Educación Superior,Formacion Docente,Servicios Sociales,Educación,Bienes De Consumo,Bienes De Consumo,855381.0,1884666.0,758733.74,182454975.55,73453198.59,Fiscal
2017,4,Administracion Central,Ministerio De Educacion,Ministerio De Educacion,Ministerio De Educacion,Dirección General De Educación Superior,Formacion Docente,Servicios Sociales,Educación,Servicios No Personales,Servicios No Personales,11259322.0,40084820.0,36333851.35,3880621209.8,3517489019.1,Fiscal
2017,4,Administracion Central,Ministerio De Educacion,Ministerio De Educacion,Ministerio De Educacion,Dirección General De Educación Superior,Formacion Docente,Servicios Sociales,Educación,Bienes De Uso,Maquinaria Y Equipo,118000.0,3275808.0,2585798.21,317131772.18,250331755.96,Fiscal
2017,4,Administracion Central,Ministerio De Educacion,Ministerio De Educacion,Ministerio De Educacion,Dirección General De Educación Superior,Formacion Docente,Servicios Sociales,Educación,Bienes De Uso,Activos Intangibles,0.0,49360.0,49359.53,4778553.65,4778508.15,Fiscal
2017,4,Administracion Central,Ministerio De Educacion,Ministerio De Educacion,Ministerio De Educacion,Dirección General De Educación Superior,Educacion Superior De Gestion Estatal,Servicios Sociales,Educación,Gastos En Personal,Remuneraciones Al Personal,3528353.0,3385162.0,3385156.57,327718359.61,327717833.93,Fiscal
2017,4,Administracion Central,Ministerio De Educacion,Ministerio De Educacion,Ministerio De Educacion,Dirección General De Educación Superior,Educacion Superior De Gestion Estatal,Servicios Sociales,Educación,Bienes De Consumo,Bienes De Consumo,141900.0,66001.0,66000.0,6389572.92,6389476.11,Fiscal
2017,4,Administracion Central,Ministerio De Educacion,Ministerio De Educacion,Ministerio De Educacion,Dirección General De Educación Superior,Educacion Superior De Gestion Estatal,Servicios Sociales,Educación,Servicios No Personales,Servicios No Personales,1162600.0,1887770.0,1887770.0,182755474.55,182755474.55,Fiscal
2017,4,Administracion Central,Ministerio De Educacion,Ministerio De Educacion,Ministerio De Educacion,Dirección General De Educación Superior,Educacion Superior De Gestion Estatal,Servicios Sociales,Educación,Bienes De Uso,Maquinaria Y Equipo,68800.0,10498.0,10497.09,1016313.94,1016225.85,Fiscal
2017,4,Administracion Central,Ministerio De Educacion,Ministerio De Educacion,Ministerio De Educacion,Subsecretaria De Coordinacion Pedagogica Y Equidad Educativa,"Actividades Comunes A Los Programas 30,33,34,35,36,37,38,39,40,41,42,43 Y 45",Servicios Sociales,Educación,Gastos En Personal,Remuneraciones Al Personal,150396635.0,301491672.0,301336063.56,29187482367.15,29172417876.09,Fiscal
2017,4,Administracion Central,Ministerio De Educacion,Ministerio De Educacion,Ministerio De Educacion,Subsecretaria De Coordinacion Pedagogica Y Equidad Educativa,"Actividades Comunes A Los Programas 30,33,34,35,36,37,38,39,40,41,42,43 Y 45",Servicios Sociales,Educación,Bienes De Consumo,Bienes De Consumo,3044640.0,20144882.0,17619138.29,1950230944.23,1705713079.08,Fiscal
2017,4,Administracion Central,Ministerio De Educacion,Ministerio De Educacion,Ministerio De Educacion,Subsecretaria De Coordinacion Pedagogica Y Equidad Educativa,"Actividades Comunes A Los Programas 30,33,34,35,36,37,38,39,40,41,42,43 Y 45",Servicios Sociales,Educación,Servicios No Personales,Servicios No Personales,5323720.0,34919936.0,24153206.35,3380607528.89,2338277803.08,Fiscal
2017,4,Administracion Central,Ministerio De Educacion,Ministerio De Educacion,Ministerio De Educacion,Subsecretaria De Coordinacion Pedagogica Y Equidad Educativa,"Actividades Comunes A Los Programas 30,33,34,35,36,37,38,39,40,41,42,43 Y 45",Servicios Sociales,Educación,Bienes De Uso,Maquinaria Y Equipo,638000.0,23005402.0,19432958.93,2227158583.75,1881309498.03,Fiscal
2017,4,Administracion Central,Ministerio De Educacion,Ministerio De Educacion,Ministerio De Educacion,Subsecretaria De Coordinacion Pedagogica Y Equidad Educativa,"Actividades Comunes A Los Programas 30,33,34,35,36,37,38,39,40,41,42,43 Y 45",Servicios Sociales,Educación,Transferencias,Al Sector Privado,15036026.0,9971925.0,9971925.0,965384493.62,965384493.62,Fiscal
2017,4,Administracion Central,Ministerio De Educacion,Ministerio De Educacion,Ministerio De Educacion,Subsecretaria De Coordinacion Pedagogica Y Equidad Educativa,"Actividades Comunes A Los Programas 30,33,34,35,36,37,38,39,40,41,42,43 Y 45",Servicios Sociales,Educación,Transferencias,Al Sector Externo,0.0,4340.0,0.0,420156.46,0.0,Fiscal
2017,4,Administracion Central,Ministerio De Educacion,Ministerio De Educacion,Ministerio De Educacion,Subsecretaria De Coordinacion Pedagogica Y Equidad Educativa,"Actividades Comunes A Los Programas 30,33,34,35,36,37,38,39,40,41,42,43 Y 45",Servicios Sociales,Educación,Transferencias,Al Sector Público,0.0,656400.0,0.0,63546244.24,0.0,Fiscal
2017,4,Administracion Central,Ministerio De Educacion,Ministerio De Educacion,Ministerio De Educacion,Subsecretaria De Coordinacion Pedagogica Y Equidad Educativa,Fortalecimiento De La Comunidad Educativa,Servicios Sociales,Educación,Gastos En Personal,Remuneraciones Al Personal,380276457.0,476045005.0,476038586.1,46086033147.24,46085411731.96,Fiscal
2017,4,Administracion Central,Ministerio De Educacion,Ministerio De Educacion,Ministerio De Educacion,Subsecretaria De Coordinacion Pedagogica Y Equidad Educativa,Fortalecimiento De La Comunidad Educativa,Servicios Sociales,Educación,Bienes De Consumo,Bienes De Consumo,2227720.0,3735249.0,3635030.93,361610367.55,351908231.73,Fiscal
2017,4,Administracion Central,Ministerio De Educacion,Ministerio De Educacion,Ministerio De Educacion,Subsecretaria De Coordinacion Pedagogica Y Equidad Educativa,Fortalecimiento De La Comunidad Educativa,Servicios Sociales,Educación,Servicios No Personales,Servicios No Personales,7132688.0,2145671.0,2145669.32,207722933.32,207722770.67,Fiscal
2017,4,Administracion Central,Ministerio De Educacion,Ministerio De Educacion,Ministerio De Educacion,Subsecretaria De Coordinacion Pedagogica Y Equidad Educativa,Fortalecimiento De La Comunidad Educativa,Servicios Sociales,Educación,Bienes De Uso,Maquinaria Y Equipo,1264655.0,163197.0,163196.6,15799141.41,15799102.69,Fiscal
2017,4,Administracion Central,Ministerio De Educacion,Ministerio De Educacion,Ministerio De Educacion,Subsecretaria De Coordinacion Pedagogica Y Equidad Educativa,Fortalecimiento De La Comunidad Educativa,Servicios Sociales,Educación,Transferencias,Al Sector Privado,45521994.0,43518862.0,43414860.04,4213071654.14,4203003199.01,Fiscal
2017,4,Administracion Central,Ministerio De Educacion,Ministerio De Educacion,Ministerio De Educacion,Subsecretaria De Coordinacion Pedagogica Y Equidad Educativa,Fortalecimiento De La Comunidad Educativa,Servicios Sociales,Educación,Transferencias,Al Sector Público,3000000.0,0.0,0.0,0.0,0.0,Fiscal
2017,4,Administracion Central,Ministerio De Educacion,Ministerio De Educacion,Ministerio De Educacion,Subsecretaria De Coordinacion Pedagogica Y Equidad Educativa,Fortalecimiento De La Comunidad Educativa,Servicios Sociales,Educación,Transferencias,Al Sector Externo,216000.0,150984.0,0.0,14616797.9,0.0,Fiscal
2017,4,Administracion Central,Ministerio De Educacion,Ministerio De Educacion,Ministerio De Educacion,Subsecretaria De Coordinacion Pedagogica Y Equidad Educativa,Escuela Abierta,Servicios Sociales,Educación,Gastos En Personal,Remuneraciones Al Personal,59580682.0,87633020.0,87633003.84,8483774059.37,8483772494.92,Fiscal
2017,4,Administracion Central,Ministerio De Educacion,Ministerio De Educacion,Ministerio De Educacion,Subsecretaria De Coordinacion Pedagogica Y Equidad Educativa,Escuela Abierta,Servicios Sociales,Educación,Bienes De Consumo,Bienes De Consumo,19888000.0,3830986.0,3778741.41,370878689.89,365820878.38,Fiscal
2017,4,Administracion Central,Ministerio De Educacion,Ministerio De Educacion,Ministerio De Educacion,Subsecretaria De Coordinacion Pedagogica Y Equidad Educativa,Escuela Abierta,Servicios Sociales,Educación,Servicios No Personales,Servicios No Personales,7096196.0,8384100.0,8369958.52,811666767.75,810297727.61,Fiscal
2017,4,Administracion Central,Ministerio De Educacion,Ministerio De Educacion,Ministerio De Educacion,Subsecretaria De Coordinacion Pedagogica Y Equidad Educativa,Escuela Abierta,Servicios Sociales,Educación,Bienes De Uso,Maquinaria Y Equipo,26778000.0,1935281.0,1925328.8,187355026.06,186391551.14,Fiscal
2017,4,Administracion Central,Ministerio De Educacion,Ministerio De Educacion,Ministerio De Educacion,Subsecretaria De Coordinacion Pedagogica Y Equidad Educativa,Escuela Abierta,Servicios Sociales,Educación,Transferencias,Al Sector Privado,1778550.0,268686.0,268686.0,26011557.25,26011557.25,Fiscal
2017,4,Administracion Central,Ministerio De Educacion,Ministerio De Educacion,Ministerio De Educacion,Subsecretaria De Coordinacion Pedagogica Y Equidad Educativa,Programa De Extension Y Capacitacion,Servicios Sociales,Educación,Bienes De Consumo,Bienes De Consumo,151600.0,0.0,0.0,0.0,0.0,Fiscal
2017,4,Administracion Central,Ministerio De Educacion,Ministerio De Educacion,Ministerio De Educacion,Subsecretaria De Coordinacion Pedagogica Y Equidad Educativa,Programa De Extension Y Capacitacion,Servicios Sociales,Educación,Servicios No Personales,Servicios No Personales,131000.0,0.0,0.0,0.0,0.0,Fiscal
2017,4,Administracion Central,Ministerio De Educacion,Ministerio De Educacion,Ministerio De Educacion,Subsecretaria De Coordinacion Pedagogica Y Equidad Educativa,Programa De Extension Y Capacitacion,Servicios Sociales,Educación,Transferencias,Al Sector Privado,2200000.0,2650038.0,2650037.5,256550825.71,256550777.31,Fiscal
2017,4,Administracion Central,Ministerio De Educacion,Ministerio De Educacion,Ministerio De Educacion,Subsecretaria De Coordinacion Pedagogica Y Equidad Educativa,Programa De Extension Y Capacitacion,Servicios Sociales,Educación,Gastos En Personal,Remuneraciones Al Personal,104289430.0,137954180.0,137954172.56,13355377843.49,13355377123.22,Fiscal
2017,4,Administracion Central,Ministerio De Educacion,Ministerio De Educacion,Ministerio De Educacion,Subsecretaria De Coordinacion Pedagogica Y Equidad Educativa,Becas Estudiantiles,Servicios Sociales,Educación,Gastos En Personal,Remuneraciones Al Personal,0.0,228303.0,228299.49,22102069.16,22101729.36,Fiscal
2017,4,Administracion Central,Ministerio De Educacion,Ministerio De Educacion,Ministerio De Educacion,Subsecretaria De Coordinacion Pedagogica Y Equidad Educativa,Becas Estudiantiles,Servicios Sociales,Educación,Bienes De Consumo,Bienes De Consumo,135000.0,0.0,0.0,0.0,0.0,Fiscal
2017,4,Administracion Central,Ministerio De Educacion,Ministerio De Educacion,Ministerio De Educacion,Subsecretaria De Coordinacion Pedagogica Y Equidad Educativa,Becas Estudiantiles,Servicios Sociales,Educación,Servicios No Personales,Servicios No Personales,0.0,3220653.0,3220653.0,311792203.16,311792203.16,Fiscal
2017,4,Administracion Central,Ministerio De Educacion,Ministerio De Educacion,Ministerio De Educacion,Subsecretaria De Coordinacion Pedagogica Y Equidad Educativa,Becas Estudiantiles,Servicios Sociales,Educación,Transferencias,Al Sector Privado,634538408.0,623573738.0,621359628.36,60368325804.02,60153977309.26,Fiscal
2017,4,Administracion Central,Ministerio De Educacion,Ministerio De Educacion,Ministerio De Educacion,Subsecretaria De Planeamiento E Innovaciòn Educativa,Actividades Comunes A Los Programas 13 Y 14,Servicios Sociales,Educación,Gastos En Personal,Remuneraciones Al Personal,2578403.0,3684803.0,3684799.2,356726677.97,356726310.09,Fiscal
2017,4,Administracion Central,Ministerio De Educacion,Ministerio De Educacion,Ministerio De Educacion,Subsecretaria De Planeamiento E Innovaciòn Educativa,Actividades Comunes A Los Programas 13 Y 14,Servicios Sociales,Educación,Bienes De Consumo,Bienes De Consumo,356965.0,43039.0,43036.3,4166616.1,4166354.71,Fiscal
2017,4,Administracion Central,Ministerio De Educacion,Ministerio De Educacion,Ministerio De Educacion,Subsecretaria De Planeamiento E Innovaciòn Educativa,Actividades Comunes A Los Programas 13 Y 14,Servicios Sociales,Educación,Servicios No Personales,Servicios No Personales,6069047.0,2960179.0,2960176.76,286575651.64,286575434.78,Fiscal
2017,4,Administracion Central,Ministerio De Educacion,Ministerio De Educacion,Ministerio De Educacion,Subsecretaria De Planeamiento E Innovaciòn Educativa,Actividades Comunes A Los Programas 13 Y 14,Servicios Sociales,Educación,Bienes De Uso,Maquinaria Y Equipo,514916.0,460857.0,460855.95,44615678.68,44615577.02,Fiscal
2017,4,Administracion Central,Ministerio De Educacion,Ministerio De Educacion,Ministerio De Educacion,Subsecretaria De Planeamiento E Innovaciòn Educativa,Planeamiento Educativo,Servicios Sociales,Educación,Gastos En Personal,Remuneraciones Al Personal,212152143.0,289367770.0,289366099.33,28013764454.82,28013602716.85,Fiscal
2017,4,Administracion Central,Ministerio De Educacion,Ministerio De Educacion,Ministerio De Educacion,Subsecretaria De Planeamiento E Innovaciòn Educativa,Planeamiento Educativo,Servicios Sociales,Educación,Bienes De Consumo,Bienes De Consumo,2477303.0,534693.0,534672.94,51763759.86,51761817.85,Fiscal
2017,4,Administracion Central,Ministerio De Educacion,Ministerio De Educacion,Ministerio De Educacion,Subsecretaria De Planeamiento E Innovaciòn Educativa,Planeamiento Educativo,Servicios Sociales,Educación,Servicios No Personales,Servicios No Personales,10647687.0,10144421.0,10115523.42,982083873.49,979286291.71,Fiscal
2017,4,Administracion Central,Ministerio De Educacion,Ministerio De Educacion,Ministerio De Educacion,Subsecretaria De Planeamiento E Innovaciòn Educativa,Planeamiento Educativo,Servicios Sociales,Educación,Bienes De Uso,Maquinaria Y Equipo,979036.0,15307126.0,15307124.69,1481886604.87,1481886478.05,Fiscal
2017,4,Administracion Central,Ministerio De Educacion,Ministerio De Educacion,Ministerio De Educacion,Subsecretaria De Planeamiento E Innovaciòn Educativa,Planeamiento Educativo,Servicios Sociales,Educación,Transferencias,Al Sector Público,0.0,1022600.0,1022600.0,98998155.64,98998155.64,Fiscal
2017,4,Administracion Central,Ministerio De Educacion,Ministerio De Educacion,Ministerio De Educacion,Subsecretaria De Planeamiento E Innovaciòn Educativa,Planeamiento Educativo,Servicios Sociales,Educación,Transferencias,Al Sector Externo,9582941.0,5418862.0,5413355.5,524601353.08,524068267.48,Fiscal
2017,4,Administracion Central,Ministerio De Educacion,Ministerio De Educacion,Ministerio De Educacion,Subsecretaria De Planeamiento E Innovaciòn Educativa,Planeamiento Educativo,Servicios Sociales,Educación,Servicios No Personales,Servicios No Personales,4500000.0,4786863.0,4480098.75,463417375.61,433719453.68,Fiscal
2017,4,Administracion Central,Ministerio De Educacion,Ministerio De Educacion,Ministerio De Educacion,Subsecretaria De Planeamiento E Innovaciòn Educativa,Planeamiento Educativo,Servicios Sociales,Educación,Bienes De Uso,Bienes De Uso,45004500.0,47273157.0,47273156.48,4576525869.6,4576525819.26,Fiscal
2017,4,Administracion Central,Ministerio De Educacion,Ministerio De Educacion,Ministerio De Educacion,Subsecretaria De Planeamiento E Innovaciòn Educativa,Escuela De Maestros,Servicios Sociales,Educación,Gastos En Personal,Remuneraciones Al Personal,20839977.0,5683915.0,5683910.05,550261198.72,550260719.51,Fiscal
2017,4,Administracion Central,Ministerio De Educacion,Ministerio De Educacion,Ministerio De Educacion,Subsecretaria De Planeamiento E Innovaciòn Educativa,Escuela De Maestros,Servicios Sociales,Educación,Bienes De Consumo,Bienes De Consumo,1524365.0,158258.0,158252.68,15320995.61,15320480.58,Fiscal
2017,4,Administracion Central,Ministerio De Educacion,Ministerio De Educacion,Ministerio De Educacion,Subsecretaria De Planeamiento E Innovaciòn Educativa,Escuela De Maestros,Servicios Sociales,Educación,Servicios No Personales,Servicios No Personales,30260894.0,5790925.0,4509043.73,560620862.94,436521624.26,Fiscal
2017,4,Administracion Central,Ministerio De Educacion,Ministerio De Educacion,Ministerio De Educacion,Subsecretaria De Planeamiento E Innovaciòn Educativa,Escuela De Maestros,Servicios Sociales,Educación,Bienes De Uso,Maquinaria Y Equipo,0.0,452515.0,452514.85,43808087.62,43808073.1,Fiscal
2017,4,Administracion Central,Ministerio De Educacion,Ministerio De Educacion,Ministerio De Educacion,Subsecretaria De Planeamiento E Innovaciòn Educativa,Escuela De Maestros,Servicios Sociales,Educación,Transferencias,Al Sector Público,700000.0,0.0,0.0,0.0,0.0,Fiscal
2017,4,Administracion Central,Ministerio De Educacion,Ministerio De Educacion,Ministerio De Educacion,Subsecretaria De Gestion Economico Financiera Y Administracion De Recursos,"Actividades Comunes A Los Programas 31,51,52,53,54,55 Y 57",Servicios Sociales,Educación,Gastos En Personal,Remuneraciones Al Personal,108114901.0,82925181.0,82925169.91,8028007016.49,8028005942.87,Fiscal
2017,4,Administracion Central,Ministerio De Educacion,Ministerio De Educacion,Ministerio De Educacion,Subsecretaria De Gestion Economico Financiera Y Administracion De Recursos,"Actividades Comunes A Los Programas 31,51,52,53,54,55 Y 57",Servicios Sociales,Educación,Bienes De Consumo,Bienes De Consumo,48149471.0,42193141.0,42015091.36,4084728280.5,4067491251.38,Fiscal
2017,4,Administracion Central,Ministerio De Educacion,Ministerio De Educacion,Ministerio De Educacion,Subsecretaria De Gestion Economico Financiera Y Administracion De Recursos,"Actividades Comunes A Los Programas 31,51,52,53,54,55 Y 57",Servicios Sociales,Educación,Servicios No Personales,Servicios No Personales,45342492.0,28064341.0,27541094.26,2716915703.34,2666260058.71,Fiscal
2017,4,Administracion Central,Ministerio De Educacion,Ministerio De Educacion,Ministerio De Educacion,Subsecretaria De Gestion Economico Financiera Y Administracion De Recursos,"Actividades Comunes A Los Programas 31,51,52,53,54,55 Y 57",Servicios Sociales,Educación,Bienes De Uso,Edificios E Instalaciones,200000.0,0.0,0.0,0.0,0.0,Fiscal
2017,4,Administracion Central,Ministerio De Educacion,Ministerio De Educacion,Ministerio De Educacion,Subsecretaria De Gestion Economico Financiera Y Administracion De Recursos,"Actividades Comunes A Los Programas 31,51,52,53,54,55 Y 57",Servicios Sociales,Educación,Bienes De Uso,Maquinaria Y Equipo,6979971.0,2495774.0,2449182.48,241616490.21,237105953.79,Fiscal
2017,4,Administracion Central,Ministerio De Educacion,Ministerio De Educacion,Ministerio De Educacion,Subsecretaria De Gestion Economico Financiera Y Administracion De Recursos,"Actividades Comunes A Los Programas 31,51,52,53,54,55 Y 57",Servicios Sociales,Educación,Transferencias,Al Sector Público,6728800.0,0.0,0.0,0.0,0.0,Fiscal
2017,4,Administracion Central,Ministerio De Educacion,Ministerio De Educacion,Ministerio De Educacion,Subsecretaria De Gestion Economico Financiera Y Administracion De Recursos,"Actividades Comunes A Los Programas 31,51,52,53,54,55 Y 57",Servicios Sociales,Educación,Transferencias,Al Sector Privado,0.0,240000.0,240000.0,23234458.59,23234458.59,Fiscal
2017,4,Administracion Central,Ministerio De Educacion,Ministerio De Educacion,Ministerio De Educacion,Subsecretaria De Gestion Economico Financiera Y Administracion De Recursos,Equipamiento Mobiliario,Servicios Sociales,Educación,Bienes De Consumo,Bienes De Consumo,0.0,723821.0,720640.25,70073287.71,69765358.53,Fiscal
2017,4,Administracion Central,Ministerio De Educacion,Ministerio De Educacion,Ministerio De Educacion,Subsecretaria De Gestion Economico Financiera Y Administracion De Recursos,Equipamiento Mobiliario,Servicios Sociales,Educación,Bienes De Uso,Bienes De Uso,23000000.0,60672981.0,60580890.8,5873766102.24,5864850827.49,Fiscal
2017,4,Administracion Central,Ministerio De Educacion,Ministerio De Educacion,Ministerio De Educacion,Ss. Carrera Docente Y Formacion Tecnico Profesional,Actividades Comunes Al Programa 70 Y 71,Servicios Sociales,Educación,Gastos En Personal,Remuneraciones Al Personal,6022150.0,6840368.0,6840361.26,662217695.97,662217043.47,Fiscal
2017,4,Administracion Central,Ministerio De Educacion,Ministerio De Educacion,Ministerio De Educacion,Ss. Carrera Docente Y Formacion Tecnico Profesional,Actividades Comunes Al Programa 70 Y 71,Servicios Sociales,Educación,Bienes De Consumo,Bienes De Consumo,264000.0,89545.0,89543.55,8668873.31,8668732.94,Fiscal
2017,4,Administracion Central,Ministerio De Educacion,Ministerio De Educacion,Ministerio De Educacion,Ss. Carrera Docente Y Formacion Tecnico Profesional,Actividades Comunes Al Programa 70 Y 71,Servicios Sociales,Educación,Servicios No Personales,Servicios No Personales,4402189.0,1560966.0,1560965.64,151117499.53,151117464.67,Fiscal
2017,4,Administracion Central,Ministerio De Educacion,Ministerio De Educacion,Ministerio De Educacion,Ss. Carrera Docente Y Formacion Tecnico Profesional,Actividades Comunes Al Programa 70 Y 71,Servicios Sociales,Educación,Bienes De Uso,Maquinaria Y Equipo,620000.0,447330.0,447330.0,43306126.5,43306126.5,Fiscal
2017,4,Administracion Central,Ministerio De Educacion,Ministerio De Educacion,Ministerio De Educacion,Ss. Carrera Docente Y Formacion Tecnico Profesional,Actividades Comunes Al Programa 70 Y 71,Servicios Sociales,Educación,Transferencias,Al Sector Privado,40560000.0,33010372.0,33010371.81,3195742171.89,3195742153.49,Fiscal
2017,4,Administracion Central,Ministerio De Educacion,Ministerio De Educacion,Ministerio De Educacion,Ss. Carrera Docente Y Formacion Tecnico Profesional,Administracion De Personal,Servicios Sociales,Educación,Gastos En Personal,Remuneraciones Al Personal,133046662.0,198150675.0,198143771.51,19183015219.74,19182346891.19,Fiscal
2017,4,Administracion Central,Ministerio De Educacion,Ministerio De Educacion,Ministerio De Educacion,Ss. Carrera Docente Y Formacion Tecnico Profesional,Administracion De Personal,Servicios Sociales,Educación,Bienes De Consumo,Bienes De Consumo,8411906.0,3822411.0,3822402.45,370048542.05,370047714.32,Fiscal
2017,4,Administracion Central,Ministerio De Educacion,Ministerio De Educacion,Ministerio De Educacion,Ss. Carrera Docente Y Formacion Tecnico Profesional,Administracion De Personal,Servicios Sociales,Educación,Servicios No Personales,Servicios No Personales,8488682.0,4621266.0,4613365.0,447385889.61,446620991.88,Fiscal
2017,4,Administracion Central,Ministerio De Educacion,Ministerio De Educacion,Ministerio De Educacion,Ss. Carrera Docente Y Formacion Tecnico Profesional,Administracion De Personal,Servicios Sociales,Educación,Bienes De Uso,Maquinaria Y Equipo,1000000.0,619825.0,619822.61,60005409.56,60005178.19,Fiscal
2017,4,Administracion Central,Ministerio De Educacion,Ministerio De Educacion,Ministerio De Educacion,Ss. Carrera Docente Y Formacion Tecnico Profesional,Carrera Docente,Servicios Sociales,Educación,Gastos En Personal,Remuneraciones Al Personal,54414380.0,54647016.0,54647007.52,5290390959.51,5290390138.56,Fiscal
2017,4,Administracion Central,Ministerio De Educacion,Ministerio De Educacion,Ministerio De Educacion,Ss. Carrera Docente Y Formacion Tecnico Profesional,Carrera Docente,Servicios Sociales,Educación,Bienes De Consumo,Bienes De Consumo,469800.0,223823.0,223820.4,21668359.27,21668107.56,Fiscal
2017,4,Administracion Central,Ministerio De Educacion,Ministerio De Educacion,Ministerio De Educacion,Ss. Carrera Docente Y Formacion Tecnico Profesional,Carrera Docente,Servicios Sociales,Educación,Servicios No Personales,Servicios No Personales,3535660.0,5038432.0,5038431.47,487771831.91,487771780.6,Fiscal
2017,4,Administracion Central,Ministerio De Educacion,Ministerio De Educacion,Ministerio De Educacion,Ss. Carrera Docente Y Formacion Tecnico Profesional,Carrera Docente,Servicios Sociales,Educación,Bienes De Uso,Maquinaria Y Equipo,40000.0,333400.0,333400.0,32276535.39,32276535.39,Fiscal
2017,4,Administracion Central,Ministerio De Educacion,Ministerio De Educacion,Ministerio De Educacion,Ss. Carrera Docente Y Formacion Tecnico Profesional,Formacion Laboral,Servicios Sociales,Educación,Gastos En Personal,Remuneraciones Al Personal,471533890.0,535282254.0,535230015.6,51820805684.06,51815748471.8,Fiscal
2017,4,Administracion Central,Ministerio De Educacion,Ministerio De Educacion,Ministerio De Educacion,Ss. Carrera Docente Y Formacion Tecnico Profesional,Formacion Laboral,Servicios Sociales,Educación,Bienes De Consumo,Bienes De Consumo,444240.0,55168.0,55163.16,5340827.55,5340358.99,Fiscal
2017,4,Administracion Central,Ministerio De Educacion,Ministerio De Educacion,Ministerio De Educacion,Ss. Carrera Docente Y Formacion Tecnico Profesional,Formacion Laboral,Servicios Sociales,Educación,Servicios No Personales,Servicios No Personales,7654208.0,4768299.0,4768299.0,461620190.24,461620190.24,Fiscal
2017,4,Administracion Central,Ministerio De Educacion,Ministerio De Educacion,Ministerio De Educacion,Ss. Carrera Docente Y Formacion Tecnico Profesional,Formacion Laboral,Servicios Sociales,Educación,Bienes De Uso,Maquinaria Y Equipo,47500.0,2710.0,2710.0,262355.76,262355.76,Fiscal
2017,4,Administracion Central,Ministerio De Educacion,Ministerio De Educacion,Ministerio De Educacion,Ss. Carrera Docente Y Formacion Tecnico Profesional,Formacion Laboral,Servicios Sociales,Educación,Transferencias,Al Sector Externo,0.0,420000.0,405400.0,40660302.53,39246872.97,Fiscal
2017,4,Administracion Central,Ministerio De Educacion,Ministerio De Educacion,Ministerio De Educacion,D.Gral.Infraestructura Escolar,Infraestructura Escolar,Servicios Sociales,Educación,Gastos En Personal,Remuneraciones Al Personal,103118733.0,112016365.0,112016357.92,10844331641.34,10844330955.92,Fiscal
2017,4,Administracion Central,Ministerio De Educacion,Ministerio De Educacion,Ministerio De Educacion,D.Gral.Infraestructura Escolar,Infraestructura Escolar,Servicios Sociales,Educación,Bienes De Consumo,Bienes De Consumo,893800.0,518971.0,504550.61,50241709.2,48845667.73,Fiscal
2017,4,Administracion Central,Ministerio De Educacion,Ministerio De Educacion,Ministerio De Educacion,D.Gral.Infraestructura Escolar,Infraestructura Escolar,Servicios Sociales,Educación,Servicios No Personales,Servicios No Personales,28206019.0,20409070.0,19182498.9,1975807049.01,1857062401.38,Fiscal
2017,4,Administracion Central,Ministerio De Educacion,Ministerio De Educacion,Ministerio De Educacion,D.Gral.Infraestructura Escolar,Infraestructura Escolar,Servicios Sociales,Educación,Bienes De Uso,Maquinaria Y Equipo,3260000.0,1438736.0,1438735.64,139284383.39,139284348.54,Fiscal
2017,4,Administracion Central,Ministerio De Educacion,Ministerio De Educacion,Ministerio De Educacion,D.Gral.Infraestructura Escolar,Infraestructura Escolar,Servicios Sociales,Educación,Bienes De Uso,Construcciones Del Dominio Privado,791815970.0,835962829.0,824069285.65,80929765552.64,79778348717.44,Fiscal
2017,4,Administracion Central,Ministerio De Educacion,Ministerio De Educacion,Ministerio De Educacion,D.Gral.Infraestructura Escolar,Infraestructura Escolar,Servicios Sociales,Educación,Activos Financieros,Activos Financieros,0.0,351789511.0,351789474.45,34056828439.57,34056824901.15,Fiscal
2017,4,Administracion Central,Ministerio De Educacion,Ministerio De Educacion,Ministerio De Educacion,D.Gral.Infraestructura Escolar,Infraestructura Escolar,Servicios Sociales,Educación,Servicios No Personales,Servicios No Personales,0.0,7557285.0,4887884.87,731622605.75,473197327.51,Fiscal
2017,4,Administracion Central,Ministerio De Educacion,Ministerio De Educacion,Ministerio De Educacion,D.Gral.Infraestructura Escolar,Infraestructura Escolar,Servicios Sociales,Educación,Bienes De Uso,Bienes De Uso,75140000.0,34469436.0,34429277.62,3336994513.92,3333106771.35,Fiscal
2017,4,Administracion Central,Ministerio De Educacion,Ministerio De Educacion,Ministerio De Educacion,D.Gral.Infraestructura Escolar,Infraestructura Escolar,Servicios Sociales,Educación,Bienes De Consumo,Bienes De Consumo,0.0,11376000.0,11376000.0,1101313337.13,1101313337.13,Fiscal
2017,4,Administracion Central,Ministerio De Educacion,Ministerio De Educacion,Ministerio De Educacion,U.Eval.Integral De La Calidad Y Equid.Educ.,"Evaluación Educativa, Investigación Y Estadística",Servicios Sociales,Educación,Gastos En Personal,Remuneraciones Al Personal,17263406.0,27831240.0,27831233.68,2694349138.63,2694348526.78,Fiscal
2017,4,Administracion Central,Ministerio De Educacion,Ministerio De Educacion,Ministerio De Educacion,U.Eval.Integral De La Calidad Y Equid.Educ.,"Evaluación Educativa, Investigación Y Estadística",Servicios Sociales,Educación,Bienes De Consumo,Bienes De Consumo,436100.0,366128.0,348003.17,35444941.06,33690271.84,Fiscal
2017,4,Administracion Central,Ministerio De Educacion,Ministerio De Educacion,Ministerio De Educacion,U.Eval.Integral De La Calidad Y Equid.Educ.,"Evaluación Educativa, Investigación Y Estadística",Servicios Sociales,Educación,Servicios No Personales,Servicios No Personales,28922144.0,23652955.0,23332420.26,2289848347.76,2258817301.33,Fiscal
2017,4,Administracion Central,Ministerio De Educacion,Ministerio De Educacion,Ministerio De Educacion,U.Eval.Integral De La Calidad Y Equid.Educ.,"Evaluación Educativa, Investigación Y Estadística",Servicios Sociales,Educación,Bienes De Uso,Maquinaria Y Equipo,0.0,365811.0,365809.81,35414252.21,35414137.01,Fiscal
2017,4,Administracion Central,Ministerio De Educacion,Ministerio De Educacion,Ministerio De Educacion,U.Eval.Integral De La Calidad Y Equid.Educ.,"Evaluación Educativa, Investigación Y Estadística",Servicios Sociales,Educación,Transferencias,Al Sector Público,0.0,6071059.0,6071058.83,587740703.87,587740687.41,Fiscal
2017,4,Administracion Central,Ministerio De Educacion,Ministerio De Educacion,Ministerio De Educacion,U.Eval.Integral De La Calidad Y Equid.Educ.,"Evaluación Educativa, Investigación Y Estadística",Servicios Sociales,Educación,Transferencias,Al Sector Privado,0.0,5826200.0,5825200.0,564035844.31,563939034.06,Fiscal
2017,4,Administracion Central,Ministerio De Educacion,Ministerio De Educacion,Ministerio De Educacion,U.Eval.Integral De La Calidad Y Equid.Educ.,"Evaluación Educativa, Investigación Y Estadística",Servicios Sociales,Educación,Transferencias,Al Sector Externo,6500000.0,482466.0,482465.03,46707651.24,46707557.33,Fiscal
2017,4,Administracion Central,Ministerio De Educacion,Ministerio De Educacion,Ministerio De Educacion,U.Eval.Integral De La Calidad Y Equid.Educ.,"Evaluación Educativa, Investigación Y Estadística",Servicios Sociales,Educación,Transferencias,Transferencias,7500000.0,6034506.0,6034504.31,584201999.02,584201835.41,Fiscal
2017,4,Administracion Central,Ministerio De Educacion,Ministerio De Educacion,Ministerio De Educacion,Direccion General De Mantenimiento Escolar,Mitigacion De Riesgos Y Ley De Escuelas Seguras,Servicios Sociales,Educación,Gastos En Personal,Remuneraciones Al Personal,18128776.0,23776202.0,23776195.46,2301779919.92,2301779286.78,Fiscal
2017,4,Administracion Central,Ministerio De Educacion,Ministerio De Educacion,Ministerio De Educacion,Direccion General De Mantenimiento Escolar,Mitigacion De Riesgos Y Ley De Escuelas Seguras,Servicios Sociales,Educación,Bienes De Consumo,Bienes De Consumo,719000.0,40072.0,40070.2,3879380.1,3879205.84,Fiscal
2017,4,Administracion Central,Ministerio De Educacion,Ministerio De Educacion,Ministerio De Educacion,Direccion General De Mantenimiento Escolar,Mitigacion De Riesgos Y Ley De Escuelas Seguras,Servicios Sociales,Educación,Servicios No Personales,Servicios No Personales,400000.0,69167.0,69166.65,6696074.16,6696040.27,Fiscal
2017,4,Administracion Central,Ministerio De Educacion,Ministerio De Educacion,Ministerio De Educacion,Direccion General De Mantenimiento Escolar,Mitigacion De Riesgos Y Ley De Escuelas Seguras,Servicios Sociales,Educación,Bienes De Uso,Maquinaria Y Equipo,88500.0,356224.0,356223.82,34486132.4,34486114.98,Fiscal
2017,4,Administracion Central,Ministerio De Educacion,Ministerio De Educacion,Ministerio De Educacion,Direccion General De Mantenimiento Escolar,Mitigacion De Riesgos Y Ley De Escuelas Seguras,Servicios Sociales,Educación,Bienes De Uso,Bienes De Uso,5100000.0,1151014.0,1151013.3,111429946.33,111429878.56,Fiscal
2017,4,Administracion Central,Ministerio De Educacion,Ministerio De Educacion,Ministerio De Educacion,Direccion General De Mantenimiento Escolar,Mitigacion De Riesgos Y Ley De Escuelas Seguras,Servicios Sociales,Educación,Servicios No Personales,Servicios No Personales,6100000.0,7142950.0,7142079.5,691510733.25,691426459.94,Fiscal
2017,4,Administracion Central,Ministerio De Educacion,Ministerio De Educacion,Ministerio De Educacion,Direccion General De Mantenimiento Escolar,Mitigacion De Riesgos Y Ley De Escuelas Seguras,Servicios Sociales,Educación,Bienes De Consumo,Bienes De Consumo,0.0,112500.0,112500.0,10891152.46,10891152.46,Fiscal
2017,4,Administracion Central,Ministerio De Educacion,Ministerio De Educacion,Ministerio De Educacion,Direccion General De Mantenimiento Escolar,Administracion De Mantenimiento,Servicios Sociales,Educación,Bienes De Consumo,Bienes De Consumo,0.0,135618.0,135614.6,13129211.69,13128882.53,Fiscal
2017,4,Administracion Central,Ministerio De Educacion,Ministerio De Educacion,Ministerio De Educacion,Direccion General De Mantenimiento Escolar,Administracion De Mantenimiento,Servicios Sociales,Educación,Servicios No Personales,Servicios No Personales,0.0,14143197.0,13913834.25,1369206354.24,1347001690.42,Fiscal
2017,4,Administracion Central,Ministerio De Educacion,Ministerio De Educacion,Ministerio De Educacion,Direccion General De Mantenimiento Escolar,Administracion De Mantenimiento,Servicios Sociales,Educación,Bienes De Uso,Maquinaria Y Equipo,0.0,36305.0,36304.14,3514695.91,3514612.66,Fiscal
2017,4,Administracion Central,Ministerio De Educacion,Ministerio De Educacion,Ministerio De Educacion,Direccion General De Mantenimiento Escolar,Administracion De Mantenimiento,Servicios Sociales,Educación,Bienes De Consumo,Bienes De Consumo,7500000.0,3992979.0,3912072.82,386561271.77,378728724.73,Fiscal
2017,4,Administracion Central,Ministerio De Educacion,Ministerio De Educacion,Ministerio De Educacion,Direccion General De Mantenimiento Escolar,Administracion De Mantenimiento,Servicios Sociales,Educación,Servicios No Personales,Servicios No Personales,0.0,9374086.0,8125359.13,907507554.08,786618000.96,Fiscal
2017,4,Administracion Central,Ministerio De Educacion,Ministerio De Educacion,Ministerio De Educacion,Direccion General De Mantenimiento Escolar,Administracion De Mantenimiento,Servicios Sociales,Educación,Bienes De Uso,Bienes De Uso,0.0,216103.0,216101.45,20920984.19,20920834.13,Fiscal
2017,4,Administracion Central,Ministerio De Educacion,Ministerio De Educacion,Ministerio De Educacion,Direccion General De Mantenimiento Escolar,Administracion De Mantenimiento,Servicios Sociales,Educación,Bienes De Uso,Construcciones Del Dominio Privado,574797708.0,1026675482.0,1021330643.24,99392704046.77,98875268901.62,Fiscal
2017,4,Administracion Central,Ministerio De Hacienda,Ministerio De Hacienda,Ministerio De Hacienda,Ministerio Y Subsecretarias De Hacienda,Actividades Centrales Hacienda,Administración Gubernamental,Administración Fiscal,Gastos En Personal,Remuneraciones Al Personal,220693132.0,172699763.0,171668523.47,16719106215.89,16619271665.24,Fiscal
2017,4,Administracion Central,Ministerio De Hacienda,Ministerio De Hacienda,Ministerio De Hacienda,Ministerio Y Subsecretarias De Hacienda,Actividades Centrales Hacienda,Administración Gubernamental,Administración Fiscal,Bienes De Consumo,Bienes De Consumo,2628340.0,1869139.0,1868648.71,180951802.89,180904337.79,Fiscal
2017,4,Administracion Central,Ministerio De Hacienda,Ministerio De Hacienda,Ministerio De Hacienda,Ministerio Y Subsecretarias De Hacienda,Actividades Centrales Hacienda,Administración Gubernamental,Administración Fiscal,Servicios No Personales,Servicios No Personales,60312159.0,53806483.0,52936475.56,5209018754.59,5124793121.94,Fiscal
2017,4,Administracion Central,Ministerio De Hacienda,Ministerio De Hacienda,Ministerio De Hacienda,Ministerio Y Subsecretarias De Hacienda,Actividades Centrales Hacienda,Administración Gubernamental,Administración Fiscal,Servicios No Personales,Derechos Sobre Bienes Intangibles,5500.0,0.0,0.0,0.0,0.0,Fiscal
2017,4,Administracion Central,Ministerio De Hacienda,Ministerio De Hacienda,Ministerio De Hacienda,Ministerio Y Subsecretarias De Hacienda,Actividades Centrales Hacienda,Administración Gubernamental,Administración Fiscal,Servicios No Personales,Impuestos Directos,0.0,3900.0,3900.0,377559.95,377559.95,Fiscal
2017,4,Administracion Central,Ministerio De Hacienda,Ministerio De Hacienda,Ministerio De Hacienda,Ministerio Y Subsecretarias De Hacienda,Actividades Centrales Hacienda,Administración Gubernamental,Administración Fiscal,Bienes De Uso,Maquinaria Y Equipo,474000.0,1179282.0,1179278.54,114166578.31,114166243.35,Fiscal
2017,4,Administracion Central,Ministerio De Hacienda,Ministerio De Hacienda,Ministerio De Hacienda,Ministerio Y Subsecretarias De Hacienda,Actividades Centrales Hacienda,Administración Gubernamental,Administración Fiscal,Activos Financieros,Aportes De Capital,0.0,5000000.0,5000000.0,484051220.61,484051220.61,Fiscal
2017,4,Administracion Central,Ministerio De Hacienda,Ministerio De Hacienda,Ministerio De Hacienda,Ministerio Y Subsecretarias De Hacienda,Actividades Centrales Hacienda,Administración Gubernamental,Control De La Gestión,Gastos En Personal,Remuneraciones Al Personal,9063096.0,8760530.0,8760524.69,848109047.94,848108533.88,Fiscal
2017,4,Administracion Central,Ministerio De Hacienda,Ministerio De Hacienda,Ministerio De Hacienda,Ministerio Y Subsecretarias De Hacienda,Actividades Centrales Hacienda,Administración Gubernamental,Control De La Gestión,Bienes De Consumo,Bienes De Consumo,62300.0,87620.0,87616.17,8482513.59,8482142.81,Fiscal
2017,4,Administracion Central,Ministerio De Hacienda,Ministerio De Hacienda,Ministerio De Hacienda,Ministerio Y Subsecretarias De Hacienda,Actividades Centrales Hacienda,Administración Gubernamental,Control De La Gestión,Servicios No Personales,Servicios No Personales,2422060.0,2311085.0,2311083.51,223736703.04,223736558.79,Fiscal
2017,4,Administracion Central,Ministerio De Hacienda,Ministerio De Hacienda,Ministerio De Hacienda,Ministerio Y Subsecretarias De Hacienda,Actividades Centrales Hacienda,Administración Gubernamental,Control De La Gestión,Bienes De Uso,Maquinaria Y Equipo,58500.0,1584.0,1583.16,153347.43,153266.11,Fiscal
2017,4,Administracion Central,Ministerio De Hacienda,Ministerio De Hacienda,Ministerio De Hacienda,Ministerio Y Subsecretarias De Hacienda,Actividades Centrales Hacienda,Servicios De Seguridad,Seguridad Interior,Servicios No Personales,Servicios No Personales,3859841.0,4491756.0,4406844.2,434847994.9,426627662.81,Fiscal
2017,4,Administracion Central,Ministerio De Hacienda,Ministerio De Hacienda,Ministerio De Hacienda,Dir.Gral.Oficina De Gestion Publica Y Presupuesto,Gestion Presupuestaria,Administración Gubernamental,Administración Fiscal,Gastos En Personal,Remuneraciones Al Personal,36182706.0,44387453.0,44387431.19,4297160160.9,4297158049.46,Fiscal
2017,4,Administracion Central,Ministerio De Hacienda,Ministerio De Hacienda,Ministerio De Hacienda,Dir.Gral.Oficina De Gestion Publica Y Presupuesto,Gestion Presupuestaria,Administración Gubernamental,Administración Fiscal,Bienes De Consumo,Bienes De Consumo,229500.0,239731.0,239727.17,23208416.63,23208045.85,Fiscal
2017,4,Administracion Central,Ministerio De Hacienda,Ministerio De Hacienda,Ministerio De Hacienda,Dir.Gral.Oficina De Gestion Publica Y Presupuesto,Gestion Presupuestaria,Administración Gubernamental,Administración Fiscal,Servicios No Personales,Servicios No Personales,3876168.0,2148689.0,2148685.33,208015106.63,208014751.34,Fiscal
2017,4,Administracion Central,Ministerio De Hacienda,Ministerio De Hacienda,Ministerio De Hacienda,Dir.Gral.Oficina De Gestion Publica Y Presupuesto,Gestion Presupuestaria,Administración Gubernamental,Administración Fiscal,Bienes De Uso,Maquinaria Y Equipo,200000.0,555675.0,555673.86,53795032.4,53794922.04,Fiscal
2017,4,Administracion Central,Ministerio De Hacienda,Ministerio De Hacienda,Ministerio De Hacienda,Dir.Gral.De Contaduria,Sistema De Contabilidad Gubernamental,Administración Gubernamental,Administración Fiscal,Gastos En Personal,Remuneraciones Al Personal,145345645.0,185893763.0,184120862.07,17996420576.84,17824785605.0,Fiscal
2017,4,Administracion Central,Ministerio De Hacienda,Ministerio De Hacienda,Ministerio De Hacienda,Dir.Gral.De Contaduria,Sistema De Contabilidad Gubernamental,Administración Gubernamental,Administración Fiscal,Bienes De Consumo,Bienes De Consumo,1859880.0,1798096.0,1798087.37,174074112.72,174073277.24,Fiscal
2017,4,Administracion Central,Ministerio De Hacienda,Ministerio De Hacienda,Ministerio De Hacienda,Dir.Gral.De Contaduria,Sistema De Contabilidad Gubernamental,Administración Gubernamental,Administración Fiscal,Servicios No Personales,Servicios No Personales,29329102.0,26763110.0,26063105.62,2590943212.57,2523175617.66,Fiscal
2017,4,Administracion Central,Ministerio De Hacienda,Ministerio De Hacienda,Ministerio De Hacienda,Dir.Gral.De Contaduria,Sistema De Contabilidad Gubernamental,Administración Gubernamental,Administración Fiscal,Bienes De Uso,Maquinaria Y Equipo,208150.0,139140.0,139138.14,13470177.37,13469997.3,Fiscal
2017,4,Administracion Central,Ministerio De Hacienda,Ministerio De Hacienda,Ministerio De Hacienda,Dir.Gral.De Contaduria,Sistema De Contabilidad Gubernamental,Administración Gubernamental,Administración Fiscal,Bienes De Consumo,Bienes De Consumo,3100000.0,1164252.0,1164247.17,112711520.34,112711052.75,Fiscal
2017,4,Administracion Central,Ministerio De Hacienda,Ministerio De Hacienda,Ministerio De Hacienda,Dir.Gral.De Contaduria,Sistema De Contabilidad Gubernamental,Administración Gubernamental,Administración Fiscal,Servicios No Personales,Servicios No Personales,400000.0,45813.0,45813.0,4435167.71,4435167.71,Fiscal
2017,4,Administracion Central,Ministerio De Hacienda,Ministerio De Hacienda,Ministerio De Hacienda,Dir.Gral.De Contaduria,Sistema De Contabilidad Gubernamental,Administración Gubernamental,Administración Fiscal,Bienes De Uso,Bienes De Uso,2500000.0,1368478.0,1368476.47,132482689.26,132482541.14,Fiscal
2017,4,Administracion Central,Ministerio De Hacienda,Ministerio De Hacienda,Ministerio De Hacienda,Dir.Gral.De Tesoreria,Administracion De Los Fondos Del Gcba,Administración Gubernamental,Administración Fiscal,Gastos En Personal,Remuneraciones Al Personal,70332499.0,89917415.0,89917385.16,8704926896.99,8704924008.18,Fiscal
2017,4,Administracion Central,Ministerio De Hacienda,Ministerio De Hacienda,Ministerio De Hacienda,Dir.Gral.De Tesoreria,Administracion De Los Fondos Del Gcba,Administración Gubernamental,Administración Fiscal,Bienes De Consumo,Bienes De Consumo,2076400.0,1500701.0,1500690.35,145283230.16,145282199.14,Fiscal
2017,4,Administracion Central,Ministerio De Hacienda,Ministerio De Hacienda,Ministerio De Hacienda,Dir.Gral.De Tesoreria,Administracion De Los Fondos Del Gcba,Administración Gubernamental,Administración Fiscal,Servicios No Personales,Servicios No Personales,20512288.0,9451759.0,9447315.26,915027096.17,914596896.62,Fiscal
2017,4,Administracion Central,Ministerio De Hacienda,Ministerio De Hacienda,Ministerio De Hacienda,Dir.Gral.De Tesoreria,Administracion De Los Fondos Del Gcba,Administración Gubernamental,Administración Fiscal,Bienes De Uso,Maquinaria Y Equipo,1106400.0,517939.0,517936.44,50141801.03,50141553.2,Fiscal
2017,4,Administracion Central,Ministerio De Hacienda,Ministerio De Hacienda,Ministerio De Hacienda,Dir.Gral.De Tesoreria,Administracion De Los Fondos Del Gcba,Administración Gubernamental,Administración Fiscal,Servicios No Personales,Servicios No Personales,10050000.0,4269313.0,4269311.32,413313233.76,413313071.12,Fiscal
2017,4,Administracion Central,Ministerio De Hacienda,Ministerio De Hacienda,Ministerio De Hacienda,Dir.Gral.De Tesoreria,Administracion De Los Fondos Del Gcba,Administración Gubernamental,Administración Fiscal,Bienes De Uso,Bienes De Uso,1200000.0,2158709.0,2092636.54,208985145.28,202588654.3,Fiscal
2017,4,Administracion Central,Ministerio De Hacienda,Ministerio De Hacienda,Ministerio De Hacienda,Dir.Gral.De Credito Publico,Administracion De La Deuda,Administración Gubernamental,Administración Fiscal,Gastos En Personal,Remuneraciones Al Personal,6180994.0,5978312.0,5978305.34,578761844.16,578761199.4,Fiscal
2017,4,Administracion Central,Ministerio De Hacienda,Ministerio De Hacienda,Ministerio De Hacienda,Dir.Gral.De Credito Publico,Administracion De La Deuda,Administración Gubernamental,Administración Fiscal,Bienes De Consumo,Bienes De Consumo,202300.0,139487.0,139482.13,13503770.52,13503299.06,Fiscal
2017,4,Administracion Central,Ministerio De Hacienda,Ministerio De Hacienda,Ministerio De Hacienda,Dir.Gral.De Credito Publico,Administracion De La Deuda,Administración Gubernamental,Administración Fiscal,Servicios No Personales,Servicios No Personales,5729317.0,4214052.0,4214048.41,407963402.86,407963055.32,Fiscal
2017,4,Administracion Central,Ministerio De Hacienda,Ministerio De Hacienda,Ministerio De Hacienda,Dir.Gral.De Credito Publico,Administracion De La Deuda,Administración Gubernamental,Administración Fiscal,Bienes De Uso,Maquinaria Y Equipo,100000.0,70241.0,70241.0,6800048.36,6800048.36,Fiscal
2017,4,Administracion Central,Ministerio De Hacienda,Ministerio De Hacienda,Ministerio De Hacienda,Dir.Gral.De Credito Publico,Administracion De La Deuda,Administración Gubernamental,Administración Fiscal,Bienes De Uso,Activos Intangibles,15000.0,0.0,0.0,0.0,0.0,Fiscal
2017,4,Administracion Central,Ministerio De Hacienda,Ministerio De Hacienda,Ministerio De Hacienda,Dir.Gral.De Credito Publico,Proyectos Con Organismos Multilaterales De Credito,Administración Gubernamental,Administración Fiscal,Gastos En Personal,Remuneraciones Al Personal,1114371.0,89203.0,89201.09,8635764.21,8635579.3,Fiscal
2017,4,Administracion Central,Ministerio De Hacienda,Ministerio De Hacienda,Ministerio De Hacienda,Dir.Gral.De Credito Publico,Proyectos Con Organismos Multilaterales De Credito,Administración Gubernamental,Administración Fiscal,Bienes De Consumo,Bienes De Consumo,90500.0,0.0,0.0,0.0,0.0,Fiscal
2017,4,Administracion Central,Ministerio De Hacienda,Ministerio De Hacienda,Ministerio De Hacienda,Dir.Gral.De Credito Publico,Proyectos Con Organismos Multilaterales De Credito,Administración Gubernamental,Administración Fiscal,Servicios No Personales,Servicios No Personales,2330870.0,0.0,0.0,0.0,0.0,Fiscal
2017,4,Administracion Central,Ministerio De Hacienda,Ministerio De Hacienda,Ministerio De Hacienda,Dir.Gral.De Credito Publico,Proyectos Con Organismos Multilaterales De Credito,Administración Gubernamental,Administración Fiscal,Bienes De Uso,Maquinaria Y Equipo,15900.0,0.0,0.0,0.0,0.0,Fiscal
2017,4,Administracion Central,Ministerio De Hacienda,Ministerio De Hacienda,Ministerio De Hacienda,Dir.Gral.De Credito Publico,Evaluacion Financiera,Administración Gubernamental,Administración Fiscal,Gastos En Personal,Remuneraciones Al Personal,1114371.0,280.0,279.39,27106.87,27047.81,Fiscal
2017,4,Administracion Central,Ministerio De Hacienda,Ministerio De Hacienda,Ministerio De Hacienda,Dir.Gral.De Credito Publico,Evaluacion Financiera,Administración Gubernamental,Administración Fiscal,Bienes De Consumo,Bienes De Consumo,99000.0,0.0,0.0,0.0,0.0,Fiscal
2017,4,Administracion Central,Ministerio De Hacienda,Ministerio De Hacienda,Ministerio De Hacienda,Dir.Gral.De Credito Publico,Evaluacion Financiera,Administración Gubernamental,Administración Fiscal,Servicios No Personales,Servicios No Personales,1889600.0,0.0,0.0,0.0,0.0,Fiscal
2017,4,Administracion Central,Ministerio De Hacienda,Ministerio De Hacienda,Ministerio De Hacienda,Dir.Gral.De Credito Publico,Evaluacion Financiera,Administración Gubernamental,Administración Fiscal,Bienes De Uso,Maquinaria Y Equipo,90000.0,0.0,0.0,0.0,0.0,Fiscal
2017,4,Administracion Central,Ministerio De Hacienda,Ministerio De Hacienda,Ministerio De Hacienda,Dir.Gral.De Credito Publico,Evaluacion Financiera,Administración Gubernamental,Administración Fiscal,Bienes De Uso,Activos Intangibles,15000.0,0.0,0.0,0.0,0.0,Fiscal
2017,4,Administracion Central,Ministerio De Hacienda,Ministerio De Hacienda,Ministerio De Hacienda,Dir.Gral. Redeterminación De Precios,Analisis De Redeterminaciones De Precios,Administración Gubernamental,Administración Fiscal,Gastos En Personal,Remuneraciones Al Personal,2933119.0,3401027.0,3401020.66,329254254.14,329253640.36,Fiscal
2017,4,Administracion Central,Ministerio De Hacienda,Ministerio De Hacienda,Ministerio De Hacienda,Dir.Gral. Redeterminación De Precios,Analisis De Redeterminaciones De Precios,Administración Gubernamental,Administración Fiscal,Bienes De Consumo,Bienes De Consumo,215840.0,115029.0,115022.05,11135985.57,11135312.74,Fiscal
2017,4,Administracion Central,Ministerio De Hacienda,Ministerio De Hacienda,Ministerio De Hacienda,Dir.Gral. Redeterminación De Precios,Analisis De Redeterminaciones De Precios,Administración Gubernamental,Administración Fiscal,Servicios No Personales,Servicios No Personales,7532880.0,7447335.0,7447333.21,720978319.41,720978146.12,Fiscal
2017,4,Administracion Central,Ministerio De Hacienda,Ministerio De Hacienda,Ministerio De Hacienda,Dir.Gral. Redeterminación De Precios,Analisis De Redeterminaciones De Precios,Administración Gubernamental,Administración Fiscal,Bienes De Uso,Maquinaria Y Equipo,281000.0,103271.0,103270.01,9997690.72,9997594.88,Fiscal
2017,4,Administracion Central,Ministerio De Hacienda,Ministerio De Hacienda,Ministerio De Hacienda,Dir.Gral.De Compras Y Contrataciones,Compra De Bienes Y Contratacion De Servicios,Administración Gubernamental,Administración Fiscal,Gastos En Personal,Remuneraciones Al Personal,42931581.0,55739068.0,55677122.49,5396112780.23,5390115820.28,Fiscal
2017,4,Administracion Central,Ministerio De Hacienda,Ministerio De Hacienda,Ministerio De Hacienda,Dir.Gral.De Compras Y Contrataciones,Compra De Bienes Y Contratacion De Servicios,Administración Gubernamental,Administración Fiscal,Bienes De Consumo,Bienes De Consumo,376920.0,273522.0,273513.9,26479731.59,26478947.43,Fiscal
2017,4,Administracion Central,Ministerio De Hacienda,Ministerio De Hacienda,Ministerio De Hacienda,Dir.Gral.De Compras Y Contrataciones,Compra De Bienes Y Contratacion De Servicios,Administración Gubernamental,Administración Fiscal,Servicios No Personales,Servicios No Personales,45540934.0,42999070.0,42999062.47,4162750463.73,4162749734.75,Fiscal
2017,4,Administracion Central,Ministerio De Hacienda,Ministerio De Hacienda,Ministerio De Hacienda,Dir.Gral.De Compras Y Contrataciones,Compra De Bienes Y Contratacion De Servicios,Administración Gubernamental,Administración Fiscal,Bienes De Uso,Maquinaria Y Equipo,1965900.0,2040093.0,2040091.8,197501901.36,197501785.19,Fiscal
2017,4,Administracion Central,Ministerio De Hacienda,Ministerio De Hacienda,Ministerio De Hacienda,Dir.Gral.De Compras Y Contrataciones,Compra De Bienes Y Contratacion De Servicios,Administración Gubernamental,Administración Fiscal,Bienes De Uso,Bienes De Uso,8640000.0,16736064.0,16736063.51,1620222441.49,1620222394.05,Fiscal
2017,4,Administracion Central,Ministerio De Hacienda,Ministerio De Hacienda,Ministerio De Hacienda,Dir.Gral.De Compras Y Contrataciones,Administracion De Los Seguros Del Gcba,Servicios Económicos,Seguros Y Finanzas,Gastos En Personal,Remuneraciones Al Personal,7919553.0,682280.0,682272.18,66051693.36,66050936.3,Fiscal
2017,4,Administracion Central,Ministerio De Hacienda,Ministerio De Hacienda,Ministerio De Hacienda,Dir.Gral.De Compras Y Contrataciones,Administracion De Los Seguros Del Gcba,Servicios Económicos,Seguros Y Finanzas,Servicios No Personales,Servicios No Personales,4840073.0,0.0,0.0,0.0,0.0,Fiscal
2017,4,Administracion Central,Ministerio De Hacienda,Ministerio De Hacienda,Ministerio De Hacienda,Dir.Gral.De Compras Y Contrataciones,Administracion De Los Seguros Del Gcba,Servicios Económicos,Seguros Y Finanzas,Bienes De Consumo,Bienes De Consumo,157170.0,0.0,0.0,0.0,0.0,Fiscal
2017,4,Administracion Central,Ministerio De Hacienda,Ministerio De Hacienda,Ministerio De Hacienda,Dir.Gral.De Compras Y Contrataciones,Administracion De Los Seguros Del Gcba,Servicios Económicos,Seguros Y Finanzas,Bienes De Uso,Maquinaria Y Equipo,45000.0,0.0,0.0,0.0,0.0,Fiscal
2017,4,Administracion Central,Ministerio De Hacienda,Ministerio De Hacienda,Ministerio De Hacienda,Direccion General Unidad Informatica De Administracion Financiera -Mh-,Desarrollo Funcional Del Sistema Sigaf,Administración Gubernamental,Administración Fiscal,Gastos En Personal,Remuneraciones Al Personal,5932147.0,5251258.0,5251245.87,508375568.93,508374394.62,Fiscal
2017,4,Administracion Central,Ministerio De Hacienda,Ministerio De Hacienda,Ministerio De Hacienda,Direccion General Unidad Informatica De Administracion Financiera -Mh-,Desarrollo Funcional Del Sistema Sigaf,Administración Gubernamental,Administración Fiscal,Bienes De Consumo,Bienes De Consumo,353250.0,121445.0,121440.04,11757120.1,11756639.92,Fiscal
2017,4,Administracion Central,Ministerio De Hacienda,Ministerio De Hacienda,Ministerio De Hacienda,Direccion General Unidad Informatica De Administracion Financiera -Mh-,Desarrollo Funcional Del Sistema Sigaf,Administración Gubernamental,Administración Fiscal,Servicios No Personales,Servicios No Personales,22738200.0,24191880.0,23392998.99,2342021808.58,2264681942.97,Fiscal
2017,4,Administracion Central,Ministerio De Hacienda,Ministerio De Hacienda,Ministerio De Hacienda,Direccion General Unidad Informatica De Administracion Financiera -Mh-,Desarrollo Funcional Del Sistema Sigaf,Administración Gubernamental,Administración Fiscal,Bienes De Uso,Maquinaria Y Equipo,824000.0,458816.0,458813.58,44418088.97,44417854.69,Fiscal
2017,4,Administracion Central,Ministerio De Hacienda,Ministerio De Hacienda,Ministerio De Hacienda,Direccion General Unidad Informatica De Administracion Financiera -Mh-,Desarrollo Funcional Del Sistema Sigaf,Administración Gubernamental,Administración Fiscal,Bienes De Uso,Activos Intangibles,561000.0,16998.0,16998.0,1645580.53,1645580.53,Fiscal
2017,4,Administracion Central,Ministerio De Hacienda,Ministerio De Hacienda,Ministerio De Hacienda,Direccion General Unidad Informatica De Administracion Financiera -Mh-,Desarrollo Funcional Del Sistema Sigaf,Administración Gubernamental,Administración Fiscal,Servicios No Personales,Servicios No Personales,1149200.0,4813368.0,3000986.6,465983331.13,290526245.35,Fiscal
2017,4,Administracion Central,Ministerio De Hacienda,Ministerio De Hacienda,Ministerio De Hacienda,Direccion General Unidad Informatica De Administracion Financiera -Mh-,Desarrollo Funcional Del Sistema Sigaf,Administración Gubernamental,Administración Fiscal,Bienes De Uso,Bienes De Uso,139969000.0,157559606.0,150414540.04,15253383920.67,14561668340.81,Fiscal
2017,4,Administracion Central,Ministerio De Hacienda,Ministerio De Hacienda,Ministerio De Hacienda,Subsecretaria De Gestión De Recursos Humanos,"Actividades Comunes A Los Programas 41,42,43,44,45 Y 46",Administración Gubernamental,Dirección Ejecutiva,Gastos En Personal,Remuneraciones Al Personal,9575349.0,14541884.0,14541864.65,1407803340.04,1407801466.76,Fiscal
2017,4,Administracion Central,Ministerio De Hacienda,Ministerio De Hacienda,Ministerio De Hacienda,Subsecretaria De Gestión De Recursos Humanos,"Actividades Comunes A Los Programas 41,42,43,44,45 Y 46",Administración Gubernamental,Dirección Ejecutiva,Bienes De Consumo,Bienes De Consumo,936730.0,453056.0,453047.75,43860461.96,43859663.28,Fiscal
2017,4,Administracion Central,Ministerio De Hacienda,Ministerio De Hacienda,Ministerio De Hacienda,Subsecretaria De Gestión De Recursos Humanos,"Actividades Comunes A Los Programas 41,42,43,44,45 Y 46",Administración Gubernamental,Dirección Ejecutiva,Servicios No Personales,Servicios No Personales,62643058.0,63075336.0,61932466.74,6106338676.25,5995697224.19,Fiscal
2017,4,Administracion Central,Ministerio De Hacienda,Ministerio De Hacienda,Ministerio De Hacienda,Subsecretaria De Gestión De Recursos Humanos,"Actividades Comunes A Los Programas 41,42,43,44,45 Y 46",Administración Gubernamental,Dirección Ejecutiva,Bienes De Uso,Maquinaria Y Equipo,922680.0,1375333.0,1371299.99,133146323.48,132755886.8,Fiscal
2017,4,Administracion Central,Ministerio De Hacienda,Ministerio De Hacienda,Ministerio De Hacienda,Subsecretaria De Gestión De Recursos Humanos,"Actividades Comunes A Los Programas 41,42,43,44,45 Y 46",Administración Gubernamental,Dirección Ejecutiva,Bienes De Uso,Activos Intangibles,71500.0,0.0,0.0,0.0,0.0,Fiscal
2017,4,Administracion Central,Ministerio De Hacienda,Ministerio De Hacienda,Ministerio De Hacienda,Subsecretaria De Gestión De Recursos Humanos,"Actividades Comunes A Los Programas 41,42,43,44,45 Y 46",Administración Gubernamental,Dirección Ejecutiva,Servicios No Personales,Servicios No Personales,14500000.0,6885950.0,6885950.0,666630500.51,666630500.51,Fiscal
2017,4,Administracion Central,Ministerio De Hacienda,Ministerio De Hacienda,Ministerio De Hacienda,Subsecretaria De Gestión De Recursos Humanos,"Actividades Comunes A Los Programas 41,42,43,44,45 Y 46",Administración Gubernamental,Dirección Ejecutiva,Bienes De Uso,Bienes De Uso,0.0,2000000.0,0.0,193620488.24,0.0,Fiscal
2017,4,Administracion Central,Ministerio De Hacienda,Ministerio De Hacienda,Ministerio De Hacienda,Subsecretaria De Gestión De Recursos Humanos,Gestión En La Estructura Remunerativa Del Personal,Administración Gubernamental,Dirección Ejecutiva,Gastos En Personal,Remuneraciones Al Personal,111684684.0,144267371.0,144267361.91,13966559405.39,13966558525.38,Fiscal
2017,4,Administracion Central,Ministerio De Hacienda,Ministerio De Hacienda,Ministerio De Hacienda,Subsecretaria De Gestión De Recursos Humanos,Gestión En La Estructura Remunerativa Del Personal,Administración Gubernamental,Dirección Ejecutiva,Bienes De Consumo,Bienes De Consumo,222730.0,153094.0,153090.9,14821067.51,14820767.4,Fiscal
2017,4,Administracion Central,Ministerio De Hacienda,Ministerio De Hacienda,Ministerio De Hacienda,Subsecretaria De Gestión De Recursos Humanos,Gestión En La Estructura Remunerativa Del Personal,Administración Gubernamental,Dirección Ejecutiva,Servicios No Personales,Servicios No Personales,105000.0,82800.0,82800.0,8015888.21,8015888.21,Fiscal
2017,4,Administracion Central,Ministerio De Hacienda,Ministerio De Hacienda,Ministerio De Hacienda,Subsecretaria De Gestión De Recursos Humanos,Gestión En La Estructura Remunerativa Del Personal,Administración Gubernamental,Dirección Ejecutiva,Bienes De Uso,Maquinaria Y Equipo,0.0,2900.0,2899.99,280749.71,280748.74,Fiscal
2017,4,Administracion Central,Ministerio De Hacienda,Ministerio De Hacienda,Ministerio De Hacienda,Subsecretaria De Gestión De Recursos Humanos,Protección Y Prevención En Medicina Laboral,Administración Gubernamental,Dirección Ejecutiva,Gastos En Personal,Remuneraciones Al Personal,69558617.0,82686582.0,82686572.96,8004908189.06,8004907313.89,Fiscal
2017,4,Administracion Central,Ministerio De Hacienda,Ministerio De Hacienda,Ministerio De Hacienda,Subsecretaria De Gestión De Recursos Humanos,Protección Y Prevención En Medicina Laboral,Administración Gubernamental,Dirección Ejecutiva,Bienes De Consumo,Bienes De Consumo,693930.0,337147.0,337144.68,32639283.38,32639058.78,Fiscal
2017,4,Administracion Central,Ministerio De Hacienda,Ministerio De Hacienda,Ministerio De Hacienda,Subsecretaria De Gestión De Recursos Humanos,Protección Y Prevención En Medicina Laboral,Administración Gubernamental,Dirección Ejecutiva,Servicios No Personales,Servicios No Personales,628300.0,492524.0,492522.2,47681368.68,47681194.42,Fiscal
2017,4,Administracion Central,Ministerio De Hacienda,Ministerio De Hacienda,Ministerio De Hacienda,Subsecretaria De Gestión De Recursos Humanos,Protección Y Prevención En Medicina Laboral,Administración Gubernamental,Dirección Ejecutiva,Bienes De Uso,Maquinaria Y Equipo,22000.0,21367.0,21365.88,2068544.49,2068436.06,Fiscal
2017,4,Administracion Central,Ministerio De Hacienda,Ministerio De Hacienda,Ministerio De Hacienda,Subsecretaria De Gestión De Recursos Humanos,Protección Y Prevención En Medicina Laboral,Administración Gubernamental,Dirección Ejecutiva,Servicios No Personales,Servicios No Personales,700000.0,369980.0,369980.0,35817854.12,35817854.12,Fiscal
2017,4,Administracion Central,Ministerio De Hacienda,Ministerio De Hacienda,Ministerio De Hacienda,Subsecretaria De Gestión De Recursos Humanos,Asuntos Laborales Y Previsionales,Administración Gubernamental,Dirección Ejecutiva,Gastos En Personal,Remuneraciones Al Personal,39081704.0,56725618.0,56725613.33,5491620926.57,5491620474.46,Fiscal
2017,4,Administracion Central,Ministerio De Hacienda,Ministerio De Hacienda,Ministerio De Hacienda,Subsecretaria De Gestión De Recursos Humanos,Asuntos Laborales Y Previsionales,Administración Gubernamental,Dirección Ejecutiva,Bienes De Consumo,Bienes De Consumo,79800.0,44151.0,44150.09,4274269.09,4274180.99,Fiscal
2017,4,Administracion Central,Ministerio De Hacienda,Ministerio De Hacienda,Ministerio De Hacienda,Subsecretaria De Gestión De Recursos Humanos,Asuntos Laborales Y Previsionales,Administración Gubernamental,Dirección Ejecutiva,Servicios No Personales,Servicios No Personales,230180.0,72134.0,72133.95,6983310.15,6983305.31,Fiscal
2017,4,Administracion Central,Ministerio De Hacienda,Ministerio De Hacienda,Ministerio De Hacienda,Subsecretaria De Gestión De Recursos Humanos,Asuntos Laborales Y Previsionales,Administración Gubernamental,Dirección Ejecutiva,Bienes De Uso,Activos Intangibles,112200.0,0.0,0.0,0.0,0.0,Fiscal
2017,4,Administracion Central,Ministerio De Hacienda,Ministerio De Hacienda,Ministerio De Hacienda,Subsecretaria De Gestión De Recursos Humanos,Planificación Y Control Operativo,Administración Gubernamental,Dirección Ejecutiva,Gastos En Personal,Remuneraciones Al Personal,20141152.0,29890330.0,29890321.75,2893690144.2,2893689345.51,Fiscal
2017,4,Administracion Central,Ministerio De Hacienda,Ministerio De Hacienda,Ministerio De Hacienda,Subsecretaria De Gestión De Recursos Humanos,Planificación Y Control Operativo,Administración Gubernamental,Dirección Ejecutiva,Bienes De Consumo,Bienes De Consumo,72250.0,100554.0,100552.43,9734657.29,9734505.3,Fiscal
2017,4,Administracion Central,Ministerio De Hacienda,Ministerio De Hacienda,Ministerio De Hacienda,Subsecretaria De Gestión De Recursos Humanos,Planificación Y Control Operativo,Administración Gubernamental,Dirección Ejecutiva,Servicios No Personales,Servicios No Personales,1226000.0,1348865.0,1348863.65,130583949.94,130583819.24,Fiscal
2017,4,Administracion Central,Ministerio De Hacienda,Ministerio De Hacienda,Ministerio De Hacienda,Subsecretaria De Gestión De Recursos Humanos,Desarrollo Del Servicio Civil,Administración Gubernamental,Dirección Ejecutiva,Gastos En Personal,Remuneraciones Al Personal,19935079.0,24247861.0,24247851.93,2347441342.85,2347440464.78,Fiscal
2017,4,Administracion Central,Ministerio De Hacienda,Ministerio De Hacienda,Ministerio De Hacienda,Subsecretaria De Gestión De Recursos Humanos,Desarrollo Del Servicio Civil,Administración Gubernamental,Dirección Ejecutiva,Bienes De Consumo,Bienes De Consumo,100450.0,74295.0,58449.6,7192517.09,5658520.04,Fiscal
2017,4,Administracion Central,Ministerio De Hacienda,Ministerio De Hacienda,Ministerio De Hacienda,Subsecretaria De Gestión De Recursos Humanos,Desarrollo Del Servicio Civil,Administración Gubernamental,Dirección Ejecutiva,Servicios No Personales,Servicios No Personales,3741070.0,559510.0,559508.42,54166299.69,54166146.73,Fiscal
2017,4,Administracion Central,Ministerio De Hacienda,Ministerio De Hacienda,Ministerio De Hacienda,Subsecretaria De Gestión De Recursos Humanos,Desarrollo Del Servicio Civil,Administración Gubernamental,Dirección Ejecutiva,Bienes De Uso,Maquinaria Y Equipo,11000.0,1100.0,1099.44,106491.27,106437.05,Fiscal
2017,4,Administracion Central,Ministerio De Hacienda,Ministerio De Hacienda,Ministerio De Hacienda,Subsecretaria De Gestión De Recursos Humanos,Relaciones Laborales,Administración Gubernamental,Dirección Ejecutiva,Gastos En Personal,Remuneraciones Al Personal,27751703.0,14114180.0,14114171.88,1366397211.39,1366396425.29,Fiscal
2017,4,Administracion Central,Ministerio De Hacienda,Ministerio De Hacienda,Ministerio De Hacienda,Subsecretaria De Gestión De Recursos Humanos,Relaciones Laborales,Administración Gubernamental,Dirección Ejecutiva,Bienes De Consumo,Bienes De Consumo,68750.0,48525.0,48519.57,4697717.1,4697191.42,Fiscal
2017,4,Administracion Central,Ministerio De Hacienda,Ministerio De Hacienda,Ministerio De Hacienda,Subsecretaria De Gestión De Recursos Humanos,Relaciones Laborales,Administración Gubernamental,Dirección Ejecutiva,Servicios No Personales,Servicios No Personales,169300.0,121434.0,121433.4,11756055.18,11755997.1,Fiscal
2017,4,Administracion Central,Ministerio De Hacienda,Ministerio De Hacienda,Ministerio De Hacienda,Dir.Gral. Relaciones Fiscales,Relaciones Fiscales Con Los Gobiernos Nacional Y Prov.,Administración Gubernamental,Administración Fiscal,Gastos En Personal,Remuneraciones Al Personal,5581581.0,6380515.0,6380506.05,617699214.78,617698348.32,Fiscal
2017,4,Administracion Central,Ministerio De Hacienda,Ministerio De Hacienda,Ministerio De Hacienda,Dir.Gral. Relaciones Fiscales,Relaciones Fiscales Con Los Gobiernos Nacional Y Prov.,Administración Gubernamental,Administración Fiscal,Bienes De Consumo,Bienes De Consumo,65600.0,64883.0,64878.82,6281339.07,6280934.4,Fiscal
2017,4,Administracion Central,Ministerio De Hacienda,Ministerio De Hacienda,Ministerio De Hacienda,Dir.Gral. Relaciones Fiscales,Relaciones Fiscales Con Los Gobiernos Nacional Y Prov.,Administración Gubernamental,Administración Fiscal,Servicios No Personales,Servicios No Personales,711074.0,682261.0,682259.88,66049853.97,66049745.54,Fiscal
2017,4,Administracion Central,Ministerio De Hacienda,Ministerio De Hacienda,Ministerio De Hacienda,Dir.Gral. Relaciones Fiscales,Relaciones Fiscales Con Los Gobiernos Nacional Y Prov.,Administración Gubernamental,Administración Fiscal,Bienes De Uso,Maquinaria Y Equipo,46200.0,51831.0,51829.14,5017771.76,5017591.7,Fiscal
2017,4,Administracion Central,Ministerio De Hacienda,Ministerio De Hacienda,Ministerio De Hacienda,D.G.Gestiòn De La Flota Automotor,Flota Automotor Del Gobierno De La Ciudad De Buenos Aires,Administración Gubernamental,Dirección Ejecutiva,Gastos En Personal,Remuneraciones Al Personal,44550048.0,51902223.0,51902205.23,5024666879.12,5024665158.8,Fiscal
2017,4,Administracion Central,Ministerio De Hacienda,Ministerio De Hacienda,Ministerio De Hacienda,D.G.Gestiòn De La Flota Automotor,Flota Automotor Del Gobierno De La Ciudad De Buenos Aires,Administración Gubernamental,Dirección Ejecutiva,Bienes De Consumo,Bienes De Consumo,64490770.0,60247256.0,60247249.8,5832551561.06,5832550960.83,Fiscal
2017,4,Administracion Central,Ministerio De Hacienda,Ministerio De Hacienda,Ministerio De Hacienda,D.G.Gestiòn De La Flota Automotor,Flota Automotor Del Gobierno De La Ciudad De Buenos Aires,Administración Gubernamental,Dirección Ejecutiva,Servicios No Personales,Servicios No Personales,26427110.0,137763441.0,137763436.21,13336912354.33,13336911890.61,Fiscal
2017,4,Administracion Central,Ministerio De Hacienda,Ministerio De Hacienda,Ministerio De Hacienda,D.G.Gestiòn De La Flota Automotor,Flota Automotor Del Gobierno De La Ciudad De Buenos Aires,Administración Gubernamental,Dirección Ejecutiva,Bienes De Uso,Maquinaria Y Equipo,2454180.0,1773624.0,1773623.7,171704972.42,171704943.38,Fiscal
2017,4,Administracion Central,Ministerio De Hacienda,Ministerio De Hacienda,Ministerio De Hacienda,D.G.Gestiòn De La Flota Automotor,Flota Automotor Del Gobierno De La Ciudad De Buenos Aires,Administración Gubernamental,Dirección Ejecutiva,Servicios No Personales,Servicios No Personales,0.0,5450900.0,5450900.0,527702959.69,527702959.69,Fiscal
2017,4,Administracion Central,Ministerio De Hacienda,Ministerio De Hacienda,Ministerio De Hacienda,D.G.Gestiòn De La Flota Automotor,Flota Automotor Del Gobierno De La Ciudad De Buenos Aires,Administración Gubernamental,Dirección Ejecutiva,Bienes De Uso,Bienes De Uso,8400000.0,0.0,0.0,0.0,0.0,Fiscal
2017,4,Administracion Central,Ministerio De Hacienda,Ministerio De Hacienda,Ministerio De Hacienda,D.G.Gestiòn De La Flota Automotor,Flota Automotor Del Gobierno De La Ciudad De Buenos Aires,Administración Gubernamental,Dirección Ejecutiva,Activos Financieros,Activos Financieros,0.0,1500000.0,1497500.0,145215366.18,144973340.57,Fiscal
2017,4,Organismos Descentralizados,Ministerio De Hacienda,Ministerio De Hacienda,Instituto De Juegos De Apuestas De La Caba,Instituto De Juegos De Apuesta,Instituto De Juegos Y Apuestas De La Caba,Administración Gubernamental,Dirección Ejecutiva,Gastos En Personal,Remuneraciones Al Personal,69492854.0,69492854.0,41550341.08,6727620160.49,4022498663.32,Fiscal
2017,4,Organismos Descentralizados,Ministerio De Hacienda,Ministerio De Hacienda,Instituto De Juegos De Apuestas De La Caba,Instituto De Juegos De Apuesta,Instituto De Juegos Y Apuestas De La Caba,Administración Gubernamental,Dirección Ejecutiva,Bienes De Consumo,Bienes De Consumo,424697.0,424697.0,289747.35,41115020.25,28050511.69,Fiscal
2017,4,Organismos Descentralizados,Ministerio De Hacienda,Ministerio De Hacienda,Instituto De Juegos De Apuestas De La Caba,Instituto De Juegos De Apuesta,Instituto De Juegos Y Apuestas De La Caba,Administración Gubernamental,Dirección Ejecutiva,Servicios No Personales,Servicios No Personales,37780570.0,18780570.0,13890979.24,1818151566.46,1344789091.32,Fiscal
2017,4,Organismos Descentralizados,Ministerio De Hacienda,Ministerio De Hacienda,Instituto De Juegos De Apuestas De La Caba,Instituto De Juegos De Apuesta,Instituto De Juegos Y Apuestas De La Caba,Administración Gubernamental,Dirección Ejecutiva,Bienes De Uso,Maquinaria Y Equipo,502830.0,502830.0,233311.78,48679095.05,22586970.38,Fiscal
2017,4,Organismos Descentralizados,Ministerio De Hacienda,Ministerio De Hacienda,Instituto De Juegos De Apuestas De La Caba,Instituto De Juegos De Apuesta,Instituto De Juegos Y Apuestas De La Caba,Administración Gubernamental,Dirección Ejecutiva,Bienes De Uso,Activos Intangibles,51175.0,51175.0,20941.19,4954264.24,2027321.72,Fiscal
2017,4,Organismos Descentralizados,Ministerio De Hacienda,Ministerio De Hacienda,Admin. Gubernamental De Ingresos Publicos,Direccion General De Estadisticas Y Censos,Sistema Estadístico De La Ciudad.,Administración Gubernamental,Administración Fiscal,Gastos En Personal,Remuneraciones Al Personal,108913140.0,139976846.0,138764291.19,13551192632.73,13433804905.56,Fiscal
2017,4,Organismos Descentralizados,Ministerio De Hacienda,Ministerio De Hacienda,Admin. Gubernamental De Ingresos Publicos,Direccion General De Estadisticas Y Censos,Sistema Estadístico De La Ciudad.,Administración Gubernamental,Administración Fiscal,Bienes De Consumo,Bienes De Consumo,9311000.0,6084808.0,3111392.27,589071747.92,301214645.22,Fiscal
2017,4,Organismos Descentralizados,Ministerio De Hacienda,Ministerio De Hacienda,Admin. Gubernamental De Ingresos Publicos,Direccion General De Estadisticas Y Censos,Sistema Estadístico De La Ciudad.,Administración Gubernamental,Administración Fiscal,Servicios No Personales,Servicios No Personales,112906000.0,100978073.0,96676446.81,9775711898.13,9359270416.55,Fiscal
2017,4,Organismos Descentralizados,Ministerio De Hacienda,Ministerio De Hacienda,Admin. Gubernamental De Ingresos Publicos,Direccion General De Estadisticas Y Censos,Sistema Estadístico De La Ciudad.,Administración Gubernamental,Administración Fiscal,Bienes De Uso,Maquinaria Y Equipo,14900000.0,13840000.0,13459297.23,1339853778.65,1302997850.55,Fiscal
2017,4,Organismos Descentralizados,Ministerio De Hacienda,Ministerio De Hacienda,Admin. Gubernamental De Ingresos Publicos,Direccion General De Estadisticas Y Censos,Sistema Estadístico De La Ciudad.,Administración Gubernamental,Administración Fiscal,Bienes De Uso,Activos Intangibles,1500000.0,1500000.0,12293.36,145215366.18,1190123.18,Fiscal
2017,4,Organismos Descentralizados,Ministerio De Hacienda,Ministerio De Hacienda,Admin. Gubernamental De Ingresos Publicos,Direccion General De Estadisticas Y Censos,Sistema Estadístico De La Ciudad.,Administración Gubernamental,Administración Fiscal,Bienes De Uso,Construcciones Del Dominio Privado,4000000.0,4000000.0,1469635.29,387240976.49,142275751.2,Fiscal
2017,4,Organismos Descentralizados,Ministerio De Hacienda,Ministerio De Hacienda,Admin. Gubernamental De Ingresos Publicos,Direccion General De Estadisticas Y Censos,Plan Nacional De Estadística.,Administración Gubernamental,Administración Fiscal,Servicios No Personales,Servicios No Personales,3000000.0,8377264.0,4849579.0,811004972.92,469488926.88,Fiscal
2017,4,Organismos Descentralizados,Ministerio De Hacienda,Ministerio De Hacienda,Admin. Gubernamental De Ingresos Publicos,Administ.Gubernamental De Ingresos Publicos,"Actividades Comunes A Los Programas 84.85, 86, 87 Y 88",Administración Gubernamental,Administración Fiscal,Gastos En Personal,Remuneraciones Al Personal,522235157.0,825755768.0,738192180.3,79941617485.46,71464565184.0,Fiscal
2017,4,Organismos Descentralizados,Ministerio De Hacienda,Ministerio De Hacienda,Admin. Gubernamental De Ingresos Publicos,Administ.Gubernamental De Ingresos Publicos,"Actividades Comunes A Los Programas 84.85, 86, 87 Y 88",Administración Gubernamental,Administración Fiscal,Servicios No Personales,Servicios No Personales,299596428.0,280977617.0,214103864.94,27201511694.66,20727447432.36,Fiscal
2017,4,Organismos Descentralizados,Ministerio De Hacienda,Ministerio De Hacienda,Admin. Gubernamental De Ingresos Publicos,Administ.Gubernamental De Ingresos Publicos,"Actividades Comunes A Los Programas 84.85, 86, 87 Y 88",Administración Gubernamental,Administración Fiscal,Bienes De Consumo,Bienes De Consumo,15057971.0,10076094.0,9285727.3,975469119.94,898953526.77,Fiscal
2017,4,Organismos Descentralizados,Ministerio De Hacienda,Ministerio De Hacienda,Admin. Gubernamental De Ingresos Publicos,Administ.Gubernamental De Ingresos Publicos,"Actividades Comunes A Los Programas 84.85, 86, 87 Y 88",Administración Gubernamental,Administración Fiscal,Bienes De Uso,Maquinaria Y Equipo,10365042.0,6932396.0,2178425.67,671126949.11,210893920.91,Fiscal
2017,4,Organismos Descentralizados,Ministerio De Hacienda,Ministerio De Hacienda,Admin. Gubernamental De Ingresos Publicos,Administ.Gubernamental De Ingresos Publicos,"Actividades Comunes A Los Programas 84.85, 86, 87 Y 88",Administración Gubernamental,Administración Fiscal,Bienes De Uso,Activos Intangibles,1101288.0,412354.0,9750.18,39920091.4,943917.31,Fiscal
2017,4,Organismos Descentralizados,Ministerio De Hacienda,Ministerio De Hacienda,Admin. Gubernamental De Ingresos Publicos,Administ.Gubernamental De Ingresos Publicos,"Actividades Comunes A Los Programas 84.85, 86, 87 Y 88",Administración Gubernamental,Control De La Gestión,Gastos En Personal,Remuneraciones Al Personal,8295886.0,9473679.0,3319837.6,917149176.73,321394288.5,Fiscal
2017,4,Organismos Descentralizados,Ministerio De Hacienda,Ministerio De Hacienda,Admin. Gubernamental De Ingresos Publicos,Administ.Gubernamental De Ingresos Publicos,"Actividades Comunes A Los Programas 84.85, 86, 87 Y 88",Administración Gubernamental,Control De La Gestión,Bienes De Consumo,Bienes De Consumo,45913.0,15500.0,15500.0,1500558.78,1500558.78,Fiscal
2017,4,Organismos Descentralizados,Ministerio De Hacienda,Ministerio De Hacienda,Admin. Gubernamental De Ingresos Publicos,Administ.Gubernamental De Ingresos Publicos,"Actividades Comunes A Los Programas 84.85, 86, 87 Y 88",Administración Gubernamental,Administración Fiscal,Bienes De Uso,Construcciones Del Dominio Privado,18300000.0,18300000.0,3527457.98,1771627467.44,341494068.17,Fiscal
2017,4,Organismos Descentralizados,Ministerio De Hacienda,Ministerio De Hacienda,Admin. Gubernamental De Ingresos Publicos,Administ.Gubernamental De Ingresos Publicos,Relaciones Con La Comunidad,Administración Gubernamental,Administración Fiscal,Gastos En Personal,Remuneraciones Al Personal,1322876.0,1537322.0,778104.73,148828518.11,75328508.86,Fiscal
2017,4,Organismos Descentralizados,Ministerio De Hacienda,Ministerio De Hacienda,Admin. Gubernamental De Ingresos Publicos,Administ.Gubernamental De Ingresos Publicos,Relaciones Con La Comunidad,Administración Gubernamental,Administración Fiscal,Bienes De Consumo,Bienes De Consumo,2236832.0,811594.0,274200.0,78570613.27,26545368.94,Fiscal
2017,4,Organismos Descentralizados,Ministerio De Hacienda,Ministerio De Hacienda,Admin. Gubernamental De Ingresos Publicos,Administ.Gubernamental De Ingresos Publicos,Relaciones Con La Comunidad,Administración Gubernamental,Administración Fiscal,Servicios No Personales,Servicios No Personales,12717704.0,10606379.0,8053049.26,1026806140.24,779617664.79,Fiscal
2017,4,Organismos Descentralizados,Ministerio De Hacienda,Ministerio De Hacienda,Admin. Gubernamental De Ingresos Publicos,Administ.Gubernamental De Ingresos Publicos,Relaciones Con La Comunidad,Administración Gubernamental,Administración Fiscal,Bienes De Uso,Maquinaria Y Equipo,13173.0,12348.0,11000.0,1195412.89,1064912.69,Fiscal
2017,4,Organismos Descentralizados,Ministerio De Hacienda,Ministerio De Hacienda,Admin. Gubernamental De Ingresos Publicos,Administ.Gubernamental De Ingresos Publicos,Relaciones Con La Comunidad,Administración Gubernamental,Administración Fiscal,Bienes De Uso,Activos Intangibles,301650.0,301650.0,0.0,29202810.14,0.0,Fiscal
2017,4,Organismos Descentralizados,Ministerio De Hacienda,Ministerio De Hacienda,Admin. Gubernamental De Ingresos Publicos,Administ.Gubernamental De Ingresos Publicos,Desarrollo Tecnológico.,Administración Gubernamental,Administración Fiscal,Gastos En Personal,Remuneraciones Al Personal,58358098.0,63063910.0,63063907.26,6105232522.41,6105232257.15,Fiscal
2017,4,Organismos Descentralizados,Ministerio De Hacienda,Ministerio De Hacienda,Admin. Gubernamental De Ingresos Publicos,Administ.Gubernamental De Ingresos Publicos,Desarrollo Tecnológico.,Administración Gubernamental,Administración Fiscal,Bienes De Consumo,Bienes De Consumo,1618901.0,698072.0,599626.34,67580520.73,58049972.36,Fiscal
2017,4,Organismos Descentralizados,Ministerio De Hacienda,Ministerio De Hacienda,Admin. Gubernamental De Ingresos Publicos,Administ.Gubernamental De Ingresos Publicos,Desarrollo Tecnológico.,Administración Gubernamental,Administración Fiscal,Servicios No Personales,Servicios No Personales,73116785.0,91420210.0,81348871.76,8850412847.81,7875404134.16,Fiscal
2017,4,Organismos Descentralizados,Ministerio De Hacienda,Ministerio De Hacienda,Admin. Gubernamental De Ingresos Publicos,Administ.Gubernamental De Ingresos Publicos,Desarrollo Tecnológico.,Administración Gubernamental,Administración Fiscal,Bienes De Uso,Maquinaria Y Equipo,29784249.0,29784249.0,17297265.61,2883420416.69,1674552506.35,Fiscal
2017,4,Organismos Descentralizados,Ministerio De Hacienda,Ministerio De Hacienda,Admin. Gubernamental De Ingresos Publicos,Administ.Gubernamental De Ingresos Publicos,Desarrollo Tecnológico.,Administración Gubernamental,Administración Fiscal,Bienes De Uso,Activos Intangibles,95570000.0,95570000.0,72775526.92,9252155030.77,7045416527.25,Fiscal
2017,4,Organismos Descentralizados,Ministerio De Hacienda,Ministerio De Hacienda,Admin. Gubernamental De Ingresos Publicos,Administ.Gubernamental De Ingresos Publicos,Desarrollo Tecnológico.,Administración Gubernamental,Administración Fiscal,Servicios No Personales,Servicios No Personales,132227500.0,132491560.0,123534574.0,12826540267.74,11959412266.48,Fiscal
2017,4,Organismos Descentralizados,Ministerio De Hacienda,Ministerio De Hacienda,Admin. Gubernamental De Ingresos Publicos,Administ.Gubernamental De Ingresos Publicos,Desarrollo Tecnológico.,Administración Gubernamental,Administración Fiscal,Bienes De Uso,Bienes De Uso,20880000.0,20880000.0,20672506.93,2021397897.27,2001310442.51,Fiscal
2017,4,Organismos Descentralizados,Ministerio De Hacienda,Ministerio De Hacienda,Admin. Gubernamental De Ingresos Publicos,Administ.Gubernamental De Ingresos Publicos,Fiscalización,Administración Gubernamental,Administración Fiscal,Gastos En Personal,Remuneraciones Al Personal,228013899.0,228738241.0,226560491.4,22144204951.31,21933376480.9,Fiscal
2017,4,Organismos Descentralizados,Ministerio De Hacienda,Ministerio De Hacienda,Admin. Gubernamental De Ingresos Publicos,Administ.Gubernamental De Ingresos Publicos,Fiscalización,Administración Gubernamental,Administración Fiscal,Servicios No Personales,Servicios No Personales,4369200.0,4419200.0,4235185.0,427823830.83,410009293.75,Fiscal
2017,4,Organismos Descentralizados,Ministerio De Hacienda,Ministerio De Hacienda,Admin. Gubernamental De Ingresos Publicos,Administ.Gubernamental De Ingresos Publicos,Recaudación Tributaria,Administración Gubernamental,Administración Fiscal,Gastos En Personal,Remuneraciones Al Personal,281475789.0,291928958.0,284083050.44,28261713690.34,27502149464.1,Fiscal
2017,4,Organismos Descentralizados,Ministerio De Hacienda,Ministerio De Hacienda,Admin. Gubernamental De Ingresos Publicos,Administ.Gubernamental De Ingresos Publicos,Recaudación Tributaria,Administración Gubernamental,Administración Fiscal,Bienes De Consumo,Bienes De Consumo,1012868.0,709119.0,590405.88,68649983.5,57157337.37,Fiscal
2017,4,Organismos Descentralizados,Ministerio De Hacienda,Ministerio De Hacienda,Admin. Gubernamental De Ingresos Publicos,Administ.Gubernamental De Ingresos Publicos,Recaudación Tributaria,Administración Gubernamental,Administración Fiscal,Servicios No Personales,Servicios No Personales,87462107.0,108299492.0,100500988.26,10484500258.84,9729525207.98,Fiscal
2017,4,Organismos Descentralizados,Ministerio De Hacienda,Ministerio De Hacienda,Admin. Gubernamental De Ingresos Publicos,Administ.Gubernamental De Ingresos Publicos,Recaudación Tributaria,Administración Gubernamental,Administración Fiscal,Bienes De Uso,Maquinaria Y Equipo,121686.0,120838.0,119878.0,11698356.28,11605418.44,Fiscal
2017,4,Organismos Descentralizados,Ministerio De Hacienda,Ministerio De Hacienda,Admin. Gubernamental De Ingresos Publicos,Administ.Gubernamental De Ingresos Publicos,Recaudación Tributaria,Administración Gubernamental,Administración Fiscal,Bienes De Uso,Activos Intangibles,55848.0,55848.0,0.0,5406658.51,0.0,Fiscal
2017,4,Organismos Descentralizados,Ministerio De Hacienda,Ministerio De Hacienda,Admin. Gubernamental De Ingresos Publicos,Administ.Gubernamental De Ingresos Publicos,Desarrollo Y Actualización De La Legislación Tributaria.,Administración Gubernamental,Administración Fiscal,Bienes De Consumo,Bienes De Consumo,41560.0,40060.0,12224.05,3878218.38,1183413.26,Fiscal
2017,4,Organismos Descentralizados,Ministerio De Hacienda,Ministerio De Hacienda,Admin. Gubernamental De Ingresos Publicos,Administ.Gubernamental De Ingresos Publicos,Desarrollo Y Actualización De La Legislación Tributaria.,Administración Gubernamental,Administración Fiscal,Servicios No Personales,Servicios No Personales,366020.0,94660.0,48555.0,9164057.71,4700621.4,Fiscal
2017,4,Organismos Descentralizados,Ministerio De Hacienda,Ministerio De Hacienda,Admin. Gubernamental De Ingresos Publicos,Administ.Gubernamental De Ingresos Publicos,Desarrollo Y Actualización De La Legislación Tributaria.,Administración Gubernamental,Administración Fiscal,Bienes De Uso,Maquinaria Y Equipo,14200.0,12000.0,4600.0,1161722.93,445327.12,Fiscal
2017,4,Organismos Descentralizados,Ministerio De Hacienda,Ministerio De Hacienda,Admin. Gubernamental De Ingresos Publicos,Administ.Gubernamental De Ingresos Publicos,Desarrollo Y Actualización De La Legislación Tributaria.,Administración Gubernamental,Administración Fiscal,Gastos En Personal,Remuneraciones Al Personal,7126401.0,7266522.0,6809876.39,703473768.74,659265795.76,Fiscal
2017,4,Administracion Central,Min.Modern.Innovacion Y Tecnologia,Min.Modern.Innovacion Y Tecnologia,Min.Modern.Innovacion Y Tecnologia,Corporacion Del Sur S.E.,Corporacion Bs.As Sur S.E,Servicios Sociales,Promoción Y Acción Social,Transferencias,Al Sector Público,193000000.0,193000000.0,193000000.0,18684377115.6,18684377115.6,Fiscal
2017,4,Administracion Central,Min.Modern.Innovacion Y Tecnologia,Min.Modern.Innovacion Y Tecnologia,Min.Modern.Innovacion Y Tecnologia,Corporacion Del Sur S.E.,Corporacion Bs.As Sur S.E,Servicios Sociales,Promoción Y Acción Social,Transferencias,Al Sector Público,17000000.0,67000000.0,67000000.0,6486286356.19,6486286356.19,Fiscal
2017,4,Administracion Central,Min.Modern.Innovacion Y Tecnologia,Min.Modern.Innovacion Y Tecnologia,Min.Modern.Innovacion Y Tecnologia,Parque De La Ciudad,Parque De La Ciudad,Servicios Sociales,Promoción Y Acción Social,Gastos En Personal,Remuneraciones Al Personal,30437832.0,35234990.0,35234981.27,3411107983.55,3411107138.39,Fiscal
2017,4,Administracion Central,Min.Modern.Innovacion Y Tecnologia,Min.Modern.Innovacion Y Tecnologia,Min.Modern.Innovacion Y Tecnologia,Parque De La Ciudad,Parque De La Ciudad,Servicios Sociales,Promoción Y Acción Social,Bienes De Consumo,Bienes De Consumo,1036767.0,948296.0,798134.0,91804767.26,77267547.38,Fiscal
2017,4,Administracion Central,Min.Modern.Innovacion Y Tecnologia,Min.Modern.Innovacion Y Tecnologia,Min.Modern.Innovacion Y Tecnologia,Parque De La Ciudad,Parque De La Ciudad,Servicios Sociales,Promoción Y Acción Social,Servicios No Personales,Servicios No Personales,10848794.0,23034163.0,21428097.04,2229942943.18,2074459305.52,Fiscal
2017,4,Administracion Central,Min.Modern.Innovacion Y Tecnologia,Min.Modern.Innovacion Y Tecnologia,Min.Modern.Innovacion Y Tecnologia,Parque De La Ciudad,Parque De La Ciudad,Servicios Sociales,Promoción Y Acción Social,Bienes De Uso,Maquinaria Y Equipo,146800.0,104299.0,9298.46,10097211.65,900186.18,Fiscal
2017,4,Administracion Central,Min.Modern.Innovacion Y Tecnologia,Min.Modern.Innovacion Y Tecnologia,Min.Modern.Innovacion Y Tecnologia,Ministerio De Modernizacion Innovacion Y Tecnologia,Actividades Centrales,Administración Gubernamental,Dirección Ejecutiva,Gastos En Personal,Remuneraciones Al Personal,73837561.0,74913642.0,74913627.33,7252407970.11,7252406549.9,Fiscal
2017,4,Administracion Central,Min.Modern.Innovacion Y Tecnologia,Min.Modern.Innovacion Y Tecnologia,Min.Modern.Innovacion Y Tecnologia,Ministerio De Modernizacion Innovacion Y Tecnologia,Actividades Centrales,Administración Gubernamental,Dirección Ejecutiva,Bienes De Consumo,Bienes De Consumo,2410000.0,595757.0,405569.05,57675380.61,39263238.74,Fiscal
2017,4,Administracion Central,Min.Modern.Innovacion Y Tecnologia,Min.Modern.Innovacion Y Tecnologia,Min.Modern.Innovacion Y Tecnologia,Ministerio De Modernizacion Innovacion Y Tecnologia,Actividades Centrales,Administración Gubernamental,Dirección Ejecutiva,Servicios No Personales,Servicios No Personales,159418269.0,158904828.0,156923675.93,15383615190.89,15191819375.35,Fiscal
2017,4,Administracion Central,Min.Modern.Innovacion Y Tecnologia,Min.Modern.Innovacion Y Tecnologia,Min.Modern.Innovacion Y Tecnologia,Ministerio De Modernizacion Innovacion Y Tecnologia,Actividades Centrales,Administración Gubernamental,Dirección Ejecutiva,Bienes De Uso,Maquinaria Y Equipo,4425000.0,5320224.0,5315220.92,515052184.23,514567834.83,Fiscal
2017,4,Administracion Central,Min.Modern.Innovacion Y Tecnologia,Min.Modern.Innovacion Y Tecnologia,Min.Modern.Innovacion Y Tecnologia,Ministerio De Modernizacion Innovacion Y Tecnologia,Actividades Centrales,Administración Gubernamental,Dirección Ejecutiva,Transferencias,Al Sector Privado,15300000.0,629800.0,629800.0,60971091.75,60971091.75,Fiscal
2017,4,Administracion Central,Min.Modern.Innovacion Y Tecnologia,Min.Modern.Innovacion Y Tecnologia,Min.Modern.Innovacion Y Tecnologia,Ministerio De Modernizacion Innovacion Y Tecnologia,Actividades Centrales,Administración Gubernamental,Dirección Ejecutiva,Transferencias,Al Sector Público,80000000.0,56000000.0,55999996.25,5421373670.85,5421373307.81,Fiscal
2017,4,Administracion Central,Min.Modern.Innovacion Y Tecnologia,Min.Modern.Innovacion Y Tecnologia,Min.Modern.Innovacion Y Tecnologia,Ministerio De Modernizacion Innovacion Y Tecnologia,Actividades Centrales,Administración Gubernamental,Control De La Gestión,Gastos En Personal,Remuneraciones Al Personal,4507963.0,4616909.0,4616901.02,446964087.38,446963314.83,Fiscal
2017,4,Administracion Central,Min.Modern.Innovacion Y Tecnologia,Min.Modern.Innovacion Y Tecnologia,Min.Modern.Innovacion Y Tecnologia,Ministerio De Modernizacion Innovacion Y Tecnologia,Actividades Centrales,Administración Gubernamental,Control De La Gestión,Bienes De Consumo,Bienes De Consumo,100000.0,20903.0,3902.07,2023624.53,377760.35,Fiscal
2017,4,Administracion Central,Min.Modern.Innovacion Y Tecnologia,Min.Modern.Innovacion Y Tecnologia,Min.Modern.Innovacion Y Tecnologia,Ministerio De Modernizacion Innovacion Y Tecnologia,Actividades Centrales,Administración Gubernamental,Control De La Gestión,Servicios No Personales,Servicios No Personales,2878400.0,2292125.0,2279125.0,221901180.81,220642647.64,Fiscal
2017,4,Administracion Central,Min.Modern.Innovacion Y Tecnologia,Min.Modern.Innovacion Y Tecnologia,Min.Modern.Innovacion Y Tecnologia,Ministerio De Modernizacion Innovacion Y Tecnologia,Actividades Centrales,Administración Gubernamental,Control De La Gestión,Bienes De Uso,Maquinaria Y Equipo,400000.0,500.0,500.0,48405.12,48405.12,Fiscal
2017,4,Administracion Central,Min.Modern.Innovacion Y Tecnologia,Min.Modern.Innovacion Y Tecnologia,Min.Modern.Innovacion Y Tecnologia,Ministerio De Modernizacion Innovacion Y Tecnologia,Actividades Centrales,Servicios De Seguridad,Seguridad Interior,Servicios No Personales,Servicios No Personales,76023445.0,86469493.0,85826929.29,8371132726.46,8308925976.83,Fiscal
2017,4,Administracion Central,Min.Modern.Innovacion Y Tecnologia,Min.Modern.Innovacion Y Tecnologia,Min.Modern.Innovacion Y Tecnologia,Dir. Gral De Empleo,Conduccion Y Administracion Programas De Empleo,Servicios Sociales,Trabajo,Gastos En Personal,Remuneraciones Al Personal,26161902.0,26305420.0,26305399.32,2546634131.94,2546632129.9,Fiscal
2017,4,Administracion Central,Min.Modern.Innovacion Y Tecnologia,Min.Modern.Innovacion Y Tecnologia,Min.Modern.Innovacion Y Tecnologia,Dir. Gral De Empleo,Conduccion Y Administracion Programas De Empleo,Servicios Sociales,Trabajo,Bienes De Consumo,Bienes De Consumo,1817000.0,986074.0,950259.64,95462064.66,91994867.73,Fiscal
2017,4,Administracion Central,Min.Modern.Innovacion Y Tecnologia,Min.Modern.Innovacion Y Tecnologia,Min.Modern.Innovacion Y Tecnologia,Dir. Gral De Empleo,Conduccion Y Administracion Programas De Empleo,Servicios Sociales,Trabajo,Servicios No Personales,Servicios No Personales,3771417.0,3759720.0,2245593.88,363979411.03,217396491.72,Fiscal
2017,4,Administracion Central,Min.Modern.Innovacion Y Tecnologia,Min.Modern.Innovacion Y Tecnologia,Min.Modern.Innovacion Y Tecnologia,Dir. Gral De Empleo,Conduccion Y Administracion Programas De Empleo,Servicios Sociales,Trabajo,Bienes De Uso,Maquinaria Y Equipo,1581000.0,719000.0,698157.82,69606565.52,67588828.99,Fiscal
2017,4,Administracion Central,Min.Modern.Innovacion Y Tecnologia,Min.Modern.Innovacion Y Tecnologia,Min.Modern.Innovacion Y Tecnologia,Dir. Gral De Empleo,Conduccion Y Administracion Programas De Empleo,Servicios Sociales,Trabajo,Transferencias,Al Sector Privado,360000.0,360000.0,0.0,34851687.88,0.0,Fiscal
2017,4,Administracion Central,Min.Modern.Innovacion Y Tecnologia,Min.Modern.Innovacion Y Tecnologia,Min.Modern.Innovacion Y Tecnologia,Dir. Gral De Empleo,Servicios De Rúbrica Y Registro,Servicios Sociales,Trabajo,Bienes De Consumo,Bienes De Consumo,350000.0,185000.0,16550.51,17909895.16,1602258.91,Fiscal
2017,4,Administracion Central,Min.Modern.Innovacion Y Tecnologia,Min.Modern.Innovacion Y Tecnologia,Min.Modern.Innovacion Y Tecnologia,Dir. Gral De Empleo,Servicios De Rúbrica Y Registro,Servicios Sociales,Trabajo,Servicios No Personales,Servicios No Personales,700000.0,120000.0,29400.0,11617229.29,2846221.18,Fiscal
2017,4,Administracion Central,Min.Modern.Innovacion Y Tecnologia,Min.Modern.Innovacion Y Tecnologia,Min.Modern.Innovacion Y Tecnologia,Dir. Gral De Empleo,Servicios De Rúbrica Y Registro,Servicios Sociales,Trabajo,Bienes De Uso,Maquinaria Y Equipo,550000.0,480000.0,455858.0,46468917.18,44131724.27,Fiscal
2017,4,Administracion Central,Min.Modern.Innovacion Y Tecnologia,Min.Modern.Innovacion Y Tecnologia,Min.Modern.Innovacion Y Tecnologia,Dir. Gral De Empleo,Registro De Actividades Económicas,Servicios Sociales,Trabajo,Bienes De Consumo,Bienes De Consumo,100000.0,100000.0,27695.5,9681024.41,2681208.12,Fiscal
2017,4,Administracion Central,Min.Modern.Innovacion Y Tecnologia,Min.Modern.Innovacion Y Tecnologia,Min.Modern.Innovacion Y Tecnologia,Dir. Gral De Empleo,Registro De Actividades Económicas,Servicios Sociales,Trabajo,Bienes De Uso,Maquinaria Y Equipo,100000.0,10000.0,3980.0,968102.44,385304.77,Fiscal
2017,4,Administracion Central,Min.Modern.Innovacion Y Tecnologia,Min.Modern.Innovacion Y Tecnologia,Min.Modern.Innovacion Y Tecnologia,Subsecretaria De Trabajo,Gestión De Los Conflictos Colectivos,Servicios Sociales,Trabajo,Gastos En Personal,Remuneraciones Al Personal,15454109.0,16529906.0,16529891.38,1600264235.18,1600262819.81,Fiscal
2017,4,Administracion Central,Min.Modern.Innovacion Y Tecnologia,Min.Modern.Innovacion Y Tecnologia,Min.Modern.Innovacion Y Tecnologia,Subsecretaria De Trabajo,Gestión De Los Conflictos Colectivos,Servicios Sociales,Trabajo,Bienes De Consumo,Bienes De Consumo,4656000.0,1810577.0,1625285.37,175282401.37,157344273.44,Fiscal
2017,4,Administracion Central,Min.Modern.Innovacion Y Tecnologia,Min.Modern.Innovacion Y Tecnologia,Min.Modern.Innovacion Y Tecnologia,Subsecretaria De Trabajo,Gestión De Los Conflictos Colectivos,Servicios Sociales,Trabajo,Servicios No Personales,Servicios No Personales,74714648.0,83430395.0,71882293.11,8076916907.17,6958942344.05,Fiscal
2017,4,Administracion Central,Min.Modern.Innovacion Y Tecnologia,Min.Modern.Innovacion Y Tecnologia,Min.Modern.Innovacion Y Tecnologia,Subsecretaria De Trabajo,Gestión De Los Conflictos Colectivos,Servicios Sociales,Trabajo,Bienes De Uso,Maquinaria Y Equipo,2387751.0,1196151.0,1169448.18,115799670.32,113214563.79,Fiscal
2017,4,Administracion Central,Min.Modern.Innovacion Y Tecnologia,Min.Modern.Innovacion Y Tecnologia,Min.Modern.Innovacion Y Tecnologia,Subsecretaria De Trabajo,Gestión De Los Conflictos Colectivos,Servicios Sociales,Trabajo,Bienes De Uso,Activos Intangibles,360000.0,346070.0,346069.15,33503121.18,33503038.89,Fiscal
2017,4,Administracion Central,Min.Modern.Innovacion Y Tecnologia,Min.Modern.Innovacion Y Tecnologia,Min.Modern.Innovacion Y Tecnologia,Subsecretaria De Trabajo,Gestión De Los Conflictos Colectivos,Servicios Sociales,Trabajo,Transferencias,Al Sector Privado,0.0,18799695.0,18799695.0,1820003062.37,1820003062.37,Fiscal
2017,4,Administracion Central,Min.Modern.Innovacion Y Tecnologia,Min.Modern.Innovacion Y Tecnologia,Min.Modern.Innovacion Y Tecnologia,Direccion General Proteccion Del Trabajo,Protección De Trabajo,Servicios Sociales,Trabajo,Gastos En Personal,Remuneraciones Al Personal,40297910.0,51962266.0,51956618.41,5030479656.61,5029932912.04,Fiscal
2017,4,Administracion Central,Min.Modern.Innovacion Y Tecnologia,Min.Modern.Innovacion Y Tecnologia,Min.Modern.Innovacion Y Tecnologia,Direccion General Proteccion Del Trabajo,Protección De Trabajo,Servicios Sociales,Trabajo,Bienes De Consumo,Bienes De Consumo,690000.0,512000.0,436341.88,49566844.99,42242363.92,Fiscal
2017,4,Administracion Central,Min.Modern.Innovacion Y Tecnologia,Min.Modern.Innovacion Y Tecnologia,Min.Modern.Innovacion Y Tecnologia,Direccion General Proteccion Del Trabajo,Protección De Trabajo,Servicios Sociales,Trabajo,Servicios No Personales,Servicios No Personales,26589185.0,28374287.0,23113131.1,2746921651.27,2237587864.22,Fiscal
2017,4,Administracion Central,Min.Modern.Innovacion Y Tecnologia,Min.Modern.Innovacion Y Tecnologia,Min.Modern.Innovacion Y Tecnologia,Direccion General Proteccion Del Trabajo,Protección De Trabajo,Servicios Sociales,Trabajo,Bienes De Uso,Maquinaria Y Equipo,100000.0,3365000.0,3327636.6,325766471.47,322149311.6,Fiscal
2017,4,Administracion Central,Min.Modern.Innovacion Y Tecnologia,Min.Modern.Innovacion Y Tecnologia,Min.Modern.Innovacion Y Tecnologia,Direccion General Proteccion Del Trabajo,Control Del Cumplimiento De La Normativa Laboral,Servicios Sociales,Trabajo,Bienes De Consumo,Bienes De Consumo,10000.0,10000.0,8386.0,968102.44,811850.71,Fiscal
2017,4,Administracion Central,Min.Modern.Innovacion Y Tecnologia,Min.Modern.Innovacion Y Tecnologia,Min.Modern.Innovacion Y Tecnologia,Direccion General Proteccion Del Trabajo,Control Del Cumplimiento De La Normativa Laboral,Servicios Sociales,Trabajo,Servicios No Personales,Servicios No Personales,4510000.0,3810000.0,3789473.0,368847030.11,366859806.22,Fiscal
2017,4,Administracion Central,Min.Modern.Innovacion Y Tecnologia,Min.Modern.Innovacion Y Tecnologia,Min.Modern.Innovacion Y Tecnologia,Direccion General Proteccion Del Trabajo,Control Del Cumplimiento De La Normativa Laboral,Servicios Sociales,Trabajo,Gastos En Personal,Remuneraciones Al Personal,304762.0,48068.0,48065.54,4653474.81,4653236.66,Fiscal
2017,4,Administracion Central,Min.Modern.Innovacion Y Tecnologia,Min.Modern.Innovacion Y Tecnologia,Min.Modern.Innovacion Y Tecnologia,Direccion General Proteccion Del Trabajo,Cumplimiento De Convenio Srt,Servicios Sociales,Trabajo,Bienes De Consumo,Bienes De Consumo,40000.0,30000.0,0.0,2904307.32,0.0,Fiscal
2017,4,Administracion Central,Min.Modern.Innovacion Y Tecnologia,Min.Modern.Innovacion Y Tecnologia,Min.Modern.Innovacion Y Tecnologia,Direccion General Proteccion Del Trabajo,Cumplimiento De Convenio Srt,Servicios Sociales,Trabajo,Servicios No Personales,Servicios No Personales,200000.0,200000.0,0.0,19362048.82,0.0,Fiscal
2017,4,Administracion Central,Min.Modern.Innovacion Y Tecnologia,Min.Modern.Innovacion Y Tecnologia,Min.Modern.Innovacion Y Tecnologia,Direccion General Proyecto De Ciudad Inteligente Y Gobierno Abierto,Gobierno Abierto,Administración Gubernamental,Dirección Ejecutiva,Gastos En Personal,Remuneraciones Al Personal,0.0,6651664.0,6651658.38,643949215.66,643948671.59,Fiscal
2017,4,Administracion Central,Min.Modern.Innovacion Y Tecnologia,Min.Modern.Innovacion Y Tecnologia,Min.Modern.Innovacion Y Tecnologia,Direccion General Proyecto De Ciudad Inteligente Y Gobierno Abierto,Gobierno Abierto,Administración Gubernamental,Dirección Ejecutiva,Bienes De Consumo,Bienes De Consumo,0.0,10180263.0,10155261.42,985553746.26,983133337.2,Fiscal
2017,4,Administracion Central,Min.Modern.Innovacion Y Tecnologia,Min.Modern.Innovacion Y Tecnologia,Min.Modern.Innovacion Y Tecnologia,Direccion General Proyecto De Ciudad Inteligente Y Gobierno Abierto,Gobierno Abierto,Administración Gubernamental,Dirección Ejecutiva,Servicios No Personales,Servicios No Personales,0.0,2174391.0,2157728.0,210503323.53,208890174.43,Fiscal
2017,4,Administracion Central,Min.Modern.Innovacion Y Tecnologia,Min.Modern.Innovacion Y Tecnologia,Min.Modern.Innovacion Y Tecnologia,Direccion General Proyecto De Ciudad Inteligente Y Gobierno Abierto,Gobierno Abierto,Administración Gubernamental,Dirección Ejecutiva,Bienes De Uso,Maquinaria Y Equipo,0.0,198106.0,2264.6,19178690.22,219236.48,Fiscal
2017,4,Administracion Central,Min.Modern.Innovacion Y Tecnologia,Min.Modern.Innovacion Y Tecnologia,Min.Modern.Innovacion Y Tecnologia,Direccion General Proyecto De Ciudad Inteligente Y Gobierno Abierto,Gobierno Abierto,Administración Gubernamental,Dirección Ejecutiva,Transferencias,Al Sector Privado,0.0,10331500.0,10331500.0,1000195037.15,1000195037.15,Fiscal
2017,4,Administracion Central,Min.Modern.Innovacion Y Tecnologia,Min.Modern.Innovacion Y Tecnologia,Min.Modern.Innovacion Y Tecnologia,Dir Gral. Industrias Creativas,Industrias Creativas,Servicios Económicos,Industria Y Comercio,Gastos En Personal,Remuneraciones Al Personal,19446272.0,21169662.0,21169646.55,2049440146.21,2049438650.49,Fiscal
2017,4,Administracion Central,Min.Modern.Innovacion Y Tecnologia,Min.Modern.Innovacion Y Tecnologia,Min.Modern.Innovacion Y Tecnologia,Dir Gral. Industrias Creativas,Industrias Creativas,Servicios Económicos,Industria Y Comercio,Bienes De Consumo,Bienes De Consumo,152000.0,227594.0,210183.39,22033430.7,20347905.3,Fiscal
2017,4,Administracion Central,Min.Modern.Innovacion Y Tecnologia,Min.Modern.Innovacion Y Tecnologia,Min.Modern.Innovacion Y Tecnologia,Dir Gral. Industrias Creativas,Industrias Creativas,Servicios Económicos,Industria Y Comercio,Servicios No Personales,Servicios No Personales,33998369.0,23237262.0,23088543.6,2249605006.95,2235207542.34,Fiscal
2017,4,Administracion Central,Min.Modern.Innovacion Y Tecnologia,Min.Modern.Innovacion Y Tecnologia,Min.Modern.Innovacion Y Tecnologia,Dir Gral. Industrias Creativas,Industrias Creativas,Servicios Económicos,Industria Y Comercio,Bienes De Uso,Maquinaria Y Equipo,25000.0,156953.0,156951.43,15194658.25,15194506.25,Fiscal
2017,4,Administracion Central,Min.Modern.Innovacion Y Tecnologia,Min.Modern.Innovacion Y Tecnologia,Min.Modern.Innovacion Y Tecnologia,Dir Gral. Industrias Creativas,Industrias Creativas,Servicios Económicos,Industria Y Comercio,Transferencias,Al Sector Privado,600000.0,1292970.0,1262970.0,125172741.34,122268434.02,Fiscal
2017,4,Administracion Central,Min.Modern.Innovacion Y Tecnologia,Min.Modern.Innovacion Y Tecnologia,Min.Modern.Innovacion Y Tecnologia,Dir Gral. Industrias Creativas,Distrito De Diseño,Servicios Sociales,Cultura,Gastos En Personal,Remuneraciones Al Personal,2825426.0,2952825.0,2952813.88,285863709.1,285862632.57,Fiscal
2017,4,Administracion Central,Min.Modern.Innovacion Y Tecnologia,Min.Modern.Innovacion Y Tecnologia,Min.Modern.Innovacion Y Tecnologia,Dir Gral. Industrias Creativas,Distrito De Diseño,Servicios Sociales,Cultura,Servicios No Personales,Servicios No Personales,10475000.0,11246233.0,11246233.0,1088750562.19,1088750562.19,Fiscal
2017,4,Administracion Central,Min.Modern.Innovacion Y Tecnologia,Min.Modern.Innovacion Y Tecnologia,Min.Modern.Innovacion Y Tecnologia,Dir Gral. Industrias Creativas,Distrito Audiovisual,Servicios Económicos,Industria Y Comercio,Gastos En Personal,Remuneraciones Al Personal,4415579.0,4363754.0,4363744.94,422456090.03,422455212.93,Fiscal
2017,4,Administracion Central,Min.Modern.Innovacion Y Tecnologia,Min.Modern.Innovacion Y Tecnologia,Min.Modern.Innovacion Y Tecnologia,Dir Gral. Industrias Creativas,Distrito Audiovisual,Servicios Económicos,Industria Y Comercio,Servicios No Personales,Servicios No Personales,3196504.0,3864275.0,3864273.83,374101406.11,374101292.84,Fiscal
2017,4,Administracion Central,Min.Modern.Innovacion Y Tecnologia,Min.Modern.Innovacion Y Tecnologia,Min.Modern.Innovacion Y Tecnologia,Dir Gral. Industrias Creativas,Distrito Audiovisual,Servicios Económicos,Industria Y Comercio,Transferencias,Al Sector Privado,0.0,164766.0,164766.0,15951036.68,15951036.68,Fiscal
2017,4,Administracion Central,Min.Modern.Innovacion Y Tecnologia,Min.Modern.Innovacion Y Tecnologia,Min.Modern.Innovacion Y Tecnologia,Dir Gral. Industrias Creativas,Distrito De Las Artes,Servicios Sociales,Cultura,Servicios No Personales,Servicios No Personales,47000000.0,39336804.0,39336802.7,3808205598.23,3808205472.38,Fiscal
2017,4,Administracion Central,Min.Modern.Innovacion Y Tecnologia,Min.Modern.Innovacion Y Tecnologia,Min.Modern.Innovacion Y Tecnologia,Dir Gral. Industrias Creativas,Distrito De Las Artes,Servicios Sociales,Cultura,Transferencias,Al Sector Privado,0.0,1159041.0,1159041.0,112207042.16,112207042.16,Fiscal
2017,4,Administracion Central,Min.Modern.Innovacion Y Tecnologia,Min.Modern.Innovacion Y Tecnologia,Min.Modern.Innovacion Y Tecnologia,Dir Gral. Industrias Creativas,Distrito De Las Artes,Servicios Sociales,Cultura,Gastos En Personal,Remuneraciones Al Personal,0.0,2878.0,2877.74,278619.88,278594.71,Fiscal
2017,4,Administracion Central,Min.Modern.Innovacion Y Tecnologia,Min.Modern.Innovacion Y Tecnologia,Min.Modern.Innovacion Y Tecnologia,Direccion General De Emprendedores,Fomento De La Cultura Emprendedora,Servicios Económicos,Industria Y Comercio,Gastos En Personal,Remuneraciones Al Personal,6307174.0,4944986.0,4944974.42,478725301.84,478724180.78,Fiscal
2017,4,Administracion Central,Min.Modern.Innovacion Y Tecnologia,Min.Modern.Innovacion Y Tecnologia,Min.Modern.Innovacion Y Tecnologia,Direccion General De Emprendedores,Fomento De La Cultura Emprendedora,Servicios Económicos,Industria Y Comercio,Bienes De Consumo,Bienes De Consumo,132096.0,57141.0,27141.0,5531834.16,2627526.84,Fiscal
2017,4,Administracion Central,Min.Modern.Innovacion Y Tecnologia,Min.Modern.Innovacion Y Tecnologia,Min.Modern.Innovacion Y Tecnologia,Direccion General De Emprendedores,Fomento De La Cultura Emprendedora,Servicios Económicos,Industria Y Comercio,Servicios No Personales,Servicios No Personales,8525400.0,25907011.0,25355548.28,2508064059.39,2454676818.84,Fiscal
2017,4,Administracion Central,Min.Modern.Innovacion Y Tecnologia,Min.Modern.Innovacion Y Tecnologia,Min.Modern.Innovacion Y Tecnologia,Direccion General De Emprendedores,Fomento De La Cultura Emprendedora,Servicios Económicos,Industria Y Comercio,Transferencias,Al Sector Privado,23525000.0,31823903.0,31546950.0,3080879818.35,3054067930.81,Fiscal
2017,4,Administracion Central,Min.Modern.Innovacion Y Tecnologia,Min.Modern.Innovacion Y Tecnologia,Min.Modern.Innovacion Y Tecnologia,Direccion General De Emprendedores,Fomento De La Cultura Emprendedora,Servicios Económicos,Industria Y Comercio,Bienes De Uso,Maquinaria Y Equipo,80000.0,361477.0,356391.67,34994676.61,34502364.58,Fiscal
2017,4,Administracion Central,Min.Modern.Innovacion Y Tecnologia,Min.Modern.Innovacion Y Tecnologia,Min.Modern.Innovacion Y Tecnologia,Ss.Desarrollo Economico,"Actividades Comunes Programas 10,27,31,64,66,67 Y 69",Servicios Económicos,Industria Y Comercio,Gastos En Personal,Remuneraciones Al Personal,18136483.0,20428249.0,20428235.96,1977663772.68,1977662510.28,Fiscal
2017,4,Administracion Central,Min.Modern.Innovacion Y Tecnologia,Min.Modern.Innovacion Y Tecnologia,Min.Modern.Innovacion Y Tecnologia,Ss.Desarrollo Economico,"Actividades Comunes Programas 10,27,31,64,66,67 Y 69",Servicios Económicos,Industria Y Comercio,Servicios No Personales,Servicios No Personales,32353632.0,33412150.0,33296947.8,3234638398.15,3223485645.04,Fiscal
2017,4,Administracion Central,Min.Modern.Innovacion Y Tecnologia,Min.Modern.Innovacion Y Tecnologia,Min.Modern.Innovacion Y Tecnologia,Ss.Desarrollo Economico,"Actividades Comunes Programas 10,27,31,64,66,67 Y 69",Servicios Económicos,Industria Y Comercio,Bienes De Consumo,Bienes De Consumo,375000.0,161360.0,99217.04,15621300.99,9605225.86,Fiscal
2017,4,Administracion Central,Min.Modern.Innovacion Y Tecnologia,Min.Modern.Innovacion Y Tecnologia,Min.Modern.Innovacion Y Tecnologia,Ss.Desarrollo Economico,"Actividades Comunes Programas 10,27,31,64,66,67 Y 69",Servicios Económicos,Industria Y Comercio,Bienes De Uso,Maquinaria Y Equipo,460000.0,948729.0,948728.72,91846686.1,91846658.99,Fiscal
2017,4,Administracion Central,Min.Modern.Innovacion Y Tecnologia,Min.Modern.Innovacion Y Tecnologia,Min.Modern.Innovacion Y Tecnologia,Ss.Desarrollo Economico,"Actividades Comunes Programas 10,27,31,64,66,67 Y 69",Servicios Económicos,Industria Y Comercio,Transferencias,Al Sector Privado,200000.0,521200.0,521200.0,50457499.24,50457499.24,Fiscal
2017,4,Administracion Central,Min.Modern.Innovacion Y Tecnologia,Min.Modern.Innovacion Y Tecnologia,Min.Modern.Innovacion Y Tecnologia,Ss.Desarrollo Economico,Internacionalizacion De La Industria Local,Servicios Económicos,Industria Y Comercio,Gastos En Personal,Remuneraciones Al Personal,674966.0,2550818.0,2550813.22,246945313.29,246944850.54,Fiscal
2017,4,Administracion Central,Min.Modern.Innovacion Y Tecnologia,Min.Modern.Innovacion Y Tecnologia,Min.Modern.Innovacion Y Tecnologia,Ss.Desarrollo Economico,Internacionalizacion De La Industria Local,Servicios Económicos,Industria Y Comercio,Servicios No Personales,Servicios No Personales,6502000.0,11178352.0,11165072.45,1082178986.0,1080893389.53,Fiscal
2017,4,Administracion Central,Min.Modern.Innovacion Y Tecnologia,Min.Modern.Innovacion Y Tecnologia,Min.Modern.Innovacion Y Tecnologia,Ss.Desarrollo Economico,Internacionalizacion De La Industria Local,Servicios Económicos,Industria Y Comercio,Transferencias,Al Sector Privado,500000.0,2893617.0,2505217.0,280131768.17,242530669.35,Fiscal
2017,4,Administracion Central,Min.Modern.Innovacion Y Tecnologia,Min.Modern.Innovacion Y Tecnologia,Min.Modern.Innovacion Y Tecnologia,Ss.Desarrollo Economico,Atracción De Inversiones Productivas,Servicios Económicos,Industria Y Comercio,Gastos En Personal,Remuneraciones Al Personal,13770800.0,9063964.0,9063942.58,877484567.56,877482493.88,Fiscal
2017,4,Administracion Central,Min.Modern.Innovacion Y Tecnologia,Min.Modern.Innovacion Y Tecnologia,Min.Modern.Innovacion Y Tecnologia,Ss.Desarrollo Economico,Atracción De Inversiones Productivas,Servicios Económicos,Industria Y Comercio,Bienes De Consumo,Bienes De Consumo,250000.0,67256.0,37255.37,6511069.78,3606701.46,Fiscal
2017,4,Administracion Central,Min.Modern.Innovacion Y Tecnologia,Min.Modern.Innovacion Y Tecnologia,Min.Modern.Innovacion Y Tecnologia,Ss.Desarrollo Economico,Atracción De Inversiones Productivas,Servicios Económicos,Industria Y Comercio,Servicios No Personales,Servicios No Personales,32571625.0,32864137.0,32792030.18,3181585125.84,3174604446.99,Fiscal
2017,4,Administracion Central,Min.Modern.Innovacion Y Tecnologia,Min.Modern.Innovacion Y Tecnologia,Min.Modern.Innovacion Y Tecnologia,Ss.Desarrollo Economico,Atracción De Inversiones Productivas,Servicios Económicos,Industria Y Comercio,Bienes De Uso,Maquinaria Y Equipo,450000.0,766432.0,766432.0,74198469.02,74198469.02,Fiscal
2017,4,Administracion Central,Min.Modern.Innovacion Y Tecnologia,Min.Modern.Innovacion Y Tecnologia,Min.Modern.Innovacion Y Tecnologia,Ss.Desarrollo Economico,Atracción De Inversiones Productivas,Servicios Económicos,Industria Y Comercio,Transferencias,Al Sector Privado,7670000.0,8383536.0,7670000.0,811612166.77,742534572.42,Fiscal
2017,4,Administracion Central,Min.Modern.Innovacion Y Tecnologia,Min.Modern.Innovacion Y Tecnologia,Min.Modern.Innovacion Y Tecnologia,Ss.Desarrollo Economico,Atracción De Inversiones Productivas,Servicios Económicos,Industria Y Comercio,Servicios No Personales,Servicios No Personales,0.0,2043000.0,1993000.0,197783328.74,192942816.54,Fiscal
2017,4,Administracion Central,Min.Modern.Innovacion Y Tecnologia,Min.Modern.Innovacion Y Tecnologia,Min.Modern.Innovacion Y Tecnologia,Ss.Desarrollo Economico,Atracción De Inversiones Productivas,Servicios Económicos,Industria Y Comercio,Activos Financieros,Activos Financieros,0.0,67900000.0,67750000.0,6573415575.9,6558894039.28,Fiscal
2017,4,Administracion Central,Min.Modern.Innovacion Y Tecnologia,Min.Modern.Innovacion Y Tecnologia,Min.Modern.Innovacion Y Tecnologia,Ss.Desarrollo Economico,Centro De Atencion Al Inversor,Servicios Económicos,Industria Y Comercio,Servicios No Personales,Servicios No Personales,910000.0,440000.0,440000.0,42596507.41,42596507.41,Fiscal
2017,4,Administracion Central,Min.Modern.Innovacion Y Tecnologia,Min.Modern.Innovacion Y Tecnologia,Min.Modern.Innovacion Y Tecnologia,Ss.Desarrollo Economico,Centro De Atencion Al Inversor,Servicios Económicos,Industria Y Comercio,Gastos En Personal,Remuneraciones Al Personal,937091.0,1045116.0,1045113.4,101177935.1,101177683.39,Fiscal
2017,4,Administracion Central,Min.Modern.Innovacion Y Tecnologia,Min.Modern.Innovacion Y Tecnologia,Min.Modern.Innovacion Y Tecnologia,D.G.Administracion De Bienes Y Concesiones,Concesiones En El Ámbito De La Ciudad Autónoma De Buenos Aires,Servicios Económicos,Industria Y Comercio,Gastos En Personal,Remuneraciones Al Personal,11528846.0,9370322.0,9370309.29,907143160.32,907141929.87,Fiscal
2017,4,Administracion Central,Min.Modern.Innovacion Y Tecnologia,Min.Modern.Innovacion Y Tecnologia,Min.Modern.Innovacion Y Tecnologia,D.G.Administracion De Bienes Y Concesiones,Concesiones En El Ámbito De La Ciudad Autónoma De Buenos Aires,Servicios Económicos,Industria Y Comercio,Bienes De Consumo,Bienes De Consumo,562860.0,226925.0,95906.8,21968664.65,9284760.72,Fiscal
2017,4,Administracion Central,Min.Modern.Innovacion Y Tecnologia,Min.Modern.Innovacion Y Tecnologia,Min.Modern.Innovacion Y Tecnologia,D.G.Administracion De Bienes Y Concesiones,Concesiones En El Ámbito De La Ciudad Autónoma De Buenos Aires,Servicios Económicos,Industria Y Comercio,Servicios No Personales,Servicios No Personales,8673568.0,239025051.0,238712000.54,23140073538.65,23109767047.19,Fiscal
2017,4,Administracion Central,Min.Modern.Innovacion Y Tecnologia,Min.Modern.Innovacion Y Tecnologia,Min.Modern.Innovacion Y Tecnologia,D.G.Administracion De Bienes Y Concesiones,Concesiones En El Ámbito De La Ciudad Autónoma De Buenos Aires,Servicios Económicos,Industria Y Comercio,Servicios No Personales,Impuestos Directos,0.0,569.0,568.08,55085.03,54995.96,Fiscal
2017,4,Administracion Central,Min.Modern.Innovacion Y Tecnologia,Min.Modern.Innovacion Y Tecnologia,Min.Modern.Innovacion Y Tecnologia,D.G.Administracion De Bienes Y Concesiones,Concesiones En El Ámbito De La Ciudad Autónoma De Buenos Aires,Servicios Económicos,Industria Y Comercio,Bienes De Uso,Maquinaria Y Equipo,198000.0,98000.0,67775.26,9487403.92,6561339.47,Fiscal
2017,4,Administracion Central,Min.Modern.Innovacion Y Tecnologia,Min.Modern.Innovacion Y Tecnologia,Min.Modern.Innovacion Y Tecnologia,D.G.Administracion De Bienes Y Concesiones,Concesiones En El Ámbito De La Ciudad Autónoma De Buenos Aires,Servicios Económicos,Industria Y Comercio,Bienes De Uso,Activos Intangibles,2000.0,2000.0,0.0,193620.49,0.0,Fiscal
2017,4,Administracion Central,Min.Modern.Innovacion Y Tecnologia,Min.Modern.Innovacion Y Tecnologia,Min.Modern.Innovacion Y Tecnologia,D.G.Administracion De Bienes Y Concesiones,Administración De Bienes,Administración Gubernamental,Dirección Ejecutiva,Gastos En Personal,Remuneraciones Al Personal,13079504.0,15790225.0,15790212.5,1528655537.0,1528654326.87,Fiscal
2017,4,Administracion Central,Min.Modern.Innovacion Y Tecnologia,Min.Modern.Innovacion Y Tecnologia,Min.Modern.Innovacion Y Tecnologia,D.G.Administracion De Bienes Y Concesiones,Administración De Bienes,Administración Gubernamental,Dirección Ejecutiva,Bienes De Consumo,Bienes De Consumo,228673.0,61221.0,17721.0,5926819.96,1715574.34,Fiscal
2017,4,Administracion Central,Min.Modern.Innovacion Y Tecnologia,Min.Modern.Innovacion Y Tecnologia,Min.Modern.Innovacion Y Tecnologia,D.G.Administracion De Bienes Y Concesiones,Administración De Bienes,Administración Gubernamental,Dirección Ejecutiva,Servicios No Personales,Servicios No Personales,11012090.0,35595743.0,35109578.39,3446032569.54,3398966854.97,Fiscal
2017,4,Administracion Central,Min.Modern.Innovacion Y Tecnologia,Min.Modern.Innovacion Y Tecnologia,Min.Modern.Innovacion Y Tecnologia,D.G.Administracion De Bienes Y Concesiones,Administración De Bienes,Administración Gubernamental,Dirección Ejecutiva,Bienes De Uso,Maquinaria Y Equipo,940000.0,229260.0,224382.0,22194716.57,21722476.2,Fiscal
2017,4,Administracion Central,Min.Modern.Innovacion Y Tecnologia,Min.Modern.Innovacion Y Tecnologia,Min.Modern.Innovacion Y Tecnologia,D.G.Administracion De Bienes Y Concesiones,Administración De Bienes,Administración Gubernamental,Dirección Ejecutiva,Transferencias,Al Sector Privado,200000.0,0.0,0.0,0.0,0.0,Fiscal
2017,4,Administracion Central,Min.Modern.Innovacion Y Tecnologia,Min.Modern.Innovacion Y Tecnologia,Min.Modern.Innovacion Y Tecnologia,D.G.Administracion De Bienes Y Concesiones,Administración De Bienes,Administración Gubernamental,Dirección Ejecutiva,Bienes De Uso,Edificios E Instalaciones,0.0,700000.0,700000.0,67767170.89,67767170.89,Fiscal
2017,4,Administracion Central,Min.Modern.Innovacion Y Tecnologia,Min.Modern.Innovacion Y Tecnologia,Min.Modern.Innovacion Y Tecnologia,Ss.Innovacion Y Ciudad Inteligente,Gestión Del Planetario Galileo Galilei,Servicios Sociales,Cultura,Gastos En Personal,Remuneraciones Al Personal,26930936.0,14044312.0,14044295.98,1359633273.25,1359631722.35,Fiscal
2017,4,Administracion Central,Min.Modern.Innovacion Y Tecnologia,Min.Modern.Innovacion Y Tecnologia,Min.Modern.Innovacion Y Tecnologia,Ss.Innovacion Y Ciudad Inteligente,Gestión Del Planetario Galileo Galilei,Servicios Sociales,Cultura,Bienes De Consumo,Bienes De Consumo,572000.0,367150.0,323340.21,35543881.13,31302644.66,Fiscal
2017,4,Administracion Central,Min.Modern.Innovacion Y Tecnologia,Min.Modern.Innovacion Y Tecnologia,Min.Modern.Innovacion Y Tecnologia,Ss.Innovacion Y Ciudad Inteligente,Gestión Del Planetario Galileo Galilei,Servicios Sociales,Cultura,Servicios No Personales,Servicios No Personales,11320826.0,11814292.0,11259915.84,1143744492.65,1090075201.27,Fiscal
2017,4,Administracion Central,Min.Modern.Innovacion Y Tecnologia,Min.Modern.Innovacion Y Tecnologia,Min.Modern.Innovacion Y Tecnologia,Ss.Innovacion Y Ciudad Inteligente,Gestión Del Planetario Galileo Galilei,Servicios Sociales,Cultura,Bienes De Uso,Maquinaria Y Equipo,0.0,500000.0,420300.0,48405122.06,40689345.6,Fiscal
2017,4,Administracion Central,Min.Modern.Innovacion Y Tecnologia,Min.Modern.Innovacion Y Tecnologia,Min.Modern.Innovacion Y Tecnologia,Ss.Innovacion Y Ciudad Inteligente,Gestión Del Planetario Galileo Galilei,Servicios Sociales,Cultura,Bienes De Uso,Activos Intangibles,0.0,372000.0,0.0,36013410.81,0.0,Fiscal
2017,4,Administracion Central,Min.Modern.Innovacion Y Tecnologia,Min.Modern.Innovacion Y Tecnologia,Min.Modern.Innovacion Y Tecnologia,Ss.Innovacion Y Ciudad Inteligente,Gestión Del Planetario Galileo Galilei,Servicios Sociales,Cultura,Servicios No Personales,Servicios No Personales,65000000.0,90143738.0,90143738.0,8726837281.87,8726837281.87,Fiscal
2017,4,Administracion Central,Min.Modern.Innovacion Y Tecnologia,Min.Modern.Innovacion Y Tecnologia,Min.Modern.Innovacion Y Tecnologia,Ss.Innovacion Y Ciudad Inteligente,Ciudad Inteligente,Administración Gubernamental,Dirección Ejecutiva,Gastos En Personal,Remuneraciones Al Personal,22762904.0,22713998.0,22713984.1,2198947691.37,2198946345.71,Fiscal
2017,4,Administracion Central,Min.Modern.Innovacion Y Tecnologia,Min.Modern.Innovacion Y Tecnologia,Min.Modern.Innovacion Y Tecnologia,Ss.Innovacion Y Ciudad Inteligente,Ciudad Inteligente,Administración Gubernamental,Dirección Ejecutiva,Bienes De Consumo,Bienes De Consumo,814080.0,3767227.0,3644546.42,364706165.53,352829428.64,Fiscal
2017,4,Administracion Central,Min.Modern.Innovacion Y Tecnologia,Min.Modern.Innovacion Y Tecnologia,Min.Modern.Innovacion Y Tecnologia,Ss.Innovacion Y Ciudad Inteligente,Ciudad Inteligente,Administración Gubernamental,Dirección Ejecutiva,Servicios No Personales,Servicios No Personales,39585509.0,64428988.0,64120664.4,6237386056.83,6207537173.85,Fiscal
2017,4,Administracion Central,Min.Modern.Innovacion Y Tecnologia,Min.Modern.Innovacion Y Tecnologia,Min.Modern.Innovacion Y Tecnologia,Ss.Innovacion Y Ciudad Inteligente,Ciudad Inteligente,Administración Gubernamental,Dirección Ejecutiva,Bienes De Uso,Maquinaria Y Equipo,0.0,6100993.0,6061821.15,590638621.72,586846385.36,Fiscal
2017,4,Administracion Central,Min.Modern.Innovacion Y Tecnologia,Min.Modern.Innovacion Y Tecnologia,Min.Modern.Innovacion Y Tecnologia,Ss.Innovacion Y Ciudad Inteligente,Ciudad Inteligente,Administración Gubernamental,Dirección Ejecutiva,Bienes De Uso,Activos Intangibles,24600000.0,8699310.0,8699309.6,842182324.8,842182286.07,Fiscal
2017,4,Administracion Central,Min.Modern.Innovacion Y Tecnologia,Min.Modern.Innovacion Y Tecnologia,Min.Modern.Innovacion Y Tecnologia,Ss.Innovacion Y Ciudad Inteligente,Ciudad Inteligente,Administración Gubernamental,Dirección Ejecutiva,Transferencias,Al Sector Privado,0.0,13661746.0,13661745.72,1322596965.4,1322596938.29,Fiscal
2017,4,Administracion Central,Min.Modern.Innovacion Y Tecnologia,Min.Modern.Innovacion Y Tecnologia,Min.Modern.Innovacion Y Tecnologia,"Ss.Micro, Pequeñas Y Medianas Empresas",Asistencia A Pymes,Servicios Económicos,Industria Y Comercio,Bienes De Consumo,Bienes De Consumo,0.0,481949.0,423520.84,46657600.34,41001155.91,Fiscal
2017,4,Administracion Central,Min.Modern.Innovacion Y Tecnologia,Min.Modern.Innovacion Y Tecnologia,Min.Modern.Innovacion Y Tecnologia,"Ss.Micro, Pequeñas Y Medianas Empresas",Asistencia A Pymes,Servicios Económicos,Industria Y Comercio,Servicios No Personales,Servicios No Personales,690000.0,24069505.0,23918237.42,2330174654.95,2315530403.6,Fiscal
2017,4,Administracion Central,Min.Modern.Innovacion Y Tecnologia,Min.Modern.Innovacion Y Tecnologia,Min.Modern.Innovacion Y Tecnologia,"Ss.Micro, Pequeñas Y Medianas Empresas",Asistencia A Pymes,Servicios Económicos,Industria Y Comercio,Bienes De Uso,Maquinaria Y Equipo,0.0,795482.0,795480.35,77010806.61,77010646.88,Fiscal
2017,4,Administracion Central,Min.Modern.Innovacion Y Tecnologia,Min.Modern.Innovacion Y Tecnologia,Min.Modern.Innovacion Y Tecnologia,"Ss.Micro, Pequeñas Y Medianas Empresas",Asistencia A Pymes,Servicios Económicos,Industria Y Comercio,Transferencias,Al Sector Privado,1000000.0,0.0,0.0,0.0,0.0,Fiscal
2017,4,Administracion Central,Min.Modern.Innovacion Y Tecnologia,Min.Modern.Innovacion Y Tecnologia,Min.Modern.Innovacion Y Tecnologia,D.G.Ciencia Y Tecnologìa,Desarrollo Y Fomento De La Cultura Cti,Servicios Económicos,Industria Y Comercio,Gastos En Personal,Remuneraciones Al Personal,4228385.0,5075029.0,5075020.74,491314796.42,491313996.77,Fiscal
2017,4,Administracion Central,Min.Modern.Innovacion Y Tecnologia,Min.Modern.Innovacion Y Tecnologia,Min.Modern.Innovacion Y Tecnologia,D.G.Ciencia Y Tecnologìa,Desarrollo Y Fomento De La Cultura Cti,Servicios Económicos,Industria Y Comercio,Bienes De Consumo,Bienes De Consumo,732000.0,76364.0,56361.69,7392817.48,5456388.97,Fiscal
2017,4,Administracion Central,Min.Modern.Innovacion Y Tecnologia,Min.Modern.Innovacion Y Tecnologia,Min.Modern.Innovacion Y Tecnologia,D.G.Ciencia Y Tecnologìa,Desarrollo Y Fomento De La Cultura Cti,Servicios Económicos,Industria Y Comercio,Servicios No Personales,Servicios No Personales,4676000.0,7135290.0,4415365.56,690769166.78,427452617.75,Fiscal
2017,4,Administracion Central,Min.Modern.Innovacion Y Tecnologia,Min.Modern.Innovacion Y Tecnologia,Min.Modern.Innovacion Y Tecnologia,D.G.Ciencia Y Tecnologìa,Desarrollo Y Fomento De La Cultura Cti,Servicios Económicos,Industria Y Comercio,Bienes De Uso,Maquinaria Y Equipo,390000.0,1.0,0.0,96.81,0.0,Fiscal
2017,4,Administracion Central,Min.Modern.Innovacion Y Tecnologia,Min.Modern.Innovacion Y Tecnologia,Min.Modern.Innovacion Y Tecnologia,D.G.Ciencia Y Tecnologìa,Desarrollo Y Fomento De La Cultura Cti,Servicios Económicos,Industria Y Comercio,Transferencias,Al Sector Privado,1200000.0,3803871.0,2361989.0,368253680.12,228664731.7,Fiscal
2017,4,Administracion Central,Min.Modern.Innovacion Y Tecnologia,Min.Modern.Innovacion Y Tecnologia,Min.Modern.Innovacion Y Tecnologia,Upe Ecoparque,Conservación De Fauna Autóctona Y Educación Ambiental,Servicios Económicos,Ecología,Gastos En Personal,Remuneraciones Al Personal,50842284.0,61250413.0,61250401.91,5929667435.12,5929666361.49,Fiscal
2017,4,Administracion Central,Min.Modern.Innovacion Y Tecnologia,Min.Modern.Innovacion Y Tecnologia,Min.Modern.Innovacion Y Tecnologia,Upe Ecoparque,Conservación De Fauna Autóctona Y Educación Ambiental,Servicios Económicos,Ecología,Bienes De Consumo,Bienes De Consumo,37095146.0,27711711.0,27542436.11,2682777506.96,2666389963.53,Fiscal
2017,4,Administracion Central,Min.Modern.Innovacion Y Tecnologia,Min.Modern.Innovacion Y Tecnologia,Min.Modern.Innovacion Y Tecnologia,Upe Ecoparque,Conservación De Fauna Autóctona Y Educación Ambiental,Servicios Económicos,Ecología,Servicios No Personales,Servicios No Personales,213916708.0,89136921.0,87074524.66,8629367082.32,8429705989.17,Fiscal
2017,4,Administracion Central,Min.Modern.Innovacion Y Tecnologia,Min.Modern.Innovacion Y Tecnologia,Min.Modern.Innovacion Y Tecnologia,Upe Ecoparque,Conservación De Fauna Autóctona Y Educación Ambiental,Servicios Económicos,Ecología,Bienes De Uso,Maquinaria Y Equipo,63149232.0,9505132.0,9505129.06,920194149.33,920193864.71,Fiscal
2017,4,Administracion Central,Min.Modern.Innovacion Y Tecnologia,Min.Modern.Innovacion Y Tecnologia,Min.Modern.Innovacion Y Tecnologia,Upe Ecoparque,Conservación De Fauna Autóctona Y Educación Ambiental,Servicios Económicos,Ecología,Bienes De Uso,Activos Intangibles,1620000.0,0.0,0.0,0.0,0.0,Fiscal
2017,4,Administracion Central,Min.Modern.Innovacion Y Tecnologia,Min.Modern.Innovacion Y Tecnologia,Min.Modern.Innovacion Y Tecnologia,Upe Ecoparque,Conservación De Fauna Autóctona Y Educación Ambiental,Servicios Económicos,Ecología,Servicios No Personales,Arrendamiento De Tierras Y Terrenos,16800.0,0.0,0.0,0.0,0.0,Fiscal
2017,4,Administracion Central,Min.Modern.Innovacion Y Tecnologia,Min.Modern.Innovacion Y Tecnologia,Min.Modern.Innovacion Y Tecnologia,Upe Ecoparque,Conservación De Fauna Autóctona Y Educación Ambiental,Servicios Económicos,Ecología,Servicios No Personales,Servicios No Personales,0.0,44857763.0,44017438.23,4342690986.81,4261338940.68,Fiscal
2017,4,Administracion Central,Min.Modern.Innovacion Y Tecnologia,Min.Modern.Innovacion Y Tecnologia,Min.Modern.Innovacion Y Tecnologia,Upe Ecoparque,Conservación De Fauna Autóctona Y Educación Ambiental,Servicios Económicos,Ecología,Bienes De Uso,Construcciones Del Dominio Privado,135000000.0,2691469.0,2191468.63,260561770.94,212156613.06,Fiscal
2017,4,Administracion Central,Min.Modern.Innovacion Y Tecnologia,Min.Modern.Innovacion Y Tecnologia,Min.Modern.Innovacion Y Tecnologia,Upe Ecoparque,Conservación De Fauna Autóctona Y Educación Ambiental,Servicios Económicos,Ecología,Bienes De Uso,Bienes De Uso,0.0,6359999.0,6359994.65,615713055.81,615712634.68,Fiscal
2017,4,Administracion Central,Min.Modern.Innovacion Y Tecnologia,Min.Modern.Innovacion Y Tecnologia,Min.Modern.Innovacion Y Tecnologia,Upe Ecoparque,Conservación De Fauna Autóctona Y Educación Ambiental,Servicios Económicos,Ecología,Activos Financieros,Activos Financieros,0.0,18947090.0,18947089.05,1834272408.31,1834272316.34,Fiscal
2017,4,Administracion Central,Min.Modern.Innovacion Y Tecnologia,Min.Modern.Innovacion Y Tecnologia,Min.Modern.Innovacion Y Tecnologia,D.G.Negociaciones Laboarales,Promoción De Las Negociaciones Laborales,Servicios Sociales,Trabajo,Gastos En Personal,Remuneraciones Al Personal,4786760.0,5879180.0,5879170.61,569164851.04,569163941.99,Fiscal
2017,4,Administracion Central,Min.Modern.Innovacion Y Tecnologia,Min.Modern.Innovacion Y Tecnologia,Min.Modern.Innovacion Y Tecnologia,D.G.Negociaciones Laboarales,Promoción De Las Negociaciones Laborales,Servicios Sociales,Trabajo,Bienes De Consumo,Bienes De Consumo,662000.0,217001.0,135593.48,21007919.78,13126837.9,Fiscal
2017,4,Administracion Central,Min.Modern.Innovacion Y Tecnologia,Min.Modern.Innovacion Y Tecnologia,Min.Modern.Innovacion Y Tecnologia,D.G.Negociaciones Laboarales,Promoción De Las Negociaciones Laborales,Servicios Sociales,Trabajo,Servicios No Personales,Servicios No Personales,7612500.0,3598015.0,574205.0,348324710.51,55588926.23,Fiscal
2017,4,Administracion Central,Min.Modern.Innovacion Y Tecnologia,Min.Modern.Innovacion Y Tecnologia,Min.Modern.Innovacion Y Tecnologia,D.G.Negociaciones Laboarales,Promoción De Las Negociaciones Laborales,Servicios Sociales,Trabajo,Bienes De Uso,Maquinaria Y Equipo,15000.0,10000.0,9485.0,968102.44,918245.17,Fiscal
2017,4,Administracion Central,Min.Modern.Innovacion Y Tecnologia,Min.Modern.Innovacion Y Tecnologia,Min.Modern.Innovacion Y Tecnologia,Upe Juegos Olimpicos De La Juventud Bs As 2018,Organizacion De Los Juegos Olimpicos De La Juventud Bs.As.2018,Servicios Sociales,Cultura,Gastos En Personal,Remuneraciones Al Personal,40608556.0,130827068.0,130827054.86,12665400390.88,12665399118.79,Fiscal
2017,4,Administracion Central,Min.Modern.Innovacion Y Tecnologia,Min.Modern.Innovacion Y Tecnologia,Min.Modern.Innovacion Y Tecnologia,Upe Juegos Olimpicos De La Juventud Bs As 2018,Organizacion De Los Juegos Olimpicos De La Juventud Bs.As.2018,Servicios Sociales,Cultura,Bienes De Consumo,Bienes De Consumo,7803060.0,2337573.0,2264462.23,226301012.78,219223141.29,Fiscal
2017,4,Administracion Central,Min.Modern.Innovacion Y Tecnologia,Min.Modern.Innovacion Y Tecnologia,Min.Modern.Innovacion Y Tecnologia,Upe Juegos Olimpicos De La Juventud Bs As 2018,Organizacion De Los Juegos Olimpicos De La Juventud Bs.As.2018,Servicios Sociales,Cultura,Servicios No Personales,Servicios No Personales,290561656.0,150049699.0,146501903.68,14526347990.66,14182885059.64,Fiscal
2017,4,Administracion Central,Min.Modern.Innovacion Y Tecnologia,Min.Modern.Innovacion Y Tecnologia,Min.Modern.Innovacion Y Tecnologia,Upe Juegos Olimpicos De La Juventud Bs As 2018,Organizacion De Los Juegos Olimpicos De La Juventud Bs.As.2018,Servicios Sociales,Cultura,Bienes De Uso,Maquinaria Y Equipo,76436080.0,11579532.0,11343398.8,1121017319.74,1098157207.0,Fiscal
2017,4,Administracion Central,Min.Modern.Innovacion Y Tecnologia,Min.Modern.Innovacion Y Tecnologia,Min.Modern.Innovacion Y Tecnologia,Upe Juegos Olimpicos De La Juventud Bs As 2018,Organizacion De Los Juegos Olimpicos De La Juventud Bs.As.2018,Servicios Sociales,Cultura,Bienes De Uso,Activos Intangibles,27248544.0,0.0,0.0,0.0,0.0,Fiscal
2017,4,Administracion Central,Min.Modern.Innovacion Y Tecnologia,Min.Modern.Innovacion Y Tecnologia,Min.Modern.Innovacion Y Tecnologia,Upe Juegos Olimpicos De La Juventud Bs As 2018,Organizacion De Los Juegos Olimpicos De La Juventud Bs.As.2018,Servicios Sociales,Cultura,Transferencias,Al Sector Privado,28210800.0,72573488.0,69008243.0,7025857090.08,6680704851.28,Fiscal
2017,4,Administracion Central,Min.Modern.Innovacion Y Tecnologia,Min.Modern.Innovacion Y Tecnologia,Min.Modern.Innovacion Y Tecnologia,Upe Juegos Olimpicos De La Juventud Bs As 2018,Organizacion De Los Juegos Olimpicos De La Juventud Bs.As.2018,Servicios Sociales,Cultura,Activos Financieros,Activos Financieros,0.0,121406421.0,102797129.81,11753385255.02,9951815231.98,Fiscal
2017,4,Organismos Descentralizados,Min.Modern.Innovacion Y Tecnologia,Min.Modern.Innovacion Y Tecnologia,Consejo Economico Y Social De La C.A.B.A,Consejo Economico Y Social De La Caba,Fomento Al Desarrollo Socio-Economico De La Comunidad,Administración Gubernamental,Dirección Ejecutiva,Transferencias,Al Sector Público,71500000.0,71500000.0,71500000.0,6921932454.74,6921932454.74,Fiscal
2017,4,Organismos Descentralizados,Min.Modern.Innovacion Y Tecnologia,Min.Modern.Innovacion Y Tecnologia,Ente De Turismo,Ente De Turismo,Turismo De La Ciudad,Servicios Económicos,Turismo,Gastos En Personal,Remuneraciones Al Personal,36132496.0,43382918.0,43382894.28,4199910882.32,4199908585.98,Fiscal
2017,4,Organismos Descentralizados,Min.Modern.Innovacion Y Tecnologia,Min.Modern.Innovacion Y Tecnologia,Ente De Turismo,Ente De Turismo,Turismo De La Ciudad,Servicios Económicos,Turismo,Bienes De Consumo,Bienes De Consumo,516646.0,477438.0,477181.03,46220889.33,46196012.0,Fiscal
2017,4,Organismos Descentralizados,Min.Modern.Innovacion Y Tecnologia,Min.Modern.Innovacion Y Tecnologia,Ente De Turismo,Ente De Turismo,Turismo De La Ciudad,Servicios Económicos,Turismo,Servicios No Personales,Servicios No Personales,75070000.0,113076570.0,112591025.0,10946970346.21,10899964616.23,Fiscal
2017,4,Organismos Descentralizados,Min.Modern.Innovacion Y Tecnologia,Min.Modern.Innovacion Y Tecnologia,Ente De Turismo,Ente De Turismo,Turismo De La Ciudad,Servicios Económicos,Turismo,Bienes De Uso,Maquinaria Y Equipo,1250000.0,697000.0,694946.2,67476740.15,67277911.27,Fiscal
2017,4,Organismos Descentralizados,Min.Modern.Innovacion Y Tecnologia,Min.Modern.Innovacion Y Tecnologia,Ente De Turismo,Ente De Turismo,Turismo De La Ciudad,Servicios Económicos,Turismo,Bienes De Uso,Activos Intangibles,100000.0,172056.0,172055.03,16656783.36,16656689.46,Fiscal
2017,4,Organismos Descentralizados,Min.Modern.Innovacion Y Tecnologia,Min.Modern.Innovacion Y Tecnologia,Ente De Turismo,Ente De Turismo,Turismo De La Ciudad,Administración Gubernamental,Control De La Gestión,Gastos En Personal,Remuneraciones Al Personal,2151839.0,4201986.0,4201982.26,406795290.46,406794928.39,Fiscal
2017,4,Organismos Descentralizados,Min.Modern.Innovacion Y Tecnologia,Min.Modern.Innovacion Y Tecnologia,Ente De Turismo,Ente De Turismo,Turismo De La Ciudad,Administración Gubernamental,Control De La Gestión,Bienes De Consumo,Bienes De Consumo,80000.0,9912.0,9911.24,959583.14,959509.56,Fiscal
2017,4,Organismos Descentralizados,Min.Modern.Innovacion Y Tecnologia,Min.Modern.Innovacion Y Tecnologia,Ente De Turismo,Ente De Turismo,Turismo De La Ciudad,Administración Gubernamental,Control De La Gestión,Servicios No Personales,Servicios No Personales,76000.0,42113.0,42113.0,4076969.81,4076969.81,Fiscal
2017,4,Organismos Descentralizados,Min.Modern.Innovacion Y Tecnologia,Min.Modern.Innovacion Y Tecnologia,Ente De Turismo,Ente De Turismo,Desarrollo De La Oferta,Servicios Económicos,Turismo,Gastos En Personal,Remuneraciones Al Personal,19493423.0,20382855.0,20382833.34,1973269168.46,1973267071.55,Fiscal
2017,4,Organismos Descentralizados,Min.Modern.Innovacion Y Tecnologia,Min.Modern.Innovacion Y Tecnologia,Ente De Turismo,Ente De Turismo,Desarrollo De La Oferta,Servicios Económicos,Turismo,Bienes De Consumo,Bienes De Consumo,207523.0,596502.0,584627.56,57747504.24,56597936.8,Fiscal
2017,4,Organismos Descentralizados,Min.Modern.Innovacion Y Tecnologia,Min.Modern.Innovacion Y Tecnologia,Ente De Turismo,Ente De Turismo,Desarrollo De La Oferta,Servicios Económicos,Turismo,Servicios No Personales,Servicios No Personales,13736832.0,16457074.0,15972731.69,1593213351.48,1546324054.21,Fiscal
2017,4,Organismos Descentralizados,Min.Modern.Innovacion Y Tecnologia,Min.Modern.Innovacion Y Tecnologia,Ente De Turismo,Ente De Turismo,Desarrollo De La Oferta,Servicios Económicos,Turismo,Bienes De Uso,Maquinaria Y Equipo,410000.0,1701556.0,1649777.46,164728051.75,159715358.65,Fiscal
2017,4,Organismos Descentralizados,Min.Modern.Innovacion Y Tecnologia,Min.Modern.Innovacion Y Tecnologia,Ente De Turismo,Ente De Turismo,Desarrollo De La Oferta,Servicios Económicos,Turismo,Bienes De Uso,Activos Intangibles,0.0,12969.0,12968.57,1255532.06,1255490.43,Fiscal
2017,4,Organismos Descentralizados,Min.Modern.Innovacion Y Tecnologia,Min.Modern.Innovacion Y Tecnologia,Ente De Turismo,Ente De Turismo,Atencion De La Demanda,Servicios Económicos,Turismo,Gastos En Personal,Remuneraciones Al Personal,9563982.0,11035825.0,11034515.63,1068380912.34,1068254151.91,Fiscal
2017,4,Organismos Descentralizados,Min.Modern.Innovacion Y Tecnologia,Min.Modern.Innovacion Y Tecnologia,Ente De Turismo,Ente De Turismo,Atencion De La Demanda,Servicios Económicos,Turismo,Bienes De Consumo,Bienes De Consumo,380731.0,117531.0,116017.09,11378204.8,11231642.81,Fiscal
2017,4,Organismos Descentralizados,Min.Modern.Innovacion Y Tecnologia,Min.Modern.Innovacion Y Tecnologia,Ente De Turismo,Ente De Turismo,Atencion De La Demanda,Servicios Económicos,Turismo,Servicios No Personales,Servicios No Personales,22345000.0,36885521.0,36610791.18,3570896292.59,3544299631.65,Fiscal
2017,4,Organismos Descentralizados,Min.Modern.Innovacion Y Tecnologia,Min.Modern.Innovacion Y Tecnologia,Ente De Turismo,Ente De Turismo,Atencion De La Demanda,Servicios Económicos,Turismo,Bienes De Uso,Maquinaria Y Equipo,200000.0,0.0,0.0,0.0,0.0,Fiscal
2017,4,Organismos Descentralizados,Min.Modern.Innovacion Y Tecnologia,Min.Modern.Innovacion Y Tecnologia,Ente De Turismo,Ente De Turismo,Atencion De La Demanda,Servicios Económicos,Turismo,Bienes De Uso,Activos Intangibles,0.0,25799.0,25799.0,2497607.49,2497607.49,Fiscal
2017,4,Organismos Descentralizados,Min.Modern.Innovacion Y Tecnologia,Min.Modern.Innovacion Y Tecnologia,Ente De Turismo,Ente De Turismo,Atencion De La Demanda,Servicios Económicos,Turismo,Transferencias,Al Sector Privado,200000.0,0.0,0.0,0.0,0.0,Fiscal
2017,4,Administracion Central,Servicio De La Deuda Publica,Servicio De La Deuda Publica,Servicio De La Deuda Publica,Ministerio De Hacienda - Servicio De La Deuda Publica,Intereses De La Deuda Publica,Deuda Pública – Intereses Y Gastos,Deuda Pública – Intereses Y Gastos,Servicio De La Deuda Y Disminución De Otros Pasivos,Intereses,6404446003.0,6718085334.0,6717298693.45,650379481218.81,650303326355.13,Fiscal
2017,4,Administracion Central,Servicio De La Deuda Publica,Servicio De La Deuda Publica,Servicio De La Deuda Publica,Ministerio De Hacienda - Servicio De La Deuda Publica,Intereses De La Deuda Publica,Deuda Pública – Intereses Y Gastos,Deuda Pública – Intereses Y Gastos,Servicio De La Deuda Y Disminución De Otros Pasivos,Servicios No Personales,179447291.0,104879522.0,104879326.5,10153412128.25,10153393201.84,Fiscal
2017,4,Administracion Central,Servicio De La Deuda Publica,Servicio De La Deuda Publica,Servicio De La Deuda Publica,Ministerio De Hacienda - Servicio De La Deuda Publica,Intereses De La Deuda Publica,Deuda Pública – Intereses Y Gastos,Deuda Pública – Intereses Y Gastos,Servicio De La Deuda Y Disminución De Otros Pasivos,Otros Gastos,0.0,21611783.0,21611782.46,2092241988.15,2092241935.87,Fiscal
2017,4,Administracion Central,Obligaciones A Cargo Del Tesoro,Obligaciones A Cargo Del Tesoro,Obligaciones A Cargo Del Tesoro,Ministerio De Hacienda - Obligaciones Del Tesoro,Otras Erogaciones No Asignables A Programas,Administración Gubernamental,Judicial,Gastos En Personal,Remuneraciones Al Personal,0.0,2567284.0,0.0,248539390.77,0.0,Fiscal
2017,4,Administracion Central,Obligaciones A Cargo Del Tesoro,Obligaciones A Cargo Del Tesoro,Obligaciones A Cargo Del Tesoro,Ministerio De Hacienda - Obligaciones Del Tesoro,Otras Erogaciones No Asignables A Programas,Administración Gubernamental,Judicial,Servicios No Personales,Servicios No Personales,56524403.0,0.0,0.0,0.0,0.0,Fiscal
2017,4,Administracion Central,Obligaciones A Cargo Del Tesoro,Obligaciones A Cargo Del Tesoro,Obligaciones A Cargo Del Tesoro,Ministerio De Hacienda - Obligaciones Del Tesoro,Otras Erogaciones No Asignables A Programas,Administración Gubernamental,Judicial,Transferencias,Al Sector Privado,3500000.0,0.0,0.0,0.0,0.0,Fiscal
2017,4,Administracion Central,Obligaciones A Cargo Del Tesoro,Obligaciones A Cargo Del Tesoro,Obligaciones A Cargo Del Tesoro,Ministerio De Hacienda - Obligaciones Del Tesoro,Otras Erogaciones No Asignables A Programas,Administración Gubernamental,Dirección Ejecutiva,Gastos En Personal,Remuneraciones Al Personal,58000000.0,48000000.0,0.0,4646891717.87,0.0,Fiscal
2017,4,Administracion Central,Obligaciones A Cargo Del Tesoro,Obligaciones A Cargo Del Tesoro,Obligaciones A Cargo Del Tesoro,Ministerio De Hacienda - Obligaciones Del Tesoro,Otras Erogaciones No Asignables A Programas,Administración Gubernamental,Dirección Ejecutiva,Bienes De Consumo,Bienes De Consumo,3000000.0,0.0,0.0,0.0,0.0,Fiscal
2017,4,Administracion Central,Obligaciones A Cargo Del Tesoro,Obligaciones A Cargo Del Tesoro,Obligaciones A Cargo Del Tesoro,Ministerio De Hacienda - Obligaciones Del Tesoro,Otras Erogaciones No Asignables A Programas,Administración Gubernamental,Dirección Ejecutiva,Servicios No Personales,Servicios No Personales,383281209.0,224358874.0,224357877.76,21720237362.94,21720140916.7,Fiscal
2017,4,Administracion Central,Obligaciones A Cargo Del Tesoro,Obligaciones A Cargo Del Tesoro,Obligaciones A Cargo Del Tesoro,Ministerio De Hacienda - Obligaciones Del Tesoro,Otras Erogaciones No Asignables A Programas,Administración Gubernamental,Dirección Ejecutiva,Transferencias,Al Sector Público,21000000.0,35348644.0,20348643.56,3422110855.03,1969957150.6,Fiscal
2017,4,Administracion Central,Obligaciones A Cargo Del Tesoro,Obligaciones A Cargo Del Tesoro,Obligaciones A Cargo Del Tesoro,Ministerio De Hacienda - Obligaciones Del Tesoro,Otras Erogaciones No Asignables A Programas,Administración Gubernamental,Administración Fiscal,Servicios No Personales,Servicios No Personales,47107383.0,5379636.0,5379635.54,520803874.45,520803829.92,Fiscal
2017,4,Administracion Central,Obligaciones A Cargo Del Tesoro,Obligaciones A Cargo Del Tesoro,Obligaciones A Cargo Del Tesoro,Ministerio De Hacienda - Obligaciones Del Tesoro,Otras Erogaciones No Asignables A Programas,Administración Gubernamental,Control De La Gestión,Servicios No Personales,Servicios No Personales,10805739.0,0.0,0.0,0.0,0.0,Fiscal
2017,4,Administracion Central,Obligaciones A Cargo Del Tesoro,Obligaciones A Cargo Del Tesoro,Obligaciones A Cargo Del Tesoro,Ministerio De Hacienda - Obligaciones Del Tesoro,Otras Erogaciones No Asignables A Programas,Administración Gubernamental,Control De La Gestión,Bienes De Uso,Maquinaria Y Equipo,624433.0,0.0,0.0,0.0,0.0,Fiscal
2017,4,Administracion Central,Obligaciones A Cargo Del Tesoro,Obligaciones A Cargo Del Tesoro,Obligaciones A Cargo Del Tesoro,Ministerio De Hacienda - Obligaciones Del Tesoro,Otras Erogaciones No Asignables A Programas,Servicios De Seguridad,Seguridad Interior,Gastos En Personal,Remuneraciones Al Personal,0.0,42646050.0,0.0,4128574511.35,0.0,Fiscal
2017,4,Administracion Central,Obligaciones A Cargo Del Tesoro,Obligaciones A Cargo Del Tesoro,Obligaciones A Cargo Del Tesoro,Ministerio De Hacienda - Obligaciones Del Tesoro,Otras Erogaciones No Asignables A Programas,Servicios Sociales,Salud,Servicios No Personales,Servicios No Personales,172994481.0,0.0,0.0,0.0,0.0,Fiscal
2017,4,Administracion Central,Obligaciones A Cargo Del Tesoro,Obligaciones A Cargo Del Tesoro,Obligaciones A Cargo Del Tesoro,Ministerio De Hacienda - Obligaciones Del Tesoro,Otras Erogaciones No Asignables A Programas,Servicios Sociales,Salud,Bienes De Uso,Maquinaria Y Equipo,23281272.0,0.0,0.0,0.0,0.0,Fiscal
2017,4,Administracion Central,Obligaciones A Cargo Del Tesoro,Obligaciones A Cargo Del Tesoro,Obligaciones A Cargo Del Tesoro,Ministerio De Hacienda - Obligaciones Del Tesoro,Otras Erogaciones No Asignables A Programas,Servicios Sociales,Salud,Transferencias,Al Sector Privado,0.0,215574028.0,215527697.46,20869774277.1,20865289006.21,Fiscal
2017,4,Administracion Central,Obligaciones A Cargo Del Tesoro,Obligaciones A Cargo Del Tesoro,Obligaciones A Cargo Del Tesoro,Ministerio De Hacienda - Obligaciones Del Tesoro,Otras Erogaciones No Asignables A Programas,Servicios Sociales,Salud,Activos Financieros,Aportes De Capital,0.0,100000.0,0.0,9681024.41,0.0,Fiscal
2017,4,Administracion Central,Obligaciones A Cargo Del Tesoro,Obligaciones A Cargo Del Tesoro,Obligaciones A Cargo Del Tesoro,Ministerio De Hacienda - Obligaciones Del Tesoro,Otras Erogaciones No Asignables A Programas,Servicios Sociales,Promoción Y Acción Social,Servicios No Personales,Servicios No Personales,334772247.0,0.0,0.0,0.0,0.0,Fiscal
2017,4,Administracion Central,Obligaciones A Cargo Del Tesoro,Obligaciones A Cargo Del Tesoro,Obligaciones A Cargo Del Tesoro,Ministerio De Hacienda - Obligaciones Del Tesoro,Otras Erogaciones No Asignables A Programas,Servicios Sociales,Promoción Y Acción Social,Bienes De Uso,Maquinaria Y Equipo,41210529.0,0.0,0.0,0.0,0.0,Fiscal
2017,4,Administracion Central,Obligaciones A Cargo Del Tesoro,Obligaciones A Cargo Del Tesoro,Obligaciones A Cargo Del Tesoro,Ministerio De Hacienda - Obligaciones Del Tesoro,Otras Erogaciones No Asignables A Programas,Servicios Sociales,Promoción Y Acción Social,Transferencias,Al Sector Privado,115894000.0,115894000.0,108943974.51,11219726432.31,10546892767.96,Fiscal
2017,4,Administracion Central,Obligaciones A Cargo Del Tesoro,Obligaciones A Cargo Del Tesoro,Obligaciones A Cargo Del Tesoro,Ministerio De Hacienda - Obligaciones Del Tesoro,Otras Erogaciones No Asignables A Programas,Servicios Sociales,Educación,Servicios No Personales,Servicios No Personales,197561681.0,0.0,0.0,0.0,0.0,Fiscal
2017,4,Administracion Central,Obligaciones A Cargo Del Tesoro,Obligaciones A Cargo Del Tesoro,Obligaciones A Cargo Del Tesoro,Ministerio De Hacienda - Obligaciones Del Tesoro,Otras Erogaciones No Asignables A Programas,Servicios Sociales,Educación,Bienes De Uso,Maquinaria Y Equipo,38293679.0,0.0,0.0,0.0,0.0,Fiscal
2017,4,Administracion Central,Obligaciones A Cargo Del Tesoro,Obligaciones A Cargo Del Tesoro,Obligaciones A Cargo Del Tesoro,Ministerio De Hacienda - Obligaciones Del Tesoro,Otras Erogaciones No Asignables A Programas,Servicios Sociales,Educación,Transferencias,Al Sector Privado,0.0,2643165.0,0.0,255885448.91,0.0,Fiscal
2017,4,Administracion Central,Obligaciones A Cargo Del Tesoro,Obligaciones A Cargo Del Tesoro,Obligaciones A Cargo Del Tesoro,Ministerio De Hacienda - Obligaciones Del Tesoro,Otras Erogaciones No Asignables A Programas,Servicios Sociales,Cultura,Servicios No Personales,Servicios No Personales,26897748.0,0.0,0.0,0.0,0.0,Fiscal
2017,4,Administracion Central,Obligaciones A Cargo Del Tesoro,Obligaciones A Cargo Del Tesoro,Obligaciones A Cargo Del Tesoro,Ministerio De Hacienda - Obligaciones Del Tesoro,Otras Erogaciones No Asignables A Programas,Servicios Sociales,Cultura,Bienes De Uso,Maquinaria Y Equipo,9462366.0,0.0,0.0,0.0,0.0,Fiscal
2017,4,Administracion Central,Obligaciones A Cargo Del Tesoro,Obligaciones A Cargo Del Tesoro,Obligaciones A Cargo Del Tesoro,Ministerio De Hacienda - Obligaciones Del Tesoro,Otras Erogaciones No Asignables A Programas,Servicios Sociales,Cultura,Transferencias,Al Sector Privado,0.0,5000000.0,0.0,484051220.61,0.0,Fiscal
2017,4,Administracion Central,Obligaciones A Cargo Del Tesoro,Obligaciones A Cargo Del Tesoro,Obligaciones A Cargo Del Tesoro,Ministerio De Hacienda - Obligaciones Del Tesoro,Otras Erogaciones No Asignables A Programas,Servicios Sociales,Trabajo,Servicios No Personales,Servicios No Personales,9569597.0,0.0,0.0,0.0,0.0,Fiscal
2017,4,Administracion Central,Obligaciones A Cargo Del Tesoro,Obligaciones A Cargo Del Tesoro,Obligaciones A Cargo Del Tesoro,Ministerio De Hacienda - Obligaciones Del Tesoro,Otras Erogaciones No Asignables A Programas,Servicios Sociales,Trabajo,Bienes De Uso,Maquinaria Y Equipo,1043643.0,0.0,0.0,0.0,0.0,Fiscal
2017,4,Administracion Central,Obligaciones A Cargo Del Tesoro,Obligaciones A Cargo Del Tesoro,Obligaciones A Cargo Del Tesoro,Ministerio De Hacienda - Obligaciones Del Tesoro,Otras Erogaciones No Asignables A Programas,Servicios Sociales,Vivienda,Servicios No Personales,Servicios No Personales,125440455.0,0.0,0.0,0.0,0.0,Fiscal
2017,4,Administracion Central,Obligaciones A Cargo Del Tesoro,Obligaciones A Cargo Del Tesoro,Obligaciones A Cargo Del Tesoro,Ministerio De Hacienda - Obligaciones Del Tesoro,Otras Erogaciones No Asignables A Programas,Servicios Sociales,Vivienda,Bienes De Uso,Maquinaria Y Equipo,4816816.0,0.0,0.0,0.0,0.0,Fiscal
2017,4,Administracion Central,Obligaciones A Cargo Del Tesoro,Obligaciones A Cargo Del Tesoro,Obligaciones A Cargo Del Tesoro,Ministerio De Hacienda - Obligaciones Del Tesoro,Otras Erogaciones No Asignables A Programas,Servicios Sociales,Agua Potable Y Alcantarillado,Servicios No Personales,Servicios No Personales,16318217.0,0.0,0.0,0.0,0.0,Fiscal
2017,4,Administracion Central,Obligaciones A Cargo Del Tesoro,Obligaciones A Cargo Del Tesoro,Obligaciones A Cargo Del Tesoro,Ministerio De Hacienda - Obligaciones Del Tesoro,Otras Erogaciones No Asignables A Programas,Servicios Sociales,Agua Potable Y Alcantarillado,Bienes De Uso,Maquinaria Y Equipo,3211210.0,0.0,0.0,0.0,0.0,Fiscal
2017,4,Administracion Central,Obligaciones A Cargo Del Tesoro,Obligaciones A Cargo Del Tesoro,Obligaciones A Cargo Del Tesoro,Ministerio De Hacienda - Obligaciones Del Tesoro,Otras Erogaciones No Asignables A Programas,Servicios Económicos,Ecología,Servicios No Personales,Servicios No Personales,11093420.0,0.0,0.0,0.0,0.0,Fiscal
2017,4,Administracion Central,Obligaciones A Cargo Del Tesoro,Obligaciones A Cargo Del Tesoro,Obligaciones A Cargo Del Tesoro,Ministerio De Hacienda - Obligaciones Del Tesoro,Otras Erogaciones No Asignables A Programas,Servicios Económicos,Servicios Urbanos,Servicios No Personales,Servicios No Personales,11093420.0,0.0,0.0,0.0,0.0,Fiscal
2017,4,Administracion Central,Obligaciones A Cargo Del Tesoro,Obligaciones A Cargo Del Tesoro,Obligaciones A Cargo Del Tesoro,Ministerio De Hacienda - Obligaciones Del Tesoro,Otras Erogaciones No Asignables A Programas,Servicios Económicos,Servicios Urbanos,Bienes De Uso,Maquinaria Y Equipo,16056052.0,0.0,0.0,0.0,0.0,Fiscal
2017,4,Administracion Central,Obligaciones A Cargo Del Tesoro,Obligaciones A Cargo Del Tesoro,Obligaciones A Cargo Del Tesoro,Ministerio De Hacienda - Obligaciones Del Tesoro,Aportes A Entes Publicos,Administración Gubernamental,Dirección Ejecutiva,Transferencias,Al Sector Público,146100000.0,19840000.0,19232246.52,1920715243.39,1861878480.62,Fiscal
2017,4,Administracion Central,Obligaciones A Cargo Del Tesoro,Obligaciones A Cargo Del Tesoro,Obligaciones A Cargo Del Tesoro,Ministerio De Hacienda - Obligaciones Del Tesoro,Aportes Con Fines Sociales,Servicios Sociales,Promoción Y Acción Social,Transferencias,Al Sector Privado,250500000.0,178208231.0,177521508.12,17252382347.71,17185900538.05,Fiscal
2017,4,Administracion Central,Obligaciones A Cargo Del Tesoro,Obligaciones A Cargo Del Tesoro,Obligaciones A Cargo Del Tesoro,Ministerio De Hacienda - Obligaciones Del Tesoro,R.A.D,Administración Gubernamental,Dirección Ejecutiva,Gastos En Personal,Remuneraciones Al Personal,10555434.0,10601371.0,8255180.24,1026321314.54,799186014.31,Fiscal
2017,4,Administracion Central,Obligaciones A Cargo Del Tesoro,Obligaciones A Cargo Del Tesoro,Obligaciones A Cargo Del Tesoro,Ministerio De Hacienda - Obligaciones Del Tesoro,Ley 471,Administración Gubernamental,Legislativa,Gastos En Personal,Remuneraciones Al Personal,3759606.0,0.0,0.0,0.0,0.0,Fiscal
2017,4,Administracion Central,Obligaciones A Cargo Del Tesoro,Obligaciones A Cargo Del Tesoro,Obligaciones A Cargo Del Tesoro,Ministerio De Hacienda - Obligaciones Del Tesoro,Ley 471,Administración Gubernamental,Judicial,Gastos En Personal,Remuneraciones Al Personal,117561105.0,0.0,0.0,0.0,0.0,Fiscal
2017,4,Administracion Central,Obligaciones A Cargo Del Tesoro,Obligaciones A Cargo Del Tesoro,Obligaciones A Cargo Del Tesoro,Ministerio De Hacienda - Obligaciones Del Tesoro,Ley 471,Administración Gubernamental,Dirección Ejecutiva,Gastos En Personal,Remuneraciones Al Personal,5130146.0,0.0,0.0,0.0,0.0,Fiscal
2017,4,Administracion Central,Obligaciones A Cargo Del Tesoro,Obligaciones A Cargo Del Tesoro,Obligaciones A Cargo Del Tesoro,Ministerio De Hacienda - Obligaciones Del Tesoro,Ley 471,Administración Gubernamental,Administración Fiscal,Gastos En Personal,Remuneraciones Al Personal,3762186.0,0.0,0.0,0.0,0.0,Fiscal
2017,4,Administracion Central,Obligaciones A Cargo Del Tesoro,Obligaciones A Cargo Del Tesoro,Obligaciones A Cargo Del Tesoro,Ministerio De Hacienda - Obligaciones Del Tesoro,Ley 471,Administración Gubernamental,Control De La Gestión,Gastos En Personal,Remuneraciones Al Personal,1687553.0,0.0,0.0,0.0,0.0,Fiscal
2017,4,Administracion Central,Obligaciones A Cargo Del Tesoro,Obligaciones A Cargo Del Tesoro,Obligaciones A Cargo Del Tesoro,Ministerio De Hacienda - Obligaciones Del Tesoro,Ley 471,Servicios De Seguridad,Seguridad Interior,Gastos En Personal,Remuneraciones Al Personal,10549527.0,0.0,0.0,0.0,0.0,Fiscal
2017,4,Administracion Central,Obligaciones A Cargo Del Tesoro,Obligaciones A Cargo Del Tesoro,Obligaciones A Cargo Del Tesoro,Ministerio De Hacienda - Obligaciones Del Tesoro,Ley 471,Servicios Sociales,Salud,Gastos En Personal,Remuneraciones Al Personal,26846646.0,0.0,0.0,0.0,0.0,Fiscal
2017,4,Administracion Central,Obligaciones A Cargo Del Tesoro,Obligaciones A Cargo Del Tesoro,Obligaciones A Cargo Del Tesoro,Ministerio De Hacienda - Obligaciones Del Tesoro,Ley 471,Servicios Sociales,Promoción Y Acción Social,Gastos En Personal,Remuneraciones Al Personal,32143615.0,0.0,0.0,0.0,0.0,Fiscal
2017,4,Administracion Central,Obligaciones A Cargo Del Tesoro,Obligaciones A Cargo Del Tesoro,Obligaciones A Cargo Del Tesoro,Ministerio De Hacienda - Obligaciones Del Tesoro,Ley 471,Servicios Sociales,Educación,Gastos En Personal,Remuneraciones Al Personal,30407932.0,925452259.0,0.0,89593259117.3,0.0,Fiscal
2017,4,Administracion Central,Obligaciones A Cargo Del Tesoro,Obligaciones A Cargo Del Tesoro,Obligaciones A Cargo Del Tesoro,Ministerio De Hacienda - Obligaciones Del Tesoro,Ley 471,Servicios Sociales,Cultura,Gastos En Personal,Remuneraciones Al Personal,3863339.0,472132.0,0.0,45707214.18,0.0,Fiscal
2017,4,Administracion Central,Obligaciones A Cargo Del Tesoro,Obligaciones A Cargo Del Tesoro,Obligaciones A Cargo Del Tesoro,Ministerio De Hacienda - Obligaciones Del Tesoro,Ley 471,Servicios Sociales,Trabajo,Gastos En Personal,Remuneraciones Al Personal,180725.0,42769.0,0.0,4140477.33,0.0,Fiscal
2017,4,Administracion Central,Obligaciones A Cargo Del Tesoro,Obligaciones A Cargo Del Tesoro,Obligaciones A Cargo Del Tesoro,Ministerio De Hacienda - Obligaciones Del Tesoro,Ley 471,Servicios Sociales,Vivienda,Gastos En Personal,Remuneraciones Al Personal,5259681.0,1244722.0,0.0,120501840.68,0.0,Fiscal
2017,4,Administracion Central,Obligaciones A Cargo Del Tesoro,Obligaciones A Cargo Del Tesoro,Obligaciones A Cargo Del Tesoro,Ministerio De Hacienda - Obligaciones Del Tesoro,Ley 471,Servicios Sociales,Agua Potable Y Alcantarillado,Gastos En Personal,Remuneraciones Al Personal,25965.0,846999.0,0.0,81998179.96,0.0,Fiscal
2017,4,Administracion Central,Obligaciones A Cargo Del Tesoro,Obligaciones A Cargo Del Tesoro,Obligaciones A Cargo Del Tesoro,Ministerio De Hacienda - Obligaciones Del Tesoro,Ley 471,Servicios Económicos,Transporte,Gastos En Personal,Remuneraciones Al Personal,332099.0,78592.0,0.0,7608510.71,0.0,Fiscal
2017,4,Administracion Central,Obligaciones A Cargo Del Tesoro,Obligaciones A Cargo Del Tesoro,Obligaciones A Cargo Del Tesoro,Ministerio De Hacienda - Obligaciones Del Tesoro,Ley 471,Servicios Económicos,Ecología,Gastos En Personal,Remuneraciones Al Personal,218086.0,51611.0,0.0,4996473.51,0.0,Fiscal
2017,4,Administracion Central,Obligaciones A Cargo Del Tesoro,Obligaciones A Cargo Del Tesoro,Obligaciones A Cargo Del Tesoro,Ministerio De Hacienda - Obligaciones Del Tesoro,Ley 471,Servicios Económicos,Turismo,Gastos En Personal,Remuneraciones Al Personal,17913.0,774029.0,0.0,74933936.45,0.0,Fiscal
2017,4,Administracion Central,Obligaciones A Cargo Del Tesoro,Obligaciones A Cargo Del Tesoro,Obligaciones A Cargo Del Tesoro,Ministerio De Hacienda - Obligaciones Del Tesoro,Ley 471,Servicios Económicos,Industria Y Comercio,Gastos En Personal,Remuneraciones Al Personal,1753679.0,48260147.0,0.0,4672076612.45,0.0,Fiscal
2017,4,Administracion Central,Obligaciones A Cargo Del Tesoro,Obligaciones A Cargo Del Tesoro,Obligaciones A Cargo Del Tesoro,Ministerio De Hacienda - Obligaciones Del Tesoro,Ley 471,Servicios Económicos,Seguros Y Finanzas,Gastos En Personal,Remuneraciones Al Personal,15934.0,688498.0,0.0,66653659.46,0.0,Fiscal
2017,4,Administracion Central,Obligaciones A Cargo Del Tesoro,Obligaciones A Cargo Del Tesoro,Obligaciones A Cargo Del Tesoro,Ministerio De Hacienda - Obligaciones Del Tesoro,Ley 471,Servicios Económicos,Servicios Urbanos,Gastos En Personal,Remuneraciones Al Personal,2367487.0,20110186.0,0.0,1946872016.0,0.0,Fiscal
