año,trimestre,caracter,jurisdiccion,subjurisdiccion,entidad,unidad_ejecutora,programa,finalidad,funcion,inciso,economica,sancion_nominal,vigente_nominal,devengado_nominal,vigente_precios_2T2026,devengado_precios_2T2026,universo
2025,2,Administracion Central,Legislatura De La Ciudad De Buenos Aires,Legislatura De La Ciudad De Buenos Aires,Legislatura De La Ciudad De Buenos Aires,Secretaria Administrativa,Formacion Y Sancion De Leyes,Administración Gubernamental,Legislativa,Gastos En Personal,Remuneraciones Al Personal,123948859949.0,123948859949.0,41456086689.5,170032334329.18,56869221668.27,Fiscal
2025,2,Administracion Central,Legislatura De La Ciudad De Buenos Aires,Legislatura De La Ciudad De Buenos Aires,Legislatura De La Ciudad De Buenos Aires,Secretaria Administrativa,Formacion Y Sancion De Leyes,Administración Gubernamental,Legislativa,Bienes De Consumo,Bienes De Consumo,2177946329.0,3082946329.0,325484223.15,4229168070.99,446497388.3,Fiscal
2025,2,Administracion Central,Legislatura De La Ciudad De Buenos Aires,Legislatura De La Ciudad De Buenos Aires,Legislatura De La Ciudad De Buenos Aires,Secretaria Administrativa,Formacion Y Sancion De Leyes,Administración Gubernamental,Legislativa,Servicios No Personales,Servicios No Personales,24992729468.0,25372729468.0,11437729166.85,34806164586.93,15690211192.46,Fiscal
2025,2,Administracion Central,Legislatura De La Ciudad De Buenos Aires,Legislatura De La Ciudad De Buenos Aires,Legislatura De La Ciudad De Buenos Aires,Secretaria Administrativa,Formacion Y Sancion De Leyes,Administración Gubernamental,Legislativa,Bienes De Uso,Maquinaria Y Equipo,4238734790.0,4238734790.0,293492970.01,5814672044.93,402611970.94,Fiscal
2025,2,Administracion Central,Legislatura De La Ciudad De Buenos Aires,Legislatura De La Ciudad De Buenos Aires,Legislatura De La Ciudad De Buenos Aires,Secretaria Administrativa,Formacion Y Sancion De Leyes,Administración Gubernamental,Legislativa,Bienes De Uso,Activos Intangibles,822645833.0,822645833.0,568863539.42,1128500829.85,780363736.8,Fiscal
2025,2,Administracion Central,Legislatura De La Ciudad De Buenos Aires,Legislatura De La Ciudad De Buenos Aires,Legislatura De La Ciudad De Buenos Aires,Secretaria Administrativa,Formacion Y Sancion De Leyes,Administración Gubernamental,Legislativa,Transferencias,Al Sector Privado,2179717224.0,1799717224.0,5000000.0,2468841753.41,6858971.29,Fiscal
2025,2,Administracion Central,Legislatura De La Ciudad De Buenos Aires,Legislatura De La Ciudad De Buenos Aires,Legislatura De La Ciudad De Buenos Aires,Secretaria Administrativa,Formacion Y Sancion De Leyes,Administración Gubernamental,Legislativa,Bienes De Uso,Construcciones Del Dominio Privado,1333823200.0,1333823200.0,0.0,1829731006.58,0.0,Fiscal
2025,2,Organismos Descentralizados,Auditoria General De La Ciudad De Buenos Aires,Auditoria General De La Ciudad De Buenos Aires,Auditoria General De La Ciudad De Buenos Aires,Auditoria Ciudad De Buenos Aires,Control Externo,Administración Gubernamental,Control De La Gestión,Gastos En Personal,Remuneraciones Al Personal,35712443506.0,35712443506.0,14649591545.67,48990124930.74,20096225560.32,Fiscal
2025,2,Organismos Descentralizados,Auditoria General De La Ciudad De Buenos Aires,Auditoria General De La Ciudad De Buenos Aires,Auditoria General De La Ciudad De Buenos Aires,Auditoria Ciudad De Buenos Aires,Control Externo,Administración Gubernamental,Control De La Gestión,Bienes De Consumo,Bienes De Consumo,338554719.0,278554719.0,89023144.24,382119763.99,122121438.07,Fiscal
2025,2,Organismos Descentralizados,Auditoria General De La Ciudad De Buenos Aires,Auditoria General De La Ciudad De Buenos Aires,Auditoria General De La Ciudad De Buenos Aires,Auditoria Ciudad De Buenos Aires,Control Externo,Administración Gubernamental,Control De La Gestión,Servicios No Personales,Servicios No Personales,4257281607.0,4317281607.0,1329507282.43,5922422117.45,1823810455.64,Fiscal
2025,2,Organismos Descentralizados,Auditoria General De La Ciudad De Buenos Aires,Auditoria General De La Ciudad De Buenos Aires,Auditoria General De La Ciudad De Buenos Aires,Auditoria Ciudad De Buenos Aires,Control Externo,Administración Gubernamental,Control De La Gestión,Bienes De Uso,Maquinaria Y Equipo,277198225.0,355948225.0,9031733.12,488287731.1,12389679.63,Fiscal
2025,2,Organismos Descentralizados,Auditoria General De La Ciudad De Buenos Aires,Auditoria General De La Ciudad De Buenos Aires,Auditoria General De La Ciudad De Buenos Aires,Auditoria Ciudad De Buenos Aires,Control Externo,Administración Gubernamental,Control De La Gestión,Bienes De Uso,Activos Intangibles,328380061.0,249630061.0,10332599.99,342441084.23,14174201.33,Fiscal
2025,2,Organismos Descentralizados,Auditoria General De La Ciudad De Buenos Aires,Auditoria General De La Ciudad De Buenos Aires,Auditoria General De La Ciudad De Buenos Aires,Auditoria Ciudad De Buenos Aires,Control Externo,Administración Gubernamental,Control De La Gestión,Transferencias,Al Sector Privado,22637814.0,22637814.0,9416429.2,31054423.25,12917403.5,Fiscal
2025,2,Organismos Descentralizados,Defensoria Del Pueblo,Defensoria Del Pueblo,Defensoria Del Pueblo,Defensoria Del Pueblo,Defensa De Los Derechos,Administración Gubernamental,Control De La Gestión,Gastos En Personal,Remuneraciones Al Personal,53330102110.0,53209542363.0,21898731592.63,72992544669.56,30040554250.16,Fiscal
2025,2,Organismos Descentralizados,Defensoria Del Pueblo,Defensoria Del Pueblo,Defensoria Del Pueblo,Defensoria Del Pueblo,Defensa De Los Derechos,Administración Gubernamental,Control De La Gestión,Bienes De Consumo,Bienes De Consumo,737472121.0,736772121.0,57849874.15,1010699764.84,79358125.17,Fiscal
2025,2,Organismos Descentralizados,Defensoria Del Pueblo,Defensoria Del Pueblo,Defensoria Del Pueblo,Defensoria Del Pueblo,Defensa De Los Derechos,Administración Gubernamental,Control De La Gestión,Servicios No Personales,Servicios No Personales,9688089315.0,9685212315.0,3009269570.59,13286118638.53,4128098716.87,Fiscal
2025,2,Organismos Descentralizados,Defensoria Del Pueblo,Defensoria Del Pueblo,Defensoria Del Pueblo,Defensoria Del Pueblo,Defensa De Los Derechos,Administración Gubernamental,Control De La Gestión,Bienes De Uso,Edificios E Instalaciones,775185639.0,775185639.0,246219100.0,1063395208.25,337761947.52,Fiscal
2025,2,Organismos Descentralizados,Defensoria Del Pueblo,Defensoria Del Pueblo,Defensoria Del Pueblo,Defensoria Del Pueblo,Defensa De Los Derechos,Administración Gubernamental,Control De La Gestión,Bienes De Uso,Maquinaria Y Equipo,1270181233.0,1270181233.0,30950379.7,1742427321.7,42457553.15,Fiscal
2025,2,Organismos Descentralizados,Defensoria Del Pueblo,Defensoria Del Pueblo,Defensoria Del Pueblo,Defensoria Del Pueblo,Defensa De Los Derechos,Administración Gubernamental,Control De La Gestión,Bienes De Uso,Activos Intangibles,240039861.0,240039861.0,17702267.65,329285302.94,24283869.11,Fiscal
2025,2,Organismos Descentralizados,Defensoria Del Pueblo,Defensoria Del Pueblo,Defensoria Del Pueblo,Defensoria Del Pueblo,Defensa De Los Derechos,Administración Gubernamental,Control De La Gestión,Transferencias,Al Sector Externo,28372972.0,28372972.0,2642804.73,38921880.06,3625384.35,Fiscal
2025,2,Organismos Descentralizados,Defensoria Del Pueblo,Defensoria Del Pueblo,Defensoria Del Pueblo,Defensoria Del Pueblo,Defensa De Los Derechos,Administración Gubernamental,Control De La Gestión,Transferencias,Al Sector Privado,35387842.0,35387842.0,21735943.0,48544838.45,29817241.79,Fiscal
2025,2,Organismos Descentralizados,Defensoria Del Pueblo,Defensoria Del Pueblo,Defensoria Del Pueblo,Defensoria Del Pueblo,Registro Publico De Bases De Datos Personales-Ley 1845,Administración Gubernamental,Control De La Gestión,Gastos En Personal,Remuneraciones Al Personal,839517765.0,921009823.0,312695045.43,1263435986.5,428953267.74,Fiscal
2025,2,Organismos Descentralizados,Defensoria Del Pueblo,Defensoria Del Pueblo,Defensoria Del Pueblo,Defensoria Del Pueblo,Registro Publico De Bases De Datos Personales-Ley 1845,Administración Gubernamental,Control De La Gestión,Bienes De Consumo,Bienes De Consumo,15440232.0,16140232.0,122665.87,22141077.58,168272.34,Fiscal
2025,2,Organismos Descentralizados,Defensoria Del Pueblo,Defensoria Del Pueblo,Defensoria Del Pueblo,Defensoria Del Pueblo,Registro Publico De Bases De Datos Personales-Ley 1845,Administración Gubernamental,Control De La Gestión,Servicios No Personales,Servicios No Personales,103532751.0,106409751.0,19692913.89,145972285.39,27014626.19,Fiscal
2025,2,Organismos Descentralizados,Defensoria Del Pueblo,Defensoria Del Pueblo,Defensoria Del Pueblo,Defensoria Del Pueblo,Registro Publico De Bases De Datos Personales-Ley 1845,Administración Gubernamental,Control De La Gestión,Bienes De Uso,Maquinaria Y Equipo,68393131.0,68393131.0,246201.01,93821304.37,337737.13,Fiscal
2025,2,Organismos Descentralizados,Defensoria Del Pueblo,Defensoria Del Pueblo,Defensoria Del Pueblo,Defensoria Del Pueblo,Registro Publico De Bases De Datos Personales-Ley 1845,Administración Gubernamental,Control De La Gestión,Bienes De Uso,Activos Intangibles,14868252.0,14868252.0,267826.94,20396182.72,367403.46,Fiscal
2025,2,Organismos Descentralizados,Defensoria Del Pueblo,Defensoria Del Pueblo,Defensoria Del Pueblo,Defensoria Del Pueblo,Mecanismo Local Para La Prevencion De La Tortura - Ley 5787,Administración Gubernamental,Control De La Gestión,Gastos En Personal,Remuneraciones Al Personal,789575074.0,828642763.0,284666902.91,1136727383.99,390504422.78,Fiscal
2025,2,Organismos Descentralizados,Defensoria Del Pueblo,Defensoria Del Pueblo,Defensoria Del Pueblo,Defensoria Del Pueblo,Mecanismo Local Para La Prevencion De La Tortura - Ley 5787,Administración Gubernamental,Control De La Gestión,Bienes De Consumo,Bienes De Consumo,1138299.0,1138299.0,0.0,1561512.03,0.0,Fiscal
2025,2,Organismos Descentralizados,Defensoria Del Pueblo,Defensoria Del Pueblo,Defensoria Del Pueblo,Defensoria Del Pueblo,Mecanismo Local Para La Prevencion De La Tortura - Ley 5787,Administración Gubernamental,Control De La Gestión,Servicios No Personales,Servicios No Personales,454660842.0,454660842.0,22338676.33,623701132.27,30644067.91,Fiscal
2025,2,Organismos Descentralizados,Defensoria Del Pueblo,Defensoria Del Pueblo,Defensoria Del Pueblo,Defensoria Del Pueblo,Mecanismo Local Para La Prevencion De La Tortura - Ley 5787,Administración Gubernamental,Control De La Gestión,Bienes De Uso,Maquinaria Y Equipo,59471698.0,59471698.0,0.0,81582933.81,0.0,Fiscal
2025,2,Administracion Central,Ministerio Publico,Ministerio Publico,Ministerio Publico,Ministerio Publico,Asesoria General Tutelar,Administración Gubernamental,Judicial,Gastos En Personal,Remuneraciones Al Personal,40140946334.0,43935576334.0,21294600559.32,60270571324.67,29211810767.75,Fiscal
2025,2,Administracion Central,Ministerio Publico,Ministerio Publico,Ministerio Publico,Ministerio Publico,Asesoria General Tutelar,Administración Gubernamental,Judicial,Bienes De Consumo,Bienes De Consumo,135388583.0,135388583.0,54682812.45,185725280.72,75013568.11,Fiscal
2025,2,Administracion Central,Ministerio Publico,Ministerio Publico,Ministerio Publico,Ministerio Publico,Asesoria General Tutelar,Administración Gubernamental,Judicial,Servicios No Personales,Servicios No Personales,1848607879.0,1881903919.0,737860586.79,2581584989.67,1012192915.96,Fiscal
2025,2,Administracion Central,Ministerio Publico,Ministerio Publico,Ministerio Publico,Ministerio Publico,Asesoria General Tutelar,Administración Gubernamental,Judicial,Bienes De Uso,Maquinaria Y Equipo,302043492.0,412499248.0,103199497.49,565864099.72,141568478.06,Fiscal
2025,2,Administracion Central,Ministerio Publico,Ministerio Publico,Ministerio Publico,Ministerio Publico,Asesoria General Tutelar,Administración Gubernamental,Judicial,Bienes De Uso,Activos Intangibles,461351014.0,393003268.0,259905732.28,539119626.31,356537191.09,Fiscal
2025,2,Administracion Central,Ministerio Publico,Ministerio Publico,Ministerio Publico,Ministerio Publico,Asesoria General Tutelar,Administración Gubernamental,Judicial,Transferencias,Al Sector Privado,123379221.0,123379221.0,22628857.15,169250906.89,31042136.3,Fiscal
2025,2,Administracion Central,Ministerio Publico,Ministerio Publico,Ministerio Publico,Ministerio Publico,Ministerio Publico De La Defensa,Administración Gubernamental,Judicial,Gastos En Personal,Remuneraciones Al Personal,116471127862.0,125836451155.0,61043766133.74,172621721106.5,83739487851.97,Fiscal
2025,2,Administracion Central,Ministerio Publico,Ministerio Publico,Ministerio Publico,Ministerio Publico,Ministerio Publico De La Defensa,Administración Gubernamental,Judicial,Bienes De Consumo,Bienes De Consumo,490648531.0,401648531.0,116663654.0,550979148.45,160038530.64,Fiscal
2025,2,Administracion Central,Ministerio Publico,Ministerio Publico,Ministerio Publico,Ministerio Publico,Ministerio Publico De La Defensa,Administración Gubernamental,Judicial,Servicios No Personales,Servicios No Personales,6715625893.0,6999500198.0,3144273000.0,9601874178.54,4313295646.11,Fiscal
2025,2,Administracion Central,Ministerio Publico,Ministerio Publico,Ministerio Publico,Ministerio Publico,Ministerio Publico De La Defensa,Administración Gubernamental,Judicial,Bienes De Uso,Maquinaria Y Equipo,620763892.0,821743892.0,61386000.0,1127263552.36,84208962.3,Fiscal
2025,2,Administracion Central,Ministerio Publico,Ministerio Publico,Ministerio Publico,Ministerio Publico,Ministerio Publico De La Defensa,Administración Gubernamental,Judicial,Bienes De Uso,Activos Intangibles,2636383919.0,2568047531.0,514150000.0,3522832856.58,705308017.61,Fiscal
2025,2,Administracion Central,Ministerio Publico,Ministerio Publico,Ministerio Publico,Ministerio Publico,Ministerio Publico De La Defensa,Administración Gubernamental,Judicial,Transferencias,Al Sector Privado,132188655.0,132188655.0,110115000.0,181335637.86,151055124.69,Fiscal
2025,2,Administracion Central,Ministerio Publico,Ministerio Publico,Ministerio Publico,Ministerio Publico,Comision De Administracion Conjunta De Representantes Del Ministerio Publico,Administración Gubernamental,Judicial,Gastos En Personal,Remuneraciones Al Personal,13665371189.0,15966321036.0,5743213940.13,21902507514.12,7878507903.94,Fiscal
2025,2,Administracion Central,Ministerio Publico,Ministerio Publico,Ministerio Publico,Ministerio Publico,Comision De Administracion Conjunta De Representantes Del Ministerio Publico,Administración Gubernamental,Judicial,Bienes De Consumo,Bienes De Consumo,674247450.0,674247450.0,14383255.04,924928780.19,19730866.67,Fiscal
2025,2,Administracion Central,Ministerio Publico,Ministerio Publico,Ministerio Publico,Ministerio Publico,Comision De Administracion Conjunta De Representantes Del Ministerio Publico,Administración Gubernamental,Judicial,Servicios No Personales,Servicios No Personales,15404515742.0,15312184642.0,4260869689.82,21005166965.07,5845036573.4,Fiscal
2025,2,Administracion Central,Ministerio Publico,Ministerio Publico,Ministerio Publico,Ministerio Publico,Comision De Administracion Conjunta De Representantes Del Ministerio Publico,Administración Gubernamental,Judicial,Bienes De Uso,Maquinaria Y Equipo,112715654.0,112715654.0,0.0,154622686.91,0.0,Fiscal
2025,2,Administracion Central,Ministerio Publico,Ministerio Publico,Ministerio Publico,Ministerio Publico,Comision De Administracion Conjunta De Representantes Del Ministerio Publico,Administración Gubernamental,Judicial,Bienes De Uso,Activos Intangibles,69553969.0,69553969.0,0.0,95413735.28,0.0,Fiscal
2025,2,Administracion Central,Ministerio Publico,Ministerio Publico,Ministerio Publico,Ministerio Publico,Comision De Administracion Conjunta De Representantes Del Ministerio Publico,Administración Gubernamental,Judicial,Bienes De Uso,Construcciones Del Dominio Privado,888451931.0,1264766467.0,1051592814.42,1734999376.79,1442568984.28,Fiscal
2025,2,Administracion Central,Ministerio Publico,Ministerio Publico,Ministerio Publico,Ministerio Publico,Comision De Administracion Conjunta De Representantes Del Ministerio Publico,Administración Gubernamental,Judicial,Bienes De Uso,Bienes De Uso,254613389.0,972686250.0,0.0,1334325412.31,0.0,Fiscal
2025,2,Administracion Central,Ministerio Publico,Ministerio Publico,Ministerio Publico,Ministerio Público Fiscal,Posicionamiento Institucional Y Gestion Administrativa,Administración Gubernamental,Judicial,Gastos En Personal,Remuneraciones Al Personal,30114128267.0,42014880030.0,15666169984.05,57635771164.02,21490762024.61,Fiscal
2025,2,Administracion Central,Ministerio Publico,Ministerio Publico,Ministerio Publico,Ministerio Público Fiscal,Posicionamiento Institucional Y Gestion Administrativa,Administración Gubernamental,Judicial,Bienes De Consumo,Bienes De Consumo,302324969.0,299444969.0,52413425.32,410776888.98,71900435.88,Fiscal
2025,2,Administracion Central,Ministerio Publico,Ministerio Publico,Ministerio Publico,Ministerio Público Fiscal,Posicionamiento Institucional Y Gestion Administrativa,Administración Gubernamental,Judicial,Servicios No Personales,Servicios No Personales,4582777519.0,4361735367.0,1423334681.52,5983403530.15,1952522342.93,Fiscal
2025,2,Administracion Central,Ministerio Publico,Ministerio Publico,Ministerio Publico,Ministerio Público Fiscal,Posicionamiento Institucional Y Gestion Administrativa,Administración Gubernamental,Judicial,Bienes De Uso,Maquinaria Y Equipo,631122738.0,5187778853.0,228571198.19,7116565240.88,313552657.16,Fiscal
2025,2,Administracion Central,Ministerio Publico,Ministerio Publico,Ministerio Publico,Ministerio Público Fiscal,Posicionamiento Institucional Y Gestion Administrativa,Administración Gubernamental,Judicial,Bienes De Uso,Activos Intangibles,185491392.0,1368640592.0,141838718.86,1877493304.99,194573540.05,Fiscal
2025,2,Administracion Central,Ministerio Publico,Ministerio Publico,Ministerio Publico,Ministerio Público Fiscal,Posicionamiento Institucional Y Gestion Administrativa,Administración Gubernamental,Judicial,Transferencias,Al Sector Privado,68350983.0,68350983.0,5575000.0,93763485.99,7647752.99,Fiscal
2025,2,Administracion Central,Ministerio Publico,Ministerio Publico,Ministerio Publico,Ministerio Público Fiscal,Politica Criminal Integral Y Gestion Judicial,Administración Gubernamental,Judicial,Gastos En Personal,Remuneraciones Al Personal,105690466211.0,106290466211.0,55207797280.62,145808651198.8,75733739291.01,Fiscal
2025,2,Administracion Central,Ministerio Publico,Ministerio Publico,Ministerio Publico,Ministerio Público Fiscal,Politica Criminal Integral Y Gestion Judicial,Administración Gubernamental,Judicial,Bienes De Consumo,Bienes De Consumo,373853473.0,377853473.0,120318762.37,518337224.52,165052587.32,Fiscal
2025,2,Administracion Central,Ministerio Publico,Ministerio Publico,Ministerio Publico,Ministerio Público Fiscal,Politica Criminal Integral Y Gestion Judicial,Administración Gubernamental,Judicial,Servicios No Personales,Servicios No Personales,3426450270.0,3794677295.0,1150203436.29,5205516523.19,1577842469.11,Fiscal
2025,2,Administracion Central,Ministerio Publico,Ministerio Publico,Ministerio Publico,Ministerio Público Fiscal,Politica Criminal Integral Y Gestion Judicial,Administración Gubernamental,Judicial,Bienes De Uso,Maquinaria Y Equipo,269534493.0,577578708.0,132407390.12,792319155.02,181635697.45,Fiscal
2025,2,Administracion Central,Ministerio Publico,Ministerio Publico,Ministerio Publico,Ministerio Público Fiscal,Politica Criminal Integral Y Gestion Judicial,Administración Gubernamental,Judicial,Bienes De Uso,Activos Intangibles,637688425.0,817288425.0,330437062.35,1121151568.32,453291664.67,Fiscal
2025,2,Administracion Central,Ministerio Publico,Ministerio Publico,Ministerio Publico,Ministerio Público Fiscal,Investigacion Y Relaciones Con La Fuerza De Seguridad,Administración Gubernamental,Judicial,Gastos En Personal,Remuneraciones Al Personal,14912678688.0,14912678688.0,7662649369.38,20457126991.45,10511578403.85,Fiscal
2025,2,Administracion Central,Ministerio Publico,Ministerio Publico,Ministerio Publico,Ministerio Público Fiscal,Investigacion Y Relaciones Con La Fuerza De Seguridad,Administración Gubernamental,Judicial,Bienes De Consumo,Bienes De Consumo,171388699.0,168588699.0,6580819.04,231269009.2,9027529.77,Fiscal
2025,2,Administracion Central,Ministerio Publico,Ministerio Publico,Ministerio Publico,Ministerio Público Fiscal,Investigacion Y Relaciones Con La Fuerza De Seguridad,Administración Gubernamental,Judicial,Servicios No Personales,Servicios No Personales,1472803021.0,1571730011.0,564088532.1,2156090203.78,773813409.18,Fiscal
2025,2,Administracion Central,Ministerio Publico,Ministerio Publico,Ministerio Publico,Ministerio Público Fiscal,Investigacion Y Relaciones Con La Fuerza De Seguridad,Administración Gubernamental,Judicial,Bienes De Uso,Maquinaria Y Equipo,181662076.0,118125153.0,13269972.41,162043406.58,18203671.95,Fiscal
2025,2,Administracion Central,Ministerio Publico,Ministerio Publico,Ministerio Publico,Ministerio Público Fiscal,Investigacion Y Relaciones Con La Fuerza De Seguridad,Administración Gubernamental,Judicial,Bienes De Uso,Activos Intangibles,382716350.0,352716350.0,105725024.5,483854263.53,145032981.51,Fiscal
2025,2,Administracion Central,Ministerio Publico,Ministerio Publico,Ministerio Publico,Ministerio Público Fiscal,Acceso A La Justicia Y Proteccion Integral A La Victima,Administración Gubernamental,Judicial,Gastos En Personal,Remuneraciones Al Personal,15514659117.0,15594659117.0,7610265470.91,21392663827.83,10439718472.73,Fiscal
2025,2,Administracion Central,Ministerio Publico,Ministerio Publico,Ministerio Publico,Ministerio Público Fiscal,Acceso A La Justicia Y Proteccion Integral A La Victima,Administración Gubernamental,Judicial,Bienes De Consumo,Bienes De Consumo,45432013.0,47112013.0,11813746.39,64627988.9,16206029.46,Fiscal
2025,2,Administracion Central,Ministerio Publico,Ministerio Publico,Ministerio Publico,Ministerio Público Fiscal,Acceso A La Justicia Y Proteccion Integral A La Victima,Administración Gubernamental,Judicial,Servicios No Personales,Servicios No Personales,2198402417.0,2153971850.0,557637945.16,2954806215.12,764964531.06,Fiscal
2025,2,Administracion Central,Ministerio Publico,Ministerio Publico,Ministerio Publico,Ministerio Público Fiscal,Acceso A La Justicia Y Proteccion Integral A La Victima,Administración Gubernamental,Judicial,Bienes De Uso,Maquinaria Y Equipo,39408353.0,69619746.0,15165682.76,95503967.79,20804196.52,Fiscal
2025,2,Administracion Central,Ministerio Publico,Ministerio Publico,Ministerio Publico,Ministerio Público Fiscal,Acceso A La Justicia Y Proteccion Integral A La Victima,Administración Gubernamental,Judicial,Bienes De Uso,Activos Intangibles,1016840230.0,719540230.0,39455171.62,987061155.71,54124377.87,Fiscal
2025,2,Administracion Central,Ministerio Publico,Ministerio Publico,Ministerio Publico,Ministerio Público Fiscal,Acceso A La Justicia Y Proteccion Integral A La Victima,Administración Gubernamental,Judicial,Transferencias,Al Sector Privado,91924750.0,91924750.0,10398575.67,126101844.19,14264706.39,Fiscal
2025,2,Administracion Central,Tribunal Superior De Justicia,Tribunal Superior De Justicia,Tribunal Superior De Justicia,Tribunal Superior,Actividades Centrales,Administración Gubernamental,Judicial,Gastos En Personal,Remuneraciones Al Personal,7578045795.0,7578045795.0,2547797818.7,10395519706.33,3495054417.53,Fiscal
2025,2,Administracion Central,Tribunal Superior De Justicia,Tribunal Superior De Justicia,Tribunal Superior De Justicia,Tribunal Superior,Actividades Centrales,Administración Gubernamental,Judicial,Bienes De Consumo,Bienes De Consumo,150170879.0,150170879.0,36209997.11,206003549.49,49672666.11,Fiscal
2025,2,Administracion Central,Tribunal Superior De Justicia,Tribunal Superior De Justicia,Tribunal Superior De Justicia,Tribunal Superior,Actividades Centrales,Administración Gubernamental,Judicial,Servicios No Personales,Servicios No Personales,1592229739.0,1738665837.0,340967432.39,2385091811.29,467737165.82,Fiscal
2025,2,Administracion Central,Tribunal Superior De Justicia,Tribunal Superior De Justicia,Tribunal Superior De Justicia,Tribunal Superior,Actividades Centrales,Administración Gubernamental,Judicial,Bienes De Uso,Maquinaria Y Equipo,835738395.0,805738395.0,139486908.67,1105307303.49,191347340.34,Fiscal
2025,2,Administracion Central,Tribunal Superior De Justicia,Tribunal Superior De Justicia,Tribunal Superior De Justicia,Tribunal Superior,Actividades Centrales,Administración Gubernamental,Judicial,Transferencias,Al Sector Privado,35346134.0,35346134.0,4290139.9,48487623.65,5885189.28,Fiscal
2025,2,Administracion Central,Tribunal Superior De Justicia,Tribunal Superior De Justicia,Tribunal Superior De Justicia,Tribunal Superior,Actividades Centrales,Administración Gubernamental,Judicial,Activos Financieros,Concesión De Préstamo De Corto Plazo,496530000.0,296530000.0,39463164.0,406778151.24,54135341.77,Fiscal
2025,2,Administracion Central,Tribunal Superior De Justicia,Tribunal Superior De Justicia,Tribunal Superior De Justicia,Tribunal Superior,Actividades Centrales,Administración Gubernamental,Control De La Gestión,Gastos En Personal,Remuneraciones Al Personal,426527038.0,426527038.0,124209319.46,585107341.49,170389631.19,Fiscal
2025,2,Administracion Central,Tribunal Superior De Justicia,Tribunal Superior De Justicia,Tribunal Superior De Justicia,Tribunal Superior,Actividades Centrales,Administración Gubernamental,Control De La Gestión,Bienes De Consumo,Bienes De Consumo,1626076.0,1626076.0,0.0,2230641.72,0.0,Fiscal
2025,2,Administracion Central,Tribunal Superior De Justicia,Tribunal Superior De Justicia,Tribunal Superior De Justicia,Tribunal Superior,Actividades Centrales,Administración Gubernamental,Control De La Gestión,Servicios No Personales,Servicios No Personales,3000894.0,3000894.0,101770.85,4116609.16,139608.67,Fiscal
2025,2,Administracion Central,Tribunal Superior De Justicia,Tribunal Superior De Justicia,Tribunal Superior De Justicia,Tribunal Superior,Actividades Centrales,Administración Gubernamental,Judicial,Bienes De Uso,Activos Intangibles,56160000.0,106160000.0,0.0,145629678.4,0.0,Fiscal
2025,2,Administracion Central,Tribunal Superior De Justicia,Tribunal Superior De Justicia,Tribunal Superior De Justicia,Tribunal Superior,Actividades Centrales,Administración Gubernamental,Judicial,Bienes De Uso,Construcciones Del Dominio Privado,2000000.0,2000000.0,0.0,2743588.52,0.0,Fiscal
2025,2,Administracion Central,Tribunal Superior De Justicia,Tribunal Superior De Justicia,Tribunal Superior De Justicia,Tribunal Superior,Tutela Judicial,Administración Gubernamental,Judicial,Gastos En Personal,Remuneraciones Al Personal,22169362704.0,22169362704.0,8036263593.04,30411804454.7,11024100250.47,Fiscal
2025,2,Administracion Central,Tribunal Superior De Justicia,Tribunal Superior De Justicia,Tribunal Superior De Justicia,Tribunal Superior,Tutela Judicial,Administración Gubernamental,Judicial,Bienes De Consumo,Bienes De Consumo,56908140.0,56908140.0,8873252.89,78066259.67,12172277.36,Fiscal
2025,2,Administracion Central,Tribunal Superior De Justicia,Tribunal Superior De Justicia,Tribunal Superior De Justicia,Tribunal Superior,Tutela Judicial,Administración Gubernamental,Judicial,Servicios No Personales,Servicios No Personales,704429441.0,704429441.0,169967595.64,966332262.13,233160571.7,Fiscal
2025,2,Administracion Central,Tribunal Superior De Justicia,Tribunal Superior De Justicia,Tribunal Superior De Justicia,Tribunal Superior,Tutela Judicial,Administración Gubernamental,Judicial,Bienes De Uso,Maquinaria Y Equipo,153527052.0,159962141.0,16136650.76,219435146.48,22136164.85,Fiscal
2025,2,Administracion Central,Tribunal Superior De Justicia,Tribunal Superior De Justicia,Tribunal Superior De Justicia,Tribunal Superior,Tutela Judicial,Administración Gubernamental,Judicial,Bienes De Uso,Activos Intangibles,20000000.0,0.0,0.0,0.0,0.0,Fiscal
2025,2,Administracion Central,Tribunal Superior De Justicia,Tribunal Superior De Justicia,Tribunal Superior De Justicia,Tribunal Superior,Tutela Judicial,Administración Gubernamental,Judicial,Servicios No Personales,Derechos Sobre Bienes Intangibles,0.0,0.0,0.0,0.0,0.0,Fiscal
2025,2,Administracion Central,Tribunal Superior De Justicia,Tribunal Superior De Justicia,Tribunal Superior De Justicia,Tribunal Superior,Tutela Judicial,Administración Gubernamental,Judicial,Servicios No Personales,Impuestos Indirectos,750223.0,750223.0,44550.0,1029151.6,61113.43,Fiscal
2025,2,Administracion Central,Tribunal Superior De Justicia,Tribunal Superior De Justicia,Tribunal Superior De Justicia,Tribunal Superior,Tutela Judicial,Administración Gubernamental,Judicial,Servicios No Personales,Impuestos Directos,750223.0,750223.0,0.0,1029151.6,0.0,Fiscal
2025,2,Administracion Central,Tribunal Superior De Justicia,Tribunal Superior De Justicia,Tribunal Superior De Justicia,Tribunal Superior,Tutela Judicial,Administración Gubernamental,Judicial,Transferencias,Al Sector Privado,38986786.0,38986786.0,14561159.79,53481849.16,19974915.39,Fiscal
2025,2,Administracion Central,Tribunal Superior De Justicia,Tribunal Superior De Justicia,Tribunal Superior De Justicia,Tribunal Superior,Centro De Formacion Judicial,Administración Gubernamental,Judicial,Gastos En Personal,Remuneraciones Al Personal,2057643803.0,2057643803.0,803502868.58,2822663953.39,1102240621.18,Fiscal
2025,2,Administracion Central,Tribunal Superior De Justicia,Tribunal Superior De Justicia,Tribunal Superior De Justicia,Tribunal Superior,Centro De Formacion Judicial,Administración Gubernamental,Judicial,Bienes De Consumo,Bienes De Consumo,4718787.0,4718787.0,1981191.49,6473204.91,2717787.11,Fiscal
2025,2,Administracion Central,Tribunal Superior De Justicia,Tribunal Superior De Justicia,Tribunal Superior De Justicia,Tribunal Superior,Centro De Formacion Judicial,Administración Gubernamental,Judicial,Servicios No Personales,Servicios No Personales,195418081.0,255418081.0,54773631.5,350381056.83,75138153.17,Fiscal
2025,2,Administracion Central,Tribunal Superior De Justicia,Tribunal Superior De Justicia,Tribunal Superior De Justicia,Tribunal Superior,Centro De Formacion Judicial,Administración Gubernamental,Judicial,Bienes De Uso,Maquinaria Y Equipo,29351246.0,29351246.0,2643649.88,40263870.72,3626543.72,Fiscal
2025,2,Administracion Central,Tribunal Superior De Justicia,Tribunal Superior De Justicia,Tribunal Superior De Justicia,Tribunal Superior,Centro De Formacion Judicial,Administración Gubernamental,Judicial,Bienes De Uso,Activos Intangibles,10548294.0,10548294.0,0.0,14470089.14,0.0,Fiscal
2025,2,Administracion Central,Tribunal Superior De Justicia,Tribunal Superior De Justicia,Tribunal Superior De Justicia,Tribunal Superior,Centro De Formacion Judicial,Administración Gubernamental,Judicial,Transferencias,Al Sector Privado,73032098.0,73032098.0,52471331.1,100185012.67,71979870.7,Fiscal
2025,2,Administracion Central,Tribunal Superior De Justicia,Tribunal Superior De Justicia,Tribunal Superior De Justicia,Tribunal Superior,Oficina De Innovacion Y Gestion Judicial,Administración Gubernamental,Judicial,Gastos En Personal,Remuneraciones Al Personal,286705374.0,286705374.0,65315691.65,393300785.71,89599690.74,Fiscal
2025,2,Administracion Central,Tribunal Superior De Justicia,Tribunal Superior De Justicia,Tribunal Superior De Justicia,Tribunal Superior,Oficina De Innovacion Y Gestion Judicial,Administración Gubernamental,Judicial,Bienes De Consumo,Bienes De Consumo,1259086.0,1259086.0,880009.29,1727206.94,1207191.69,Fiscal
2025,2,Administracion Central,Tribunal Superior De Justicia,Tribunal Superior De Justicia,Tribunal Superior De Justicia,Tribunal Superior,Oficina De Innovacion Y Gestion Judicial,Administración Gubernamental,Judicial,Servicios No Personales,Servicios No Personales,46869751.0,46869751.0,2315030.0,64295655.28,3175744.86,Fiscal
2025,2,Administracion Central,Tribunal Superior De Justicia,Tribunal Superior De Justicia,Tribunal Superior De Justicia,Tribunal Superior,Oficina De Genero,Administración Gubernamental,Judicial,Gastos En Personal,Remuneraciones Al Personal,190039940.0,190039940.0,93507554.04,260695698.43,128273125.69,Fiscal
2025,2,Administracion Central,Tribunal Superior De Justicia,Tribunal Superior De Justicia,Tribunal Superior De Justicia,Tribunal Superior,Oficina De Genero,Administración Gubernamental,Judicial,Bienes De Consumo,Bienes De Consumo,10401476.0,10401476.0,48963.0,14268685.05,67167.16,Fiscal
2025,2,Administracion Central,Tribunal Superior De Justicia,Tribunal Superior De Justicia,Tribunal Superior De Justicia,Tribunal Superior,Oficina De Genero,Administración Gubernamental,Judicial,Servicios No Personales,Servicios No Personales,85634378.0,85634378.0,2230850.0,117472748.0,3060267.22,Fiscal
2025,2,Administracion Central,Consejo De La Magistratura,Consejo De La Magistratura,Consejo De La Magistratura,Consejo De La Magistratura,Actividades Especificas Del Consejo De La Magistratura,Administración Gubernamental,Judicial,Gastos En Personal,Remuneraciones Al Personal,47809090183.0,79150010417.0,19769035883.0,108577529788.65,27119049904.99,Fiscal
2025,2,Administracion Central,Consejo De La Magistratura,Consejo De La Magistratura,Consejo De La Magistratura,Consejo De La Magistratura,Actividades Especificas Del Consejo De La Magistratura,Administración Gubernamental,Judicial,Bienes De Consumo,Bienes De Consumo,189292013.0,189292013.0,23075512.0,259669696.47,31654854.86,Fiscal
2025,2,Administracion Central,Consejo De La Magistratura,Consejo De La Magistratura,Consejo De La Magistratura,Consejo De La Magistratura,Actividades Especificas Del Consejo De La Magistratura,Administración Gubernamental,Judicial,Servicios No Personales,Servicios No Personales,3709041026.0,3839041026.0,786938339.0,5266374434.62,1079517494.62,Fiscal
2025,2,Administracion Central,Consejo De La Magistratura,Consejo De La Magistratura,Consejo De La Magistratura,Consejo De La Magistratura,Actividades Especificas Del Consejo De La Magistratura,Administración Gubernamental,Judicial,Bienes De Uso,Maquinaria Y Equipo,51293511.0,36393511.0,0.0,49924409.41,0.0,Fiscal
2025,2,Administracion Central,Consejo De La Magistratura,Consejo De La Magistratura,Consejo De La Magistratura,Consejo De La Magistratura,Actividades Especificas Del Consejo De La Magistratura,Administración Gubernamental,Judicial,Bienes De Uso,Activos Intangibles,10853012.0,25753012.0,0.0,35327833.98,0.0,Fiscal
2025,2,Administracion Central,Consejo De La Magistratura,Consejo De La Magistratura,Consejo De La Magistratura,Consejo De La Magistratura,Actividades Especificas Del Consejo De La Magistratura,Administración Gubernamental,Judicial,Transferencias,Al Sector Privado,458332057.0,373691209.0,0.0,512627454.67,0.0,Fiscal
2025,2,Administracion Central,Consejo De La Magistratura,Consejo De La Magistratura,Consejo De La Magistratura,Consejo De La Magistratura,Actividades Especificas Del Consejo De La Magistratura,Administración Gubernamental,Judicial,Bienes De Uso,Construcciones Del Dominio Privado,5803402978.0,6010319192.0,392790967.0,8244921354.66,538828393.02,Fiscal
2025,2,Administracion Central,Consejo De La Magistratura,Consejo De La Magistratura,Consejo De La Magistratura,Consejo De La Magistratura,"Justicia Contenciosa, Administrativa, Tributaria Y De Relaciones Del Consumo",Administración Gubernamental,Judicial,Gastos En Personal,Remuneraciones Al Personal,75549135295.0,75549135295.0,31738216240.0,103637869973.52,43538302788.36,Fiscal
2025,2,Administracion Central,Consejo De La Magistratura,Consejo De La Magistratura,Consejo De La Magistratura,Consejo De La Magistratura,"Justicia Contenciosa, Administrativa, Tributaria Y De Relaciones Del Consumo",Administración Gubernamental,Judicial,Bienes De Consumo,Bienes De Consumo,229398370.0,229398370.0,30494197.0,314687366.7,41831764.34,Fiscal
2025,2,Administracion Central,Consejo De La Magistratura,Consejo De La Magistratura,Consejo De La Magistratura,Consejo De La Magistratura,"Justicia Contenciosa, Administrativa, Tributaria Y De Relaciones Del Consumo",Administración Gubernamental,Judicial,Servicios No Personales,Servicios No Personales,232182858.0,162182858.0,25278040.0,222481513.31,34676270.12,Fiscal
2025,2,Administracion Central,Consejo De La Magistratura,Consejo De La Magistratura,Consejo De La Magistratura,Consejo De La Magistratura,"Justicia Contenciosa, Administrativa, Tributaria Y De Relaciones Del Consumo",Administración Gubernamental,Judicial,Transferencias,Al Sector Privado,9038.0,9038.0,0.0,12398.28,0.0,Fiscal
2025,2,Administracion Central,Consejo De La Magistratura,Consejo De La Magistratura,Consejo De La Magistratura,Consejo De La Magistratura,"Justicia Penal, Contravencional Y De Faltas Y Penal Juvenil",Administración Gubernamental,Judicial,Gastos En Personal,Remuneraciones Al Personal,68461617346.0,68461617346.0,28227566154.0,93915253549.58,38722413159.51,Fiscal
2025,2,Administracion Central,Consejo De La Magistratura,Consejo De La Magistratura,Consejo De La Magistratura,Consejo De La Magistratura,"Justicia Penal, Contravencional Y De Faltas Y Penal Juvenil",Administración Gubernamental,Judicial,Bienes De Consumo,Bienes De Consumo,181454756.0,182454756.0,20495627.0,250290386.57,28115783.43,Fiscal
2025,2,Administracion Central,Consejo De La Magistratura,Consejo De La Magistratura,Consejo De La Magistratura,Consejo De La Magistratura,"Justicia Penal, Contravencional Y De Faltas Y Penal Juvenil",Administración Gubernamental,Judicial,Servicios No Personales,Servicios No Personales,217915367.0,157915367.0,27472172.0,216627393.66,37686167.8,Fiscal
2025,2,Administracion Central,Consejo De La Magistratura,Consejo De La Magistratura,Consejo De La Magistratura,Consejo De La Magistratura,"Justicia Penal, Contravencional Y De Faltas Y Penal Juvenil",Administración Gubernamental,Judicial,Transferencias,Al Sector Privado,551340.0,551340.0,0.0,756325.05,0.0,Fiscal
2025,2,Administracion Central,Consejo De La Magistratura,Consejo De La Magistratura,Consejo De La Magistratura,Consejo De La Magistratura,Actividades Operativas Y Comunes Del Poder Judicial,Administración Gubernamental,Judicial,Gastos En Personal,Remuneraciones Al Personal,66946254549.0,66946254549.0,28389249109.0,91836487566.29,38944208908.76,Fiscal
2025,2,Administracion Central,Consejo De La Magistratura,Consejo De La Magistratura,Consejo De La Magistratura,Consejo De La Magistratura,Actividades Operativas Y Comunes Del Poder Judicial,Administración Gubernamental,Judicial,Bienes De Consumo,Bienes De Consumo,2365908615.0,2364908615.0,109360977.0,3244168058.09,150020760.27,Fiscal
2025,2,Administracion Central,Consejo De La Magistratura,Consejo De La Magistratura,Consejo De La Magistratura,Consejo De La Magistratura,Actividades Operativas Y Comunes Del Poder Judicial,Administración Gubernamental,Judicial,Servicios No Personales,Servicios No Personales,64926574712.0,69017801962.0,16292153993.0,94678224412.04,22349483293.51,Fiscal
2025,2,Administracion Central,Consejo De La Magistratura,Consejo De La Magistratura,Consejo De La Magistratura,Consejo De La Magistratura,Actividades Operativas Y Comunes Del Poder Judicial,Administración Gubernamental,Judicial,Bienes De Uso,Maquinaria Y Equipo,10332001326.0,10331309326.0,1778311211.0,14172430808.15,2439477107.69,Fiscal
2025,2,Administracion Central,Consejo De La Magistratura,Consejo De La Magistratura,Consejo De La Magistratura,Consejo De La Magistratura,Actividades Operativas Y Comunes Del Poder Judicial,Administración Gubernamental,Judicial,Bienes De Uso,Activos Intangibles,14338131957.0,14788217501.0,2489146728.0,20286391849.81,3414597188.1,Fiscal
2025,2,Administracion Central,Consejo De La Magistratura,Consejo De La Magistratura,Consejo De La Magistratura,Consejo De La Magistratura,Actividades Operativas Y Comunes Del Poder Judicial,Administración Gubernamental,Judicial,Transferencias,Al Sector Privado,389716.0,38262716.0,0.0,52488574.09,0.0,Fiscal
2025,2,Administracion Central,Consejo De La Magistratura,Consejo De La Magistratura,Consejo De La Magistratura,Consejo De La Magistratura,Actividades Operativas Y Comunes Del Poder Judicial,Administración Gubernamental,Judicial,Transferencias,Al Sector Externo,0.0,46767848.0,0.0,64155865.33,0.0,Fiscal
2025,2,Administracion Central,Consejo De La Magistratura,Consejo De La Magistratura,Consejo De La Magistratura,Consejo De La Magistratura,Centro De Justicia De La Mujer,Administración Gubernamental,Judicial,Gastos En Personal,Remuneraciones Al Personal,4747722029.0,4747722029.0,2090534385.0,6512897816.64,2867783064.91,Fiscal
2025,2,Administracion Central,Consejo De La Magistratura,Consejo De La Magistratura,Consejo De La Magistratura,Consejo De La Magistratura,Centro De Justicia De La Mujer,Administración Gubernamental,Judicial,Bienes De Consumo,Bienes De Consumo,15479553.0,15479553.0,2119962.0,21234761.92,2908151.7,Fiscal
2025,2,Administracion Central,Consejo De La Magistratura,Consejo De La Magistratura,Consejo De La Magistratura,Consejo De La Magistratura,Centro De Justicia De La Mujer,Administración Gubernamental,Judicial,Servicios No Personales,Servicios No Personales,460420496.0,460420496.0,86917193.0,631602192.55,119232506.25,Fiscal
2025,2,Administracion Central,Consejo De La Magistratura,Consejo De La Magistratura,Consejo De La Magistratura,Consejo De La Magistratura,Centro De Justicia De La Mujer,Administración Gubernamental,Judicial,Bienes De Uso,Maquinaria Y Equipo,373492133.0,373492133.0,0.0,512354363.35,0.0,Fiscal
2025,2,Administracion Central,Consejo De La Magistratura,Consejo De La Magistratura,Consejo De La Magistratura,Consejo De La Magistratura,Centro De Justicia De La Mujer,Administración Gubernamental,Judicial,Transferencias,Al Sector Privado,504340.0,504340.0,0.0,691850.72,0.0,Fiscal
2025,2,Administracion Central,Consejo De La Magistratura,Consejo De La Magistratura,Consejo De La Magistratura,Consejo De La Magistratura,Centro De Justicia De La Mujer,Administración Gubernamental,Judicial,Bienes De Uso,Construcciones Del Dominio Privado,0.0,576056023.0,257112674.0,790230344.48,352705689.78,Fiscal
2025,2,Administracion Central,Consejo De La Magistratura,Consejo De La Magistratura,Consejo De La Magistratura,Consejo De La Magistratura,Justicia Electoral,Administración Gubernamental,Judicial,Gastos En Personal,Remuneraciones Al Personal,2514159660.0,2514159660.0,1066100783.0,3448909784.58,1462470932.27,Fiscal
2025,2,Administracion Central,Consejo De La Magistratura,Consejo De La Magistratura,Consejo De La Magistratura,Consejo De La Magistratura,Justicia Electoral,Administración Gubernamental,Judicial,Bienes De Consumo,Bienes De Consumo,29264817.0,29264817.0,2335824.0,40145307.91,3204269.95,Fiscal
2025,2,Administracion Central,Consejo De La Magistratura,Consejo De La Magistratura,Consejo De La Magistratura,Consejo De La Magistratura,Justicia Electoral,Administración Gubernamental,Judicial,Servicios No Personales,Servicios No Personales,794140015.0,444140015.0,1014482.0,609268722.2,1391660.58,Fiscal
2025,2,Administracion Central,Consejo De La Magistratura,Consejo De La Magistratura,Consejo De La Magistratura,Consejo De La Magistratura,Justicia Electoral,Administración Gubernamental,Judicial,Bienes De Uso,Maquinaria Y Equipo,160738133.0,692000.0,692000.0,949281.63,949281.63,Fiscal
2025,2,Administracion Central,Consejo De La Magistratura,Consejo De La Magistratura,Consejo De La Magistratura,Consejo De La Magistratura,Justicia Electoral,Administración Gubernamental,Judicial,Bienes De Uso,Activos Intangibles,559227863.0,874000000.0,0.0,1198948181.25,0.0,Fiscal
2025,2,Administracion Central,Consejo De La Magistratura,Consejo De La Magistratura,Consejo De La Magistratura,Consejo De La Magistratura,Justicia Electoral,Administración Gubernamental,Judicial,Transferencias,Al Sector Privado,8583639.0,358583639.0,0.0,491902976.89,0.0,Fiscal
2025,2,Administracion Central,Consejo De La Magistratura,Consejo De La Magistratura,Consejo De La Magistratura,Consejo De La Magistratura,Justicia Laboral,Administración Gubernamental,Judicial,Gastos En Personal,Remuneraciones Al Personal,8002294389.0,8002294389.0,0.0,10977501491.43,0.0,Fiscal
2025,2,Administracion Central,Consejo De La Magistratura,Consejo De La Magistratura,Consejo De La Magistratura,Consejo De La Magistratura,Justicia Civil,Administración Gubernamental,Judicial,Gastos En Personal,Remuneraciones Al Personal,2325704455.0,2325704455.0,0.0,3190388016.53,0.0,Fiscal
2025,2,Organismos Descentralizados,Sindicatura General De La Ciudad De Buenos Aires,Sindicatura General De La Ciudad De Buenos Aires,Sindicatura General De La Ciudad De Buenos Aires,Sindicatura General De La Ciudad De Buenos Aires,Control Interno Del Gobierno Central Y Organismos Descentralizados,Administración Gubernamental,Control De La Gestión,Gastos En Personal,Remuneraciones Al Personal,5899158262.0,5899158262.0,2657901533.54,8092431429.2,3646094061.3,Fiscal
2025,2,Organismos Descentralizados,Sindicatura General De La Ciudad De Buenos Aires,Sindicatura General De La Ciudad De Buenos Aires,Sindicatura General De La Ciudad De Buenos Aires,Sindicatura General De La Ciudad De Buenos Aires,Control Interno Del Gobierno Central Y Organismos Descentralizados,Administración Gubernamental,Control De La Gestión,Bienes De Consumo,Bienes De Consumo,49431584.0,49707433.0,10463573.27,68188371.16,14353869.73,Fiscal
2025,2,Organismos Descentralizados,Sindicatura General De La Ciudad De Buenos Aires,Sindicatura General De La Ciudad De Buenos Aires,Sindicatura General De La Ciudad De Buenos Aires,Sindicatura General De La Ciudad De Buenos Aires,Control Interno Del Gobierno Central Y Organismos Descentralizados,Administración Gubernamental,Control De La Gestión,Servicios No Personales,Servicios No Personales,978423749.0,962499869.0,380928408.94,1320351793.35,522555403.99,Fiscal
2025,2,Organismos Descentralizados,Sindicatura General De La Ciudad De Buenos Aires,Sindicatura General De La Ciudad De Buenos Aires,Sindicatura General De La Ciudad De Buenos Aires,Sindicatura General De La Ciudad De Buenos Aires,Control Interno Del Gobierno Central Y Organismos Descentralizados,Administración Gubernamental,Control De La Gestión,Bienes De Uso,Maquinaria Y Equipo,38221931.0,38221931.0,22073173.05,52432625.46,30279852.04,Fiscal
2025,2,Administracion Central,Procuracion General De La Ciudad,Procuracion General De La Ciudad,Procuracion General De La Ciudad,Procuracion General De La Ciudad,Actividades Centrales,Administración Gubernamental,Dirección Ejecutiva,Gastos En Personal,Remuneraciones Al Personal,12143198402.0,12172519708.0,5589330798.46,16698192637.44,7667411893.83,Fiscal
2025,2,Administracion Central,Procuracion General De La Ciudad,Procuracion General De La Ciudad,Procuracion General De La Ciudad,Procuracion General De La Ciudad,Actividades Centrales,Administración Gubernamental,Dirección Ejecutiva,Bienes De Consumo,Bienes De Consumo,278286202.0,201842096.0,82106664.85,276885828.26,112633451.36,Fiscal
2025,2,Administracion Central,Procuracion General De La Ciudad,Procuracion General De La Ciudad,Procuracion General De La Ciudad,Procuracion General De La Ciudad,Actividades Centrales,Administración Gubernamental,Dirección Ejecutiva,Servicios No Personales,Servicios No Personales,2858849641.0,2544300575.0,717753400.3,3490256918.7,984609992.99,Fiscal
2025,2,Administracion Central,Procuracion General De La Ciudad,Procuracion General De La Ciudad,Procuracion General De La Ciudad,Procuracion General De La Ciudad,Actividades Centrales,Administración Gubernamental,Dirección Ejecutiva,Bienes De Uso,Maquinaria Y Equipo,38710226.0,128710226.0,88197748.96,176563948.94,120989165.57,Fiscal
2025,2,Administracion Central,Procuracion General De La Ciudad,Procuracion General De La Ciudad,Procuracion General De La Ciudad,Procuracion General De La Ciudad,Actividades Centrales,Administración Gubernamental,Control De La Gestión,Gastos En Personal,Remuneraciones Al Personal,522810612.0,525331014.0,239051444.05,720646068.41,327929398.25,Fiscal
2025,2,Administracion Central,Procuracion General De La Ciudad,Procuracion General De La Ciudad,Procuracion General De La Ciudad,Procuracion General De La Ciudad,Actividades Centrales,Administración Gubernamental,Control De La Gestión,Bienes De Consumo,Bienes De Consumo,314168.0,314168.0,241475.25,430973.86,331254.36,Fiscal
2025,2,Administracion Central,Procuracion General De La Ciudad,Procuracion General De La Ciudad,Procuracion General De La Ciudad,Procuracion General De La Ciudad,Actividades Centrales,Administración Gubernamental,Control De La Gestión,Servicios No Personales,Servicios No Personales,23266660.0,25728238.0,9749676.0,35293849.15,13374549.55,Fiscal
2025,2,Administracion Central,Procuracion General De La Ciudad,Procuracion General De La Ciudad,Procuracion General De La Ciudad,Procuracion General De La Ciudad,Actividades Centrales,Administración Gubernamental,Dirección Ejecutiva,Servicios No Personales,Servicios No Personales,0.0,50946414.0,6983115.79,69887998.18,9579398.14,Fiscal
2025,2,Administracion Central,Procuracion General De La Ciudad,Procuracion General De La Ciudad,Procuracion General De La Ciudad,Procuracion General De La Ciudad,Dictamenes,Administración Gubernamental,Dirección Ejecutiva,Gastos En Personal,Remuneraciones Al Personal,7226393633.0,7226393633.0,3150915186.11,9913125289.79,4322407358.87,Fiscal
2025,2,Administracion Central,Procuracion General De La Ciudad,Procuracion General De La Ciudad,Procuracion General De La Ciudad,Procuracion General De La Ciudad,Dictamenes,Administración Gubernamental,Dirección Ejecutiva,Bienes De Consumo,Bienes De Consumo,628336.0,628336.0,0.0,861947.72,0.0,Fiscal
2025,2,Administracion Central,Procuracion General De La Ciudad,Procuracion General De La Ciudad,Procuracion General De La Ciudad,Procuracion General De La Ciudad,Dictamenes,Administración Gubernamental,Dirección Ejecutiva,Servicios No Personales,Servicios No Personales,20896682.0,23051912.0,10909854.0,31622480.51,14966075.07,Fiscal
2025,2,Administracion Central,Procuracion General De La Ciudad,Procuracion General De La Ciudad,Procuracion General De La Ciudad,Procuracion General De La Ciudad,Asuntos Judiciales,Administración Gubernamental,Dirección Ejecutiva,Gastos En Personal,Remuneraciones Al Personal,15593624337.0,15253811732.0,7028663775.38,20925091342.32,9641880606.52,Fiscal
2025,2,Administracion Central,Procuracion General De La Ciudad,Procuracion General De La Ciudad,Procuracion General De La Ciudad,Procuracion General De La Ciudad,Asuntos Judiciales,Administración Gubernamental,Dirección Ejecutiva,Bienes De Consumo,Bienes De Consumo,942504.0,942504.0,275145.0,1292921.58,377442.33,Fiscal
2025,2,Administracion Central,Procuracion General De La Ciudad,Procuracion General De La Ciudad,Procuracion General De La Ciudad,Procuracion General De La Ciudad,Asuntos Judiciales,Administración Gubernamental,Dirección Ejecutiva,Servicios No Personales,Servicios No Personales,89716729.0,120809878.0,51606478.35,165726296.92,70793470.66,Fiscal
2025,2,Administracion Central,Procuracion General De La Ciudad,Procuracion General De La Ciudad,Procuracion General De La Ciudad,Procuracion General De La Ciudad,Procuracion Inteligente,Administración Gubernamental,Dirección Ejecutiva,Gastos En Personal,Remuneraciones Al Personal,0.0,56853314.0,56853310.4,77991049.68,77991044.74,Fiscal
2025,2,Administracion Central,Procuracion General De La Ciudad,Procuracion General De La Ciudad,Procuracion General De La Ciudad,Procuracion General De La Ciudad,Procuracion Inteligente,Administración Gubernamental,Dirección Ejecutiva,Servicios No Personales,Servicios No Personales,2094456.0,72094456.0,61343788.4,98898760.75,84151056.67,Fiscal
2025,2,Administracion Central,Procuracion General De La Ciudad,Procuracion General De La Ciudad,Procuracion General De La Ciudad,Procuracion General De La Ciudad,Desarrollo Academico,Administración Gubernamental,Dirección Ejecutiva,Gastos En Personal,Remuneraciones Al Personal,0.0,275634822.0,275634819.13,378114266.05,378114262.11,Fiscal
2025,2,Administracion Central,Procuracion General De La Ciudad,Procuracion General De La Ciudad,Procuracion General De La Ciudad,Procuracion General De La Ciudad,Desarrollo Academico,Administración Gubernamental,Dirección Ejecutiva,Servicios No Personales,Servicios No Personales,2094456.0,2094456.0,0.0,2873162.71,0.0,Fiscal
2025,2,Administracion Central,Jefatura De Gobierno,Jefatura De Gobierno,Jefatura De Gobierno,Jefe De Gobierno,Conduccion Superior,Administración Gubernamental,Dirección Ejecutiva,Gastos En Personal,Remuneraciones Al Personal,883905793.0,887205793.0,668127914.62,1217063812.25,916534036.7,Fiscal
2025,2,Administracion Central,Jefatura De Gobierno,Jefatura De Gobierno,Jefatura De Gobierno,Jefe De Gobierno,Conduccion Superior,Administración Gubernamental,Dirección Ejecutiva,Bienes De Consumo,Bienes De Consumo,40487291.0,40292785.0,6750275.58,55273411.09,9259989.28,Fiscal
2025,2,Administracion Central,Jefatura De Gobierno,Jefatura De Gobierno,Jefatura De Gobierno,Jefe De Gobierno,Conduccion Superior,Administración Gubernamental,Dirección Ejecutiva,Servicios No Personales,Servicios No Personales,429948209.0,387243559.0,89245041.5,531218490.58,122425835.46,Fiscal
2025,2,Administracion Central,Jefatura De Gobierno,Jefatura De Gobierno,Jefatura De Gobierno,Jefe De Gobierno,Conduccion Superior,Administración Gubernamental,Dirección Ejecutiva,Bienes De Uso,Maquinaria Y Equipo,9965239.0,9965239.0,4293013.37,13670257.64,5889131.09,Fiscal
2025,2,Administracion Central,Jefatura De Gobierno,Vicejefatura De Gobierno,Vicejefatura De Gobierno,Direccion General Promocion Y Bienestar Social,Promocion Y Bienestar Social,Servicios Sociales,Promoción Y Acción Social,Gastos En Personal,Remuneraciones Al Personal,3350595948.0,290737003.0,290736992.71,398831351.22,398831337.11,Fiscal
2025,2,Administracion Central,Jefatura De Gobierno,Vicejefatura De Gobierno,Vicejefatura De Gobierno,Direccion General Promocion Y Bienestar Social,Promocion Y Bienestar Social,Servicios Sociales,Promoción Y Acción Social,Bienes De Consumo,Bienes De Consumo,52434621.0,0.0,0.0,0.0,0.0,Fiscal
2025,2,Administracion Central,Jefatura De Gobierno,Vicejefatura De Gobierno,Vicejefatura De Gobierno,Direccion General Promocion Y Bienestar Social,Promocion Y Bienestar Social,Servicios Sociales,Promoción Y Acción Social,Servicios No Personales,Servicios No Personales,12203076130.0,1878846120.0,909498600.0,2577390318.56,1247644956.89,Fiscal
2025,2,Administracion Central,Jefatura De Gobierno,Vicejefatura De Gobierno,Vicejefatura De Gobierno,Direccion General Promocion Y Bienestar Social,Promocion Y Bienestar Social,Servicios Sociales,Promoción Y Acción Social,Transferencias,Al Sector Privado,490539670.0,0.0,0.0,0.0,0.0,Fiscal
2025,2,Administracion Central,Jefatura De Gobierno,Vicejefatura De Gobierno,Vicejefatura De Gobierno,Consejo De Gestion Del Parque De La Memoria,Gestion Del Parque De La Memoria Y Del Monumento A Las Victimas,Servicios Sociales,Cultura,Gastos En Personal,Remuneraciones Al Personal,277540319.0,60341795.0,60341785.19,82776527.88,82776514.42,Fiscal
2025,2,Administracion Central,Jefatura De Gobierno,Vicejefatura De Gobierno,Vicejefatura De Gobierno,Consejo De Gestion Del Parque De La Memoria,Gestion Del Parque De La Memoria Y Del Monumento A Las Victimas,Servicios Sociales,Cultura,Bienes De Consumo,Bienes De Consumo,41151856.0,0.0,0.0,0.0,0.0,Fiscal
2025,2,Administracion Central,Jefatura De Gobierno,Vicejefatura De Gobierno,Vicejefatura De Gobierno,Consejo De Gestion Del Parque De La Memoria,Gestion Del Parque De La Memoria Y Del Monumento A Las Victimas,Servicios Sociales,Cultura,Servicios No Personales,Servicios No Personales,1024651113.0,118885560.0,69095497.76,163086528.53,94784807.06,Fiscal
2025,2,Administracion Central,Jefatura De Gobierno,Vicejefatura De Gobierno,Vicejefatura De Gobierno,Vicejefatura De Gobierno,Actividades Centrales,Administración Gubernamental,Dirección Ejecutiva,Gastos En Personal,Remuneraciones Al Personal,1126237212.0,1756065507.0,856219108.27,2408960578.69,1174556456.08,Fiscal
2025,2,Administracion Central,Jefatura De Gobierno,Vicejefatura De Gobierno,Vicejefatura De Gobierno,Vicejefatura De Gobierno,Actividades Centrales,Administración Gubernamental,Dirección Ejecutiva,Bienes De Consumo,Bienes De Consumo,37087475.0,36887475.0,13026117.94,50602026.39,17869153.79,Fiscal
2025,2,Administracion Central,Jefatura De Gobierno,Vicejefatura De Gobierno,Vicejefatura De Gobierno,Vicejefatura De Gobierno,Actividades Centrales,Administración Gubernamental,Dirección Ejecutiva,Servicios No Personales,Servicios No Personales,5387214035.0,5897865966.0,2894128670.92,8090658664.97,3970149091.88,Fiscal
2025,2,Administracion Central,Jefatura De Gobierno,Vicejefatura De Gobierno,Vicejefatura De Gobierno,Vicejefatura De Gobierno,Actividades Centrales,Administración Gubernamental,Dirección Ejecutiva,Bienes De Uso,Maquinaria Y Equipo,15895056.0,55895056.0,0.0,76676516.86,0.0,Fiscal
2025,2,Administracion Central,Jefatura De Gobierno,Vicejefatura De Gobierno,Vicejefatura De Gobierno,Vicejefatura De Gobierno,Relaciones Institucionales Y Comunicacion,Servicios Sociales,Promoción Y Acción Social,Bienes De Consumo,Bienes De Consumo,21297333.0,250000.0,0.0,342948.56,0.0,Fiscal
2025,2,Administracion Central,Jefatura De Gobierno,Vicejefatura De Gobierno,Vicejefatura De Gobierno,Vicejefatura De Gobierno,Relaciones Institucionales Y Comunicacion,Servicios Sociales,Promoción Y Acción Social,Servicios No Personales,Servicios No Personales,89569259.0,331134250.0,157933774.0,454248062.68,216652644.27,Fiscal
2025,2,Administracion Central,Jefatura De Gobierno,Vicejefatura De Gobierno,Vicejefatura De Gobierno,Vicejefatura De Gobierno,Relaciones Institucionales Y Comunicacion,Servicios Sociales,Promoción Y Acción Social,Bienes De Uso,Maquinaria Y Equipo,4135765.0,0.0,0.0,0.0,0.0,Fiscal
2025,2,Administracion Central,Jefatura De Gobierno,Vicejefatura De Gobierno,Vicejefatura De Gobierno,Vicejefatura De Gobierno,Relaciones Institucionales Y Comunicacion,Servicios Sociales,Promoción Y Acción Social,Gastos En Personal,Remuneraciones Al Personal,978805360.0,43808853.0,43808848.0,60096732.98,60096726.12,Fiscal
2025,2,Administracion Central,Jefatura De Gobierno,Vicejefatura De Gobierno,Vicejefatura De Gobierno,Vicejefatura De Gobierno,"Asistencia Tecnica, Administrativa Y Legal Vicejefatura De Gobierno",Servicios Sociales,Promoción Y Acción Social,Gastos En Personal,Remuneraciones Al Personal,3351893425.0,2410834086.0,460051400.16,3307168355.49,631095869.0,Fiscal
2025,2,Administracion Central,Jefatura De Gobierno,Vicejefatura De Gobierno,Vicejefatura De Gobierno,Vicejefatura De Gobierno,"Asistencia Tecnica, Administrativa Y Legal Vicejefatura De Gobierno",Servicios Sociales,Promoción Y Acción Social,Bienes De Consumo,Bienes De Consumo,19373716.0,12214466.0,9845241.67,16755734.32,13505645.99,Fiscal
2025,2,Administracion Central,Jefatura De Gobierno,Vicejefatura De Gobierno,Vicejefatura De Gobierno,Vicejefatura De Gobierno,"Asistencia Tecnica, Administrativa Y Legal Vicejefatura De Gobierno",Servicios Sociales,Promoción Y Acción Social,Servicios No Personales,Servicios No Personales,465860898.0,833447455.0,661267032.92,1143318432.88,907122318.58,Fiscal
2025,2,Administracion Central,Jefatura De Gobierno,Vicejefatura De Gobierno,Vicejefatura De Gobierno,Vicejefatura De Gobierno,"Asistencia Tecnica, Administrativa Y Legal Vicejefatura De Gobierno",Servicios Sociales,Promoción Y Acción Social,Bienes De Uso,Maquinaria Y Equipo,4135765.0,4135765.0,0.0,5673418.68,0.0,Fiscal
2025,2,Administracion Central,Jefatura De Gobierno,Vicejefatura De Gobierno,Vicejefatura De Gobierno,Secretaria De Bienestar Integral,Actividades Comunes,Servicios Sociales,Promoción Y Acción Social,Gastos En Personal,Remuneraciones Al Personal,779560809.0,162349553.0,162349543.39,222710184.55,222710171.37,Fiscal
2025,2,Administracion Central,Jefatura De Gobierno,Vicejefatura De Gobierno,Vicejefatura De Gobierno,Secretaria De Bienestar Integral,Actividades Comunes,Servicios Sociales,Promoción Y Acción Social,Bienes De Consumo,Bienes De Consumo,16911384.0,0.0,0.0,0.0,0.0,Fiscal
2025,2,Administracion Central,Jefatura De Gobierno,Vicejefatura De Gobierno,Vicejefatura De Gobierno,Secretaria De Bienestar Integral,Actividades Comunes,Servicios Sociales,Promoción Y Acción Social,Servicios No Personales,Servicios No Personales,5387028254.0,5799122883.0,3878756869.72,7955203470.72,5320856400.98,Fiscal
2025,2,Administracion Central,Jefatura De Gobierno,Vicejefatura De Gobierno,Vicejefatura De Gobierno,Direccion General Politicas Asistenciales Para Personas Mayores,Sistemas Alternativos A La Institucionalizacion,Servicios Sociales,Promoción Y Acción Social,Transferencias,Al Sector Privado,4131171799.0,376287590.0,376287590.0,516189155.21,516189155.21,Fiscal
2025,2,Administracion Central,Jefatura De Gobierno,Vicejefatura De Gobierno,Vicejefatura De Gobierno,Direccion General Politicas Asistenciales Para Personas Mayores,Hogar De Residencia Permanente Y Transitoria,Servicios Sociales,Promoción Y Acción Social,Gastos En Personal,Remuneraciones Al Personal,17733745996.0,2458797968.0,2458797947.55,3372964933.4,3372964905.35,Fiscal
2025,2,Administracion Central,Jefatura De Gobierno,Vicejefatura De Gobierno,Vicejefatura De Gobierno,Direccion General Politicas Asistenciales Para Personas Mayores,Hogar De Residencia Permanente Y Transitoria,Servicios Sociales,Promoción Y Acción Social,Bienes De Consumo,Bienes De Consumo,572771004.0,380000.0,0.0,521281.82,0.0,Fiscal
2025,2,Administracion Central,Jefatura De Gobierno,Vicejefatura De Gobierno,Vicejefatura De Gobierno,Direccion General Politicas Asistenciales Para Personas Mayores,Hogar De Residencia Permanente Y Transitoria,Servicios Sociales,Promoción Y Acción Social,Servicios No Personales,Servicios No Personales,14959627069.0,1274271105.0,640444265.9,1748037784.62,878557766.35,Fiscal
2025,2,Administracion Central,Jefatura De Gobierno,Vicejefatura De Gobierno,Vicejefatura De Gobierno,Direccion General Politicas Asistenciales Para Personas Mayores,Hogar De Residencia Permanente Y Transitoria,Servicios Sociales,Promoción Y Acción Social,Bienes De Uso,Maquinaria Y Equipo,173920213.0,0.0,0.0,0.0,0.0,Fiscal
2025,2,Administracion Central,Jefatura De Gobierno,Vicejefatura De Gobierno,Vicejefatura De Gobierno,Dir. Gral. Responsabilidad Social,Responsabilidad Social,Servicios Sociales,Promoción Y Acción Social,Gastos En Personal,Remuneraciones Al Personal,45747060.0,54753899.0,54753895.89,75111084.24,75111079.97,Fiscal
2025,2,Administracion Central,Jefatura De Gobierno,Vicejefatura De Gobierno,Vicejefatura De Gobierno,Dir. Gral. Responsabilidad Social,Responsabilidad Social,Servicios Sociales,Promoción Y Acción Social,Bienes De Consumo,Bienes De Consumo,6073920.0,1147782.0,610319.08,1574520.76,837232.21,Fiscal
2025,2,Administracion Central,Jefatura De Gobierno,Vicejefatura De Gobierno,Vicejefatura De Gobierno,Dir. Gral. Responsabilidad Social,Responsabilidad Social,Servicios Sociales,Promoción Y Acción Social,Servicios No Personales,Servicios No Personales,140864863.0,145850646.0,67117461.13,200077078.67,92071347.77,Fiscal
2025,2,Administracion Central,Jefatura De Gobierno,Vicejefatura De Gobierno,Vicejefatura De Gobierno,Dirección General Ciudad Amigable,Ciudad Amigable Para Personas Mayores,Servicios Sociales,Promoción Y Acción Social,Gastos En Personal,Remuneraciones Al Personal,492499986.0,95251796.0,95251788.12,130665866.79,130665855.98,Fiscal
2025,2,Administracion Central,Jefatura De Gobierno,Vicejefatura De Gobierno,Vicejefatura De Gobierno,Dirección General Ciudad Amigable,Ciudad Amigable Para Personas Mayores,Servicios Sociales,Promoción Y Acción Social,Bienes De Consumo,Bienes De Consumo,12994744.0,0.0,0.0,0.0,0.0,Fiscal
2025,2,Administracion Central,Jefatura De Gobierno,Vicejefatura De Gobierno,Vicejefatura De Gobierno,Dirección General Ciudad Amigable,Ciudad Amigable Para Personas Mayores,Servicios Sociales,Promoción Y Acción Social,Servicios No Personales,Servicios No Personales,527375348.0,273696703.0,136411587.0,375455565.53,187128631.73,Fiscal
2025,2,Administracion Central,Jefatura De Gobierno,Vicejefatura De Gobierno,Vicejefatura De Gobierno,Dirección General Cooperación Y Fortalecimiento Institucional,Cambio Cultural,Servicios Sociales,Cultura,Gastos En Personal,Remuneraciones Al Personal,247447391.0,99816320.0,99816310.77,136927454.6,136927441.94,Fiscal
2025,2,Administracion Central,Jefatura De Gobierno,Vicejefatura De Gobierno,Vicejefatura De Gobierno,Dirección General Cooperación Y Fortalecimiento Institucional,Cambio Cultural,Servicios Sociales,Cultura,Bienes De Consumo,Bienes De Consumo,26809031.0,0.0,0.0,0.0,0.0,Fiscal
2025,2,Administracion Central,Jefatura De Gobierno,Vicejefatura De Gobierno,Vicejefatura De Gobierno,Dirección General Cooperación Y Fortalecimiento Institucional,Cambio Cultural,Servicios Sociales,Cultura,Servicios No Personales,Servicios No Personales,93780775.0,44367760.0,18632000.0,60863438.4,25559270.61,Fiscal
2025,2,Administracion Central,Jefatura De Gobierno,Vicejefatura De Gobierno,Vicejefatura De Gobierno,Dirección General Sanidad Y Cuidado Responsable De Caninos Y Felinos Domésticos,Sanidad Y Cuidado Responsable De Caninos Y Felinos Domesticos,Servicios Económicos,Ecología,Gastos En Personal,Remuneraciones Al Personal,0.0,416834813.0,76273443.98,571811602.89,104631472.47,Fiscal
2025,2,Administracion Central,Jefatura De Gobierno,Vicejefatura De Gobierno,Vicejefatura De Gobierno,Dirección General Sanidad Y Cuidado Responsable De Caninos Y Felinos Domésticos,Sanidad Y Cuidado Responsable De Caninos Y Felinos Domesticos,Servicios Económicos,Ecología,Bienes De Consumo,Bienes De Consumo,0.0,220782917.0,89055845.88,302868737.74,122166297.99,Fiscal
2025,2,Administracion Central,Jefatura De Gobierno,Vicejefatura De Gobierno,Vicejefatura De Gobierno,Dirección General Sanidad Y Cuidado Responsable De Caninos Y Felinos Domésticos,Sanidad Y Cuidado Responsable De Caninos Y Felinos Domesticos,Servicios Económicos,Ecología,Servicios No Personales,Servicios No Personales,0.0,895541255.0,356310853.1,1228498351.16,488785182.25,Fiscal
2025,2,Administracion Central,Jefatura De Gobierno,Vicejefatura De Gobierno,Vicejefatura De Gobierno,Dirección General Sanidad Y Cuidado Responsable De Caninos Y Felinos Domésticos,Sanidad Y Cuidado Responsable De Caninos Y Felinos Domesticos,Servicios Económicos,Ecología,Transferencias,Al Sector Privado,0.0,51021268.0,708500.0,69990682.46,971916.23,Fiscal
2025,2,Administracion Central,Jefatura De Gobierno,Vicejefatura De Gobierno,Vicejefatura De Gobierno,Dirección General Sanidad Y Cuidado Responsable De Caninos Y Felinos Domésticos,Sanidad Y Cuidado Responsable De Caninos Y Felinos Domesticos,Servicios Económicos,Ecología,Bienes De Uso,Maquinaria Y Equipo,0.0,44031986.0,693702.25,60402825.55,951616.76,Fiscal
2025,2,Administracion Central,Jefatura De Gobierno,Vicejefatura De Gobierno,Vicejefatura De Gobierno,Dirección General Cercanía Y Vinculación Digital,Cercania Y Vinculacion Digital,Servicios Sociales,Cultura,Gastos En Personal,Remuneraciones Al Personal,0.0,12454348.0,12454343.49,17084803.07,17084796.88,Fiscal
2025,2,Administracion Central,Jefatura De Gobierno,Vicejefatura De Gobierno,Vicejefatura De Gobierno,Subsecretaria De Relaciones Institucionales Y Comunicación,Actividades Comunes,Servicios Sociales,Promoción Y Acción Social,Gastos En Personal,Remuneraciones Al Personal,0.0,78871158.0,78871152.69,108195001.64,108194994.36,Fiscal
2025,2,Administracion Central,Jefatura De Gobierno,Vicejefatura De Gobierno,Vicejefatura De Gobierno,Subsecretaria De Relaciones Institucionales Y Comunicación,Actividades Comunes,Servicios Sociales,Promoción Y Acción Social,Bienes De Consumo,Bienes De Consumo,0.0,7137333.0,2695346.1,9790952.42,3697460.3,Fiscal
2025,2,Administracion Central,Jefatura De Gobierno,Vicejefatura De Gobierno,Vicejefatura De Gobierno,Subsecretaria De Relaciones Institucionales Y Comunicación,Actividades Comunes,Servicios Sociales,Promoción Y Acción Social,Servicios No Personales,Servicios No Personales,0.0,67495511.0,29965723.42,92589954.41,41106807.32,Fiscal
2025,2,Administracion Central,Jefatura De Gobierno,Vicejefatura De Gobierno,Vicejefatura De Gobierno,Subsecretaria De Relaciones Institucionales Y Comunicación,Actividades Comunes,Servicios Sociales,Promoción Y Acción Social,Bienes De Uso,Maquinaria Y Equipo,0.0,4135765.0,0.0,5673418.68,0.0,Fiscal
2025,2,Administracion Central,Jefatura De Gobierno,Vicejefatura De Gobierno,Vicejefatura De Gobierno,Dirección General Relaciones Institucionales Y Entidades,Relaciones Institucionales Y Entidades,Servicios Sociales,Promoción Y Acción Social,Gastos En Personal,Remuneraciones Al Personal,0.0,909813077.0,48388073.56,1248076354.63,66378481.45,Fiscal
2025,2,Administracion Central,Jefatura De Gobierno,Vicejefatura De Gobierno,Vicejefatura De Gobierno,Dirección General Relaciones Institucionales Y Entidades,Relaciones Institucionales Y Entidades,Servicios Sociales,Promoción Y Acción Social,Bienes De Consumo,Bienes De Consumo,0.0,310000.0,0.0,425256.22,0.0,Fiscal
2025,2,Administracion Central,Jefatura De Gobierno,Vicejefatura De Gobierno,Vicejefatura De Gobierno,Dirección General Relaciones Institucionales Y Entidades,Relaciones Institucionales Y Entidades,Servicios Sociales,Promoción Y Acción Social,Servicios No Personales,Servicios No Personales,0.0,11877233.0,4200946.0,16293120.03,5762833.6,Fiscal
2025,2,Administracion Central,Jefatura De Gobierno,Vicejefatura De Gobierno,Vicejefatura De Gobierno,Dirección General Comunicación,Comunicacion,Servicios Sociales,Promoción Y Acción Social,Gastos En Personal,Remuneraciones Al Personal,0.0,92459585.0,92459580.72,126835527.77,126835521.9,Fiscal
2025,2,Administracion Central,Jefatura De Gobierno,Vicejefatura De Gobierno,Vicejefatura De Gobierno,Dirección General Comunicación,Comunicacion,Servicios Sociales,Promoción Y Acción Social,Bienes De Consumo,Bienes De Consumo,0.0,310000.0,0.0,425256.22,0.0,Fiscal
2025,2,Administracion Central,Jefatura De Gobierno,Vicejefatura De Gobierno,Vicejefatura De Gobierno,Dirección General Comunicación,Comunicacion,Servicios Sociales,Promoción Y Acción Social,Servicios No Personales,Servicios No Personales,0.0,65405000.0,65003698.78,89722203.43,89171700.72,Fiscal
2025,2,Administracion Central,Jefatura De Gobierno,Vicejefatura De Gobierno,Vicejefatura De Gobierno,Subsecretaría De Cultura Ciudadana Y Responsabilidad Social,Actividades Comunes,Servicios Sociales,Cultura,Gastos En Personal,Remuneraciones Al Personal,0.0,97488567.0,94740986.32,133734256.4,129965141.0,Fiscal
2025,2,Administracion Central,Jefatura De Gobierno,Vicejefatura De Gobierno,Vicejefatura De Gobierno,Subsecretaría De Cultura Ciudadana Y Responsabilidad Social,Actividades Comunes,Servicios Sociales,Cultura,Bienes De Consumo,Bienes De Consumo,0.0,13018795.0,10104134.9,17859108.22,13860794.24,Fiscal
2025,2,Administracion Central,Jefatura De Gobierno,Vicejefatura De Gobierno,Vicejefatura De Gobierno,Subsecretaría De Cultura Ciudadana Y Responsabilidad Social,Actividades Comunes,Servicios Sociales,Cultura,Servicios No Personales,Servicios No Personales,0.0,1644617838.0,71838515.35,2256077306.31,98547662.84,Fiscal
2025,2,Administracion Central,Jefatura De Gobierno,Vicejefatura De Gobierno,Vicejefatura De Gobierno,Subsecretaría De Cultura Ciudadana Y Responsabilidad Social,Actividades Comunes,Servicios Sociales,Cultura,Bienes De Uso,Maquinaria Y Equipo,0.0,54110239.0,28100000.0,74228115.14,38547418.64,Fiscal
2025,2,Administracion Central,Jefatura De Gobierno,Vicejefatura De Gobierno,Vicejefatura De Gobierno,Subsecretaría De Cultura Ciudadana Y Responsabilidad Social,Estaciones Saludables,Servicios Sociales,Promoción Y Acción Social,Servicios No Personales,Servicios No Personales,0.0,1058994382.0,115349654.19,1452722412.19,158235993.25,Fiscal
2025,2,Administracion Central,Jefatura De Gobierno,Vicejefatura De Gobierno,Vicejefatura De Gobierno,Subsecretaría De Cultura Ciudadana Y Responsabilidad Social,Estaciones Saludables,Servicios Sociales,Promoción Y Acción Social,Gastos En Personal,Remuneraciones Al Personal,0.0,309430469.0,309430463.27,424474940.54,424474932.68,Fiscal
2025,2,Administracion Central,Jefatura De Gobierno,Vicejefatura De Gobierno,Vicejefatura De Gobierno,Subsecretaría De Cultura Ciudadana Y Responsabilidad Social,Estaciones Saludables,Servicios Sociales,Promoción Y Acción Social,Bienes De Consumo,Bienes De Consumo,0.0,39883266.0,20284566.92,54711635.28,27826252.42,Fiscal
2025,2,Administracion Central,Jefatura De Gobierno,Vicejefatura De Gobierno,Vicejefatura De Gobierno,Subsecretaría De Cultura Ciudadana Y Responsabilidad Social,Estaciones Saludables,Servicios Sociales,Promoción Y Acción Social,Bienes De Uso,Maquinaria Y Equipo,0.0,22000000.0,0.0,30179473.67,0.0,Fiscal
2025,2,Administracion Central,Jefatura De Gobierno,Vicejefatura De Gobierno,Vicejefatura De Gobierno,Dirección General Transformación Cultural,Transformacion Cultural,Servicios Sociales,Cultura,Gastos En Personal,Remuneraciones Al Personal,0.0,183258424.0,99796526.81,251392853.72,136900302.42,Fiscal
2025,2,Administracion Central,Jefatura De Gobierno,Vicejefatura De Gobierno,Vicejefatura De Gobierno,Dirección General Transformación Cultural,Transformacion Cultural,Servicios Sociales,Cultura,Bienes De Consumo,Bienes De Consumo,0.0,1803900.0,1189832.48,2474579.66,1632205.36,Fiscal
2025,2,Administracion Central,Jefatura De Gobierno,Vicejefatura De Gobierno,Vicejefatura De Gobierno,Dirección General Transformación Cultural,Transformacion Cultural,Servicios Sociales,Cultura,Servicios No Personales,Servicios No Personales,0.0,60998570.0,12489143.31,83677488.06,17132535.08,Fiscal
2025,2,Administracion Central,Jefatura De Gobierno,Vicejefatura De Gobierno,Vicejefatura De Gobierno,Dirección General De La Mujer,Igualdad De Oportunidades Y Autonomia Economica,Servicios Sociales,Promoción Y Acción Social,Gastos En Personal,Remuneraciones Al Personal,0.0,116030679.0,116030673.53,159170219.17,159170211.67,Fiscal
2025,2,Administracion Central,Jefatura De Gobierno,Vicejefatura De Gobierno,Vicejefatura De Gobierno,Dirección General De La Mujer,Igualdad De Oportunidades Y Autonomia Economica,Servicios Sociales,Promoción Y Acción Social,Servicios No Personales,Servicios No Personales,0.0,59316337.0,18300038.18,81369810.49,25103887.29,Fiscal
2025,2,Administracion Central,Jefatura De Gobierno,Vicejefatura De Gobierno,Vicejefatura De Gobierno,Dirección General De La Mujer,Igualdad De Oportunidades Y Autonomia Economica,Servicios Sociales,Promoción Y Acción Social,Transferencias,Al Sector Privado,0.0,2800000.0,2800000.0,3841023.92,3841023.92,Fiscal
2025,2,Administracion Central,Jefatura De Gobierno,Vicejefatura De Gobierno,Vicejefatura De Gobierno,Dirección General De La Mujer,Igualdad De Oportunidades Y Autonomia Economica,Servicios Sociales,Promoción Y Acción Social,Bienes De Consumo,Bienes De Consumo,0.0,361807.0,0.0,496324.77,0.0,Fiscal
2025,2,Administracion Central,Jefatura De Gobierno,Vicejefatura De Gobierno,Vicejefatura De Gobierno,Direccion General Promocion De Derechos Para Personas Mayores,Promocion De Derechos Para Personas Mayores - Proteger,Servicios Sociales,Promoción Y Acción Social,Gastos En Personal,Remuneraciones Al Personal,966211624.0,131501752.0,131501747.9,180393348.27,180393342.65,Fiscal
2025,2,Administracion Central,Jefatura De Gobierno,Vicejefatura De Gobierno,Vicejefatura De Gobierno,Direccion General Promocion De Derechos Para Personas Mayores,Promocion De Derechos Para Personas Mayores - Proteger,Servicios Sociales,Promoción Y Acción Social,Bienes De Consumo,Bienes De Consumo,56486590.0,12994744.0,0.0,17826115.2,0.0,Fiscal
2025,2,Administracion Central,Jefatura De Gobierno,Vicejefatura De Gobierno,Vicejefatura De Gobierno,Direccion General Promocion De Derechos Para Personas Mayores,Promocion De Derechos Para Personas Mayores - Proteger,Servicios Sociales,Promoción Y Acción Social,Servicios No Personales,Servicios No Personales,2439754157.0,238016090.0,111665967.0,326509105.51,153182732.31,Fiscal
2025,2,Administracion Central,Jefatura De Gobierno,Vicejefatura De Gobierno,Vicejefatura De Gobierno,Direccion General Promocion De Derechos Para Personas Mayores,Promocion De Derechos Para Personas Mayores - Proteger,Servicios Sociales,Promoción Y Acción Social,Transferencias,Al Sector Privado,262419096.0,19750000.0,19750000.0,27092936.59,27092936.59,Fiscal
2025,2,Administracion Central,Jefatura De Gobierno,Vicejefatura De Gobierno,Vicejefatura De Gobierno,Dirección General Investigación De Políticas Para Personas Con Discapacidad,Investigacion De Politicas Para Personas Con Discapacidad,Servicios Sociales,Promoción Y Acción Social,Gastos En Personal,Remuneraciones Al Personal,353588355.0,353588355.0,78809531.33,485050474.99,108110462.53,Fiscal
2025,2,Administracion Central,Jefatura De Gobierno,Vicejefatura De Gobierno,Vicejefatura De Gobierno,Dirección General Investigación De Políticas Para Personas Con Discapacidad,Investigacion De Politicas Para Personas Con Discapacidad,Servicios Sociales,Promoción Y Acción Social,Bienes De Consumo,Bienes De Consumo,2827517.0,2827517.0,324628.95,3878771.58,445324.13,Fiscal
2025,2,Administracion Central,Jefatura De Gobierno,Vicejefatura De Gobierno,Vicejefatura De Gobierno,Dirección General Investigación De Políticas Para Personas Con Discapacidad,Investigacion De Politicas Para Personas Con Discapacidad,Servicios Sociales,Promoción Y Acción Social,Servicios No Personales,Servicios No Personales,458836658.0,202558089.0,39753807.0,277868023.35,54534044.17,Fiscal
2025,2,Administracion Central,Jefatura De Gobierno,Vicejefatura De Gobierno,Vicejefatura De Gobierno,Dirección General Investigación De Políticas Para Personas Con Discapacidad,Investigacion De Politicas Para Personas Con Discapacidad,Servicios Sociales,Promoción Y Acción Social,Bienes De Uso,Maquinaria Y Equipo,3519259.0,0.0,0.0,0.0,0.0,Fiscal
2025,2,Administracion Central,Jefatura De Gobierno,Vicejefatura De Gobierno,Vicejefatura De Gobierno,Dirección General Promoción De Derechos De Las Mujeres,Promocion De Derechos De Las Mujeres,Servicios Sociales,Promoción Y Acción Social,Gastos En Personal,Remuneraciones Al Personal,161496480.0,157176882.0,55147265.41,215614344.17,75650702.02,Fiscal
2025,2,Administracion Central,Jefatura De Gobierno,Vicejefatura De Gobierno,Vicejefatura De Gobierno,Dirección General Promoción De Derechos De Las Mujeres,Promocion De Derechos De Las Mujeres,Servicios Sociales,Promoción Y Acción Social,Bienes De Consumo,Bienes De Consumo,2199180.0,2199180.0,0.0,3016822.5,0.0,Fiscal
2025,2,Administracion Central,Jefatura De Gobierno,Vicejefatura De Gobierno,Vicejefatura De Gobierno,Dirección General Promoción De Derechos De Las Mujeres,Promocion De Derechos De Las Mujeres,Servicios Sociales,Promoción Y Acción Social,Servicios No Personales,Servicios No Personales,119112364.0,122574542.0,16861713.0,168147052.86,23130801.07,Fiscal
2025,2,Administracion Central,Jefatura De Gobierno,Vicejefatura De Gobierno,Vicejefatura De Gobierno,Subsecretaria De La Mujer,Actividades Comunes,Servicios Sociales,Promoción Y Acción Social,Gastos En Personal,Remuneraciones Al Personal,126703681.0,112892766.0,49692595.78,154865648.14,68168017.54,Fiscal
2025,2,Administracion Central,Jefatura De Gobierno,Vicejefatura De Gobierno,Vicejefatura De Gobierno,Subsecretaria De La Mujer,Actividades Comunes,Servicios Sociales,Promoción Y Acción Social,Bienes De Consumo,Bienes De Consumo,5923124.0,5923124.0,0.0,8125307.49,0.0,Fiscal
2025,2,Administracion Central,Jefatura De Gobierno,Vicejefatura De Gobierno,Vicejefatura De Gobierno,Subsecretaria De La Mujer,Actividades Comunes,Servicios Sociales,Promoción Y Acción Social,Servicios No Personales,Servicios No Personales,288249616.0,257795506.0,83811585.03,353642394.8,114972251.07,Fiscal
2025,2,Administracion Central,Jefatura De Gobierno,Vicejefatura De Gobierno,Vicejefatura De Gobierno,Comisión Para La Plena Participación E Integración De Personas Con Discapacidad,Inclusion De Personas Con Discapacidad,Servicios Sociales,Promoción Y Acción Social,Gastos En Personal,Remuneraciones Al Personal,525405902.0,513594482.0,194484489.51,704545961.21,266792705.93,Fiscal
2025,2,Administracion Central,Jefatura De Gobierno,Vicejefatura De Gobierno,Vicejefatura De Gobierno,Comisión Para La Plena Participación E Integración De Personas Con Discapacidad,Inclusion De Personas Con Discapacidad,Servicios Sociales,Promoción Y Acción Social,Bienes De Consumo,Bienes De Consumo,4864332.0,4413075.0,1451656.52,6053830.94,1991374.08,Fiscal
2025,2,Administracion Central,Jefatura De Gobierno,Vicejefatura De Gobierno,Vicejefatura De Gobierno,Comisión Para La Plena Participación E Integración De Personas Con Discapacidad,Inclusion De Personas Con Discapacidad,Servicios Sociales,Promoción Y Acción Social,Servicios No Personales,Servicios No Personales,477013510.0,537054773.0,244763273.37,736728653.68,335764852.91,Fiscal
2025,2,Administracion Central,Jefatura De Gobierno,Vicejefatura De Gobierno,Vicejefatura De Gobierno,Comisión Para La Plena Participación E Integración De Personas Con Discapacidad,Inclusion De Personas Con Discapacidad,Servicios Sociales,Promoción Y Acción Social,Bienes De Uso,Maquinaria Y Equipo,3519259.0,53116560.0,9597776.48,72864992.0,13166174.66,Fiscal
2025,2,Administracion Central,Jefatura De Gobierno,Vicejefatura De Gobierno,Vicejefatura De Gobierno,Comisión Para La Plena Participación E Integración De Personas Con Discapacidad,Inclusion De Personas Con Discapacidad,Servicios Sociales,Promoción Y Acción Social,Transferencias,Al Sector Privado,0.0,1359738849.0,0.0,1865281945.06,0.0,Fiscal
2025,2,Administracion Central,Jefatura De Gobierno,Vicejefatura De Gobierno,Vicejefatura De Gobierno,Subseecretaría De Transformación Cultural Y Responsabilidad Social,Actividades Comunes,Servicios Sociales,Cultura,Gastos En Personal,Remuneraciones Al Personal,216697690.0,84703813.0,84703807.57,116196204.28,116196196.83,Fiscal
2025,2,Administracion Central,Jefatura De Gobierno,Vicejefatura De Gobierno,Vicejefatura De Gobierno,Subseecretaría De Transformación Cultural Y Responsabilidad Social,Actividades Comunes,Servicios Sociales,Cultura,Bienes De Consumo,Bienes De Consumo,34249915.0,0.0,0.0,0.0,0.0,Fiscal
2025,2,Administracion Central,Jefatura De Gobierno,Vicejefatura De Gobierno,Vicejefatura De Gobierno,Subseecretaría De Transformación Cultural Y Responsabilidad Social,Actividades Comunes,Servicios Sociales,Cultura,Servicios No Personales,Servicios No Personales,3010923320.0,774665658.0,348186742.0,1062681901.3,477640573.29,Fiscal
2025,2,Administracion Central,Jefatura De Gobierno,Vicejefatura De Gobierno,Vicejefatura De Gobierno,Subsecretaría De Cultura Ciudadana Y Derechos Humanos,Actividades Comunes,Servicios Sociales,Promoción Y Acción Social,Gastos En Personal,Remuneraciones Al Personal,440877710.0,74654256.0,74654248.22,102410279.7,102410269.02,Fiscal
2025,2,Administracion Central,Jefatura De Gobierno,Vicejefatura De Gobierno,Vicejefatura De Gobierno,Subsecretaría De Cultura Ciudadana Y Derechos Humanos,Actividades Comunes,Servicios Sociales,Promoción Y Acción Social,Bienes De Consumo,Bienes De Consumo,13622433.0,0.0,0.0,0.0,0.0,Fiscal
2025,2,Administracion Central,Jefatura De Gobierno,Vicejefatura De Gobierno,Vicejefatura De Gobierno,Subsecretaría De Cultura Ciudadana Y Derechos Humanos,Actividades Comunes,Servicios Sociales,Promoción Y Acción Social,Servicios No Personales,Servicios No Personales,238089678.0,91135006.0,42013023.81,125018477.91,57633224.81,Fiscal
2025,2,Administracion Central,Jefatura De Gobierno,Vicejefatura De Gobierno,Vicejefatura De Gobierno,Subsecretaría De Cultura Ciudadana Y Derechos Humanos,Actividades Comunes,Servicios Sociales,Promoción Y Acción Social,Bienes De Uso,Maquinaria Y Equipo,424459.0,0.0,0.0,0.0,0.0,Fiscal
2025,2,Administracion Central,Jefatura De Gobierno,Vicejefatura De Gobierno,Vicejefatura De Gobierno,Subsecretaría De Cultura Ciudadana Y Derechos Humanos,Actividades Comunes,Servicios Sociales,Promoción Y Acción Social,Transferencias,Al Sector Privado,195609640.0,5000000.0,0.0,6858971.29,0.0,Fiscal
2025,2,Administracion Central,Jefatura De Gobierno,Vicejefatura De Gobierno,Vicejefatura De Gobierno,Subsecretaría De Cultura Ciudadana Y Derechos Humanos,Ente Publico Espacio Para La Memoria,Servicios Sociales,Promoción Y Acción Social,Transferencias,Al Sector Privado,224748848.0,224748848.0,224748848.0,308309179.12,308309179.12,Fiscal
2025,2,Administracion Central,Jefatura De Gobierno,Vicejefatura De Gobierno,Vicejefatura De Gobierno,Subecretaría De Ambiente,Actividades Comunes,Servicios Económicos,Ecología,Gastos En Personal,Remuneraciones Al Personal,181864140.0,211245026.0,141353240.9,289784713.64,193907564.18,Fiscal
2025,2,Administracion Central,Jefatura De Gobierno,Vicejefatura De Gobierno,Vicejefatura De Gobierno,Subecretaría De Ambiente,Actividades Comunes,Servicios Económicos,Ecología,Bienes De Consumo,Bienes De Consumo,1047228.0,31347228.0,100333.33,43001947.37,137636.69,Fiscal
2025,2,Administracion Central,Jefatura De Gobierno,Vicejefatura De Gobierno,Vicejefatura De Gobierno,Subecretaría De Ambiente,Actividades Comunes,Servicios Económicos,Ecología,Servicios No Personales,Servicios No Personales,1047051900.0,327396333.0,124758819.31,449120409.61,171143431.93,Fiscal
2025,2,Administracion Central,Jefatura De Gobierno,Vicejefatura De Gobierno,Vicejefatura De Gobierno,Subecretaría De Ambiente,Actividades Comunes,Servicios Económicos,Ecología,Bienes De Uso,Maquinaria Y Equipo,138492859.0,55200708.0,0.0,75724014.26,0.0,Fiscal
2025,2,Administracion Central,Jefatura De Gobierno,Vicejefatura De Gobierno,Vicejefatura De Gobierno,Dirección General Desarrollo Sostenible Y Economía Circular,Promocion Para El Desarrollo Sostenible,Servicios Económicos,Ecología,Gastos En Personal,Remuneraciones Al Personal,331123667.0,331123667.0,177219227.13,454233544.99,243108318.13,Fiscal
2025,2,Administracion Central,Jefatura De Gobierno,Vicejefatura De Gobierno,Vicejefatura De Gobierno,Dirección General Desarrollo Sostenible Y Economía Circular,Promocion Para El Desarrollo Sostenible,Servicios Económicos,Ecología,Bienes De Consumo,Bienes De Consumo,65870634.0,3544359.0,199780.36,4862131.32,274057.55,Fiscal
2025,2,Administracion Central,Jefatura De Gobierno,Vicejefatura De Gobierno,Vicejefatura De Gobierno,Dirección General Desarrollo Sostenible Y Economía Circular,Promocion Para El Desarrollo Sostenible,Servicios Económicos,Ecología,Servicios No Personales,Servicios No Personales,527023203.0,360717196.0,153006482.37,494829778.13,209893413.91,Fiscal
2025,2,Administracion Central,Jefatura De Gobierno,Vicejefatura De Gobierno,Vicejefatura De Gobierno,Dirección General Desarrollo Sostenible Y Economía Circular,Promocion Para El Desarrollo Sostenible,Servicios Económicos,Ecología,Transferencias,Al Sector Privado,0.0,2450000.0,1050000.0,3360895.93,1440383.97,Fiscal
2025,2,Administracion Central,Jefatura De Gobierno,Vicejefatura De Gobierno,Vicejefatura De Gobierno,Dirección General Áreas De Conservación Y Restauración Ambiental,Areas De Conservacion,Servicios Económicos,Ecología,Gastos En Personal,Remuneraciones Al Personal,2484855013.0,2416564518.0,1299609517.57,3315029329.21,1782796873.48,Fiscal
2025,2,Administracion Central,Jefatura De Gobierno,Vicejefatura De Gobierno,Vicejefatura De Gobierno,Dirección General Áreas De Conservación Y Restauración Ambiental,Areas De Conservacion,Servicios Económicos,Ecología,Bienes De Consumo,Bienes De Consumo,150493977.0,67611377.0,11301549.59,92748898.73,15503400.83,Fiscal
2025,2,Administracion Central,Jefatura De Gobierno,Vicejefatura De Gobierno,Vicejefatura De Gobierno,Dirección General Áreas De Conservación Y Restauración Ambiental,Areas De Conservacion,Servicios Económicos,Ecología,Servicios No Personales,Servicios No Personales,1646820518.0,1674788974.0,307970127.76,2297465897.43,422471652.81,Fiscal
2025,2,Administracion Central,Jefatura De Gobierno,Vicejefatura De Gobierno,Vicejefatura De Gobierno,Dirección General Áreas De Conservación Y Restauración Ambiental,Areas De Conservacion,Servicios Económicos,Ecología,Transferencias,Al Sector Privado,43286717.0,38508996.0,6500000.0,52826419.58,8916662.68,Fiscal
2025,2,Administracion Central,Jefatura De Gobierno,Vicejefatura De Gobierno,Vicejefatura De Gobierno,Dirección General Áreas De Conservación Y Restauración Ambiental,Areas De Conservacion,Servicios Económicos,Ecología,Servicios No Personales,Servicios No Personales,7237927452.0,6540637547.0,2323740841.3,8972409028.81,3187694342.53,Fiscal
2025,2,Administracion Central,Jefatura De Gobierno,Vicejefatura De Gobierno,Vicejefatura De Gobierno,Dirección General Áreas De Conservación Y Restauración Ambiental,Areas De Conservacion,Servicios Económicos,Ecología,Bienes De Uso,Construcciones Del Dominio Público,742563746.0,1809188015.0,211303838.43,2481833730.12,289865392.19,Fiscal
2025,2,Administracion Central,Jefatura De Gobierno,Vicejefatura De Gobierno,Vicejefatura De Gobierno,Dirección General Áreas De Conservación Y Restauración Ambiental,Areas De Conservacion,Servicios Económicos,Ecología,Activos Financieros,Activos Financieros,212105870.0,478761938.0,127198086.35,656762877.36,174489604.45,Fiscal
2025,2,Administracion Central,Jefatura De Gobierno,Vicejefatura De Gobierno,Vicejefatura De Gobierno,Upe Ecoparque,Infraestructura Y Atencion Al Publico,Servicios Económicos,Ecología,Gastos En Personal,Remuneraciones Al Personal,0.0,148646849.0,148646846.57,203912893.89,203912890.55,Fiscal
2025,2,Administracion Central,Jefatura De Gobierno,Vicejefatura De Gobierno,Vicejefatura De Gobierno,Upe Ecoparque,Conservacion De La Biodiversidad Y Patrimonio Historico,Servicios Económicos,Ecología,Gastos En Personal,Remuneraciones Al Personal,2039165682.0,1874053340.0,833036198.67,2570815610.48,1142754273.81,Fiscal
2025,2,Administracion Central,Jefatura De Gobierno,Vicejefatura De Gobierno,Vicejefatura De Gobierno,Upe Ecoparque,Conservacion De La Biodiversidad Y Patrimonio Historico,Servicios Económicos,Ecología,Bienes De Consumo,Bienes De Consumo,2868414819.0,2617936644.0,366914058.91,3591270455.32,503330599.09,Fiscal
2025,2,Administracion Central,Jefatura De Gobierno,Vicejefatura De Gobierno,Vicejefatura De Gobierno,Upe Ecoparque,Conservacion De La Biodiversidad Y Patrimonio Historico,Servicios Económicos,Ecología,Servicios No Personales,Servicios No Personales,3871022363.0,2841176232.0,821887211.98,3897509240.23,1127460157.89,Fiscal
2025,2,Administracion Central,Jefatura De Gobierno,Vicejefatura De Gobierno,Vicejefatura De Gobierno,Upe Ecoparque,Conservacion De La Biodiversidad Y Patrimonio Historico,Servicios Económicos,Ecología,Bienes De Uso,Maquinaria Y Equipo,139827761.0,99827761.0,6926147.83,136943149.3,9501249.82,Fiscal
2025,2,Administracion Central,Jefatura De Gobierno,Vicejefatura De Gobierno,Vicejefatura De Gobierno,Upe Ecoparque,Conservacion De La Biodiversidad Y Patrimonio Historico,Servicios Económicos,Ecología,Transferencias,Al Sector Privado,10472279.0,12800000.0,4000000.0,17558966.5,5487177.03,Fiscal
2025,2,Administracion Central,Jefatura De Gobierno,Vicejefatura De Gobierno,Vicejefatura De Gobierno,Upe Ecoparque,Conservacion De La Biodiversidad Y Patrimonio Historico,Servicios Económicos,Ecología,Servicios No Personales,Servicios No Personales,3518642654.0,3675065319.0,1367764577.71,5041433501.36,1876291593.62,Fiscal
2025,2,Administracion Central,Jefatura De Gobierno,Vicejefatura De Gobierno,Vicejefatura De Gobierno,Upe Ecoparque,Conservacion De La Biodiversidad Y Patrimonio Historico,Servicios Económicos,Ecología,Bienes De Consumo,Bienes De Consumo,792413097.0,0.0,0.0,0.0,0.0,Fiscal
2025,2,Administracion Central,Jefatura De Gobierno,Vicejefatura De Gobierno,Vicejefatura De Gobierno,Upe Ecoparque,Conservacion De La Biodiversidad Y Patrimonio Historico,Servicios Económicos,Ecología,Bienes De Uso,Bienes De Uso,74510424.0,74510424.0,0.0,102212971.78,0.0,Fiscal
2025,2,Administracion Central,Jefatura De Gobierno,Vicejefatura De Gobierno,Vicejefatura De Gobierno,Dirección General Políticas De Juventud,Politicas De Juventud,Servicios Sociales,Trabajo,Gastos En Personal,Remuneraciones Al Personal,263624219.0,265695524.0,252859318.87,364479594.13,346870961.64,Fiscal
2025,2,Administracion Central,Jefatura De Gobierno,Vicejefatura De Gobierno,Vicejefatura De Gobierno,Dirección General Políticas De Juventud,Politicas De Juventud,Servicios Sociales,Trabajo,Bienes De Consumo,Bienes De Consumo,8822892.0,1259005.0,434065.82,1727095.83,595449.0,Fiscal
2025,2,Administracion Central,Jefatura De Gobierno,Vicejefatura De Gobierno,Vicejefatura De Gobierno,Dirección General Políticas De Juventud,Politicas De Juventud,Servicios Sociales,Trabajo,Servicios No Personales,Servicios No Personales,149352239.0,176511412.0,73741459.81,242137341.4,101158111.12,Fiscal
2025,2,Administracion Central,Jefatura De Gobierno,Vicejefatura De Gobierno,Vicejefatura De Gobierno,Dir. Gral. Convivencia En La Diversidad,Programa Integral De Promocion De Los Derechos Lgbtiq,Servicios Sociales,Promoción Y Acción Social,Servicios No Personales,Servicios No Personales,44242006.0,0.0,0.0,0.0,0.0,Fiscal
2025,2,Administracion Central,Jefatura De Gobierno,Vicejefatura De Gobierno,Vicejefatura De Gobierno,Dir. Gral. Convivencia En La Diversidad,Programa Integral De Promocion De Los Derechos Lgbtiq,Servicios Sociales,Promoción Y Acción Social,Transferencias,Al Sector Privado,50867541.0,5000000.0,0.0,6858971.29,0.0,Fiscal
2025,2,Administracion Central,Jefatura De Gobierno,Vicejefatura De Gobierno,Vicejefatura De Gobierno,Dir. Gral. Convivencia En La Diversidad,Buenos Aires Convive,Servicios Sociales,Promoción Y Acción Social,Gastos En Personal,Remuneraciones Al Personal,211749418.0,33948147.0,33948138.79,46569873.11,46569861.85,Fiscal
2025,2,Administracion Central,Jefatura De Gobierno,Vicejefatura De Gobierno,Vicejefatura De Gobierno,Dir. Gral. Convivencia En La Diversidad,Buenos Aires Convive,Servicios Sociales,Promoción Y Acción Social,Bienes De Consumo,Bienes De Consumo,9843943.0,0.0,0.0,0.0,0.0,Fiscal
2025,2,Administracion Central,Jefatura De Gobierno,Vicejefatura De Gobierno,Vicejefatura De Gobierno,Dir. Gral. Convivencia En La Diversidad,Buenos Aires Convive,Servicios Sociales,Promoción Y Acción Social,Servicios No Personales,Servicios No Personales,64534171.0,53499283.0,25084843.0,73390009.21,34411243.58,Fiscal
2025,2,Administracion Central,Jefatura De Gobierno,Vicejefatura De Gobierno,Vicejefatura De Gobierno,Direccion General De Política Y Estrategia Ambiental,Politica Y Estrategia Ambiental,Servicios Económicos,Ecología,Gastos En Personal,Remuneraciones Al Personal,465194209.0,489736527.0,264706345.8,671817755.54,363122645.15,Fiscal
2025,2,Administracion Central,Jefatura De Gobierno,Vicejefatura De Gobierno,Vicejefatura De Gobierno,Direccion General De Política Y Estrategia Ambiental,Politica Y Estrategia Ambiental,Servicios Económicos,Ecología,Bienes De Consumo,Bienes De Consumo,105770014.0,19307359.0,6459008.69,26485724.21,8860431.03,Fiscal
2025,2,Administracion Central,Jefatura De Gobierno,Vicejefatura De Gobierno,Vicejefatura De Gobierno,Direccion General De Política Y Estrategia Ambiental,Politica Y Estrategia Ambiental,Servicios Económicos,Ecología,Servicios No Personales,Servicios No Personales,432033473.0,421086012.0,142359616.89,577643373.27,195288104.98,Fiscal
2025,2,Administracion Central,Jefatura De Gobierno,Vicejefatura De Gobierno,Vicejefatura De Gobierno,Direccion General Vida Independiente E Inclusión Económica,Vida Independiente E Inclusion Economica,Servicios Sociales,Promoción Y Acción Social,Gastos En Personal,Remuneraciones Al Personal,343566937.0,378020406.0,289232350.57,518566222.25,396767277.66,Fiscal
2025,2,Administracion Central,Jefatura De Gobierno,Vicejefatura De Gobierno,Vicejefatura De Gobierno,Direccion General Vida Independiente E Inclusión Económica,Vida Independiente E Inclusion Economica,Servicios Sociales,Promoción Y Acción Social,Bienes De Consumo,Bienes De Consumo,2827517.0,2545025.0,1573567.32,3491250.68,2158610.61,Fiscal
2025,2,Administracion Central,Jefatura De Gobierno,Vicejefatura De Gobierno,Vicejefatura De Gobierno,Direccion General Vida Independiente E Inclusión Económica,Vida Independiente E Inclusion Economica,Servicios Sociales,Promoción Y Acción Social,Servicios No Personales,Servicios No Personales,381256674.0,480491262.0,103977949.0,659135154.1,142636353.37,Fiscal
2025,2,Administracion Central,Jefatura De Gobierno,Vicejefatura De Gobierno,Vicejefatura De Gobierno,Direccion General Vida Independiente E Inclusión Económica,Vida Independiente E Inclusion Economica,Servicios Sociales,Promoción Y Acción Social,Transferencias,Al Sector Privado,762888657.0,778528657.0,157194820.55,1067981141.14,215638952.17,Fiscal
2025,2,Administracion Central,Jefatura De Gobierno,Vicejefatura De Gobierno,Vicejefatura De Gobierno,Direccion General Vida Independiente E Inclusión Económica,Vida Independiente E Inclusion Economica,Servicios Sociales,Promoción Y Acción Social,Bienes De Uso,Maquinaria Y Equipo,0.0,40000000.0,0.0,54871770.31,0.0,Fiscal
2025,2,Administracion Central,Jefatura De Gobierno,Vicejefatura De Gobierno,Vicejefatura De Gobierno,Direccion General De Accesibilidad Universal,Accesibilidad Universal,Servicios Sociales,Promoción Y Acción Social,Gastos En Personal,Remuneraciones Al Personal,0.0,139383410.0,139383403.3,191205361.46,191205352.27,Fiscal
2025,2,Administracion Central,Jefatura De Gobierno,Vicejefatura De Gobierno,Vicejefatura De Gobierno,Direccion General De Accesibilidad Universal,Accesibilidad Universal,Servicios Sociales,Promoción Y Acción Social,Bienes De Consumo,Bienes De Consumo,2722794.0,2722794.0,641841.79,3735113.17,880474.88,Fiscal
2025,2,Administracion Central,Jefatura De Gobierno,Vicejefatura De Gobierno,Vicejefatura De Gobierno,Direccion General De Accesibilidad Universal,Accesibilidad Universal,Servicios Sociales,Promoción Y Acción Social,Servicios No Personales,Servicios No Personales,661361397.0,833033629.0,68709343.0,1142750748.75,94255082.18,Fiscal
2025,2,Administracion Central,Jefatura De Gobierno,Vicejefatura De Gobierno,Vicejefatura De Gobierno,Direccion General Colectividades Y Migrantes,Fortalecimiento De La Diversidad Cultural,Servicios Sociales,Cultura,Gastos En Personal,Remuneraciones Al Personal,229322917.0,48400864.0,48400856.75,66396027.3,66396017.36,Fiscal
2025,2,Administracion Central,Jefatura De Gobierno,Vicejefatura De Gobierno,Vicejefatura De Gobierno,Direccion General Colectividades Y Migrantes,Fortalecimiento De La Diversidad Cultural,Servicios Sociales,Cultura,Bienes De Consumo,Bienes De Consumo,24190964.0,0.0,0.0,0.0,0.0,Fiscal
2025,2,Administracion Central,Jefatura De Gobierno,Vicejefatura De Gobierno,Vicejefatura De Gobierno,Direccion General Colectividades Y Migrantes,Fortalecimiento De La Diversidad Cultural,Servicios Sociales,Cultura,Servicios No Personales,Servicios No Personales,1064300894.0,164506823.0,147310474.86,225669515.15,202079663.52,Fiscal
2025,2,Administracion Central,Jefatura De Gobierno,Vicejefatura De Gobierno,Vicejefatura De Gobierno,Direccion General Entidades,Entidades,Servicios Sociales,Cultura,Gastos En Personal,Remuneraciones Al Personal,123631686.0,67787950.0,23868457.2,92991120.55,32742612.53,Fiscal
2025,2,Administracion Central,Jefatura De Gobierno,Vicejefatura De Gobierno,Vicejefatura De Gobierno,Direccion General Entidades,Entidades,Servicios Sociales,Cultura,Bienes De Consumo,Bienes De Consumo,10367557.0,10367557.0,0.0,14222155.16,0.0,Fiscal
2025,2,Administracion Central,Jefatura De Gobierno,Vicejefatura De Gobierno,Vicejefatura De Gobierno,Direccion General Entidades,Entidades,Servicios Sociales,Cultura,Servicios No Personales,Servicios No Personales,100681413.0,86647493.0,27673534.0,118862533.34,37962395.03,Fiscal
2025,2,Administracion Central,Jefatura De Gobierno,Vicejefatura De Gobierno,Vicejefatura De Gobierno,Direccion General Cultura Del Servicio Publico,Funcion Publica,Servicios Sociales,Cultura,Gastos En Personal,Remuneraciones Al Personal,156131666.0,158650550.0,146968574.15,217635913.47,201610646.08,Fiscal
2025,2,Administracion Central,Jefatura De Gobierno,Vicejefatura De Gobierno,Vicejefatura De Gobierno,Direccion General Cultura Del Servicio Publico,Funcion Publica,Servicios Sociales,Cultura,Bienes De Consumo,Bienes De Consumo,3246404.0,24746404.0,6022855.85,33946974.91,8262119.07,Fiscal
2025,2,Administracion Central,Jefatura De Gobierno,Vicejefatura De Gobierno,Vicejefatura De Gobierno,Direccion General Cultura Del Servicio Publico,Funcion Publica,Servicios Sociales,Cultura,Servicios No Personales,Servicios No Personales,359591671.0,392406542.0,200957342.27,538301041.01,275672128.17,Fiscal
2025,2,Administracion Central,Jefatura De Gobierno,Vicejefatura De Gobierno,Vicejefatura De Gobierno,Direccion General Autonomía Económica De La Mujer,Insercion Laboral De La Mujer,Servicios Sociales,Promoción Y Acción Social,Gastos En Personal,Remuneraciones Al Personal,99429991.0,95574257.0,31323246.63,131108216.94,42969049.86,Fiscal
2025,2,Administracion Central,Jefatura De Gobierno,Vicejefatura De Gobierno,Vicejefatura De Gobierno,Direccion General Autonomía Económica De La Mujer,Insercion Laboral De La Mujer,Servicios Sociales,Promoción Y Acción Social,Bienes De Consumo,Bienes De Consumo,1820223.0,1034801.0,0.0,1419534.07,0.0,Fiscal
2025,2,Administracion Central,Jefatura De Gobierno,Vicejefatura De Gobierno,Vicejefatura De Gobierno,Direccion General Autonomía Económica De La Mujer,Insercion Laboral De La Mujer,Servicios Sociales,Promoción Y Acción Social,Servicios No Personales,Servicios No Personales,142967297.0,72281407.0,14405697.0,99155219.06,19761652.42,Fiscal
2025,2,Administracion Central,Jefatura De Gobierno,Vicejefatura De Gobierno,Vicejefatura De Gobierno,Direccion General Autonomía Económica De La Mujer,Insercion Laboral De La Mujer,Servicios Sociales,Promoción Y Acción Social,Transferencias,Al Sector Público,29479465.0,29479465.0,0.0,40439760.81,0.0,Fiscal
2025,2,Organismos Descentralizados,Jefatura De Gobierno,Vicejefatura De Gobierno,Agencia Ambiental,Agencia Ambiental,Actividades Comunes,Servicios Económicos,Ecología,Gastos En Personal,Remuneraciones Al Personal,1878287397.0,1829041513.0,1029239504.68,2509068644.67,1411904842.34,Fiscal
2025,2,Organismos Descentralizados,Jefatura De Gobierno,Vicejefatura De Gobierno,Agencia Ambiental,Agencia Ambiental,Actividades Comunes,Servicios Económicos,Ecología,Servicios No Personales,Servicios No Personales,1227753993.0,1017897957.0,304973452.16,1396346572.36,418360830.43,Fiscal
2025,2,Organismos Descentralizados,Jefatura De Gobierno,Vicejefatura De Gobierno,Agencia Ambiental,Agencia Ambiental,Actividades Comunes,Servicios Económicos,Ecología,Bienes De Consumo,Bienes De Consumo,67882620.0,28061780.0,7257927.39,38494988.67,9956383.12,Fiscal
2025,2,Organismos Descentralizados,Jefatura De Gobierno,Vicejefatura De Gobierno,Agencia Ambiental,Agencia Ambiental,Actividades Comunes,Administración Gubernamental,Control De La Gestión,Gastos En Personal,Remuneraciones Al Personal,107764419.0,107764419.0,53442539.74,147830611.17,73312169.13,Fiscal
2025,2,Organismos Descentralizados,Jefatura De Gobierno,Vicejefatura De Gobierno,Agencia Ambiental,Agencia Ambiental,Actividades Comunes,Administración Gubernamental,Control De La Gestión,Bienes De Consumo,Bienes De Consumo,8358255.0,8098255.0,0.0,11109139.71,0.0,Fiscal
2025,2,Organismos Descentralizados,Jefatura De Gobierno,Vicejefatura De Gobierno,Agencia Ambiental,Agencia Ambiental,Actividades Comunes,Administración Gubernamental,Control De La Gestión,Servicios No Personales,Servicios No Personales,29372558.0,20869010.0,8686740.0,28627988.08,11916420.05,Fiscal
2025,2,Organismos Descentralizados,Jefatura De Gobierno,Vicejefatura De Gobierno,Agencia Ambiental,Agencia Ambiental,Actividades Comunes,Servicios Económicos,Ecología,Bienes De Uso,Maquinaria Y Equipo,22576028.0,22576028.0,0.0,30969665.57,0.0,Fiscal
2025,2,Organismos Descentralizados,Jefatura De Gobierno,Vicejefatura De Gobierno,Agencia Ambiental,Agencia Ambiental,Actividades Comunes,Servicios Económicos,Ecología,Bienes De Uso,Activos Intangibles,192046256.0,192046256.0,40728697.64,263447951.2,55871393.55,Fiscal
2025,2,Organismos Descentralizados,Jefatura De Gobierno,Vicejefatura De Gobierno,Agencia Ambiental,Agencia Ambiental,Actividades Comunes,Servicios Económicos,Ecología,Transferencias,Al Sector Privado,51021270.0,51021270.0,0.0,69990685.21,0.0,Fiscal
2025,2,Organismos Descentralizados,Jefatura De Gobierno,Vicejefatura De Gobierno,Agencia Ambiental,Agencia Ambiental,Intervenciones Veterinarias,Servicios Económicos,Ecología,Bienes De Consumo,Bienes De Consumo,132610599.0,0.0,0.0,0.0,0.0,Fiscal
2025,2,Organismos Descentralizados,Jefatura De Gobierno,Vicejefatura De Gobierno,Agencia Ambiental,Agencia Ambiental,Intervenciones Veterinarias,Servicios Económicos,Ecología,Servicios No Personales,Servicios No Personales,132610598.0,0.0,0.0,0.0,0.0,Fiscal
2025,2,Organismos Descentralizados,Jefatura De Gobierno,Vicejefatura De Gobierno,Agencia Ambiental,Agencia Ambiental,Intervenciones Veterinarias,Servicios Económicos,Ecología,Bienes De Uso,Maquinaria Y Equipo,130928116.0,0.0,0.0,0.0,0.0,Fiscal
2025,2,Organismos Descentralizados,Jefatura De Gobierno,Vicejefatura De Gobierno,Agencia Ambiental,Agencia Ambiental,Intervenciones Veterinarias,Servicios Económicos,Ecología,Transferencias,Al Sector Privado,51021268.0,0.0,0.0,0.0,0.0,Fiscal
2025,2,Organismos Descentralizados,Jefatura De Gobierno,Vicejefatura De Gobierno,Agencia Ambiental,Agencia Ambiental,Sanidad Y Tenencia Responsable De Mascotas,Servicios Económicos,Ecología,Gastos En Personal,Remuneraciones Al Personal,478884061.0,0.0,0.0,0.0,0.0,Fiscal
2025,2,Organismos Descentralizados,Jefatura De Gobierno,Vicejefatura De Gobierno,Agencia Ambiental,Agencia Ambiental,Sanidad Y Tenencia Responsable De Mascotas,Servicios Económicos,Ecología,Bienes De Consumo,Bienes De Consumo,18662909.0,0.0,0.0,0.0,0.0,Fiscal
2025,2,Organismos Descentralizados,Jefatura De Gobierno,Vicejefatura De Gobierno,Agencia Ambiental,Agencia Ambiental,Sanidad Y Tenencia Responsable De Mascotas,Servicios Económicos,Ecología,Servicios No Personales,Servicios No Personales,469898293.0,0.0,0.0,0.0,0.0,Fiscal
2025,2,Organismos Descentralizados,Jefatura De Gobierno,Vicejefatura De Gobierno,Agencia Ambiental,Agencia Ambiental,Sanidad Y Tenencia Responsable De Mascotas,Servicios Económicos,Ecología,Transferencias,Al Sector Privado,51021268.0,0.0,0.0,0.0,0.0,Fiscal
2025,2,Organismos Descentralizados,Jefatura De Gobierno,Vicejefatura De Gobierno,Agencia Ambiental,Dirección General De Control Ambiental,Control Ambiental,Servicios Económicos,Ecología,Gastos En Personal,Remuneraciones Al Personal,1893715489.0,1907966087.0,1056704324.55,2617336922.07,1449580924.53,Fiscal
2025,2,Organismos Descentralizados,Jefatura De Gobierno,Vicejefatura De Gobierno,Agencia Ambiental,Dirección General De Control Ambiental,Control Ambiental,Servicios Económicos,Ecología,Bienes De Consumo,Bienes De Consumo,38560240.0,33560240.0,941465.6,46037744.52,1291497.1,Fiscal
2025,2,Organismos Descentralizados,Jefatura De Gobierno,Vicejefatura De Gobierno,Agencia Ambiental,Dirección General De Control Ambiental,Control Ambiental,Servicios Económicos,Ecología,Servicios No Personales,Servicios No Personales,423356811.0,494351660.0,205930842.47,678148768.48,282494747.19,Fiscal
2025,2,Organismos Descentralizados,Jefatura De Gobierno,Vicejefatura De Gobierno,Agencia Ambiental,Dirección General De Control Ambiental,Laboratorio De Analisis Y Calidad Ambiental,Servicios Económicos,Ecología,Gastos En Personal,Remuneraciones Al Personal,430488260.0,431192780.0,229836114.36,591507779.58,315287861.9,Fiscal
2025,2,Organismos Descentralizados,Jefatura De Gobierno,Vicejefatura De Gobierno,Agencia Ambiental,Dirección General De Control Ambiental,Laboratorio De Analisis Y Calidad Ambiental,Servicios Económicos,Ecología,Bienes De Consumo,Bienes De Consumo,94033796.0,94033796.0,0.0,128995021.38,0.0,Fiscal
2025,2,Organismos Descentralizados,Jefatura De Gobierno,Vicejefatura De Gobierno,Agencia Ambiental,Dirección General De Control Ambiental,Laboratorio De Analisis Y Calidad Ambiental,Servicios Económicos,Ecología,Servicios No Personales,Servicios No Personales,94033795.0,94033795.0,0.0,128995020.01,0.0,Fiscal
2025,2,Organismos Descentralizados,Jefatura De Gobierno,Vicejefatura De Gobierno,Agencia Ambiental,Dirección General De Control Ambiental,Laboratorio De Analisis Y Calidad Ambiental,Servicios Económicos,Ecología,Bienes De Uso,Maquinaria Y Equipo,92840753.0,92840753.0,0.0,127358411.85,0.0,Fiscal
2025,2,Organismos Descentralizados,Jefatura De Gobierno,Vicejefatura De Gobierno,Agencia Ambiental,Dirección General De Control Ambiental,Redes Ambientales,Servicios Económicos,Ecología,Bienes De Consumo,Bienes De Consumo,79334655.0,79550053.0,5967237.34,109126305.91,8185821.92,Fiscal
2025,2,Organismos Descentralizados,Jefatura De Gobierno,Vicejefatura De Gobierno,Agencia Ambiental,Dirección General De Control Ambiental,Redes Ambientales,Servicios Económicos,Ecología,Servicios No Personales,Servicios No Personales,79334655.0,79334655.0,23839355.0,108830824.17,32702690.3,Fiscal
2025,2,Organismos Descentralizados,Jefatura De Gobierno,Vicejefatura De Gobierno,Agencia Ambiental,Dirección General De Control Ambiental,Redes Ambientales,Servicios Económicos,Ecología,Bienes De Uso,Maquinaria Y Equipo,78328104.0,78328104.0,0.0,107450043.29,0.0,Fiscal
2025,2,Organismos Descentralizados,Jefatura De Gobierno,Vicejefatura De Gobierno,Agencia Ambiental,Dirección General De Control Ambiental,Acciones Para La Restauracion Ecologica,Servicios Económicos,Ecología,Gastos En Personal,Remuneraciones Al Personal,174164832.0,174505032.0,83956091.83,239385000.84,115170484.67,Fiscal
2025,2,Organismos Descentralizados,Jefatura De Gobierno,Vicejefatura De Gobierno,Agencia Ambiental,Dirección General De Control Ambiental,Acciones Para La Restauracion Ecologica,Servicios Económicos,Ecología,Servicios No Personales,Servicios No Personales,129071342.0,129071342.0,45046241.55,177059325.79,61794175.49,Fiscal
2025,2,Organismos Descentralizados,Jefatura De Gobierno,Vicejefatura De Gobierno,Agencia Ambiental,Dirección General De Evaluación Ambiental,Evaluacion Tecnica,Servicios Económicos,Ecología,Gastos En Personal,Remuneraciones Al Personal,1151485637.0,1216539094.0,657376099.97,1668841343.44,901784759.1,Fiscal
2025,2,Organismos Descentralizados,Jefatura De Gobierno,Vicejefatura De Gobierno,Agencia Ambiental,Dirección General De Evaluación Ambiental,Evaluacion Tecnica,Servicios Económicos,Ecología,Bienes De Consumo,Bienes De Consumo,9237859.0,9237859.0,166687.84,12672441.93,228661.42,Fiscal
2025,2,Organismos Descentralizados,Jefatura De Gobierno,Vicejefatura De Gobierno,Agencia Ambiental,Dirección General De Evaluación Ambiental,Evaluacion Tecnica,Servicios Económicos,Ecología,Servicios No Personales,Servicios No Personales,458974641.0,281019215.0,120194294.0,385500545.45,164881842.32,Fiscal
2025,2,Administracion Central,Jefatura De Gobierno,Sec.Gral. Y Relaciones Internacionales,Sec.Gral. Y Relaciones Internacionales,Subsecretaría De Análisis Prospectivo,Analisis Prospectivo,Administración Gubernamental,Dirección Ejecutiva,Gastos En Personal,Remuneraciones Al Personal,0.0,265537356.0,28186740.67,364262620.17,38666408.99,Fiscal
2025,2,Administracion Central,Jefatura De Gobierno,Sec.Gral. Y Relaciones Internacionales,Sec.Gral. Y Relaciones Internacionales,Subsecretaría De Análisis Prospectivo,Analisis Prospectivo,Administración Gubernamental,Dirección Ejecutiva,Bienes De Consumo,Bienes De Consumo,0.0,3097049.0,0.0,4248514.03,0.0,Fiscal
2025,2,Administracion Central,Jefatura De Gobierno,Sec.Gral. Y Relaciones Internacionales,Sec.Gral. Y Relaciones Internacionales,Subsecretaría De Análisis Prospectivo,Analisis Prospectivo,Administración Gubernamental,Dirección Ejecutiva,Servicios No Personales,Servicios No Personales,0.0,6440921.0,0.0,8835618.44,0.0,Fiscal
2025,2,Administracion Central,Jefatura De Gobierno,Sec.Gral. Y Relaciones Internacionales,Sec.Gral. Y Relaciones Internacionales,Dirección General Protocolo Y Ceremonial,Protocolo Y Ceremonial,Administración Gubernamental,Dirección Ejecutiva,Gastos En Personal,Remuneraciones Al Personal,367049312.0,375126895.0,188663388.29,514596920.48,258807352.7,Fiscal
2025,2,Administracion Central,Jefatura De Gobierno,Sec.Gral. Y Relaciones Internacionales,Sec.Gral. Y Relaciones Internacionales,Dirección General Protocolo Y Ceremonial,Protocolo Y Ceremonial,Administración Gubernamental,Dirección Ejecutiva,Bienes De Consumo,Bienes De Consumo,21593840.0,21593840.0,8237196.54,29622305.71,11299738.91,Fiscal
2025,2,Administracion Central,Jefatura De Gobierno,Sec.Gral. Y Relaciones Internacionales,Sec.Gral. Y Relaciones Internacionales,Dirección General Protocolo Y Ceremonial,Protocolo Y Ceremonial,Administración Gubernamental,Dirección Ejecutiva,Servicios No Personales,Servicios No Personales,78436515.0,32210262.0,7813737.87,44185852.45,10718840.74,Fiscal
2025,2,Administracion Central,Jefatura De Gobierno,Sec.Gral. Y Relaciones Internacionales,Sec.Gral. Y Relaciones Internacionales,Dirección General Protocolo Y Ceremonial,Protocolo Y Ceremonial,Administración Gubernamental,Dirección Ejecutiva,Bienes De Uso,Maquinaria Y Equipo,5169706.0,17169706.0,113670.8,23553304.1,155932.95,Fiscal
2025,2,Administracion Central,Jefatura De Gobierno,Sec.Gral. Y Relaciones Internacionales,Sec.Gral. Y Relaciones Internacionales,Dirección General Cooperación Bilateral,Cooperacion Bilateral,Administración Gubernamental,Dirección Ejecutiva,Gastos En Personal,Remuneraciones Al Personal,216500941.0,216760103.0,71005473.48,297350264.6,97404900.79,Fiscal
2025,2,Administracion Central,Jefatura De Gobierno,Sec.Gral. Y Relaciones Internacionales,Sec.Gral. Y Relaciones Internacionales,Dirección General Cooperación Bilateral,Cooperacion Bilateral,Administración Gubernamental,Dirección Ejecutiva,Bienes De Consumo,Bienes De Consumo,19499384.0,11121561.0,383573.11,15256493.52,526183.39,Fiscal
2025,2,Administracion Central,Jefatura De Gobierno,Sec.Gral. Y Relaciones Internacionales,Sec.Gral. Y Relaciones Internacionales,Dirección General Cooperación Bilateral,Cooperacion Bilateral,Administración Gubernamental,Dirección Ejecutiva,Servicios No Personales,Servicios No Personales,42010596.0,12330516.0,4137410.62,16914931.04,5675676.13,Fiscal
2025,2,Administracion Central,Jefatura De Gobierno,Sec.Gral. Y Relaciones Internacionales,Sec.Gral. Y Relaciones Internacionales,Dirección General Cooperación Bilateral,Cooperacion Bilateral,Administración Gubernamental,Dirección Ejecutiva,Bienes De Uso,Maquinaria Y Equipo,2067883.0,2067883.0,482342.72,2836710.03,661674.97,Fiscal
2025,2,Administracion Central,Jefatura De Gobierno,Sec.Gral. Y Relaciones Internacionales,Sec.Gral. Y Relaciones Internacionales,Dirección General Cooperación Multilateral,Cooperacion Multilateral,Administración Gubernamental,Dirección Ejecutiva,Gastos En Personal,Remuneraciones Al Personal,331602808.0,331708748.0,110586071.66,455036155.74,151701338.09,Fiscal
2025,2,Administracion Central,Jefatura De Gobierno,Sec.Gral. Y Relaciones Internacionales,Sec.Gral. Y Relaciones Internacionales,Dirección General Cooperación Multilateral,Cooperacion Multilateral,Administración Gubernamental,Dirección Ejecutiva,Bienes De Consumo,Bienes De Consumo,18975770.0,10680691.0,760082.78,14651710.58,1042677.19,Fiscal
2025,2,Administracion Central,Jefatura De Gobierno,Sec.Gral. Y Relaciones Internacionales,Sec.Gral. Y Relaciones Internacionales,Dirección General Cooperación Multilateral,Cooperacion Multilateral,Administración Gubernamental,Dirección Ejecutiva,Servicios No Personales,Servicios No Personales,63665871.0,12730063.0,4405570.0,17463027.32,6043535.63,Fiscal
2025,2,Administracion Central,Jefatura De Gobierno,Sec.Gral. Y Relaciones Internacionales,Sec.Gral. Y Relaciones Internacionales,Dirección General Cooperación Multilateral,Cooperacion Multilateral,Administración Gubernamental,Dirección Ejecutiva,Bienes De Uso,Maquinaria Y Equipo,2067883.0,2067883.0,26300.0,2836710.03,36078.19,Fiscal
2025,2,Administracion Central,Jefatura De Gobierno,Sec.Gral. Y Relaciones Internacionales,Sec.Gral. Y Relaciones Internacionales,Dirección General Cooperación Multilateral,Cooperacion Multilateral,Administración Gubernamental,Dirección Ejecutiva,Transferencias,Al Sector Externo,0.0,61418149.0,34075000.0,84253064.12,46743889.33,Fiscal
2025,2,Administracion Central,Jefatura De Gobierno,Sec.Gral. Y Relaciones Internacionales,Sec.Gral. Y Relaciones Internacionales,Dirección General Relaciones Institucionales,Relaciones Institucionales,Administración Gubernamental,Dirección Ejecutiva,Gastos En Personal,Remuneraciones Al Personal,327629569.0,584438462.0,153731018.83,801729326.16,210887328.86,Fiscal
2025,2,Administracion Central,Jefatura De Gobierno,Sec.Gral. Y Relaciones Internacionales,Sec.Gral. Y Relaciones Internacionales,Dirección General Relaciones Institucionales,Relaciones Institucionales,Administración Gubernamental,Dirección Ejecutiva,Bienes De Consumo,Bienes De Consumo,37951540.0,23204048.0,439360.0,31831179.8,602711.53,Fiscal
2025,2,Administracion Central,Jefatura De Gobierno,Sec.Gral. Y Relaciones Internacionales,Sec.Gral. Y Relaciones Internacionales,Dirección General Relaciones Institucionales,Relaciones Institucionales,Administración Gubernamental,Dirección Ejecutiva,Servicios No Personales,Servicios No Personales,77092730.0,632699252.0,665547.48,867933200.76,912994.21,Fiscal
2025,2,Administracion Central,Jefatura De Gobierno,Sec.Gral. Y Relaciones Internacionales,Sec.Gral. Y Relaciones Internacionales,Dirección General Relaciones Institucionales,Relaciones Institucionales,Administración Gubernamental,Dirección Ejecutiva,Bienes De Uso,Maquinaria Y Equipo,1033941.0,1033941.0,525000.0,1418354.33,720191.99,Fiscal
2025,2,Administracion Central,Jefatura De Gobierno,Sec.Gral. Y Relaciones Internacionales,Sec.Gral. Y Relaciones Internacionales,Subsecretaría De Relaciones Internacionales,Actividades Comunes,Administración Gubernamental,Dirección Ejecutiva,Gastos En Personal,Remuneraciones Al Personal,328491304.0,355162804.0,207712968.8,487210295.08,284939457.85,Fiscal
2025,2,Administracion Central,Jefatura De Gobierno,Sec.Gral. Y Relaciones Internacionales,Sec.Gral. Y Relaciones Internacionales,Subsecretaría De Relaciones Internacionales,Actividades Comunes,Administración Gubernamental,Dirección Ejecutiva,Bienes De Consumo,Bienes De Consumo,36255028.0,27895405.0,633858.26,38266756.4,869523.12,Fiscal
2025,2,Administracion Central,Jefatura De Gobierno,Sec.Gral. Y Relaciones Internacionales,Sec.Gral. Y Relaciones Internacionales,Subsecretaría De Relaciones Internacionales,Actividades Comunes,Administración Gubernamental,Dirección Ejecutiva,Servicios No Personales,Servicios No Personales,1440623111.0,221764838.0,57900075.82,304215731.33,79426991.53,Fiscal
2025,2,Administracion Central,Jefatura De Gobierno,Sec.Gral. Y Relaciones Internacionales,Sec.Gral. Y Relaciones Internacionales,Subsecretaría De Relaciones Internacionales,Actividades Comunes,Administración Gubernamental,Dirección Ejecutiva,Bienes De Uso,Maquinaria Y Equipo,5169707.0,5169707.0,2230182.44,7091774.38,3059351.46,Fiscal
2025,2,Administracion Central,Jefatura De Gobierno,Sec.Gral. Y Relaciones Internacionales,Sec.Gral. Y Relaciones Internacionales,Subsecretaría De Relaciones Internacionales,Actividades Comunes,Administración Gubernamental,Dirección Ejecutiva,Transferencias,Al Sector Externo,63527858.0,2109709.0,0.0,2894086.69,0.0,Fiscal
2025,2,Administracion Central,Jefatura De Gobierno,Sec.Gral. Y Relaciones Internacionales,Sec.Gral. Y Relaciones Internacionales,Secretaría General,Actividades Centrales,Administración Gubernamental,Dirección Ejecutiva,Gastos En Personal,Remuneraciones Al Personal,823425438.0,838761226.0,459923998.1,1150607833.43,630921099.58,Fiscal
2025,2,Administracion Central,Jefatura De Gobierno,Sec.Gral. Y Relaciones Internacionales,Sec.Gral. Y Relaciones Internacionales,Secretaría General,Actividades Centrales,Administración Gubernamental,Dirección Ejecutiva,Bienes De Consumo,Bienes De Consumo,96344961.0,74750463.0,7856839.57,102542255.91,10777967.41,Fiscal
2025,2,Administracion Central,Jefatura De Gobierno,Sec.Gral. Y Relaciones Internacionales,Sec.Gral. Y Relaciones Internacionales,Secretaría General,Actividades Centrales,Administración Gubernamental,Dirección Ejecutiva,Servicios No Personales,Servicios No Personales,1371834974.0,1043474205.0,379451985.84,1431431922.5,520530055.26,Fiscal
2025,2,Administracion Central,Jefatura De Gobierno,Sec.Gral. Y Relaciones Internacionales,Sec.Gral. Y Relaciones Internacionales,Secretaría General,Actividades Centrales,Administración Gubernamental,Dirección Ejecutiva,Bienes De Uso,Maquinaria Y Equipo,16833804.0,7833804.0,1405894.7,10746367.34,1928598.28,Fiscal
2025,2,Administracion Central,Jefatura De Gobierno,Sec.Gral. Y Relaciones Internacionales,Sec.Gral. Y Relaciones Internacionales,Secretaría General,Actividades Centrales,Servicios De Seguridad,Seguridad Interior,Servicios No Personales,Servicios No Personales,2443067549.0,2443067549.0,391462070.18,3351386034.94,537005419.99,Fiscal
2025,2,Administracion Central,Jefatura De Gobierno,Sec.Gral. Y Relaciones Internacionales,Sec.Gral. Y Relaciones Internacionales,Subsecretaria De Relaciones Institucionales,Actividades Comunes,Administración Gubernamental,Dirección Ejecutiva,Gastos En Personal,Remuneraciones Al Personal,235269085.0,235964093.0,69523709.69,323694187.81,95372225.73,Fiscal
2025,2,Administracion Central,Jefatura De Gobierno,Sec.Gral. Y Relaciones Internacionales,Sec.Gral. Y Relaciones Internacionales,Subsecretaria De Relaciones Institucionales,Actividades Comunes,Administración Gubernamental,Dirección Ejecutiva,Bienes De Consumo,Bienes De Consumo,36778646.0,36778646.0,667235.94,50452735.39,915310.43,Fiscal
2025,2,Administracion Central,Jefatura De Gobierno,Sec.Gral. Y Relaciones Internacionales,Sec.Gral. Y Relaciones Internacionales,Subsecretaria De Relaciones Institucionales,Actividades Comunes,Administración Gubernamental,Dirección Ejecutiva,Servicios No Personales,Servicios No Personales,713863611.0,66365855.0,12574032.18,91040298.8,17248985.14,Fiscal
2025,2,Administracion Central,Jefatura De Gobierno,Sec.Gral. Y Relaciones Internacionales,Sec.Gral. Y Relaciones Internacionales,Subsecretaria De Relaciones Institucionales,Actividades Comunes,Administración Gubernamental,Dirección Ejecutiva,Bienes De Uso,Maquinaria Y Equipo,5169707.0,2169707.0,0.0,2976391.6,0.0,Fiscal
2025,2,Administracion Central,Jefatura De Gobierno,Sec.Gral. Y Relaciones Internacionales,Sec.Gral. Y Relaciones Internacionales,Dirección General Cultos,Relaciones Con Los Cultos,Servicios Sociales,Cultura,Gastos En Personal,Remuneraciones Al Personal,312652770.0,308607789.0,140965581.53,423346392.84,193375775.28,Fiscal
2025,2,Administracion Central,Jefatura De Gobierno,Sec.Gral. Y Relaciones Internacionales,Sec.Gral. Y Relaciones Internacionales,Dirección General Cultos,Relaciones Con Los Cultos,Servicios Sociales,Cultura,Bienes De Consumo,Bienes De Consumo,21070226.0,21070226.0,871284.59,28904015.04,1195223.2,Fiscal
2025,2,Administracion Central,Jefatura De Gobierno,Sec.Gral. Y Relaciones Internacionales,Sec.Gral. Y Relaciones Internacionales,Dirección General Cultos,Relaciones Con Los Cultos,Servicios Sociales,Cultura,Servicios No Personales,Servicios No Personales,222546356.0,553277846.0,448076119.96,758983372.07,614668248.38,Fiscal
2025,2,Administracion Central,Jefatura De Gobierno,Sec.Gral. Y Relaciones Internacionales,Sec.Gral. Y Relaciones Internacionales,Dirección General Cultos,Relaciones Con Los Cultos,Servicios Sociales,Cultura,Bienes De Uso,Maquinaria Y Equipo,1033941.0,1033941.0,425000.0,1418354.33,583012.56,Fiscal
2025,2,Administracion Central,Jefatura De Gobierno,Secretaria Legal Y Tecnica,Secretaria Legal Y Tecnica,Secretaria Legal Y Tecnica,Actividades Centrales,Administración Gubernamental,Dirección Ejecutiva,Gastos En Personal,Remuneraciones Al Personal,1306453386.0,1532031079.0,826500929.99,2101631436.82,1133789229.76,Fiscal
2025,2,Administracion Central,Jefatura De Gobierno,Secretaria Legal Y Tecnica,Secretaria Legal Y Tecnica,Secretaria Legal Y Tecnica,Actividades Centrales,Administración Gubernamental,Dirección Ejecutiva,Bienes De Consumo,Bienes De Consumo,62267941.0,58121788.0,3294201.77,79731135.03,4518967.07,Fiscal
2025,2,Administracion Central,Jefatura De Gobierno,Secretaria Legal Y Tecnica,Secretaria Legal Y Tecnica,Secretaria Legal Y Tecnica,Actividades Centrales,Administración Gubernamental,Dirección Ejecutiva,Servicios No Personales,Servicios No Personales,6141096709.0,5755168108.0,2661290040.96,7894906562.78,3650742396.32,Fiscal
2025,2,Administracion Central,Jefatura De Gobierno,Secretaria Legal Y Tecnica,Secretaria Legal Y Tecnica,Secretaria Legal Y Tecnica,Actividades Centrales,Administración Gubernamental,Dirección Ejecutiva,Bienes De Uso,Maquinaria Y Equipo,9543030.0,20143030.0,10441420.0,27632092.89,14323480.0,Fiscal
2025,2,Administracion Central,Jefatura De Gobierno,Secretaria Legal Y Tecnica,Secretaria Legal Y Tecnica,Secretaria Legal Y Tecnica,Actividades Centrales,Administración Gubernamental,Control De La Gestión,Gastos En Personal,Remuneraciones Al Personal,143590707.0,143590707.0,76486462.09,196976907.32,104923689.49,Fiscal
2025,2,Administracion Central,Jefatura De Gobierno,Secretaria Legal Y Tecnica,Secretaria Legal Y Tecnica,Secretaria Legal Y Tecnica,Actividades Centrales,Administración Gubernamental,Control De La Gestión,Bienes De Consumo,Bienes De Consumo,628337.0,628337.0,0.0,861949.09,0.0,Fiscal
2025,2,Administracion Central,Jefatura De Gobierno,Secretaria Legal Y Tecnica,Secretaria Legal Y Tecnica,Secretaria Legal Y Tecnica,Actividades Centrales,Administración Gubernamental,Control De La Gestión,Servicios No Personales,Servicios No Personales,80126574.0,86715207.0,36929244.72,118955423.02,50659325.85,Fiscal
2025,2,Administracion Central,Jefatura De Gobierno,Secretaria Legal Y Tecnica,Secretaria Legal Y Tecnica,Secretaria Legal Y Tecnica,Actividades Centrales,Administración Gubernamental,Dirección Ejecutiva,Servicios No Personales,Servicios No Personales,0.0,778943.0,0.0,1068549.53,0.0,Fiscal
2025,2,Administracion Central,Jefatura De Gobierno,Secretaria Legal Y Tecnica,Secretaria Legal Y Tecnica,Direccion General De Escribania General,Titularidades De Dominio,Servicios Sociales,Vivienda Y Urbanismo,Gastos En Personal,Remuneraciones Al Personal,418543732.0,420190288.0,278740007.01,576414624.23,382373941.01,Fiscal
2025,2,Administracion Central,Jefatura De Gobierno,Secretaria Legal Y Tecnica,Secretaria Legal Y Tecnica,Direccion General De Escribania General,Titularidades De Dominio,Servicios Sociales,Vivienda Y Urbanismo,Bienes De Consumo,Bienes De Consumo,1457741.0,12457741.0,9635842.66,17089457.57,13218393.63,Fiscal
2025,2,Administracion Central,Jefatura De Gobierno,Secretaria Legal Y Tecnica,Secretaria Legal Y Tecnica,Direccion General De Escribania General,Titularidades De Dominio,Servicios Sociales,Vivienda Y Urbanismo,Servicios No Personales,Servicios No Personales,59853586.0,178364314.0,64779368.06,244679141.73,88863965.12,Fiscal
2025,2,Administracion Central,Jefatura De Gobierno,Secretaria Legal Y Tecnica,Secretaria Legal Y Tecnica,Direccion General De Escribania General,Titularidades De Dominio,Servicios Sociales,Vivienda Y Urbanismo,Bienes De Uso,Maquinaria Y Equipo,1514408.0,5914408.0,3665135.0,8113350.93,5027811.15,Fiscal
2025,2,Administracion Central,Jefatura De Gobierno,Secretaria Legal Y Tecnica,Secretaria Legal Y Tecnica,"Dir.Gral.Mesa De Entradas, Salidas Y Archivo","Gestion Administrativa De Expedientes, Archivos, Procesamiento Digital Y Artes Graficas",Administración Gubernamental,Dirección Ejecutiva,Gastos En Personal,Remuneraciones Al Personal,1904827054.0,1849670147.0,910933150.82,2537366886.33,1249612865.46,Fiscal
2025,2,Administracion Central,Jefatura De Gobierno,Secretaria Legal Y Tecnica,Secretaria Legal Y Tecnica,"Dir.Gral.Mesa De Entradas, Salidas Y Archivo","Gestion Administrativa De Expedientes, Archivos, Procesamiento Digital Y Artes Graficas",Administración Gubernamental,Dirección Ejecutiva,Bienes De Consumo,Bienes De Consumo,553617726.0,934191577.0,247667912.57,1281518640.94,339749420.29,Fiscal
2025,2,Administracion Central,Jefatura De Gobierno,Secretaria Legal Y Tecnica,Secretaria Legal Y Tecnica,"Dir.Gral.Mesa De Entradas, Salidas Y Archivo","Gestion Administrativa De Expedientes, Archivos, Procesamiento Digital Y Artes Graficas",Administración Gubernamental,Dirección Ejecutiva,Servicios No Personales,Servicios No Personales,983158770.0,1268092137.0,654116941.25,1739561511.8,897313863.89,Fiscal
2025,2,Administracion Central,Jefatura De Gobierno,Secretaria Legal Y Tecnica,Secretaria Legal Y Tecnica,"Dir.Gral.Mesa De Entradas, Salidas Y Archivo","Gestion Administrativa De Expedientes, Archivos, Procesamiento Digital Y Artes Graficas",Administración Gubernamental,Dirección Ejecutiva,Bienes De Uso,Maquinaria Y Equipo,9888072.0,9109129.0,4346800.35,12495850.86,5962915.76,Fiscal
2025,2,Administracion Central,Jefatura De Gobierno,Secretaria Legal Y Tecnica,Secretaria Legal Y Tecnica,"Dir.Gral.Mesa De Entradas, Salidas Y Archivo","Gestion Administrativa De Expedientes, Archivos, Procesamiento Digital Y Artes Graficas",Administración Gubernamental,Dirección Ejecutiva,Bienes De Uso,Activos Intangibles,72376.0,72376.0,0.0,99284.98,0.0,Fiscal
2025,2,Administracion Central,Jefatura De Gobierno,Secretaria Legal Y Tecnica,Secretaria Legal Y Tecnica,Dirección General Seguimiento Organismos De Control Y Acceso A La Información,Seguimiento Organismos De Control Y Acceso A La Informacion,Administración Gubernamental,Control De La Gestión,Gastos En Personal,Remuneraciones Al Personal,495758006.0,0.0,0.0,0.0,0.0,Fiscal
2025,2,Administracion Central,Jefatura De Gobierno,Secretaria Legal Y Tecnica,Secretaria Legal Y Tecnica,Dirección General Seguimiento Organismos De Control Y Acceso A La Información,Seguimiento Organismos De Control Y Acceso A La Informacion,Administración Gubernamental,Control De La Gestión,Bienes De Consumo,Bienes De Consumo,696408.0,0.0,0.0,0.0,0.0,Fiscal
2025,2,Administracion Central,Jefatura De Gobierno,Secretaria Legal Y Tecnica,Secretaria Legal Y Tecnica,Dirección General Seguimiento Organismos De Control Y Acceso A La Información,Seguimiento Organismos De Control Y Acceso A La Informacion,Administración Gubernamental,Control De La Gestión,Servicios No Personales,Servicios No Personales,85562094.0,0.0,0.0,0.0,0.0,Fiscal
2025,2,Administracion Central,Jefatura De Gobierno,Secretaria Legal Y Tecnica,Secretaria Legal Y Tecnica,Dirección General Seguimiento Organismos De Control Y Acceso A La Información,Seguimiento Organismos De Control Y Acceso A La Informacion,Administración Gubernamental,Control De La Gestión,Bienes De Uso,Maquinaria Y Equipo,324516.0,0.0,0.0,0.0,0.0,Fiscal
2025,2,Administracion Central,Jefatura De Gobierno,Secretaria Legal Y Tecnica,Secretaria Legal Y Tecnica,Subsecretaría De Asuntos Jurídicos,Actividades Comunes,Administración Gubernamental,Dirección Ejecutiva,Gastos En Personal,Remuneraciones Al Personal,176912424.0,185731719.0,110601822.16,254785705.6,151722944.53,Fiscal
2025,2,Administracion Central,Jefatura De Gobierno,Secretaria Legal Y Tecnica,Secretaria Legal Y Tecnica,Subsecretaría De Asuntos Jurídicos,Actividades Comunes,Administración Gubernamental,Dirección Ejecutiva,Bienes De Consumo,Bienes De Consumo,10068244.0,9918244.0,329297.36,13605790.17,451728.23,Fiscal
2025,2,Administracion Central,Jefatura De Gobierno,Secretaria Legal Y Tecnica,Secretaria Legal Y Tecnica,Subsecretaría De Asuntos Jurídicos,Actividades Comunes,Administración Gubernamental,Dirección Ejecutiva,Servicios No Personales,Servicios No Personales,70247518.0,84716558.0,33704306.21,116213687.8,46235373.72,Fiscal
2025,2,Administracion Central,Jefatura De Gobierno,Secretaria Legal Y Tecnica,Secretaria Legal Y Tecnica,Subsecretaría De Asuntos Jurídicos,Actividades Comunes,Administración Gubernamental,Dirección Ejecutiva,Bienes De Uso,Maquinaria Y Equipo,649032.0,1500000.0,0.0,2057691.39,0.0,Fiscal
2025,2,Administracion Central,Jefatura De Gobierno,Secretaria Legal Y Tecnica,Secretaria Legal Y Tecnica,Dirección General Coordinación Legal,Coordinacion Legal,Administración Gubernamental,Dirección Ejecutiva,Bienes De Consumo,Bienes De Consumo,6425642.0,6015642.0,99014.0,8252223.15,135826.84,Fiscal
2025,2,Administracion Central,Jefatura De Gobierno,Secretaria Legal Y Tecnica,Secretaria Legal Y Tecnica,Dirección General Coordinación Legal,Coordinacion Legal,Administración Gubernamental,Dirección Ejecutiva,Servicios No Personales,Servicios No Personales,221274908.0,159243688.0,72692646.0,218449576.78,99719354.36,Fiscal
2025,2,Administracion Central,Jefatura De Gobierno,Secretaria Legal Y Tecnica,Secretaria Legal Y Tecnica,Dirección General Coordinación Legal,Coordinacion Legal,Administración Gubernamental,Dirección Ejecutiva,Gastos En Personal,Remuneraciones Al Personal,378322418.0,389849911.0,199395265.71,534793869.28,273529280.52,Fiscal
2025,2,Administracion Central,Jefatura De Gobierno,Secretaria Legal Y Tecnica,Secretaria Legal Y Tecnica,Dirección General Coordinación Legal,Coordinacion Legal,Administración Gubernamental,Dirección Ejecutiva,Bienes De Uso,Maquinaria Y Equipo,324516.0,0.0,0.0,0.0,0.0,Fiscal
2025,2,Administracion Central,Jefatura De Gobierno,Secretaria Legal Y Tecnica,Secretaria Legal Y Tecnica,Dirección General Coordinación Y Consolidación Normativa,Coordinacion Y Consolidacion Normativa,Administración Gubernamental,Dirección Ejecutiva,Bienes De Consumo,Bienes De Consumo,6425641.0,6425641.0,161326.69,8814657.43,221307.03,Fiscal
2025,2,Administracion Central,Jefatura De Gobierno,Secretaria Legal Y Tecnica,Secretaria Legal Y Tecnica,Dirección General Coordinación Y Consolidación Normativa,Coordinacion Y Consolidacion Normativa,Administración Gubernamental,Dirección Ejecutiva,Servicios No Personales,Servicios No Personales,183716222.0,178070940.0,77532533.52,244276692.96,106358684.27,Fiscal
2025,2,Administracion Central,Jefatura De Gobierno,Secretaria Legal Y Tecnica,Secretaria Legal Y Tecnica,Dirección General Coordinación Y Consolidación Normativa,Coordinacion Y Consolidacion Normativa,Administración Gubernamental,Dirección Ejecutiva,Gastos En Personal,Remuneraciones Al Personal,450538191.0,337732190.0,189810187.48,463299078.89,260380525.24,Fiscal
2025,2,Administracion Central,Jefatura De Gobierno,Secretaria Legal Y Tecnica,Secretaria Legal Y Tecnica,Dirección General Coordinación Y Consolidación Normativa,Coordinacion Y Consolidacion Normativa,Administración Gubernamental,Dirección Ejecutiva,Bienes De Uso,Maquinaria Y Equipo,324516.0,0.0,0.0,0.0,0.0,Fiscal
2025,2,Administracion Central,Jefatura De Gobierno,Secretaria Legal Y Tecnica,Secretaria Legal Y Tecnica,Dirección General Acceso A La Información Y Gobierno Abierto,Acceso A La Informacion Y Gobierno Abierto,Administración Gubernamental,Control De La Gestión,Gastos En Personal,Remuneraciones Al Personal,0.0,483598757.0,252558345.57,663397997.89,346458088.19,Fiscal
2025,2,Administracion Central,Jefatura De Gobierno,Secretaria Legal Y Tecnica,Secretaria Legal Y Tecnica,Dirección General Acceso A La Información Y Gobierno Abierto,Acceso A La Informacion Y Gobierno Abierto,Administración Gubernamental,Control De La Gestión,Bienes De Consumo,Bienes De Consumo,0.0,696408.0,272314.24,955328.5,373559.11,Fiscal
2025,2,Administracion Central,Jefatura De Gobierno,Secretaria Legal Y Tecnica,Secretaria Legal Y Tecnica,Dirección General Acceso A La Información Y Gobierno Abierto,Acceso A La Informacion Y Gobierno Abierto,Administración Gubernamental,Control De La Gestión,Servicios No Personales,Servicios No Personales,0.0,166124167.0,69948993.62,227888178.36,95955627.78,Fiscal
2025,2,Administracion Central,Jefatura De Gobierno,Secretaria Legal Y Tecnica,Secretaria Legal Y Tecnica,Dirección General Acceso A La Información Y Gobierno Abierto,Acceso A La Informacion Y Gobierno Abierto,Administración Gubernamental,Control De La Gestión,Bienes De Uso,Maquinaria Y Equipo,0.0,122580.0,0.0,168154.54,0.0,Fiscal
2025,2,Administracion Central,Jefatura De Gobierno,Secretaria Legal Y Tecnica,Secretaria Legal Y Tecnica,Órgano Garante Del Derecho De Acceso A La Información,Garantias Al Derecho De Acceso A La Informacion,Administración Gubernamental,Control De La Gestión,Gastos En Personal,Remuneraciones Al Personal,112683675.0,125234795.0,62226030.41,171796372.65,85361311.2,Fiscal
2025,2,Administracion Central,Jefatura De Gobierno,Secretaria Legal Y Tecnica,Secretaria Legal Y Tecnica,Órgano Garante Del Derecho De Acceso A La Información,Garantias Al Derecho De Acceso A La Informacion,Administración Gubernamental,Control De La Gestión,Bienes De Consumo,Bienes De Consumo,3958520.0,3958520.0,405295.16,5430275.01,555981.57,Fiscal
2025,2,Administracion Central,Jefatura De Gobierno,Secretaria Legal Y Tecnica,Secretaria Legal Y Tecnica,Órgano Garante Del Derecho De Acceso A La Información,Garantias Al Derecho De Acceso A La Informacion,Administración Gubernamental,Control De La Gestión,Servicios No Personales,Servicios No Personales,169924846.0,90829036.0,39786986.95,124598750.02,54579560.23,Fiscal
2025,2,Administracion Central,Jefatura De Gobierno,Secretaria Legal Y Tecnica,Secretaria Legal Y Tecnica,Órgano Garante Del Derecho De Acceso A La Información,Garantias Al Derecho De Acceso A La Informacion,Administración Gubernamental,Control De La Gestión,Bienes De Uso,Maquinaria Y Equipo,1382348.0,1382348.0,0.0,1896297.05,0.0,Fiscal
2025,2,Organismos Descentralizados,Jefatura De Gobierno,Secretaria Legal Y Tecnica,Oficina De Integridad Pública,Oficina De Integridad Publica,Integridad Publica,Administración Gubernamental,Dirección Ejecutiva,Gastos En Personal,Remuneraciones Al Personal,330691265.0,330691265.0,172724942.39,453640378.41,236943084.14,Fiscal
2025,2,Organismos Descentralizados,Jefatura De Gobierno,Secretaria Legal Y Tecnica,Oficina De Integridad Pública,Oficina De Integridad Publica,Integridad Publica,Administración Gubernamental,Dirección Ejecutiva,Bienes De Consumo,Bienes De Consumo,10188936.0,10188936.0,430750.21,13977123.9,590900.66,Fiscal
2025,2,Organismos Descentralizados,Jefatura De Gobierno,Secretaria Legal Y Tecnica,Oficina De Integridad Pública,Oficina De Integridad Publica,Integridad Publica,Administración Gubernamental,Dirección Ejecutiva,Servicios No Personales,Servicios No Personales,130283014.0,148516289.0,27189910.0,203733792.43,37298962.41,Fiscal
2025,2,Organismos Descentralizados,Jefatura De Gobierno,Secretaria Legal Y Tecnica,Oficina De Integridad Pública,Oficina De Integridad Publica,Integridad Publica,Administración Gubernamental,Dirección Ejecutiva,Bienes De Uso,Maquinaria Y Equipo,8062014.0,8062014.0,0.0,11059424.51,0.0,Fiscal
2025,2,Organismos Descentralizados,Jefatura De Gobierno,Secretaria Legal Y Tecnica,Oficina De Integridad Pública,Oficina De Integridad Publica,Integridad Publica,Administración Gubernamental,Dirección Ejecutiva,Bienes De Uso,Activos Intangibles,516971.0,516971.0,0.0,709177.85,0.0,Fiscal
2025,2,Administracion Central,Jefatura De Gobierno,Secretaria De Comunicacion,Secretaria De Comunicacion,Subsecretaría De Posicionamiento Y Gestión De Eventos,Posicionamiento Y Gestion De Eventos,Administración Gubernamental,Dirección Ejecutiva,Gastos En Personal,Remuneraciones Al Personal,278348464.0,278348464.0,193573893.92,381836824.56,265543556.12,Fiscal
2025,2,Administracion Central,Jefatura De Gobierno,Secretaria De Comunicacion,Secretaria De Comunicacion,Subsecretaría De Posicionamiento Y Gestión De Eventos,Posicionamiento Y Gestion De Eventos,Administración Gubernamental,Dirección Ejecutiva,Servicios No Personales,Servicios No Personales,355247048.0,2403751137.0,1788703334.71,3297452006.73,2453732963.32,Fiscal
2025,2,Administracion Central,Jefatura De Gobierno,Secretaria De Comunicacion,Secretaria De Comunicacion,Subsecretaría De Posicionamiento Y Gestión De Eventos,Posicionamiento Y Gestion De Eventos,Administración Gubernamental,Dirección Ejecutiva,Bienes De Consumo,Bienes De Consumo,150091062.0,3494669.0,677477.49,4793966.87,929359.73,Fiscal
2025,2,Administracion Central,Jefatura De Gobierno,Secretaria De Comunicacion,Secretaria De Comunicacion,Subsecretaría De Posicionamiento Y Gestión De Eventos,Posicionamiento Y Gestion De Eventos,Administración Gubernamental,Dirección Ejecutiva,Bienes De Uso,Maquinaria Y Equipo,19231308.0,35610248.0,35610247.18,48849933.72,48849932.6,Fiscal
2025,2,Administracion Central,Jefatura De Gobierno,Secretaria De Comunicacion,Secretaria De Comunicacion,Subsecretaría De Posicionamiento Y Gestión De Eventos,Posicionamiento Y Gestion De Eventos,Administración Gubernamental,Dirección Ejecutiva,Servicios No Personales,Servicios No Personales,0.0,120368514.0,0.0,165120836.32,0.0,Fiscal
2025,2,Administracion Central,Jefatura De Gobierno,Secretaria De Comunicacion,Secretaria De Comunicacion,Dirección General Planificación Y Vinculación Estratégica De Eventos,Planificacion Y Vinculacion Estrategica De Eventos,Administración Gubernamental,Dirección Ejecutiva,Gastos En Personal,Remuneraciones Al Personal,143137704.0,153707549.0,83460953.91,210855133.09,114491257.32,Fiscal
2025,2,Administracion Central,Jefatura De Gobierno,Secretaria De Comunicacion,Secretaria De Comunicacion,Dirección General Planificación Y Vinculación Estratégica De Eventos,Planificacion Y Vinculacion Estrategica De Eventos,Administración Gubernamental,Dirección Ejecutiva,Servicios No Personales,Servicios No Personales,512922960.0,922801266.0,645131557.1,1265893477.72,884987765.5,Fiscal
2025,2,Administracion Central,Jefatura De Gobierno,Secretaria De Comunicacion,Secretaria De Comunicacion,Dirección General Planificación Y Vinculación Estratégica De Eventos,Planificacion Y Vinculacion Estrategica De Eventos,Administración Gubernamental,Dirección Ejecutiva,Bienes De Consumo,Bienes De Consumo,68896210.0,2683204.0,0.0,3680803.84,0.0,Fiscal
2025,2,Administracion Central,Jefatura De Gobierno,Secretaria De Comunicacion,Secretaria De Comunicacion,Dirección General Planificación Y Vinculación Estratégica De Eventos,Planificacion Y Vinculacion Estrategica De Eventos,Administración Gubernamental,Dirección Ejecutiva,Bienes De Uso,Maquinaria Y Equipo,6410436.0,18440016.0,18440015.5,25295908.06,25295907.38,Fiscal
2025,2,Administracion Central,Jefatura De Gobierno,Secretaria De Comunicacion,Secretaria De Comunicacion,Dirección General Coordinación De Eventos Y Transformación Territorial,Coordinacion De Eventos Y Transformacion Territorial,Administración Gubernamental,Dirección Ejecutiva,Gastos En Personal,Remuneraciones Al Personal,271774036.0,271774036.0,131198337.34,372818061.98,179977125.79,Fiscal
2025,2,Administracion Central,Jefatura De Gobierno,Secretaria De Comunicacion,Secretaria De Comunicacion,Dirección General Coordinación De Eventos Y Transformación Territorial,Coordinacion De Eventos Y Transformacion Territorial,Administración Gubernamental,Dirección Ejecutiva,Servicios No Personales,Servicios No Personales,147523020.0,1083141310.0,558847878.56,1485847029.36,766624310.75,Fiscal
2025,2,Administracion Central,Jefatura De Gobierno,Secretaria De Comunicacion,Secretaria De Comunicacion,Dirección General Coordinación De Eventos Y Transformación Territorial,Coordinacion De Eventos Y Transformacion Territorial,Administración Gubernamental,Dirección Ejecutiva,Bienes De Consumo,Bienes De Consumo,67053088.0,1858328.0,113985.0,2549243.68,156363.97,Fiscal
2025,2,Administracion Central,Jefatura De Gobierno,Secretaria De Comunicacion,Secretaria De Comunicacion,Dirección General Coordinación De Eventos Y Transformación Territorial,Coordinacion De Eventos Y Transformacion Territorial,Administración Gubernamental,Dirección Ejecutiva,Bienes De Uso,Maquinaria Y Equipo,6410436.0,18440016.0,18440015.5,25295908.06,25295907.38,Fiscal
2025,2,Administracion Central,Jefatura De Gobierno,Secretaria De Comunicacion,Secretaria De Comunicacion,Dirección General Celebraciones Y Eventos Centrales,Celebraciones Y Eventos Centrales,Administración Gubernamental,Dirección Ejecutiva,Gastos En Personal,Remuneraciones Al Personal,261058852.0,261099723.0,129457779.31,358175100.7,177589438.27,Fiscal
2025,2,Administracion Central,Jefatura De Gobierno,Secretaria De Comunicacion,Secretaria De Comunicacion,Dirección General Celebraciones Y Eventos Centrales,Celebraciones Y Eventos Centrales,Administración Gubernamental,Dirección Ejecutiva,Servicios No Personales,Servicios No Personales,756454453.0,3066015389.0,2696573808.18,4205942304.72,3699144465.58,Fiscal
2025,2,Administracion Central,Jefatura De Gobierno,Secretaria De Comunicacion,Secretaria De Comunicacion,Dirección General Celebraciones Y Eventos Centrales,Celebraciones Y Eventos Centrales,Administración Gubernamental,Dirección Ejecutiva,Bienes De Consumo,Bienes De Consumo,65545080.0,2884624.0,240468.5,3957110.64,329873.31,Fiscal
2025,2,Administracion Central,Jefatura De Gobierno,Secretaria De Comunicacion,Secretaria De Comunicacion,Dirección General Celebraciones Y Eventos Centrales,Celebraciones Y Eventos Centrales,Administración Gubernamental,Dirección Ejecutiva,Bienes De Uso,Maquinaria Y Equipo,6410436.0,18529615.0,18484814.7,25418819.45,25357362.66,Fiscal
2025,2,Administracion Central,Jefatura De Gobierno,Secretaria De Comunicacion,Secretaria De Comunicacion,Subsecretaría De Comunicación Digital,Comunicacion Digital,Administración Gubernamental,Dirección Ejecutiva,Gastos En Personal,Remuneraciones Al Personal,373142439.0,390420490.0,204175680.44,535576586.28,280087025.99,Fiscal
2025,2,Administracion Central,Jefatura De Gobierno,Secretaria De Comunicacion,Secretaria De Comunicacion,Subsecretaría De Comunicación Digital,Comunicacion Digital,Administración Gubernamental,Dirección Ejecutiva,Servicios No Personales,Servicios No Personales,2899151191.0,2780437834.0,1591472605.78,3814188654.63,2183172981.93,Fiscal
2025,2,Administracion Central,Jefatura De Gobierno,Secretaria De Comunicacion,Secretaria De Comunicacion,Subsecretaría De Comunicación Digital,Comunicacion Digital,Administración Gubernamental,Dirección Ejecutiva,Bienes De Consumo,Bienes De Consumo,96864389.0,11829055.0,2081688.22,16227029.72,2855647.95,Fiscal
2025,2,Administracion Central,Jefatura De Gobierno,Secretaria De Comunicacion,Secretaria De Comunicacion,Subsecretaría De Comunicación Digital,Comunicacion Digital,Administración Gubernamental,Dirección Ejecutiva,Bienes De Uso,Maquinaria Y Equipo,19231308.0,19231308.0,3012479.0,26381397.88,4132501.39,Fiscal
2025,2,Administracion Central,Jefatura De Gobierno,Secretaria De Comunicacion,Secretaria De Comunicacion,Dirección General Planificación Estratégica,Planificacion Estrategica,Administración Gubernamental,Dirección Ejecutiva,Gastos En Personal,Remuneraciones Al Personal,345354817.0,291481119.0,140782659.26,399852125.28,193124843.56,Fiscal
2025,2,Administracion Central,Jefatura De Gobierno,Secretaria De Comunicacion,Secretaria De Comunicacion,Dirección General Planificación Estratégica,Planificacion Estrategica,Administración Gubernamental,Dirección Ejecutiva,Servicios No Personales,Servicios No Personales,26537103791.0,3766104164.0,1253067311.64,5166320066.16,1718950542.65,Fiscal
2025,2,Administracion Central,Jefatura De Gobierno,Secretaria De Comunicacion,Secretaria De Comunicacion,Dirección General Planificación Estratégica,Planificacion Estrategica,Administración Gubernamental,Dirección Ejecutiva,Bienes De Consumo,Bienes De Consumo,69636466.0,9013469.0,515399.56,12364625.02,707022.16,Fiscal
2025,2,Administracion Central,Jefatura De Gobierno,Secretaria De Comunicacion,Secretaria De Comunicacion,Dirección General Planificación Estratégica,Planificacion Estrategica,Administración Gubernamental,Dirección Ejecutiva,Bienes De Uso,Maquinaria Y Equipo,9615654.0,9570854.0,0.0,13129242.56,0.0,Fiscal
2025,2,Administracion Central,Jefatura De Gobierno,Secretaria De Comunicacion,Secretaria De Comunicacion,Dirección General Coordinación De Información,Coordinacion De Informacion,Administración Gubernamental,Dirección Ejecutiva,Gastos En Personal,Remuneraciones Al Personal,383470979.0,383470979.0,180625302.2,526043287.0,247780752.36,Fiscal
2025,2,Administracion Central,Jefatura De Gobierno,Secretaria De Comunicacion,Secretaria De Comunicacion,Dirección General Coordinación De Información,Coordinacion De Informacion,Administración Gubernamental,Dirección Ejecutiva,Servicios No Personales,Servicios No Personales,110579307.0,6744890.0,906600.0,9252601.37,1243668.67,Fiscal
2025,2,Administracion Central,Jefatura De Gobierno,Secretaria De Comunicacion,Secretaria De Comunicacion,Dirección General Coordinación De Información,Coordinacion De Informacion,Administración Gubernamental,Dirección Ejecutiva,Bienes De Consumo,Bienes De Consumo,123568701.0,5621312.0,176045.21,7711283.52,241497.81,Fiscal
2025,2,Administracion Central,Jefatura De Gobierno,Secretaria De Comunicacion,Secretaria De Comunicacion,Dirección General Coordinación De Información,Coordinacion De Informacion,Administración Gubernamental,Dirección Ejecutiva,Bienes De Uso,Maquinaria Y Equipo,9615654.0,9615654.0,95931.0,13190698.94,131597.59,Fiscal
2025,2,Administracion Central,Jefatura De Gobierno,Secretaria De Comunicacion,Secretaria De Comunicacion,Dirección General Coordinación De Acciones De Comunicación Y Enlace,Coordinacion De Acciones De Comunicacion Y Enlace,Administración Gubernamental,Dirección Ejecutiva,Gastos En Personal,Remuneraciones Al Personal,243148987.0,243356282.0,114853702.41,333834750.23,157555649.44,Fiscal
2025,2,Administracion Central,Jefatura De Gobierno,Secretaria De Comunicacion,Secretaria De Comunicacion,Dirección General Coordinación De Acciones De Comunicación Y Enlace,Coordinacion De Acciones De Comunicacion Y Enlace,Administración Gubernamental,Dirección Ejecutiva,Bienes De Consumo,Bienes De Consumo,86741886.0,13767377.0,2474047.83,18886008.71,3393884.61,Fiscal
2025,2,Administracion Central,Jefatura De Gobierno,Secretaria De Comunicacion,Secretaria De Comunicacion,Dirección General Coordinación De Acciones De Comunicación Y Enlace,Coordinacion De Acciones De Comunicacion Y Enlace,Administración Gubernamental,Dirección Ejecutiva,Servicios No Personales,Servicios No Personales,93322683.0,12688860.0,1085232.09,17406505.29,1488715.15,Fiscal
2025,2,Administracion Central,Jefatura De Gobierno,Secretaria De Comunicacion,Secretaria De Comunicacion,Dirección General Coordinación De Acciones De Comunicación Y Enlace,Coordinacion De Acciones De Comunicacion Y Enlace,Administración Gubernamental,Dirección Ejecutiva,Bienes De Uso,Maquinaria Y Equipo,9615654.0,9615654.0,2478000.0,13190698.94,3399306.17,Fiscal
2025,2,Administracion Central,Jefatura De Gobierno,Secretaria De Comunicacion,Secretaria De Comunicacion,Secretaría De Comunicación,Actividades Centrales,Administración Gubernamental,Dirección Ejecutiva,Gastos En Personal,Remuneraciones Al Personal,792187038.0,1225063700.0,871682663.98,1680535349.0,1195769273.0,Fiscal
2025,2,Administracion Central,Jefatura De Gobierno,Secretaria De Comunicacion,Secretaria De Comunicacion,Secretaría De Comunicación,Actividades Centrales,Administración Gubernamental,Dirección Ejecutiva,Bienes De Consumo,Bienes De Consumo,607425673.0,17555817.0,11893695.02,24082968.95,16315702.53,Fiscal
2025,2,Administracion Central,Jefatura De Gobierno,Secretaria De Comunicacion,Secretaria De Comunicacion,Secretaría De Comunicación,Actividades Centrales,Administración Gubernamental,Dirección Ejecutiva,Servicios No Personales,Servicios No Personales,3451549055.0,4144433034.0,1771271634.43,5685309437.55,2429820256.98,Fiscal
2025,2,Administracion Central,Jefatura De Gobierno,Secretaria De Comunicacion,Secretaria De Comunicacion,Secretaría De Comunicación,Actividades Centrales,Administración Gubernamental,Dirección Ejecutiva,Bienes De Uso,Maquinaria Y Equipo,76971296.0,56086087.0,11543278.19,76938572.08,15835002.74,Fiscal
2025,2,Administracion Central,Jefatura De Gobierno,Secretaria De Comunicacion,Secretaria De Comunicacion,Ls1 Radio De La Ciudad Y Fm 2x4,Señal Am Y Fm,Servicios Sociales,Cultura,Gastos En Personal,Remuneraciones Al Personal,4527969916.0,4113723360.0,2040283690.1,5643182083.1,2798849450.2,Fiscal
2025,2,Administracion Central,Jefatura De Gobierno,Secretaria De Comunicacion,Secretaria De Comunicacion,Ls1 Radio De La Ciudad Y Fm 2x4,Señal Am Y Fm,Servicios Sociales,Cultura,Bienes De Consumo,Bienes De Consumo,280652878.0,28751290.0,5890134.16,39440854.52,8080052.22,Fiscal
2025,2,Administracion Central,Jefatura De Gobierno,Secretaria De Comunicacion,Secretaria De Comunicacion,Ls1 Radio De La Ciudad Y Fm 2x4,Señal Am Y Fm,Servicios Sociales,Cultura,Servicios No Personales,Servicios No Personales,2502484040.0,2333795480.0,900183525.08,3201487238.16,1234866590.6,Fiscal
2025,2,Administracion Central,Jefatura De Gobierno,Secretaria De Comunicacion,Secretaria De Comunicacion,Ls1 Radio De La Ciudad Y Fm 2x4,Señal Am Y Fm,Servicios Sociales,Cultura,Bienes De Uso,Maquinaria Y Equipo,47561299.0,47561299.0,20273685.91,65244316.86,27811325.91,Fiscal
2025,2,Administracion Central,Jefatura De Gobierno,Secretaria De Comunicacion,Secretaria De Comunicacion,Subsecretaría De Medios Y Prensa,Acciones De La Subsecretaria De Medios Y Prensa,Administración Gubernamental,Dirección Ejecutiva,Gastos En Personal,Remuneraciones Al Personal,472956195.0,476206195.0,228566359.47,653256923.79,313546019.43,Fiscal
2025,2,Administracion Central,Jefatura De Gobierno,Secretaria De Comunicacion,Secretaria De Comunicacion,Subsecretaría De Medios Y Prensa,Acciones De La Subsecretaria De Medios Y Prensa,Administración Gubernamental,Dirección Ejecutiva,Servicios No Personales,Servicios No Personales,1201400507.0,2023484536.0,988218945.91,2775804467.07,1355633075.37,Fiscal
2025,2,Administracion Central,Jefatura De Gobierno,Secretaria De Comunicacion,Secretaria De Comunicacion,Subsecretaría De Medios Y Prensa,Acciones De La Subsecretaria De Medios Y Prensa,Administración Gubernamental,Dirección Ejecutiva,Bienes De Consumo,Bienes De Consumo,186402372.0,9558125.0,1780190.54,13111780.99,2442055.16,Fiscal
2025,2,Administracion Central,Jefatura De Gobierno,Secretaria De Comunicacion,Secretaria De Comunicacion,Subsecretaría De Medios Y Prensa,Acciones De La Subsecretaria De Medios Y Prensa,Administración Gubernamental,Dirección Ejecutiva,Bienes De Uso,Maquinaria Y Equipo,19231308.0,19231308.0,6095096.94,26381397.88,8361218.98,Fiscal
2025,2,Administracion Central,Jefatura De Gobierno,Secretaria De Comunicacion,Secretaria De Comunicacion,Dirección General Planeamiento De Medios,Planeamiento De Medios,Administración Gubernamental,Dirección Ejecutiva,Gastos En Personal,Remuneraciones Al Personal,367496661.0,362244969.0,164341938.54,496925568.36,225443327.59,Fiscal
2025,2,Administracion Central,Jefatura De Gobierno,Secretaria De Comunicacion,Secretaria De Comunicacion,Dirección General Planeamiento De Medios,Planeamiento De Medios,Administración Gubernamental,Dirección Ejecutiva,Bienes De Consumo,Bienes De Consumo,86741886.0,7788987.0,4291100.82,10684887.64,5886507.46,Fiscal
2025,2,Administracion Central,Jefatura De Gobierno,Secretaria De Comunicacion,Secretaria De Comunicacion,Dirección General Planeamiento De Medios,Planeamiento De Medios,Administración Gubernamental,Dirección Ejecutiva,Servicios No Personales,Servicios No Personales,607110793.0,327407517.0,150236167.09,449135751.76,206093111.32,Fiscal
2025,2,Administracion Central,Jefatura De Gobierno,Secretaria De Comunicacion,Secretaria De Comunicacion,Dirección General Planeamiento De Medios,Planeamiento De Medios,Administración Gubernamental,Dirección Ejecutiva,Bienes De Uso,Maquinaria Y Equipo,9615654.0,9615654.0,2478000.0,13190698.94,3399306.17,Fiscal
2025,2,Administracion Central,Jefatura De Gobierno,Secretaria De Comunicacion,Secretaria De Comunicacion,Dirección General De Prensa,Difusion De Gobierno En Prensa,Administración Gubernamental,Dirección Ejecutiva,Gastos En Personal,Remuneraciones Al Personal,783464646.0,733892788.0,370865875.31,1006749912.36,508751678.14,Fiscal
2025,2,Administracion Central,Jefatura De Gobierno,Secretaria De Comunicacion,Secretaria De Comunicacion,Dirección General De Prensa,Difusion De Gobierno En Prensa,Administración Gubernamental,Dirección Ejecutiva,Servicios No Personales,Servicios No Personales,630862578.0,381698178.0,186023768.67,523611368.76,255186337.66,Fiscal
2025,2,Administracion Central,Jefatura De Gobierno,Secretaria De Comunicacion,Secretaria De Comunicacion,Dirección General De Prensa,Difusion De Gobierno En Prensa,Administración Gubernamental,Dirección Ejecutiva,Bienes De Consumo,Bienes De Consumo,123568701.0,4977401.0,328336.72,6827970.11,450410.43,Fiscal
2025,2,Administracion Central,Jefatura De Gobierno,Secretaria De Comunicacion,Secretaria De Comunicacion,Dirección General De Prensa,Difusion De Gobierno En Prensa,Administración Gubernamental,Dirección Ejecutiva,Bienes De Uso,Maquinaria Y Equipo,9615654.0,9615654.0,6550000.0,13190698.94,8985252.39,Fiscal
2025,2,Administracion Central,Jefatura De Gobierno,Secretaria De Comunicacion,Secretaria De Comunicacion,Dirección General Actos De Gobierno Y Agenda,Planificacion Y Ejecucion De Actos De Gobierno Y Agenda,Administración Gubernamental,Dirección Ejecutiva,Gastos En Personal,Remuneraciones Al Personal,385839854.0,382038615.0,162692158.05,524078378.28,223180168.19,Fiscal
2025,2,Administracion Central,Jefatura De Gobierno,Secretaria De Comunicacion,Secretaria De Comunicacion,Dirección General Actos De Gobierno Y Agenda,Planificacion Y Ejecucion De Actos De Gobierno Y Agenda,Administración Gubernamental,Dirección Ejecutiva,Servicios No Personales,Servicios No Personales,862686901.0,346098465.0,112697478.35,474775886.89,154597753.66,Fiscal
2025,2,Administracion Central,Jefatura De Gobierno,Secretaria De Comunicacion,Secretaria De Comunicacion,Dirección General Actos De Gobierno Y Agenda,Planificacion Y Ejecucion De Actos De Gobierno Y Agenda,Administración Gubernamental,Dirección Ejecutiva,Bienes De Consumo,Bienes De Consumo,59164186.0,8139056.0,2670290.0,11165110.28,3663088.49,Fiscal
2025,2,Administracion Central,Jefatura De Gobierno,Secretaria De Comunicacion,Secretaria De Comunicacion,Dirección General Actos De Gobierno Y Agenda,Planificacion Y Ejecucion De Actos De Gobierno Y Agenda,Administración Gubernamental,Dirección Ejecutiva,Bienes De Uso,Maquinaria Y Equipo,4445948.0,4445948.0,67300.01,6098925.94,92321.77,Fiscal
2025,2,Administracion Central,Jefatura De Gobierno,Secretaria De Comunicacion,Secretaria De Comunicacion,Señal De Cable De La Ciudad,Cable De La Ciudad,Servicios Sociales,Cultura,Gastos En Personal,Remuneraciones Al Personal,901744131.0,923732489.0,451324196.37,1267170924.08,619123940.95,Fiscal
2025,2,Administracion Central,Jefatura De Gobierno,Secretaria De Comunicacion,Secretaria De Comunicacion,Señal De Cable De La Ciudad,Cable De La Ciudad,Servicios Sociales,Cultura,Bienes De Consumo,Bienes De Consumo,364431108.0,32227486.0,8031608.67,44209480.24,11017714.65,Fiscal
2025,2,Administracion Central,Jefatura De Gobierno,Secretaria De Comunicacion,Secretaria De Comunicacion,Señal De Cable De La Ciudad,Cable De La Ciudad,Servicios Sociales,Cultura,Servicios No Personales,Servicios No Personales,3228724441.0,2436968862.0,1010134732.8,3343019891.14,1385697025.98,Fiscal
2025,2,Administracion Central,Jefatura De Gobierno,Secretaria De Comunicacion,Secretaria De Comunicacion,Señal De Cable De La Ciudad,Cable De La Ciudad,Servicios Sociales,Cultura,Bienes De Uso,Maquinaria Y Equipo,47561299.0,37561299.0,24123552.05,51526374.28,33092550.18,Fiscal
2025,2,Administracion Central,Jefatura De Gobierno,Secretaria De Comunicacion,Secretaria De Comunicacion,Subsecretaría De Comunicación Social,Desarrollo Y Planificacion De Acciones Comunicacionales,Administración Gubernamental,Dirección Ejecutiva,Gastos En Personal,Remuneraciones Al Personal,427063419.0,439770199.0,209513898.45,603274233.71,287409962.81,Fiscal
2025,2,Administracion Central,Jefatura De Gobierno,Secretaria De Comunicacion,Secretaria De Comunicacion,Subsecretaría De Comunicación Social,Desarrollo Y Planificacion De Acciones Comunicacionales,Administración Gubernamental,Dirección Ejecutiva,Bienes De Consumo,Bienes De Consumo,87579668.0,16345997.0,3833800.84,22423344.82,5259185.98,Fiscal
2025,2,Administracion Central,Jefatura De Gobierno,Secretaria De Comunicacion,Secretaria De Comunicacion,Subsecretaría De Comunicación Social,Desarrollo Y Planificacion De Acciones Comunicacionales,Administración Gubernamental,Dirección Ejecutiva,Servicios No Personales,Servicios No Personales,1036190780.0,24458886727.0,20376412759.88,33552560362.36,27952246016.97,Fiscal
2025,2,Administracion Central,Jefatura De Gobierno,Secretaria De Comunicacion,Secretaria De Comunicacion,Subsecretaría De Comunicación Social,Desarrollo Y Planificacion De Acciones Comunicacionales,Administración Gubernamental,Dirección Ejecutiva,Bienes De Uso,Maquinaria Y Equipo,19231308.0,19231308.0,12551000.0,26381397.88,17217389.73,Fiscal
2025,2,Administracion Central,Jefatura De Gobierno,Secretaria De Comunicacion,Secretaria De Comunicacion,Dirección General Discurso Y Planificación Comunicacional,Planificacion Y Discurso,Administración Gubernamental,Dirección Ejecutiva,Gastos En Personal,Remuneraciones Al Personal,255670248.0,266240093.0,134583671.94,365226630.75,184621108.35,Fiscal
2025,2,Administracion Central,Jefatura De Gobierno,Secretaria De Comunicacion,Secretaria De Comunicacion,Dirección General Discurso Y Planificación Comunicacional,Planificacion Y Discurso,Administración Gubernamental,Dirección Ejecutiva,Servicios No Personales,Servicios No Personales,501921954.0,275681665.0,105782527.0,378178525.01,145111863.11,Fiscal
2025,2,Administracion Central,Jefatura De Gobierno,Secretaria De Comunicacion,Secretaria De Comunicacion,Dirección General Discurso Y Planificación Comunicacional,Planificacion Y Discurso,Administración Gubernamental,Dirección Ejecutiva,Bienes De Consumo,Bienes De Consumo,101262746.0,6328640.0,4138111.95,8681592.01,5676638.21,Fiscal
2025,2,Administracion Central,Jefatura De Gobierno,Secretaria De Comunicacion,Secretaria De Comunicacion,Dirección General Discurso Y Planificación Comunicacional,Planificacion Y Discurso,Administración Gubernamental,Dirección Ejecutiva,Bienes De Uso,Maquinaria Y Equipo,10339413.0,10339413.0,2458226.51,14183547.38,3372181.01,Fiscal
2025,2,Administracion Central,Jefatura De Gobierno,Secretaria De Comunicacion,Secretaria De Comunicacion,Dirección General Investigación Y Opinión Ciudadana,Opinion Publica,Administración Gubernamental,Dirección Ejecutiva,Gastos En Personal,Remuneraciones Al Personal,207779605.0,207779605.0,102516054.14,285030869.01,140630934.39,Fiscal
2025,2,Administracion Central,Jefatura De Gobierno,Secretaria De Comunicacion,Secretaria De Comunicacion,Dirección General Investigación Y Opinión Ciudadana,Opinion Publica,Administración Gubernamental,Dirección Ejecutiva,Servicios No Personales,Servicios No Personales,430588669.0,1909761213.0,1405578197.4,2619799465.61,1928164099.97,Fiscal
2025,2,Administracion Central,Jefatura De Gobierno,Secretaria De Comunicacion,Secretaria De Comunicacion,Dirección General Investigación Y Opinión Ciudadana,Opinion Publica,Administración Gubernamental,Dirección Ejecutiva,Bienes De Consumo,Bienes De Consumo,82203198.0,5311540.0,64075.0,7286340.07,87897.72,Fiscal
2025,2,Administracion Central,Jefatura De Gobierno,Secretaria De Comunicacion,Secretaria De Comunicacion,Dirección General Investigación Y Opinión Ciudadana,Opinion Publica,Administración Gubernamental,Dirección Ejecutiva,Bienes De Uso,Maquinaria Y Equipo,10339413.0,10339413.0,400000.0,14183547.38,548717.7,Fiscal
2025,2,Administracion Central,Jefatura De Gobierno,Secretaria De Comunicacion,Secretaria De Comunicacion,"Subsecretaria De Estrategias De La Comunicación, Contenido Y Producción",Actividades Comunes,Administración Gubernamental,Dirección Ejecutiva,Gastos En Personal,Remuneraciones Al Personal,239255007.0,225339948.0,98241549.62,309120046.7,134767193.64,Fiscal
2025,2,Administracion Central,Jefatura De Gobierno,Secretaria De Comunicacion,Secretaria De Comunicacion,"Subsecretaria De Estrategias De La Comunicación, Contenido Y Producción",Actividades Comunes,Administración Gubernamental,Dirección Ejecutiva,Servicios No Personales,Servicios No Personales,1777892623.0,2735403793.0,1337277592.0,3752411215.79,1834469721.69,Fiscal
2025,2,Administracion Central,Jefatura De Gobierno,Secretaria De Comunicacion,Secretaria De Comunicacion,"Subsecretaria De Estrategias De La Comunicación, Contenido Y Producción",Actividades Comunes,Administración Gubernamental,Dirección Ejecutiva,Bienes De Consumo,Bienes De Consumo,126186768.0,5774360.0,1731718.19,7921233.89,2375561.07,Fiscal
2025,2,Administracion Central,Jefatura De Gobierno,Secretaria De Comunicacion,Secretaria De Comunicacion,"Subsecretaria De Estrategias De La Comunicación, Contenido Y Producción",Actividades Comunes,Administración Gubernamental,Dirección Ejecutiva,Bienes De Uso,Maquinaria Y Equipo,19231308.0,19231308.0,2034000.0,26381397.88,2790229.52,Fiscal
2025,2,Administracion Central,Jefatura De Gobierno,Secretaria De Comunicacion,Secretaria De Comunicacion,Dirección General Contenidos,Desarrollo De Contenidos,Administración Gubernamental,Dirección Ejecutiva,Gastos En Personal,Remuneraciones Al Personal,274962920.0,280199451.0,141807417.58,384375997.9,194530601.14,Fiscal
2025,2,Administracion Central,Jefatura De Gobierno,Secretaria De Comunicacion,Secretaria De Comunicacion,Dirección General Contenidos,Desarrollo De Contenidos,Administración Gubernamental,Dirección Ejecutiva,Servicios No Personales,Servicios No Personales,495164817.0,524873885.0,263611961.0,720018981.47,361621374.37,Fiscal
2025,2,Administracion Central,Jefatura De Gobierno,Secretaria De Comunicacion,Secretaria De Comunicacion,Dirección General Contenidos,Desarrollo De Contenidos,Administración Gubernamental,Dirección Ejecutiva,Bienes De Consumo,Bienes De Consumo,59164186.0,5401537.0,166950.0,7409797.44,229021.05,Fiscal
2025,2,Administracion Central,Jefatura De Gobierno,Secretaria De Comunicacion,Secretaria De Comunicacion,Dirección General Contenidos,Desarrollo De Contenidos,Administración Gubernamental,Dirección Ejecutiva,Bienes De Uso,Maquinaria Y Equipo,5169706.0,5169706.0,0.0,7091773.0,0.0,Fiscal
2025,2,Administracion Central,Jefatura De Gobierno,Secretaria De Comunicacion,Secretaria De Comunicacion,"Dirección General Arte, Creatividad Y Producción","Arte, Creatividad Y Produccion",Administración Gubernamental,Dirección Ejecutiva,Gastos En Personal,Remuneraciones Al Personal,249609413.0,333975277.0,204987706.32,458145367.21,281200958.43,Fiscal
2025,2,Administracion Central,Jefatura De Gobierno,Secretaria De Comunicacion,Secretaria De Comunicacion,"Dirección General Arte, Creatividad Y Producción","Arte, Creatividad Y Produccion",Administración Gubernamental,Dirección Ejecutiva,Servicios No Personales,Servicios No Personales,1289250273.0,615649576.0,267148624.13,844544553.13,366472948.54,Fiscal
2025,2,Administracion Central,Jefatura De Gobierno,Secretaria De Comunicacion,Secretaria De Comunicacion,"Dirección General Arte, Creatividad Y Producción","Arte, Creatividad Y Produccion",Administración Gubernamental,Dirección Ejecutiva,Bienes De Consumo,Bienes De Consumo,59164186.0,6231948.0,1136635.96,8548950.48,1559230.68,Fiscal
2025,2,Administracion Central,Jefatura De Gobierno,Secretaria De Comunicacion,Secretaria De Comunicacion,"Dirección General Arte, Creatividad Y Producción","Arte, Creatividad Y Produccion",Administración Gubernamental,Dirección Ejecutiva,Bienes De Uso,Maquinaria Y Equipo,9615654.0,9615654.0,259353.1,13190698.94,355779.09,Fiscal
2025,2,Administracion Central,Jefatura De Gobierno,Secretaria De Comunicacion,Secretaria De Comunicacion,Dirección General Análisis Y Datos,Analisis Y Datos,Administración Gubernamental,Dirección Ejecutiva,Gastos En Personal,Remuneraciones Al Personal,221249795.0,221249795.0,104763225.4,303509198.3,143713591.02,Fiscal
2025,2,Administracion Central,Jefatura De Gobierno,Secretaria De Comunicacion,Secretaria De Comunicacion,Dirección General Análisis Y Datos,Analisis Y Datos,Administración Gubernamental,Dirección Ejecutiva,Servicios No Personales,Servicios No Personales,1003739214.0,804426018.0,329681172.0,1103506992.25,452254738.63,Fiscal
2025,2,Administracion Central,Jefatura De Gobierno,Secretaria De Comunicacion,Secretaria De Comunicacion,Dirección General Análisis Y Datos,Analisis Y Datos,Administración Gubernamental,Dirección Ejecutiva,Bienes De Consumo,Bienes De Consumo,69636466.0,6443655.0,438802.65,8839368.93,601946.96,Fiscal
2025,2,Administracion Central,Jefatura De Gobierno,Secretaria De Comunicacion,Secretaria De Comunicacion,Dirección General Análisis Y Datos,Analisis Y Datos,Administración Gubernamental,Dirección Ejecutiva,Bienes De Uso,Maquinaria Y Equipo,9615654.0,9615654.0,0.0,13190698.94,0.0,Fiscal
2025,2,Organismos Descentralizados,Jefatura De Gobierno,No Determina,"Consejo De Los Derechos De Las Niñas, Niños Y Adolescentes","Consejo De Los Derechos De Las Niñas, Niños Y Adolescentes",Actividades Comunes,Servicios Sociales,Promoción Y Acción Social,Gastos En Personal,Remuneraciones Al Personal,4219175998.0,4195767060.0,1953964160.72,5755729159.65,2680436815.47,Fiscal
2025,2,Organismos Descentralizados,Jefatura De Gobierno,No Determina,"Consejo De Los Derechos De Las Niñas, Niños Y Adolescentes","Consejo De Los Derechos De Las Niñas, Niños Y Adolescentes",Actividades Comunes,Servicios Sociales,Promoción Y Acción Social,Bienes De Consumo,Bienes De Consumo,75704140.0,73879432.0,44851855.23,101347380.58,61527517.45,Fiscal
2025,2,Organismos Descentralizados,Jefatura De Gobierno,No Determina,"Consejo De Los Derechos De Las Niñas, Niños Y Adolescentes","Consejo De Los Derechos De Las Niñas, Niños Y Adolescentes",Actividades Comunes,Servicios Sociales,Promoción Y Acción Social,Servicios No Personales,Servicios No Personales,4998130428.0,3711866644.0,2185226272.47,5091917347.67,2997680852.4,Fiscal
2025,2,Organismos Descentralizados,Jefatura De Gobierno,No Determina,"Consejo De Los Derechos De Las Niñas, Niños Y Adolescentes","Consejo De Los Derechos De Las Niñas, Niños Y Adolescentes",Actividades Comunes,Servicios Sociales,Promoción Y Acción Social,Bienes De Uso,Maquinaria Y Equipo,16646598.0,36646598.0,31503527.79,50271592.7,43216358.52,Fiscal
2025,2,Organismos Descentralizados,Jefatura De Gobierno,No Determina,"Consejo De Los Derechos De Las Niñas, Niños Y Adolescentes","Consejo De Los Derechos De Las Niñas, Niños Y Adolescentes",Actividades Comunes,Servicios Sociales,Promoción Y Acción Social,Transferencias,Al Sector Privado,5685836085.0,5685836085.0,323273758.74,7799797291.75,443465085.91,Fiscal
2025,2,Organismos Descentralizados,Jefatura De Gobierno,No Determina,"Consejo De Los Derechos De Las Niñas, Niños Y Adolescentes","Consejo De Los Derechos De Las Niñas, Niños Y Adolescentes",Actividades Comunes,Servicios Sociales,Promoción Y Acción Social,Transferencias,Al Sector Público,216432276.0,280170489.0,112102054.65,384336267.99,153780954.85,Fiscal
2025,2,Organismos Descentralizados,Jefatura De Gobierno,No Determina,"Consejo De Los Derechos De Las Niñas, Niños Y Adolescentes","Consejo De Los Derechos De Las Niñas, Niños Y Adolescentes",Actividades Comunes,Administración Gubernamental,Control De La Gestión,Gastos En Personal,Remuneraciones Al Personal,172348412.0,172348412.0,76793554.1,236426561.91,105344956.54,Fiscal
2025,2,Organismos Descentralizados,Jefatura De Gobierno,No Determina,"Consejo De Los Derechos De Las Niñas, Niños Y Adolescentes","Consejo De Los Derechos De Las Niñas, Niños Y Adolescentes",Actividades Comunes,Administración Gubernamental,Control De La Gestión,Bienes De Consumo,Bienes De Consumo,1243127.0,1243127.0,0.0,1705314.48,0.0,Fiscal
2025,2,Organismos Descentralizados,Jefatura De Gobierno,No Determina,"Consejo De Los Derechos De Las Niñas, Niños Y Adolescentes","Consejo De Los Derechos De Las Niñas, Niños Y Adolescentes",Actividades Comunes,Administración Gubernamental,Control De La Gestión,Bienes De Uso,Maquinaria Y Equipo,332231.0,332231.0,0.0,455752.58,0.0,Fiscal
2025,2,Organismos Descentralizados,Jefatura De Gobierno,No Determina,"Consejo De Los Derechos De Las Niñas, Niños Y Adolescentes","Consejo De Los Derechos De Las Niñas, Niños Y Adolescentes",Servicios De Emergencia,Servicios Sociales,Promoción Y Acción Social,Gastos En Personal,Remuneraciones Al Personal,5415480918.0,5305738803.0,2810466881.14,7278382022.93,3855382329.06,Fiscal
2025,2,Organismos Descentralizados,Jefatura De Gobierno,No Determina,"Consejo De Los Derechos De Las Niñas, Niños Y Adolescentes","Consejo De Los Derechos De Las Niñas, Niños Y Adolescentes",Servicios De Emergencia,Servicios Sociales,Promoción Y Acción Social,Bienes De Consumo,Bienes De Consumo,816128064.0,800536064.0,325393548.3,1098170775.69,446373001.06,Fiscal
2025,2,Organismos Descentralizados,Jefatura De Gobierno,No Determina,"Consejo De Los Derechos De Las Niñas, Niños Y Adolescentes","Consejo De Los Derechos De Las Niñas, Niños Y Adolescentes",Servicios De Emergencia,Servicios Sociales,Promoción Y Acción Social,Servicios No Personales,Servicios No Personales,8293921814.0,16476377938.0,4488610837.69,22602200643.4,6157450572.29,Fiscal
2025,2,Organismos Descentralizados,Jefatura De Gobierno,No Determina,"Consejo De Los Derechos De Las Niñas, Niños Y Adolescentes","Consejo De Los Derechos De Las Niñas, Niños Y Adolescentes",Servicios De Emergencia,Servicios Sociales,Promoción Y Acción Social,Bienes De Uso,Maquinaria Y Equipo,254514771.0,248514771.0,80002899.34,340911135.82,109747517.92,Fiscal
2025,2,Organismos Descentralizados,Jefatura De Gobierno,No Determina,"Consejo De Los Derechos De Las Niñas, Niños Y Adolescentes","Consejo De Los Derechos De Las Niñas, Niños Y Adolescentes",Servicios De Emergencia,Servicios Sociales,Promoción Y Acción Social,Transferencias,Al Sector Privado,5545148375.0,9845148375.0,8151728483.25,13505518007.24,11182494323.83,Fiscal
2025,2,Organismos Descentralizados,Jefatura De Gobierno,No Determina,"Consejo De Los Derechos De Las Niñas, Niños Y Adolescentes","Consejo De Los Derechos De Las Niñas, Niños Y Adolescentes","Promocion Y Proteccion De Los Derechos De Niñas, Niños Y Adolescentes",Servicios Sociales,Promoción Y Acción Social,Gastos En Personal,Remuneraciones Al Personal,5824229652.0,6063121193.0,2658728904.87,8317354836.43,3647229044.54,Fiscal
2025,2,Organismos Descentralizados,Jefatura De Gobierno,No Determina,"Consejo De Los Derechos De Las Niñas, Niños Y Adolescentes","Consejo De Los Derechos De Las Niñas, Niños Y Adolescentes","Promocion Y Proteccion De Los Derechos De Niñas, Niños Y Adolescentes",Servicios Sociales,Promoción Y Acción Social,Bienes De Consumo,Bienes De Consumo,15238186.0,15238186.0,3180741.55,20903656.05,4363322.99,Fiscal
2025,2,Organismos Descentralizados,Jefatura De Gobierno,No Determina,"Consejo De Los Derechos De Las Niñas, Niños Y Adolescentes","Consejo De Los Derechos De Las Niñas, Niños Y Adolescentes","Promocion Y Proteccion De Los Derechos De Niñas, Niños Y Adolescentes",Servicios Sociales,Promoción Y Acción Social,Servicios No Personales,Servicios No Personales,1663824635.0,1448147567.0,716256997.48,1986560516.74,982557236.2,Fiscal
2025,2,Organismos Descentralizados,Jefatura De Gobierno,No Determina,"Consejo De Los Derechos De Las Niñas, Niños Y Adolescentes","Consejo De Los Derechos De Las Niñas, Niños Y Adolescentes","Promocion Y Proteccion De Los Derechos De Niñas, Niños Y Adolescentes",Servicios Sociales,Promoción Y Acción Social,Bienes De Uso,Maquinaria Y Equipo,32761373.0,22761373.0,9191225.54,31223920.78,12608470.42,Fiscal
2025,2,Organismos Descentralizados,Jefatura De Gobierno,No Determina,"Consejo De Los Derechos De Las Niñas, Niños Y Adolescentes","Consejo De Los Derechos De Las Niñas, Niños Y Adolescentes","Promocion Y Proteccion De Los Derechos De Niñas, Niños Y Adolescentes",Servicios Sociales,Promoción Y Acción Social,Transferencias,Al Sector Privado,5474804520.0,674804520.0,65057466.69,925692965.62,89245459.23,Fiscal
2025,2,Organismos Descentralizados,Jefatura De Gobierno,No Determina,"Consejo De Los Derechos De Las Niñas, Niños Y Adolescentes","Consejo De Los Derechos De Las Niñas, Niños Y Adolescentes","Programas Especiales De Proteccion Para Niños, Niñas Y Adolescentes",Servicios Sociales,Promoción Y Acción Social,Gastos En Personal,Remuneraciones Al Personal,3893617251.0,3922022032.0,1887104660.51,5380207302.16,2588719337.01,Fiscal
2025,2,Organismos Descentralizados,Jefatura De Gobierno,No Determina,"Consejo De Los Derechos De Las Niñas, Niños Y Adolescentes","Consejo De Los Derechos De Las Niñas, Niños Y Adolescentes","Programas Especiales De Proteccion Para Niños, Niñas Y Adolescentes",Servicios Sociales,Promoción Y Acción Social,Bienes De Consumo,Bienes De Consumo,28271569.0,43271569.0,23466842.89,59359689.88,32191680.32,Fiscal
2025,2,Organismos Descentralizados,Jefatura De Gobierno,No Determina,"Consejo De Los Derechos De Las Niñas, Niños Y Adolescentes","Consejo De Los Derechos De Las Niñas, Niños Y Adolescentes","Programas Especiales De Proteccion Para Niños, Niñas Y Adolescentes",Servicios Sociales,Promoción Y Acción Social,Servicios No Personales,Servicios No Personales,2271757168.0,1478857810.0,739565992.43,2028688651.74,1014532381.62,Fiscal
2025,2,Organismos Descentralizados,Jefatura De Gobierno,No Determina,"Consejo De Los Derechos De Las Niñas, Niños Y Adolescentes","Consejo De Los Derechos De Las Niñas, Niños Y Adolescentes","Programas Especiales De Proteccion Para Niños, Niñas Y Adolescentes",Servicios Sociales,Promoción Y Acción Social,Bienes De Uso,Maquinaria Y Equipo,7785243.0,8785243.0,3785870.0,12051545.9,5193434.73,Fiscal
2025,2,Organismos Descentralizados,Jefatura De Gobierno,No Determina,"Consejo De Los Derechos De Las Niñas, Niños Y Adolescentes","Consejo De Los Derechos De Las Niñas, Niños Y Adolescentes","Programas Especiales De Proteccion Para Niños, Niñas Y Adolescentes",Servicios Sociales,Promoción Y Acción Social,Transferencias,Al Sector Privado,5615492230.0,6115492230.0,4213438347.92,8389197124.26,5779970530.94,Fiscal
2025,2,Organismos Descentralizados,Jefatura De Gobierno,No Determina,"Consejo De Los Derechos De Las Niñas, Niños Y Adolescentes","Consejo De Los Derechos De Las Niñas, Niños Y Adolescentes",Control E Intervencion De Jovenes En Conflicto Con La Ley Penal,Servicios Sociales,Promoción Y Acción Social,Gastos En Personal,Remuneraciones Al Personal,12327770827.0,12193625558.0,5897910813.97,16727145521.27,8090720187.16,Fiscal
2025,2,Organismos Descentralizados,Jefatura De Gobierno,No Determina,"Consejo De Los Derechos De Las Niñas, Niños Y Adolescentes","Consejo De Los Derechos De Las Niñas, Niños Y Adolescentes",Control E Intervencion De Jovenes En Conflicto Con La Ley Penal,Servicios Sociales,Promoción Y Acción Social,Bienes De Consumo,Bienes De Consumo,70708641.0,125738641.0,92020027.54,172487545.7,126232545.37,Fiscal
2025,2,Organismos Descentralizados,Jefatura De Gobierno,No Determina,"Consejo De Los Derechos De Las Niñas, Niños Y Adolescentes","Consejo De Los Derechos De Las Niñas, Niños Y Adolescentes",Control E Intervencion De Jovenes En Conflicto Con La Ley Penal,Servicios Sociales,Promoción Y Acción Social,Servicios No Personales,Servicios No Personales,1729014998.0,3574431252.0,2086808971.13,4903384266.11,2862672563.56,Fiscal
2025,2,Organismos Descentralizados,Jefatura De Gobierno,No Determina,"Consejo De Los Derechos De Las Niñas, Niños Y Adolescentes","Consejo De Los Derechos De Las Niñas, Niños Y Adolescentes",Control E Intervencion De Jovenes En Conflicto Con La Ley Penal,Servicios Sociales,Promoción Y Acción Social,Bienes De Uso,Maquinaria Y Equipo,16028644.0,11028644.0,7719800.0,15129030.51,10589977.31,Fiscal
2025,2,Organismos Descentralizados,Jefatura De Gobierno,No Determina,"Consejo De Los Derechos De Las Niñas, Niños Y Adolescentes","Consejo De Los Derechos De Las Niñas, Niños Y Adolescentes",Control E Intervencion De Jovenes En Conflicto Con La Ley Penal,Servicios Sociales,Promoción Y Acción Social,Transferencias,Al Sector Privado,165749240.0,76011027.0,26180990.0,104271490.36,35914931.74,Fiscal
2025,2,Organismos Descentralizados,Jefatura De Gobierno,No Determina,"Consejo De Los Derechos De Las Niñas, Niños Y Adolescentes","Consejo De Los Derechos De Las Niñas, Niños Y Adolescentes",Control E Intervencion De Jovenes En Conflicto Con La Ley Penal,Servicios Sociales,Promoción Y Acción Social,Transferencias,Al Sector Público,18416582.0,44416582.0,5200000.0,60930412.14,7133330.14,Fiscal
2025,2,Administracion Central,Jefatura De Gobierno,Secretaría De Gobierno Y Vinculación Ciudadana,Secretaría De Gobierno Y Vinculación Ciudadana,Dirección General Competencias Comunales Y Talleres,Competencias Comunales Y Talleres,Servicios Sociales,Servicios Urbanos,Gastos En Personal,Remuneraciones Al Personal,4551922899.0,4391253655.0,2052621812.72,6023896548.13,2815774815.96,Fiscal
2025,2,Administracion Central,Jefatura De Gobierno,Secretaría De Gobierno Y Vinculación Ciudadana,Secretaría De Gobierno Y Vinculación Ciudadana,Dirección General Competencias Comunales Y Talleres,Competencias Comunales Y Talleres,Servicios Sociales,Servicios Urbanos,Bienes De Consumo,Bienes De Consumo,757328934.0,365347878.0,177561846.6,501182121.11,243578321.56,Fiscal
2025,2,Administracion Central,Jefatura De Gobierno,Secretaría De Gobierno Y Vinculación Ciudadana,Secretaría De Gobierno Y Vinculación Ciudadana,Dirección General Competencias Comunales Y Talleres,Competencias Comunales Y Talleres,Servicios Sociales,Servicios Urbanos,Servicios No Personales,Servicios No Personales,1073927363.0,1046564967.0,386435516.8,1435671812.06,530110022.93,Fiscal
2025,2,Administracion Central,Jefatura De Gobierno,Secretaría De Gobierno Y Vinculación Ciudadana,Secretaría De Gobierno Y Vinculación Ciudadana,Dirección General Competencias Comunales Y Talleres,Competencias Comunales Y Talleres,Servicios Sociales,Servicios Urbanos,Bienes De Uso,Maquinaria Y Equipo,27990434.0,522161694.0,278148000.0,716298413.43,381561829.2,Fiscal
2025,2,Administracion Central,Jefatura De Gobierno,Secretaría De Gobierno Y Vinculación Ciudadana,Secretaría De Gobierno Y Vinculación Ciudadana,Dirección General Competencias Comunales Y Talleres,Competencias Comunales Y Talleres,Servicios Sociales,Servicios Urbanos,Servicios No Personales,Servicios No Personales,13792566214.0,9953639944.0,7316890308.8,13654346118.61,10037268109.99,Fiscal
2025,2,Administracion Central,Jefatura De Gobierno,Secretaría De Gobierno Y Vinculación Ciudadana,Secretaría De Gobierno Y Vinculación Ciudadana,Dirección General Competencias Comunales Y Talleres,Competencias Comunales Y Talleres,Administración Gubernamental,Dirección Ejecutiva,Servicios No Personales,Servicios No Personales,1942617293.0,1029215427.0,0.0,1411871812.72,0.0,Fiscal
2025,2,Administracion Central,Jefatura De Gobierno,Secretaría De Gobierno Y Vinculación Ciudadana,Secretaría De Gobierno Y Vinculación Ciudadana,Dg.Mediación Y Convivencia Vecinal,Mediacion Vecinal,Administración Gubernamental,Judicial,Gastos En Personal,Remuneraciones Al Personal,558821067.0,562230725.0,307897655.42,771264880.07,422372235.67,Fiscal
2025,2,Administracion Central,Jefatura De Gobierno,Secretaría De Gobierno Y Vinculación Ciudadana,Secretaría De Gobierno Y Vinculación Ciudadana,Dg.Mediación Y Convivencia Vecinal,Mediacion Vecinal,Administración Gubernamental,Judicial,Bienes De Consumo,Bienes De Consumo,1719492.0,1719492.0,128736.41,2358789.25,176599.87,Fiscal
2025,2,Administracion Central,Jefatura De Gobierno,Secretaría De Gobierno Y Vinculación Ciudadana,Secretaría De Gobierno Y Vinculación Ciudadana,Dg.Mediación Y Convivencia Vecinal,Mediacion Vecinal,Administración Gubernamental,Judicial,Servicios No Personales,Servicios No Personales,3883184.0,4745242.0,499339.0,6509495.73,684990.37,Fiscal
2025,2,Administracion Central,Jefatura De Gobierno,Secretaría De Gobierno Y Vinculación Ciudadana,Secretaría De Gobierno Y Vinculación Ciudadana,Dg.Mediación Y Convivencia Vecinal,Mediacion Vecinal,Administración Gubernamental,Judicial,Bienes De Uso,Maquinaria Y Equipo,172668.0,2672668.0,0.0,3666350.62,0.0,Fiscal
2025,2,Administracion Central,Jefatura De Gobierno,Secretaría De Gobierno Y Vinculación Ciudadana,Secretaría De Gobierno Y Vinculación Ciudadana,Subs.Servicios Al Ciudadano,Defensa Y Proteccion Al Consumidor,Servicios Sociales,Promoción Y Acción Social,Gastos En Personal,Remuneraciones Al Personal,1842808121.0,1781406937.0,870145864.08,2443723806.84,1193661099.73,Fiscal
2025,2,Administracion Central,Jefatura De Gobierno,Secretaría De Gobierno Y Vinculación Ciudadana,Secretaría De Gobierno Y Vinculación Ciudadana,Subs.Servicios Al Ciudadano,Defensa Y Proteccion Al Consumidor,Servicios Sociales,Promoción Y Acción Social,Bienes De Consumo,Bienes De Consumo,8324627.0,9285523.0,6861957.75,12737827.13,9413194.24,Fiscal
2025,2,Administracion Central,Jefatura De Gobierno,Secretaría De Gobierno Y Vinculación Ciudadana,Secretaría De Gobierno Y Vinculación Ciudadana,Subs.Servicios Al Ciudadano,Defensa Y Proteccion Al Consumidor,Servicios Sociales,Promoción Y Acción Social,Servicios No Personales,Servicios No Personales,3578078991.0,2992644434.0,980006957.34,4105292449.96,1344367916.61,Fiscal
2025,2,Administracion Central,Jefatura De Gobierno,Secretaría De Gobierno Y Vinculación Ciudadana,Secretaría De Gobierno Y Vinculación Ciudadana,Subs.Servicios Al Ciudadano,Defensa Y Proteccion Al Consumidor,Servicios Sociales,Promoción Y Acción Social,Bienes De Uso,Maquinaria Y Equipo,3802319.0,45500000.0,40919413.56,62416638.73,56133016.55,Fiscal
2025,2,Administracion Central,Jefatura De Gobierno,Secretaría De Gobierno Y Vinculación Ciudadana,Secretaría De Gobierno Y Vinculación Ciudadana,Subs.Servicios Al Ciudadano,Mantenimiento De Infraestructura Comunal,Servicios Sociales,Vivienda Y Urbanismo,Servicios No Personales,Servicios No Personales,2695185067.0,1707352516.0,146490871.34,2342136377.36,200955336.11,Fiscal
2025,2,Administracion Central,Jefatura De Gobierno,Secretaría De Gobierno Y Vinculación Ciudadana,Secretaría De Gobierno Y Vinculación Ciudadana,Subs.Servicios Al Ciudadano,Habilitacion De Conductores,Servicios Económicos,Transporte,Gastos En Personal,Remuneraciones Al Personal,4427079304.0,4427079304.0,2165564057.99,6073041967.71,2970708339.48,Fiscal
2025,2,Administracion Central,Jefatura De Gobierno,Secretaría De Gobierno Y Vinculación Ciudadana,Secretaría De Gobierno Y Vinculación Ciudadana,Subs.Servicios Al Ciudadano,Habilitacion De Conductores,Servicios Económicos,Transporte,Bienes De Consumo,Bienes De Consumo,93870384.0,58870384.0,34237340.53,80758054.72,46966587.14,Fiscal
2025,2,Administracion Central,Jefatura De Gobierno,Secretaría De Gobierno Y Vinculación Ciudadana,Secretaría De Gobierno Y Vinculación Ciudadana,Subs.Servicios Al Ciudadano,Habilitacion De Conductores,Servicios Económicos,Transporte,Servicios No Personales,Servicios No Personales,7188411785.0,4498064930.0,1692259262.81,6170419641.83,2321431539.3,Fiscal
2025,2,Administracion Central,Jefatura De Gobierno,Secretaría De Gobierno Y Vinculación Ciudadana,Secretaría De Gobierno Y Vinculación Ciudadana,Subs.Servicios Al Ciudadano,Habilitacion De Conductores,Servicios Económicos,Transporte,Bienes De Uso,Maquinaria Y Equipo,3135428.0,4035428.0,2132800.0,5535776.96,2925762.79,Fiscal
2025,2,Administracion Central,Jefatura De Gobierno,Secretaría De Gobierno Y Vinculación Ciudadana,Secretaría De Gobierno Y Vinculación Ciudadana,Subs.Servicios Al Ciudadano,Habilitacion De Conductores,Servicios Económicos,Transporte,Bienes De Uso,Construcciones Del Dominio Privado,0.0,163837618.0,129960504.24,224751503.57,178279073.45,Fiscal
2025,2,Administracion Central,Jefatura De Gobierno,Secretaría De Gobierno Y Vinculación Ciudadana,Secretaría De Gobierno Y Vinculación Ciudadana,Subs.Servicios Al Ciudadano,Habilitacion De Conductores,Servicios Económicos,Transporte,Activos Financieros,Activos Financieros,0.0,40959405.0,40959404.37,56187876.58,56187875.71,Fiscal
2025,2,Administracion Central,Jefatura De Gobierno,Secretaría De Gobierno Y Vinculación Ciudadana,Secretaría De Gobierno Y Vinculación Ciudadana,Subs.Servicios Al Ciudadano,Coordinacion De Servicios Al Ciudadano,Administración Gubernamental,Dirección Ejecutiva,Gastos En Personal,Remuneraciones Al Personal,420977564.0,463365568.0,257347736.11,635642225.41,353028146.63,Fiscal
2025,2,Administracion Central,Jefatura De Gobierno,Secretaría De Gobierno Y Vinculación Ciudadana,Secretaría De Gobierno Y Vinculación Ciudadana,Subs.Servicios Al Ciudadano,Coordinacion De Servicios Al Ciudadano,Administración Gubernamental,Dirección Ejecutiva,Bienes De Consumo,Bienes De Consumo,13449866.0,50949866.0,14637318.35,69892733.61,20079389.26,Fiscal
2025,2,Administracion Central,Jefatura De Gobierno,Secretaría De Gobierno Y Vinculación Ciudadana,Secretaría De Gobierno Y Vinculación Ciudadana,Subs.Servicios Al Ciudadano,Coordinacion De Servicios Al Ciudadano,Administración Gubernamental,Dirección Ejecutiva,Servicios No Personales,Servicios No Personales,1059274959.0,986832037.0,256630179.62,1353730521.69,352043806.76,Fiscal
2025,2,Administracion Central,Jefatura De Gobierno,Secretaría De Gobierno Y Vinculación Ciudadana,Secretaría De Gobierno Y Vinculación Ciudadana,Subs.Servicios Al Ciudadano,Coordinacion De Servicios Al Ciudadano,Administración Gubernamental,Dirección Ejecutiva,Transferencias,Al Sector Privado,0.0,642857.0,642857.0,881867.54,881867.54,Fiscal
2025,2,Administracion Central,Jefatura De Gobierno,Secretaría De Gobierno Y Vinculación Ciudadana,Secretaría De Gobierno Y Vinculación Ciudadana,Subs.Servicios Al Ciudadano,Coordinacion De Servicios Al Ciudadano,Administración Gubernamental,Dirección Ejecutiva,Bienes De Uso,Maquinaria Y Equipo,93362.0,93362.0,0.0,128073.46,0.0,Fiscal
2025,2,Administracion Central,Jefatura De Gobierno,Secretaría De Gobierno Y Vinculación Ciudadana,Secretaría De Gobierno Y Vinculación Ciudadana,Subs.Servicios Al Ciudadano,Fondo De Emergencia Para Subsidios Por Inundaciones - Ley 1575,Servicios Sociales,Promoción Y Acción Social,Transferencias,Al Sector Privado,0.0,8687451308.0,0.0,11917395818.55,0.0,Fiscal
2025,2,Administracion Central,Jefatura De Gobierno,Secretaría De Gobierno Y Vinculación Ciudadana,Secretaría De Gobierno Y Vinculación Ciudadana,Subs.Servicios Al Ciudadano,Atencion Ciudadana Y Servicios Desconcentrados,Administración Gubernamental,Dirección Ejecutiva,Gastos En Personal,Remuneraciones Al Personal,3448102077.0,3412509381.0,1587502387.72,4681260773.28,2177726659.59,Fiscal
2025,2,Administracion Central,Jefatura De Gobierno,Secretaría De Gobierno Y Vinculación Ciudadana,Secretaría De Gobierno Y Vinculación Ciudadana,Subs.Servicios Al Ciudadano,Atencion Ciudadana Y Servicios Desconcentrados,Administración Gubernamental,Dirección Ejecutiva,Bienes De Consumo,Bienes De Consumo,314645629.0,79556877.0,30669118.43,109135667.03,42071720.55,Fiscal
2025,2,Administracion Central,Jefatura De Gobierno,Secretaría De Gobierno Y Vinculación Ciudadana,Secretaría De Gobierno Y Vinculación Ciudadana,Subs.Servicios Al Ciudadano,Atencion Ciudadana Y Servicios Desconcentrados,Administración Gubernamental,Dirección Ejecutiva,Servicios No Personales,Servicios No Personales,17350308220.0,16105331670.0,5457134680.63,22093201503.61,7486066018.5,Fiscal
2025,2,Administracion Central,Jefatura De Gobierno,Secretaría De Gobierno Y Vinculación Ciudadana,Secretaría De Gobierno Y Vinculación Ciudadana,Subs.Servicios Al Ciudadano,Atencion Ciudadana Y Servicios Desconcentrados,Administración Gubernamental,Dirección Ejecutiva,Bienes De Uso,Maquinaria Y Equipo,155417660.0,334936254.0,186816980.12,459463629.94,256274460.57,Fiscal
2025,2,Administracion Central,Jefatura De Gobierno,Secretaría De Gobierno Y Vinculación Ciudadana,Secretaría De Gobierno Y Vinculación Ciudadana,Subsecretaría De Asuntos Públicos Territoriales,Actividades Comunes,Administración Gubernamental,Dirección Ejecutiva,Gastos En Personal,Remuneraciones Al Personal,264766026.0,265028576.0,144268574.52,363564678.69,197906802.1,Fiscal
2025,2,Administracion Central,Jefatura De Gobierno,Secretaría De Gobierno Y Vinculación Ciudadana,Secretaría De Gobierno Y Vinculación Ciudadana,Subsecretaría De Asuntos Públicos Territoriales,Actividades Comunes,Administración Gubernamental,Dirección Ejecutiva,Bienes De Consumo,Bienes De Consumo,2157718.0,0.0,0.0,0.0,0.0,Fiscal
2025,2,Administracion Central,Jefatura De Gobierno,Secretaría De Gobierno Y Vinculación Ciudadana,Secretaría De Gobierno Y Vinculación Ciudadana,Subsecretaría De Asuntos Públicos Territoriales,Actividades Comunes,Administración Gubernamental,Dirección Ejecutiva,Servicios No Personales,Servicios No Personales,52621981.0,0.0,0.0,0.0,0.0,Fiscal
2025,2,Administracion Central,Jefatura De Gobierno,Secretaría De Gobierno Y Vinculación Ciudadana,Secretaría De Gobierno Y Vinculación Ciudadana,Subsecretaría De Asuntos Públicos Territoriales,Coordinacion Y Vinculacion Estrategica,Administración Gubernamental,Dirección Ejecutiva,Gastos En Personal,Remuneraciones Al Personal,168974782.0,168974782.0,82822887.25,231798635.65,113615961.14,Fiscal
2025,2,Administracion Central,Jefatura De Gobierno,Secretaría De Gobierno Y Vinculación Ciudadana,Secretaría De Gobierno Y Vinculación Ciudadana,Subsecretaría De Asuntos Públicos Territoriales,Coordinacion Y Vinculacion Estrategica,Administración Gubernamental,Dirección Ejecutiva,Bienes De Consumo,Bienes De Consumo,2461487.0,2461487.0,0.0,3376653.73,0.0,Fiscal
2025,2,Administracion Central,Jefatura De Gobierno,Secretaría De Gobierno Y Vinculación Ciudadana,Secretaría De Gobierno Y Vinculación Ciudadana,Subsecretaría De Asuntos Públicos Territoriales,Coordinacion Y Vinculacion Estrategica,Administración Gubernamental,Dirección Ejecutiva,Servicios No Personales,Servicios No Personales,91024996.0,776219.0,0.0,1064812.77,0.0,Fiscal
2025,2,Administracion Central,Jefatura De Gobierno,Secretaría De Gobierno Y Vinculación Ciudadana,Secretaría De Gobierno Y Vinculación Ciudadana,Subsecretaría De Asuntos Públicos Territoriales,Monitoreo Y Simplificacion De Procesos,Administración Gubernamental,Dirección Ejecutiva,Gastos En Personal,Remuneraciones Al Personal,188193279.0,188193279.0,70003859.98,258162459.47,96030893.14,Fiscal
2025,2,Administracion Central,Jefatura De Gobierno,Secretaría De Gobierno Y Vinculación Ciudadana,Secretaría De Gobierno Y Vinculación Ciudadana,Subsecretaría De Asuntos Públicos Territoriales,Gestion De Asuntos Publicos Locales,Administración Gubernamental,Dirección Ejecutiva,Gastos En Personal,Remuneraciones Al Personal,152323183.0,152323183.0,74567745.55,208956067.76,102291605.16,Fiscal
2025,2,Administracion Central,Jefatura De Gobierno,Secretaría De Gobierno Y Vinculación Ciudadana,Secretaría De Gobierno Y Vinculación Ciudadana,Dirección General Participación Ciudadana Y Cercanía,Participacion Ciudadana Y Cercania,Administración Gubernamental,Dirección Ejecutiva,Gastos En Personal,Remuneraciones Al Personal,402416927.0,365821522.0,203296783.56,501831863.23,278881360.3,Fiscal
2025,2,Administracion Central,Jefatura De Gobierno,Secretaría De Gobierno Y Vinculación Ciudadana,Secretaría De Gobierno Y Vinculación Ciudadana,Dirección General Participación Ciudadana Y Cercanía,Participacion Ciudadana Y Cercania,Administración Gubernamental,Dirección Ejecutiva,Bienes De Consumo,Bienes De Consumo,35135285.0,81746968.0,67091079.19,112140021.29,92035157.18,Fiscal
2025,2,Administracion Central,Jefatura De Gobierno,Secretaría De Gobierno Y Vinculación Ciudadana,Secretaría De Gobierno Y Vinculación Ciudadana,Dirección General Participación Ciudadana Y Cercanía,Participacion Ciudadana Y Cercania,Administración Gubernamental,Dirección Ejecutiva,Servicios No Personales,Servicios No Personales,1956117754.0,1591336069.0,997959185.7,2182985681.56,1368994680.38,Fiscal
2025,2,Administracion Central,Jefatura De Gobierno,Secretaría De Gobierno Y Vinculación Ciudadana,Secretaría De Gobierno Y Vinculación Ciudadana,Dirección General Participación Ciudadana Y Cercanía,Participacion Ciudadana Y Cercania,Administración Gubernamental,Dirección Ejecutiva,Bienes De Uso,Maquinaria Y Equipo,23410500.0,20910500.0,0.0,28684903.83,0.0,Fiscal
2025,2,Administracion Central,Jefatura De Gobierno,Secretaría De Gobierno Y Vinculación Ciudadana,Secretaría De Gobierno Y Vinculación Ciudadana,Subsecretaria De Articulación Y Fortalecimiento Territorial,Actividades Comunes,Administración Gubernamental,Dirección Ejecutiva,Gastos En Personal,Remuneraciones Al Personal,202108595.0,190631148.0,136046964.25,261506714.17,186628444.34,Fiscal
2025,2,Administracion Central,Jefatura De Gobierno,Secretaría De Gobierno Y Vinculación Ciudadana,Secretaría De Gobierno Y Vinculación Ciudadana,Subsecretaria De Articulación Y Fortalecimiento Territorial,Actividades Comunes,Administración Gubernamental,Dirección Ejecutiva,Bienes De Consumo,Bienes De Consumo,2577478.0,2577478.0,647793.26,3535769.52,888639.07,Fiscal
2025,2,Administracion Central,Jefatura De Gobierno,Secretaría De Gobierno Y Vinculación Ciudadana,Secretaría De Gobierno Y Vinculación Ciudadana,Subsecretaria De Articulación Y Fortalecimiento Territorial,Actividades Comunes,Administración Gubernamental,Dirección Ejecutiva,Servicios No Personales,Servicios No Personales,367371917.0,172443310.0,40029649.53,236556742.44,54912443.36,Fiscal
2025,2,Administracion Central,Jefatura De Gobierno,Secretaría De Gobierno Y Vinculación Ciudadana,Secretaría De Gobierno Y Vinculación Ciudadana,Subsecretaria De Articulación Y Fortalecimiento Territorial,Actividades Comunes,Administración Gubernamental,Dirección Ejecutiva,Bienes De Uso,Maquinaria Y Equipo,9270235.0,55260235.0,42223633.16,75805673.05,57922137.51,Fiscal
2025,2,Administracion Central,Jefatura De Gobierno,Secretaría De Gobierno Y Vinculación Ciudadana,Secretaría De Gobierno Y Vinculación Ciudadana,Subsecretaria De Articulación Y Fortalecimiento Territorial,Gestion De Espacios Publicos Para La Vinculacion Comunitaria,Administración Gubernamental,Dirección Ejecutiva,Gastos En Personal,Remuneraciones Al Personal,0.0,140686211.0,50152999.01,192992536.39,68799596.05,Fiscal
2025,2,Administracion Central,Jefatura De Gobierno,Secretaría De Gobierno Y Vinculación Ciudadana,Secretaría De Gobierno Y Vinculación Ciudadana,Subsecretaria De Articulación Y Fortalecimiento Territorial,Gestion De Espacios Publicos Para La Vinculacion Comunitaria,Administración Gubernamental,Dirección Ejecutiva,Bienes De Consumo,Bienes De Consumo,0.0,2895040.0,0.0,3971399.25,0.0,Fiscal
2025,2,Administracion Central,Jefatura De Gobierno,Secretaría De Gobierno Y Vinculación Ciudadana,Secretaría De Gobierno Y Vinculación Ciudadana,Subsecretaria De Articulación Y Fortalecimiento Territorial,Gestion De Espacios Publicos Para La Vinculacion Comunitaria,Administración Gubernamental,Dirección Ejecutiva,Servicios No Personales,Servicios No Personales,0.0,4266189.0,0.0,5852333.57,0.0,Fiscal
2025,2,Administracion Central,Jefatura De Gobierno,Secretaría De Gobierno Y Vinculación Ciudadana,Secretaría De Gobierno Y Vinculación Ciudadana,Subsecretaria De Articulación Y Fortalecimiento Territorial,Gestion De Espacios Publicos Para La Vinculacion Comunitaria,Administración Gubernamental,Dirección Ejecutiva,Bienes De Uso,Maquinaria Y Equipo,0.0,2058206.0,0.0,2823435.17,0.0,Fiscal
2025,2,Administracion Central,Jefatura De Gobierno,Secretaría De Gobierno Y Vinculación Ciudadana,Secretaría De Gobierno Y Vinculación Ciudadana,Subsecretaria De Articulación Y Fortalecimiento Territorial,Descentralizacion Y Gestion Institucional,Administración Gubernamental,Dirección Ejecutiva,Gastos En Personal,Remuneraciones Al Personal,119274402.0,119274402.0,61508420.8,163619939.76,84376898.45,Fiscal
2025,2,Administracion Central,Jefatura De Gobierno,Secretaría De Gobierno Y Vinculación Ciudadana,Secretaría De Gobierno Y Vinculación Ciudadana,Subsecretaria De Articulación Y Fortalecimiento Territorial,Descentralizacion Y Gestion Institucional,Administración Gubernamental,Dirección Ejecutiva,Bienes De Consumo,Bienes De Consumo,3421667.0,3421667.0,0.0,4693823.14,0.0,Fiscal
2025,2,Administracion Central,Jefatura De Gobierno,Secretaría De Gobierno Y Vinculación Ciudadana,Secretaría De Gobierno Y Vinculación Ciudadana,Subsecretaria De Articulación Y Fortalecimiento Territorial,Descentralizacion Y Gestion Institucional,Administración Gubernamental,Dirección Ejecutiva,Servicios No Personales,Servicios No Personales,582771271.0,859055325.0,554697855.76,1178447161.9,760931333.3,Fiscal
2025,2,Administracion Central,Jefatura De Gobierno,Secretaría De Gobierno Y Vinculación Ciudadana,Secretaría De Gobierno Y Vinculación Ciudadana,Subsecretaria De Articulación Y Fortalecimiento Territorial,Descentralizacion Y Gestion Institucional,Administración Gubernamental,Dirección Ejecutiva,Bienes De Uso,Maquinaria Y Equipo,1381345.0,1381345.0,0.0,1894921.14,0.0,Fiscal
2025,2,Administracion Central,Jefatura De Gobierno,Secretaría De Gobierno Y Vinculación Ciudadana,Secretaría De Gobierno Y Vinculación Ciudadana,Subsecretaria De Articulación Y Fortalecimiento Territorial,Relaciones Con La Comunidad,Administración Gubernamental,Dirección Ejecutiva,Gastos En Personal,Remuneraciones Al Personal,155498492.0,0.0,0.0,0.0,0.0,Fiscal
2025,2,Administracion Central,Jefatura De Gobierno,Secretaría De Gobierno Y Vinculación Ciudadana,Secretaría De Gobierno Y Vinculación Ciudadana,Subsecretaria De Articulación Y Fortalecimiento Territorial,Relaciones Con La Comunidad,Administración Gubernamental,Dirección Ejecutiva,Bienes De Consumo,Bienes De Consumo,3205040.0,310000.0,0.0,425256.22,0.0,Fiscal
2025,2,Administracion Central,Jefatura De Gobierno,Secretaría De Gobierno Y Vinculación Ciudadana,Secretaría De Gobierno Y Vinculación Ciudadana,Subsecretaria De Articulación Y Fortalecimiento Territorial,Relaciones Con La Comunidad,Administración Gubernamental,Dirección Ejecutiva,Servicios No Personales,Servicios No Personales,671701486.0,318167608.0,0.0,436460497.65,0.0,Fiscal
2025,2,Administracion Central,Jefatura De Gobierno,Secretaría De Gobierno Y Vinculación Ciudadana,Secretaría De Gobierno Y Vinculación Ciudadana,Subsecretaria De Articulación Y Fortalecimiento Territorial,Relaciones Con La Comunidad,Administración Gubernamental,Dirección Ejecutiva,Bienes De Uso,Maquinaria Y Equipo,2058206.0,0.0,0.0,0.0,0.0,Fiscal
2025,2,Administracion Central,Jefatura De Gobierno,Secretaría De Gobierno Y Vinculación Ciudadana,Secretaría De Gobierno Y Vinculación Ciudadana,Subsecretaria De Articulación Y Fortalecimiento Territorial,Asistencia Territorial,Administración Gubernamental,Dirección Ejecutiva,Gastos En Personal,Remuneraciones Al Personal,165124717.0,190346532.0,106037326.16,261116279.57,145461395.13,Fiscal
2025,2,Administracion Central,Jefatura De Gobierno,Secretaría De Gobierno Y Vinculación Ciudadana,Secretaría De Gobierno Y Vinculación Ciudadana,Subsecretaria De Articulación Y Fortalecimiento Territorial,Planificacion Estrategica Territorial,Administración Gubernamental,Dirección Ejecutiva,Gastos En Personal,Remuneraciones Al Personal,74132076.0,75201839.0,66056138.18,103161450.91,90615431.04,Fiscal
2025,2,Administracion Central,Jefatura De Gobierno,Secretaría De Gobierno Y Vinculación Ciudadana,Secretaría De Gobierno Y Vinculación Ciudadana,Subsecretaria De Relaciones Federales,Actividades Comunes,Administración Gubernamental,Dirección Ejecutiva,Gastos En Personal,Remuneraciones Al Personal,410645074.0,409334773.0,214984452.66,561523091.09,294914437.66,Fiscal
2025,2,Administracion Central,Jefatura De Gobierno,Secretaría De Gobierno Y Vinculación Ciudadana,Secretaría De Gobierno Y Vinculación Ciudadana,Subsecretaria De Relaciones Federales,Actividades Comunes,Administración Gubernamental,Dirección Ejecutiva,Bienes De Consumo,Bienes De Consumo,5476398.0,5476398.0,939410.08,7512491.33,1288677.35,Fiscal
2025,2,Administracion Central,Jefatura De Gobierno,Secretaría De Gobierno Y Vinculación Ciudadana,Secretaría De Gobierno Y Vinculación Ciudadana,Subsecretaria De Relaciones Federales,Actividades Comunes,Administración Gubernamental,Dirección Ejecutiva,Servicios No Personales,Servicios No Personales,187271353.0,179866949.0,18540281.09,246740447.79,25433451.14,Fiscal
2025,2,Administracion Central,Jefatura De Gobierno,Secretaría De Gobierno Y Vinculación Ciudadana,Secretaría De Gobierno Y Vinculación Ciudadana,Subsecretaria De Relaciones Federales,Actividades Comunes,Administración Gubernamental,Dirección Ejecutiva,Bienes De Uso,Maquinaria Y Equipo,23470468.0,6677880.0,4604055.02,9160677.44,6315816.24,Fiscal
2025,2,Administracion Central,Jefatura De Gobierno,Secretaría De Gobierno Y Vinculación Ciudadana,Secretaría De Gobierno Y Vinculación Ciudadana,Subsecretaria De Relaciones Federales,Asuntos Federales,Administración Gubernamental,Dirección Ejecutiva,Gastos En Personal,Remuneraciones Al Personal,401059015.0,360190257.0,250661325.59,494106926.24,343855767.08,Fiscal
2025,2,Administracion Central,Jefatura De Gobierno,Secretaría De Gobierno Y Vinculación Ciudadana,Secretaría De Gobierno Y Vinculación Ciudadana,Subsecretaria De Relaciones Federales,Asuntos Federales,Administración Gubernamental,Dirección Ejecutiva,Bienes De Consumo,Bienes De Consumo,133760324.0,5900698.0,0.0,8094543.63,0.0,Fiscal
2025,2,Administracion Central,Jefatura De Gobierno,Secretaría De Gobierno Y Vinculación Ciudadana,Secretaría De Gobierno Y Vinculación Ciudadana,Subsecretaria De Relaciones Federales,Asuntos Federales,Administración Gubernamental,Dirección Ejecutiva,Servicios No Personales,Servicios No Personales,525021557.0,1919534851.0,1067237230.18,2633206886.1,1464029903.99,Fiscal
2025,2,Administracion Central,Jefatura De Gobierno,Secretaría De Gobierno Y Vinculación Ciudadana,Secretaría De Gobierno Y Vinculación Ciudadana,Subsecretaria De Relaciones Federales,Asuntos Federales,Administración Gubernamental,Dirección Ejecutiva,Bienes De Uso,Maquinaria Y Equipo,14112596.0,100000.0,0.0,137179.43,0.0,Fiscal
2025,2,Administracion Central,Jefatura De Gobierno,Secretaría De Gobierno Y Vinculación Ciudadana,Secretaría De Gobierno Y Vinculación Ciudadana,Subsecretaria De Relaciones Federales,Relaciones Con Provincias Y Municipios,Administración Gubernamental,Dirección Ejecutiva,Gastos En Personal,Remuneraciones Al Personal,220457500.0,233254254.0,126200370.48,319976846.23,173120943.55,Fiscal
2025,2,Administracion Central,Jefatura De Gobierno,Secretaría De Gobierno Y Vinculación Ciudadana,Secretaría De Gobierno Y Vinculación Ciudadana,Subsecretaria De Relaciones Federales,Relaciones Con Provincias Y Municipios,Administración Gubernamental,Dirección Ejecutiva,Bienes De Consumo,Bienes De Consumo,26932428.0,3376589.0,93700.0,4631985.4,128537.12,Fiscal
2025,2,Administracion Central,Jefatura De Gobierno,Secretaría De Gobierno Y Vinculación Ciudadana,Secretaría De Gobierno Y Vinculación Ciudadana,Subsecretaria De Relaciones Federales,Relaciones Con Provincias Y Municipios,Administración Gubernamental,Dirección Ejecutiva,Servicios No Personales,Servicios No Personales,159403464.0,64123654.0,25678245.0,87964460.34,35225269.04,Fiscal
2025,2,Administracion Central,Jefatura De Gobierno,Secretaría De Gobierno Y Vinculación Ciudadana,Secretaría De Gobierno Y Vinculación Ciudadana,Subsecretaria De Relaciones Federales,Relaciones Con Provincias Y Municipios,Administración Gubernamental,Dirección Ejecutiva,Bienes De Uso,Maquinaria Y Equipo,2158353.0,0.0,0.0,0.0,0.0,Fiscal
2025,2,Administracion Central,Jefatura De Gobierno,Secretaría De Gobierno Y Vinculación Ciudadana,Secretaría De Gobierno Y Vinculación Ciudadana,Subsecretaria De Relaciones Federales,Colectividades Y Migrantes,Servicios Sociales,Cultura,Gastos En Personal,Remuneraciones Al Personal,0.0,161438361.0,32815002.2,221460216.6,45015431.59,Fiscal
2025,2,Administracion Central,Jefatura De Gobierno,Secretaría De Gobierno Y Vinculación Ciudadana,Secretaría De Gobierno Y Vinculación Ciudadana,Subsecretaria De Relaciones Federales,Colectividades Y Migrantes,Servicios Sociales,Cultura,Servicios No Personales,Servicios No Personales,0.0,58700005.0,21230880.0,80524329.79,29124399.27,Fiscal
2025,2,Administracion Central,Jefatura De Gobierno,Secretaría De Gobierno Y Vinculación Ciudadana,Secretaría De Gobierno Y Vinculación Ciudadana,Subsecretaria De Relaciones Federales,Desarrollo Institucional,Administración Gubernamental,Dirección Ejecutiva,Gastos En Personal,Remuneraciones Al Personal,284653620.0,253129904.0,133925232.47,347242148.76,183717864.87,Fiscal
2025,2,Administracion Central,Jefatura De Gobierno,Secretaría De Gobierno Y Vinculación Ciudadana,Secretaría De Gobierno Y Vinculación Ciudadana,Subsecretaria De Relaciones Federales,Desarrollo Institucional,Administración Gubernamental,Dirección Ejecutiva,Bienes De Consumo,Bienes De Consumo,6403085.0,7863046.0,1958800.0,10786481.35,2687070.59,Fiscal
2025,2,Administracion Central,Jefatura De Gobierno,Secretaría De Gobierno Y Vinculación Ciudadana,Secretaría De Gobierno Y Vinculación Ciudadana,Subsecretaria De Relaciones Federales,Desarrollo Institucional,Administración Gubernamental,Dirección Ejecutiva,Servicios No Personales,Servicios No Personales,7421435.0,104504277.0,46417065.77,143358367.1,63674664.28,Fiscal
2025,2,Administracion Central,Jefatura De Gobierno,Secretaría De Gobierno Y Vinculación Ciudadana,Secretaría De Gobierno Y Vinculación Ciudadana,Subsecretaria De Relaciones Federales,Desarrollo Institucional,Administración Gubernamental,Dirección Ejecutiva,Bienes De Uso,Maquinaria Y Equipo,6097152.0,5097152.0,4365914.02,6992243.84,5989135.78,Fiscal
2025,2,Administracion Central,Jefatura De Gobierno,Secretaría De Gobierno Y Vinculación Ciudadana,Secretaría De Gobierno Y Vinculación Ciudadana,Dirección General Representaciones De La Ciudad,Representaciones De La Ciudad,Administración Gubernamental,Dirección Ejecutiva,Gastos En Personal,Remuneraciones Al Personal,258745938.0,248273276.0,118237771.7,340579854.36,162197896.26,Fiscal
2025,2,Administracion Central,Jefatura De Gobierno,Secretaría De Gobierno Y Vinculación Ciudadana,Secretaría De Gobierno Y Vinculación Ciudadana,Dirección General Representaciones De La Ciudad,Representaciones De La Ciudad,Administración Gubernamental,Dirección Ejecutiva,Bienes De Consumo,Bienes De Consumo,5938044.0,5938044.0,310000.0,8145774.66,425256.22,Fiscal
2025,2,Administracion Central,Jefatura De Gobierno,Secretaría De Gobierno Y Vinculación Ciudadana,Secretaría De Gobierno Y Vinculación Ciudadana,Dirección General Representaciones De La Ciudad,Representaciones De La Ciudad,Administración Gubernamental,Dirección Ejecutiva,Servicios No Personales,Servicios No Personales,185553796.0,2811466988.0,1893456820.13,3856754269.91,2597433193.1,Fiscal
2025,2,Administracion Central,Jefatura De Gobierno,Secretaría De Gobierno Y Vinculación Ciudadana,Secretaría De Gobierno Y Vinculación Ciudadana,Dirección General Representaciones De La Ciudad,Representaciones De La Ciudad,Administración Gubernamental,Dirección Ejecutiva,Bienes De Uso,Maquinaria Y Equipo,2078222.0,3078222.0,2129795.06,4222687.26,2921640.63,Fiscal
2025,2,Administracion Central,Jefatura De Gobierno,Secretaría De Gobierno Y Vinculación Ciudadana,Secretaría De Gobierno Y Vinculación Ciudadana,Dirección General Registro Civil Y Capacidad De Las Personas,Certificacion De La Identidad Y Capacidad De Las Personas,Servicios De Seguridad,Seguridad Interior,Gastos En Personal,Remuneraciones Al Personal,9547660625.0,9436011555.0,4582244413.43,12944266466.94,6285896573.82,Fiscal
2025,2,Administracion Central,Jefatura De Gobierno,Secretaría De Gobierno Y Vinculación Ciudadana,Secretaría De Gobierno Y Vinculación Ciudadana,Dirección General Registro Civil Y Capacidad De Las Personas,Certificacion De La Identidad Y Capacidad De Las Personas,Servicios De Seguridad,Seguridad Interior,Bienes De Consumo,Bienes De Consumo,113490355.0,124665355.0,83825178.37,171015218.13,114990898.34,Fiscal
2025,2,Administracion Central,Jefatura De Gobierno,Secretaría De Gobierno Y Vinculación Ciudadana,Secretaría De Gobierno Y Vinculación Ciudadana,Dirección General Registro Civil Y Capacidad De Las Personas,Certificacion De La Identidad Y Capacidad De Las Personas,Servicios De Seguridad,Seguridad Interior,Servicios No Personales,Servicios No Personales,1725342402.0,1843454017.0,835963871.61,2528839634.89,1146770438.74,Fiscal
2025,2,Administracion Central,Jefatura De Gobierno,Secretaría De Gobierno Y Vinculación Ciudadana,Secretaría De Gobierno Y Vinculación Ciudadana,Dirección General Registro Civil Y Capacidad De Las Personas,Certificacion De La Identidad Y Capacidad De Las Personas,Servicios De Seguridad,Seguridad Interior,Bienes De Uso,Maquinaria Y Equipo,1364803.0,44364803.0,10642380.0,60859382.0,14599155.77,Fiscal
2025,2,Administracion Central,Jefatura De Gobierno,Secretaría De Gobierno Y Vinculación Ciudadana,Secretaría De Gobierno Y Vinculación Ciudadana,Dirección General Registro Civil Y Capacidad De Las Personas,Certificacion De La Identidad Y Capacidad De Las Personas,Servicios De Seguridad,Seguridad Interior,Bienes De Uso,Construcciones Del Dominio Privado,2927145798.0,1151993482.0,0.0,1580298043.54,0.0,Fiscal
2025,2,Administracion Central,Jefatura De Gobierno,Secretaría De Gobierno Y Vinculación Ciudadana,Secretaría De Gobierno Y Vinculación Ciudadana,Dirección General Registro Civil Y Capacidad De Las Personas,Certificacion De La Identidad Y Capacidad De Las Personas,Servicios De Seguridad,Seguridad Interior,Activos Financieros,Activos Financieros,836109770.0,836109770.0,0.0,1146970581.31,0.0,Fiscal
2025,2,Administracion Central,Jefatura De Gobierno,Secretaría De Gobierno Y Vinculación Ciudadana,Secretaría De Gobierno Y Vinculación Ciudadana,Sec. De Gobierno Y Vinculación Ciudadana,Actividades Centrales,Administración Gubernamental,Dirección Ejecutiva,Gastos En Personal,Remuneraciones Al Personal,1096849359.0,1542508921.0,1052753742.67,2116004880.31,1444161538.99,Fiscal
2025,2,Administracion Central,Jefatura De Gobierno,Secretaría De Gobierno Y Vinculación Ciudadana,Secretaría De Gobierno Y Vinculación Ciudadana,Sec. De Gobierno Y Vinculación Ciudadana,Actividades Centrales,Administración Gubernamental,Dirección Ejecutiva,Bienes De Consumo,Bienes De Consumo,769631904.0,128330562.0,26043410.83,176043128.04,35726201.43,Fiscal
2025,2,Administracion Central,Jefatura De Gobierno,Secretaría De Gobierno Y Vinculación Ciudadana,Secretaría De Gobierno Y Vinculación Ciudadana,Sec. De Gobierno Y Vinculación Ciudadana,Actividades Centrales,Administración Gubernamental,Dirección Ejecutiva,Servicios No Personales,Servicios No Personales,7368692861.0,3306669092.0,1369849940.51,4536069672.59,1879152282.33,Fiscal
2025,2,Administracion Central,Jefatura De Gobierno,Secretaría De Gobierno Y Vinculación Ciudadana,Secretaría De Gobierno Y Vinculación Ciudadana,Sec. De Gobierno Y Vinculación Ciudadana,Actividades Centrales,Administración Gubernamental,Dirección Ejecutiva,Bienes De Uso,Maquinaria Y Equipo,387586122.0,291245031.0,170810630.25,399528261.12,234317041.73,Fiscal
2025,2,Administracion Central,Jefatura De Gobierno,Secretaría De Gobierno Y Vinculación Ciudadana,Secretaría De Gobierno Y Vinculación Ciudadana,Sec. De Gobierno Y Vinculación Ciudadana,Actividades Centrales,Administración Gubernamental,Dirección Ejecutiva,Servicios No Personales,Servicios No Personales,0.0,415912922.0,60195218.8,570546958.11,82575455.49,Fiscal
2025,2,Organismos Descentralizados,Jefatura De Gobierno,Secretaría De Gobierno Y Vinculación Ciudadana,Comuna 1,Comuna 1,Gestion De La Comuna 1,Administración Gubernamental,Dirección Ejecutiva,Gastos En Personal,Remuneraciones Al Personal,1007919434.0,1007919434.0,519815037.8,1382658091.81,713079283.93,Fiscal
2025,2,Organismos Descentralizados,Jefatura De Gobierno,Secretaría De Gobierno Y Vinculación Ciudadana,Comuna 1,Comuna 1,Gestion De La Comuna 1,Administración Gubernamental,Dirección Ejecutiva,Bienes De Consumo,Bienes De Consumo,17496417.0,17496417.0,3649794.3,24001484.37,5006766.86,Fiscal
2025,2,Organismos Descentralizados,Jefatura De Gobierno,Secretaría De Gobierno Y Vinculación Ciudadana,Comuna 1,Comuna 1,Gestion De La Comuna 1,Administración Gubernamental,Dirección Ejecutiva,Servicios No Personales,Servicios No Personales,417228007.0,420121113.0,152622634.87,576319730.36,209366854.11,Fiscal
2025,2,Organismos Descentralizados,Jefatura De Gobierno,Secretaría De Gobierno Y Vinculación Ciudadana,Comuna 1,Comuna 1,Gestion De La Comuna 1,Administración Gubernamental,Dirección Ejecutiva,Bienes De Uso,Maquinaria Y Equipo,15656115.0,15656115.0,30000.0,21476968.66,41153.83,Fiscal
2025,2,Organismos Descentralizados,Jefatura De Gobierno,Secretaría De Gobierno Y Vinculación Ciudadana,Comuna 1,Comuna 1,Gestion De La Comuna 1,Servicios Sociales,Vivienda Y Urbanismo,Servicios No Personales,Servicios No Personales,0.0,394868017.0,340996631.23,541677678.28,467777220.62,Fiscal
2025,2,Organismos Descentralizados,Jefatura De Gobierno,Secretaría De Gobierno Y Vinculación Ciudadana,Comuna 1,Comuna 1,Gestion De La Comuna 1,Servicios Económicos,Ecología,Servicios No Personales,Servicios No Personales,14648921089.0,14648921089.0,4138633970.61,20095305831.71,5677354315.69,Fiscal
2025,2,Organismos Descentralizados,Jefatura De Gobierno,Secretaría De Gobierno Y Vinculación Ciudadana,Comuna 1,Comuna 1,Gestion De La Comuna 1,Servicios Sociales,Servicios Urbanos,Servicios No Personales,Servicios No Personales,1120877229.0,1120877229.0,0.0,1537612946.35,0.0,Fiscal
2025,2,Organismos Descentralizados,Jefatura De Gobierno,Secretaría De Gobierno Y Vinculación Ciudadana,Comuna 2,Comuna 2,Gestion De La Comuna 2,Administración Gubernamental,Dirección Ejecutiva,Gastos En Personal,Remuneraciones Al Personal,943650617.0,943650617.0,478589236.57,1294494497.7,656525966.53,Fiscal
2025,2,Organismos Descentralizados,Jefatura De Gobierno,Secretaría De Gobierno Y Vinculación Ciudadana,Comuna 2,Comuna 2,Gestion De La Comuna 2,Administración Gubernamental,Dirección Ejecutiva,Bienes De Consumo,Bienes De Consumo,24521039.0,23600674.0,2982853.17,32375269.07,4091860.85,Fiscal
2025,2,Organismos Descentralizados,Jefatura De Gobierno,Secretaría De Gobierno Y Vinculación Ciudadana,Comuna 2,Comuna 2,Gestion De La Comuna 2,Administración Gubernamental,Dirección Ejecutiva,Servicios No Personales,Servicios No Personales,485166869.0,510550712.0,169248016.35,700370535.0,232173456.96,Fiscal
2025,2,Organismos Descentralizados,Jefatura De Gobierno,Secretaría De Gobierno Y Vinculación Ciudadana,Comuna 2,Comuna 2,Gestion De La Comuna 2,Administración Gubernamental,Dirección Ejecutiva,Bienes De Uso,Maquinaria Y Equipo,8697840.0,8697840.0,0.0,11931646.97,0.0,Fiscal
2025,2,Organismos Descentralizados,Jefatura De Gobierno,Secretaría De Gobierno Y Vinculación Ciudadana,Comuna 2,Comuna 2,Gestion De La Comuna 2,Servicios Sociales,Vivienda Y Urbanismo,Servicios No Personales,Servicios No Personales,0.0,106932226.0,38969125.69,146689013.59,53457622.85,Fiscal
2025,2,Organismos Descentralizados,Jefatura De Gobierno,Secretaría De Gobierno Y Vinculación Ciudadana,Comuna 2,Comuna 2,Gestion De La Comuna 2,Servicios Económicos,Ecología,Servicios No Personales,Servicios No Personales,9481724612.0,9481724612.0,2264442870.31,13006975376.04,3106349726.43,Fiscal
2025,2,Organismos Descentralizados,Jefatura De Gobierno,Secretaría De Gobierno Y Vinculación Ciudadana,Comuna 2,Comuna 2,Gestion De La Comuna 2,Servicios Sociales,Servicios Urbanos,Servicios No Personales,Servicios No Personales,1120877229.0,1120877229.0,0.0,1537612946.35,0.0,Fiscal
2025,2,Organismos Descentralizados,Jefatura De Gobierno,Secretaría De Gobierno Y Vinculación Ciudadana,Comuna 3,Comuna 3,Gestion De La Comuna 3,Administración Gubernamental,Dirección Ejecutiva,Gastos En Personal,Remuneraciones Al Personal,1241314350.0,1241314350.0,638613560.14,1702827897.36,876046414.7,Fiscal
2025,2,Organismos Descentralizados,Jefatura De Gobierno,Secretaría De Gobierno Y Vinculación Ciudadana,Comuna 3,Comuna 3,Gestion De La Comuna 3,Administración Gubernamental,Dirección Ejecutiva,Bienes De Consumo,Bienes De Consumo,17817793.0,17817793.0,4335700.5,24442346.12,5947689.05,Fiscal
2025,2,Organismos Descentralizados,Jefatura De Gobierno,Secretaría De Gobierno Y Vinculación Ciudadana,Comuna 3,Comuna 3,Gestion De La Comuna 3,Administración Gubernamental,Dirección Ejecutiva,Servicios No Personales,Servicios No Personales,226976110.0,238821485.0,100263568.99,327613941.74,137540988.2,Fiscal
2025,2,Organismos Descentralizados,Jefatura De Gobierno,Secretaría De Gobierno Y Vinculación Ciudadana,Comuna 3,Comuna 3,Gestion De La Comuna 3,Administración Gubernamental,Dirección Ejecutiva,Bienes De Uso,Maquinaria Y Equipo,10437411.0,10437411.0,8005307.69,14317980.48,10981635.12,Fiscal
2025,2,Organismos Descentralizados,Jefatura De Gobierno,Secretaría De Gobierno Y Vinculación Ciudadana,Comuna 3,Comuna 3,Gestion De La Comuna 3,Servicios Sociales,Vivienda Y Urbanismo,Servicios No Personales,Servicios No Personales,0.0,114315242.0,57938078.72,156816992.55,79479123.69,Fiscal
2025,2,Organismos Descentralizados,Jefatura De Gobierno,Secretaría De Gobierno Y Vinculación Ciudadana,Comuna 3,Comuna 3,Gestion De La Comuna 3,Servicios Económicos,Ecología,Servicios No Personales,Servicios No Personales,5212121658.0,5694354108.0,2270395175.5,7811482266.79,3114515064.51,Fiscal
2025,2,Organismos Descentralizados,Jefatura De Gobierno,Secretaría De Gobierno Y Vinculación Ciudadana,Comuna 3,Comuna 3,Gestion De La Comuna 3,Servicios Sociales,Servicios Urbanos,Servicios No Personales,Servicios No Personales,1120877229.0,1120877229.0,0.0,1537612946.35,0.0,Fiscal
2025,2,Organismos Descentralizados,Jefatura De Gobierno,Secretaría De Gobierno Y Vinculación Ciudadana,Comuna 4,Comuna 4,Gestion De La Comuna 4,Administración Gubernamental,Dirección Ejecutiva,Gastos En Personal,Remuneraciones Al Personal,1566238466.0,1566238466.0,797320218.24,2148556933.88,1093759296.95,Fiscal
2025,2,Organismos Descentralizados,Jefatura De Gobierno,Secretaría De Gobierno Y Vinculación Ciudadana,Comuna 4,Comuna 4,Gestion De La Comuna 4,Administración Gubernamental,Dirección Ejecutiva,Bienes De Consumo,Bienes De Consumo,18825587.0,18825587.0,18104036.26,25824832.14,24835012.98,Fiscal
2025,2,Organismos Descentralizados,Jefatura De Gobierno,Secretaría De Gobierno Y Vinculación Ciudadana,Comuna 4,Comuna 4,Gestion De La Comuna 4,Administración Gubernamental,Dirección Ejecutiva,Servicios No Personales,Servicios No Personales,141916078.0,167094087.0,68506968.99,229218709.05,93977466.67,Fiscal
2025,2,Organismos Descentralizados,Jefatura De Gobierno,Secretaría De Gobierno Y Vinculación Ciudadana,Comuna 4,Comuna 4,Gestion De La Comuna 4,Administración Gubernamental,Dirección Ejecutiva,Bienes De Uso,Maquinaria Y Equipo,6958272.0,6958272.0,4956000.0,9545317.57,6798612.34,Fiscal
2025,2,Organismos Descentralizados,Jefatura De Gobierno,Secretaría De Gobierno Y Vinculación Ciudadana,Comuna 4,Comuna 4,Gestion De La Comuna 4,Servicios Sociales,Vivienda Y Urbanismo,Servicios No Personales,Servicios No Personales,0.0,111995485.0,45288626.05,153634763.21,62126677.16,Fiscal
2025,2,Organismos Descentralizados,Jefatura De Gobierno,Secretaría De Gobierno Y Vinculación Ciudadana,Comuna 4,Comuna 4,Gestion De La Comuna 4,Servicios Económicos,Ecología,Servicios No Personales,Servicios No Personales,17754905400.0,17754905400.0,6651148630.7,24356077274.11,9124007498.85,Fiscal
2025,2,Organismos Descentralizados,Jefatura De Gobierno,Secretaría De Gobierno Y Vinculación Ciudadana,Comuna 4,Comuna 4,Gestion De La Comuna 4,Servicios Sociales,Servicios Urbanos,Servicios No Personales,Servicios No Personales,1120877229.0,1120877229.0,0.0,1537612946.35,0.0,Fiscal
2025,2,Organismos Descentralizados,Jefatura De Gobierno,Secretaría De Gobierno Y Vinculación Ciudadana,Comuna 5,Comuna 5,Gestion De La Comuna 5,Administración Gubernamental,Dirección Ejecutiva,Gastos En Personal,Remuneraciones Al Personal,1357489208.0,1357489208.0,676603683.82,1862195900.45,928161048.22,Fiscal
2025,2,Organismos Descentralizados,Jefatura De Gobierno,Secretaría De Gobierno Y Vinculación Ciudadana,Comuna 5,Comuna 5,Gestion De La Comuna 5,Administración Gubernamental,Dirección Ejecutiva,Bienes De Consumo,Bienes De Consumo,24366526.0,26455643.0,10020538.44,36291699.15,13746117.09,Fiscal
2025,2,Organismos Descentralizados,Jefatura De Gobierno,Secretaría De Gobierno Y Vinculación Ciudadana,Comuna 5,Comuna 5,Gestion De La Comuna 5,Administración Gubernamental,Dirección Ejecutiva,Servicios No Personales,Servicios No Personales,245739179.0,256176972.0,120132779.01,351422099.15,164797456.41,Fiscal
2025,2,Organismos Descentralizados,Jefatura De Gobierno,Secretaría De Gobierno Y Vinculación Ciudadana,Comuna 5,Comuna 5,Gestion De La Comuna 5,Administración Gubernamental,Dirección Ejecutiva,Bienes De Uso,Maquinaria Y Equipo,8697842.0,8697842.0,719139.91,11931649.71,986512.0,Fiscal
2025,2,Organismos Descentralizados,Jefatura De Gobierno,Secretaría De Gobierno Y Vinculación Ciudadana,Comuna 5,Comuna 5,Gestion De La Comuna 5,Servicios Sociales,Vivienda Y Urbanismo,Servicios No Personales,Servicios No Personales,0.0,546281287.0,448792221.22,749385532.61,615650591.98,Fiscal
2025,2,Organismos Descentralizados,Jefatura De Gobierno,Secretaría De Gobierno Y Vinculación Ciudadana,Comuna 5,Comuna 5,Gestion De La Comuna 5,Servicios Económicos,Ecología,Servicios No Personales,Servicios No Personales,6622808517.0,7684725277.0,2512646789.18,10541862007.16,3446834437.08,Fiscal
2025,2,Organismos Descentralizados,Jefatura De Gobierno,Secretaría De Gobierno Y Vinculación Ciudadana,Comuna 5,Comuna 5,Gestion De La Comuna 5,Servicios Económicos,Ecología,Bienes De Consumo,Bienes De Consumo,0.0,15790754.0,5563135.13,21661665.66,7631476.83,Fiscal
2025,2,Organismos Descentralizados,Jefatura De Gobierno,Secretaría De Gobierno Y Vinculación Ciudadana,Comuna 5,Comuna 5,Gestion De La Comuna 5,Servicios Sociales,Servicios Urbanos,Servicios No Personales,Servicios No Personales,1120877229.0,1120877229.0,0.0,1537612946.35,0.0,Fiscal
2025,2,Organismos Descentralizados,Jefatura De Gobierno,Secretaría De Gobierno Y Vinculación Ciudadana,Comuna 5,Comuna 5,Gestion De La Comuna 5,Administración Gubernamental,Dirección Ejecutiva,Servicios No Personales,Servicios No Personales,0.0,69730034.0,69730034.0,95655260.23,95655260.23,Fiscal
2025,2,Organismos Descentralizados,Jefatura De Gobierno,Secretaría De Gobierno Y Vinculación Ciudadana,Comuna 6,Comuna 6,Gestion De La Comuna 6,Administración Gubernamental,Dirección Ejecutiva,Gastos En Personal,Remuneraciones Al Personal,1165525594.0,1165525594.0,598338137.94,1598861317.08,820796821.8,Fiscal
2025,2,Organismos Descentralizados,Jefatura De Gobierno,Secretaría De Gobierno Y Vinculación Ciudadana,Comuna 6,Comuna 6,Gestion De La Comuna 6,Administración Gubernamental,Dirección Ejecutiva,Bienes De Consumo,Bienes De Consumo,23139330.0,23139330.0,3127764.06,31742400.02,4290648.78,Fiscal
2025,2,Organismos Descentralizados,Jefatura De Gobierno,Secretaría De Gobierno Y Vinculación Ciudadana,Comuna 6,Comuna 6,Gestion De La Comuna 6,Administración Gubernamental,Dirección Ejecutiva,Servicios No Personales,Servicios No Personales,263429852.0,258558795.0,84483533.6,354689470.26,115894026.26,Fiscal
2025,2,Organismos Descentralizados,Jefatura De Gobierno,Secretaría De Gobierno Y Vinculación Ciudadana,Comuna 6,Comuna 6,Gestion De La Comuna 6,Administración Gubernamental,Dirección Ejecutiva,Bienes De Uso,Maquinaria Y Equipo,8697842.0,8697842.0,219119.02,11931649.71,300586.21,Fiscal
2025,2,Organismos Descentralizados,Jefatura De Gobierno,Secretaría De Gobierno Y Vinculación Ciudadana,Comuna 6,Comuna 6,Gestion De La Comuna 6,Servicios Sociales,Vivienda Y Urbanismo,Servicios No Personales,Servicios No Personales,0.0,529573322.0,413912193.11,726465642.16,567802369.71,Fiscal
2025,2,Organismos Descentralizados,Jefatura De Gobierno,Secretaría De Gobierno Y Vinculación Ciudadana,Comuna 6,Comuna 6,Gestion De La Comuna 6,Servicios Económicos,Ecología,Servicios No Personales,Servicios No Personales,8393867664.0,8393867664.0,2105597580.92,11514659461.55,2888446670.58,Fiscal
2025,2,Organismos Descentralizados,Jefatura De Gobierno,Secretaría De Gobierno Y Vinculación Ciudadana,Comuna 6,Comuna 6,Gestion De La Comuna 6,Servicios Sociales,Servicios Urbanos,Servicios No Personales,Servicios No Personales,1681315843.0,1681315843.0,0.0,2306419418.84,0.0,Fiscal
2025,2,Organismos Descentralizados,Jefatura De Gobierno,Secretaría De Gobierno Y Vinculación Ciudadana,Comuna 7,Comuna 7,Gestion De La Comuna 7,Administración Gubernamental,Dirección Ejecutiva,Gastos En Personal,Remuneraciones Al Personal,1718905612.0,1718905612.0,816278635.77,2357984848.11,1119766345.25,Fiscal
2025,2,Organismos Descentralizados,Jefatura De Gobierno,Secretaría De Gobierno Y Vinculación Ciudadana,Comuna 7,Comuna 7,Gestion De La Comuna 7,Administración Gubernamental,Dirección Ejecutiva,Bienes De Consumo,Bienes De Consumo,18023059.0,16443056.0,6925530.21,22556489.8,9500402.57,Fiscal
2025,2,Organismos Descentralizados,Jefatura De Gobierno,Secretaría De Gobierno Y Vinculación Ciudadana,Comuna 7,Comuna 7,Gestion De La Comuna 7,Administración Gubernamental,Dirección Ejecutiva,Servicios No Personales,Servicios No Personales,457106709.0,486065966.0,142520877.21,666782501.03,195509320.96,Fiscal
2025,2,Organismos Descentralizados,Jefatura De Gobierno,Secretaría De Gobierno Y Vinculación Ciudadana,Comuna 7,Comuna 7,Gestion De La Comuna 7,Administración Gubernamental,Dirección Ejecutiva,Bienes De Uso,Maquinaria Y Equipo,8697842.0,8697842.0,4596877.0,11931649.71,6305969.47,Fiscal
2025,2,Organismos Descentralizados,Jefatura De Gobierno,Secretaría De Gobierno Y Vinculación Ciudadana,Comuna 7,Comuna 7,Gestion De La Comuna 7,Servicios Sociales,Vivienda Y Urbanismo,Servicios No Personales,Servicios No Personales,0.0,163623735.0,109217453.72,224458100.1,149823875.86,Fiscal
2025,2,Organismos Descentralizados,Jefatura De Gobierno,Secretaría De Gobierno Y Vinculación Ciudadana,Comuna 7,Comuna 7,Gestion De La Comuna 7,Servicios Económicos,Ecología,Servicios No Personales,Servicios No Personales,12197576085.0,12732790353.0,4416220275.46,17466768691.02,6058145614.71,Fiscal
2025,2,Organismos Descentralizados,Jefatura De Gobierno,Secretaría De Gobierno Y Vinculación Ciudadana,Comuna 7,Comuna 7,Gestion De La Comuna 7,Servicios Sociales,Servicios Urbanos,Servicios No Personales,Servicios No Personales,1681315843.0,1146101575.0,0.0,1572215559.35,0.0,Fiscal
2025,2,Organismos Descentralizados,Jefatura De Gobierno,Secretaría De Gobierno Y Vinculación Ciudadana,Comuna 8,Comuna 8,Gestion De La Comuna 8,Administración Gubernamental,Dirección Ejecutiva,Gastos En Personal,Remuneraciones Al Personal,1552047130.0,1552047130.0,769473113.89,2129089340.65,1055558799.11,Fiscal
2025,2,Organismos Descentralizados,Jefatura De Gobierno,Secretaría De Gobierno Y Vinculación Ciudadana,Comuna 8,Comuna 8,Gestion De La Comuna 8,Administración Gubernamental,Dirección Ejecutiva,Bienes De Consumo,Bienes De Consumo,17056251.0,17003251.0,2024488.7,23324962.08,2777181.97,Fiscal
2025,2,Organismos Descentralizados,Jefatura De Gobierno,Secretaría De Gobierno Y Vinculación Ciudadana,Comuna 8,Comuna 8,Gestion De La Comuna 8,Administración Gubernamental,Dirección Ejecutiva,Servicios No Personales,Servicios No Personales,278509303.0,287134877.0,117164323.17,393889975.46,160725345.73,Fiscal
2025,2,Organismos Descentralizados,Jefatura De Gobierno,Secretaría De Gobierno Y Vinculación Ciudadana,Comuna 8,Comuna 8,Gestion De La Comuna 8,Administración Gubernamental,Dirección Ejecutiva,Bienes De Uso,Maquinaria Y Equipo,8941368.0,8941368.0,6695387.0,12265717.28,9184693.44,Fiscal
2025,2,Organismos Descentralizados,Jefatura De Gobierno,Secretaría De Gobierno Y Vinculación Ciudadana,Comuna 8,Comuna 8,Gestion De La Comuna 8,Servicios Sociales,Vivienda Y Urbanismo,Servicios No Personales,Servicios No Personales,0.0,93174232.0,27725661.93,127815876.43,38033903.83,Fiscal
2025,2,Organismos Descentralizados,Jefatura De Gobierno,Secretaría De Gobierno Y Vinculación Ciudadana,Comuna 8,Comuna 8,Gestion De La Comuna 8,Servicios Económicos,Ecología,Servicios No Personales,Servicios No Personales,17917657506.0,17917657506.0,3767549704.71,24579339678.55,5168303050.6,Fiscal
2025,2,Organismos Descentralizados,Jefatura De Gobierno,Secretaría De Gobierno Y Vinculación Ciudadana,Comuna 8,Comuna 8,Gestion De La Comuna 8,Servicios Sociales,Servicios Urbanos,Servicios No Personales,Servicios No Personales,1681315843.0,1681315843.0,0.0,2306419418.84,0.0,Fiscal
2025,2,Organismos Descentralizados,Jefatura De Gobierno,Secretaría De Gobierno Y Vinculación Ciudadana,Comuna 9,Comuna 9,Gestion De La Comuna 9,Administración Gubernamental,Dirección Ejecutiva,Gastos En Personal,Remuneraciones Al Personal,1140780058.0,1140780058.0,600464756.68,1564915532.89,823714105.18,Fiscal
2025,2,Organismos Descentralizados,Jefatura De Gobierno,Secretaría De Gobierno Y Vinculación Ciudadana,Comuna 9,Comuna 9,Gestion De La Comuna 9,Administración Gubernamental,Dirección Ejecutiva,Bienes De Consumo,Bienes De Consumo,10706341.0,10706341.0,2182148.35,14686897.11,2993458.58,Fiscal
2025,2,Organismos Descentralizados,Jefatura De Gobierno,Secretaría De Gobierno Y Vinculación Ciudadana,Comuna 9,Comuna 9,Gestion De La Comuna 9,Administración Gubernamental,Dirección Ejecutiva,Servicios No Personales,Servicios No Personales,169932189.0,180440345.0,60571111.02,247527029.13,83091102.28,Fiscal
2025,2,Organismos Descentralizados,Jefatura De Gobierno,Secretaría De Gobierno Y Vinculación Ciudadana,Comuna 9,Comuna 9,Gestion De La Comuna 9,Administración Gubernamental,Dirección Ejecutiva,Bienes De Uso,Maquinaria Y Equipo,10437409.0,10437409.0,87648.0,14317977.73,120235.02,Fiscal
2025,2,Organismos Descentralizados,Jefatura De Gobierno,Secretaría De Gobierno Y Vinculación Ciudadana,Comuna 9,Comuna 9,Gestion De La Comuna 9,Servicios Sociales,Vivienda Y Urbanismo,Servicios No Personales,Servicios No Personales,0.0,105861209.0,45238343.26,145219798.62,62057699.51,Fiscal
2025,2,Organismos Descentralizados,Jefatura De Gobierno,Secretaría De Gobierno Y Vinculación Ciudadana,Comuna 9,Comuna 9,Gestion De La Comuna 9,Servicios Económicos,Ecología,Servicios No Personales,Servicios No Personales,16631436935.0,16631436935.0,5176907261.32,22814909685.09,7101651653.84,Fiscal
2025,2,Organismos Descentralizados,Jefatura De Gobierno,Secretaría De Gobierno Y Vinculación Ciudadana,Comuna 9,Comuna 9,Gestion De La Comuna 9,Servicios Sociales,Servicios Urbanos,Servicios No Personales,Servicios No Personales,1681315843.0,1681315843.0,0.0,2306419418.84,0.0,Fiscal
2025,2,Organismos Descentralizados,Jefatura De Gobierno,Secretaría De Gobierno Y Vinculación Ciudadana,Comuna 10,Comuna 10,Gestion De La Comuna 10,Administración Gubernamental,Dirección Ejecutiva,Gastos En Personal,Remuneraciones Al Personal,1460069461.0,1460069461.0,737424916.66,2002914902.47,1011595266.18,Fiscal
2025,2,Organismos Descentralizados,Jefatura De Gobierno,Secretaría De Gobierno Y Vinculación Ciudadana,Comuna 10,Comuna 10,Gestion De La Comuna 10,Administración Gubernamental,Dirección Ejecutiva,Bienes De Consumo,Bienes De Consumo,24512236.0,21512236.0,2040238.63,29510361.82,2798787.64,Fiscal
2025,2,Organismos Descentralizados,Jefatura De Gobierno,Secretaría De Gobierno Y Vinculación Ciudadana,Comuna 10,Comuna 10,Gestion De La Comuna 10,Administración Gubernamental,Dirección Ejecutiva,Servicios No Personales,Servicios No Personales,478133727.0,509848772.0,158873986.65,699407617.74,217942422.59,Fiscal
2025,2,Organismos Descentralizados,Jefatura De Gobierno,Secretaría De Gobierno Y Vinculación Ciudadana,Comuna 10,Comuna 10,Gestion De La Comuna 10,Administración Gubernamental,Dirección Ejecutiva,Bienes De Uso,Maquinaria Y Equipo,11724708.0,11724708.0,5158935.33,16083887.11,7076997.86,Fiscal
2025,2,Organismos Descentralizados,Jefatura De Gobierno,Secretaría De Gobierno Y Vinculación Ciudadana,Comuna 10,Comuna 10,Gestion De La Comuna 10,Servicios Sociales,Vivienda Y Urbanismo,Servicios No Personales,Servicios No Personales,0.0,134010724.0,54940748.65,183835141.66,75367403.51,Fiscal
2025,2,Organismos Descentralizados,Jefatura De Gobierno,Secretaría De Gobierno Y Vinculación Ciudadana,Comuna 10,Comuna 10,Gestion De La Comuna 10,Servicios Económicos,Ecología,Servicios No Personales,Servicios No Personales,11106666188.0,11172512368.0,5090974222.12,15326388310.75,6983769204.11,Fiscal
2025,2,Organismos Descentralizados,Jefatura De Gobierno,Secretaría De Gobierno Y Vinculación Ciudadana,Comuna 10,Comuna 10,Gestion De La Comuna 10,Servicios Sociales,Servicios Urbanos,Servicios No Personales,Servicios No Personales,1681315843.0,1681315843.0,0.0,2306419418.84,0.0,Fiscal
2025,2,Organismos Descentralizados,Jefatura De Gobierno,Secretaría De Gobierno Y Vinculación Ciudadana,Comuna 11,Comuna 11,Gestion De La Comuna 11,Administración Gubernamental,Dirección Ejecutiva,Gastos En Personal,Remuneraciones Al Personal,1412672852.0,1412672852.0,739610946.89,1937896506.41,1014594049.89,Fiscal
2025,2,Organismos Descentralizados,Jefatura De Gobierno,Secretaría De Gobierno Y Vinculación Ciudadana,Comuna 11,Comuna 11,Gestion De La Comuna 11,Administración Gubernamental,Dirección Ejecutiva,Bienes De Consumo,Bienes De Consumo,21992486.0,27800426.0,6725640.58,38136464.75,9226195.13,Fiscal
2025,2,Organismos Descentralizados,Jefatura De Gobierno,Secretaría De Gobierno Y Vinculación Ciudadana,Comuna 11,Comuna 11,Gestion De La Comuna 11,Administración Gubernamental,Dirección Ejecutiva,Servicios No Personales,Servicios No Personales,443747080.0,450957900.0,141149783.43,618621457.69,193628462.39,Fiscal
2025,2,Organismos Descentralizados,Jefatura De Gobierno,Secretaría De Gobierno Y Vinculación Ciudadana,Comuna 11,Comuna 11,Gestion De La Comuna 11,Administración Gubernamental,Dirección Ejecutiva,Bienes De Uso,Maquinaria Y Equipo,11307192.0,11307192.0,11119000.0,15511141.06,15252980.35,Fiscal
2025,2,Organismos Descentralizados,Jefatura De Gobierno,Secretaría De Gobierno Y Vinculación Ciudadana,Comuna 11,Comuna 11,Gestion De La Comuna 11,Servicios Sociales,Vivienda Y Urbanismo,Servicios No Personales,Servicios No Personales,0.0,217002670.0,162396224.3,297683016.62,222774207.97,Fiscal
2025,2,Organismos Descentralizados,Jefatura De Gobierno,Secretaría De Gobierno Y Vinculación Ciudadana,Comuna 11,Comuna 11,Gestion De La Comuna 11,Servicios Económicos,Ecología,Servicios No Personales,Servicios No Personales,11945888874.0,12025525012.0,4377016435.77,16496546157.55,6004366012.54,Fiscal
2025,2,Organismos Descentralizados,Jefatura De Gobierno,Secretaría De Gobierno Y Vinculación Ciudadana,Comuna 11,Comuna 11,Gestion De La Comuna 11,Servicios Sociales,Servicios Urbanos,Servicios No Personales,Servicios No Personales,1681315843.0,1681315843.0,0.0,2306419418.84,0.0,Fiscal
2025,2,Organismos Descentralizados,Jefatura De Gobierno,Secretaría De Gobierno Y Vinculación Ciudadana,Comuna 12,Comuna 12,Gestion De La Comuna 12,Administración Gubernamental,Dirección Ejecutiva,Gastos En Personal,Remuneraciones Al Personal,1556447781.0,1556447781.0,761017225.35,2135126128.42,1043959059.76,Fiscal
2025,2,Organismos Descentralizados,Jefatura De Gobierno,Secretaría De Gobierno Y Vinculación Ciudadana,Comuna 12,Comuna 12,Gestion De La Comuna 12,Administración Gubernamental,Dirección Ejecutiva,Bienes De Consumo,Bienes De Consumo,20830353.0,20830353.0,193075.2,28574958.63,264859.45,Fiscal
2025,2,Organismos Descentralizados,Jefatura De Gobierno,Secretaría De Gobierno Y Vinculación Ciudadana,Comuna 12,Comuna 12,Gestion De La Comuna 12,Administración Gubernamental,Dirección Ejecutiva,Servicios No Personales,Servicios No Personales,327580752.0,421984744.0,140555270.48,578876248.67,192812912.94,Fiscal
2025,2,Organismos Descentralizados,Jefatura De Gobierno,Secretaría De Gobierno Y Vinculación Ciudadana,Comuna 12,Comuna 12,Gestion De La Comuna 12,Administración Gubernamental,Dirección Ejecutiva,Bienes De Uso,Maquinaria Y Equipo,12176985.0,12176985.0,0.0,16704318.1,0.0,Fiscal
2025,2,Organismos Descentralizados,Jefatura De Gobierno,Secretaría De Gobierno Y Vinculación Ciudadana,Comuna 12,Comuna 12,Gestion De La Comuna 12,Servicios Sociales,Vivienda Y Urbanismo,Servicios No Personales,Servicios No Personales,0.0,158298452.0,45278441.03,217152907.46,62112705.4,Fiscal
2025,2,Organismos Descentralizados,Jefatura De Gobierno,Secretaría De Gobierno Y Vinculación Ciudadana,Comuna 12,Comuna 12,Gestion De La Comuna 12,Servicios Económicos,Ecología,Servicios No Personales,Servicios No Personales,20597868983.0,20597868983.0,4255350575.02,28256038392.18,5837465483.4,Fiscal
2025,2,Organismos Descentralizados,Jefatura De Gobierno,Secretaría De Gobierno Y Vinculación Ciudadana,Comuna 12,Comuna 12,Gestion De La Comuna 12,Servicios Sociales,Servicios Urbanos,Servicios No Personales,Servicios No Personales,1681315843.0,1681315843.0,0.0,2306419418.84,0.0,Fiscal
2025,2,Organismos Descentralizados,Jefatura De Gobierno,Secretaría De Gobierno Y Vinculación Ciudadana,Comuna 13,Comuna 13,Gestion De La Comuna 13,Administración Gubernamental,Dirección Ejecutiva,Gastos En Personal,Remuneraciones Al Personal,1162743501.0,1162743501.0,575180978.9,1595044857.87,789029964.01,Fiscal
2025,2,Organismos Descentralizados,Jefatura De Gobierno,Secretaría De Gobierno Y Vinculación Ciudadana,Comuna 13,Comuna 13,Gestion De La Comuna 13,Administración Gubernamental,Dirección Ejecutiva,Bienes De Consumo,Bienes De Consumo,28361684.0,26476381.0,1178983.55,36320147.42,1617322.86,Fiscal
2025,2,Organismos Descentralizados,Jefatura De Gobierno,Secretaría De Gobierno Y Vinculación Ciudadana,Comuna 13,Comuna 13,Gestion De La Comuna 13,Administración Gubernamental,Dirección Ejecutiva,Servicios No Personales,Servicios No Personales,327096311.0,384461792.0,140963897.74,527402478.58,193373465.47,Fiscal
2025,2,Organismos Descentralizados,Jefatura De Gobierno,Secretaría De Gobierno Y Vinculación Ciudadana,Comuna 13,Comuna 13,Gestion De La Comuna 13,Administración Gubernamental,Dirección Ejecutiva,Bienes De Uso,Maquinaria Y Equipo,15656115.0,15656115.0,2869283.86,21476968.66,3936067.12,Fiscal
2025,2,Organismos Descentralizados,Jefatura De Gobierno,Secretaría De Gobierno Y Vinculación Ciudadana,Comuna 13,Comuna 13,Gestion De La Comuna 13,Servicios Sociales,Vivienda Y Urbanismo,Servicios No Personales,Servicios No Personales,0.0,272039224.0,133761491.8,373181845.36,183493246.36,Fiscal
2025,2,Organismos Descentralizados,Jefatura De Gobierno,Secretaría De Gobierno Y Vinculación Ciudadana,Comuna 13,Comuna 13,Gestion De La Comuna 13,Servicios Económicos,Ecología,Servicios No Personales,Servicios No Personales,21561067287.0,21561067287.0,6135296109.24,29577348294.66,8416363972.08,Fiscal
2025,2,Organismos Descentralizados,Jefatura De Gobierno,Secretaría De Gobierno Y Vinculación Ciudadana,Comuna 13,Comuna 13,Gestion De La Comuna 13,Servicios Sociales,Servicios Urbanos,Servicios No Personales,Servicios No Personales,1681315843.0,1681315843.0,0.0,2306419418.84,0.0,Fiscal
2025,2,Organismos Descentralizados,Jefatura De Gobierno,Secretaría De Gobierno Y Vinculación Ciudadana,Comuna 14,Comuna 14,Gestion De La Comuna 14,Administración Gubernamental,Dirección Ejecutiva,Gastos En Personal,Remuneraciones Al Personal,1419065854.0,1419065854.0,736903579.52,1946666389.85,1010880098.88,Fiscal
2025,2,Organismos Descentralizados,Jefatura De Gobierno,Secretaría De Gobierno Y Vinculación Ciudadana,Comuna 14,Comuna 14,Gestion De La Comuna 14,Administración Gubernamental,Dirección Ejecutiva,Bienes De Consumo,Bienes De Consumo,20506240.0,13828238.0,5129929.98,18969497.48,7037208.49,Fiscal
2025,2,Organismos Descentralizados,Jefatura De Gobierno,Secretaría De Gobierno Y Vinculación Ciudadana,Comuna 14,Comuna 14,Gestion De La Comuna 14,Administración Gubernamental,Dirección Ejecutiva,Servicios No Personales,Servicios No Personales,504006513.0,564458768.0,161478156.48,774321296.66,221514807.81,Fiscal
2025,2,Organismos Descentralizados,Jefatura De Gobierno,Secretaría De Gobierno Y Vinculación Ciudadana,Comuna 14,Comuna 14,Gestion De La Comuna 14,Administración Gubernamental,Dirección Ejecutiva,Bienes De Uso,Maquinaria Y Equipo,15656117.0,15656117.0,1873271.3,21476971.4,2569742.81,Fiscal
2025,2,Organismos Descentralizados,Jefatura De Gobierno,Secretaría De Gobierno Y Vinculación Ciudadana,Comuna 14,Comuna 14,Gestion De La Comuna 14,Servicios Sociales,Vivienda Y Urbanismo,Servicios No Personales,Servicios No Personales,0.0,373202145.0,277670519.48,511956559.48,380906824.16,Fiscal
2025,2,Organismos Descentralizados,Jefatura De Gobierno,Secretaría De Gobierno Y Vinculación Ciudadana,Comuna 14,Comuna 14,Gestion De La Comuna 14,Servicios Económicos,Ecología,Servicios No Personales,Servicios No Personales,24650315148.0,24650315148.0,8182499749.7,33815160771.05,11224706170.45,Fiscal
2025,2,Organismos Descentralizados,Jefatura De Gobierno,Secretaría De Gobierno Y Vinculación Ciudadana,Comuna 14,Comuna 14,Gestion De La Comuna 14,Servicios Sociales,Servicios Urbanos,Servicios No Personales,Servicios No Personales,1681315843.0,1681315843.0,0.0,2306419418.84,0.0,Fiscal
2025,2,Organismos Descentralizados,Jefatura De Gobierno,Secretaría De Gobierno Y Vinculación Ciudadana,Comuna 15,Comuna 15,Gestion De La Comuna 15,Administración Gubernamental,Dirección Ejecutiva,Gastos En Personal,Remuneraciones Al Personal,1133424058.0,1133424058.0,573060360.26,1554824614.33,786120911.53,Fiscal
2025,2,Organismos Descentralizados,Jefatura De Gobierno,Secretaría De Gobierno Y Vinculación Ciudadana,Comuna 15,Comuna 15,Gestion De La Comuna 15,Administración Gubernamental,Dirección Ejecutiva,Bienes De Consumo,Bienes De Consumo,28776527.0,24916910.0,8972784.92,34180874.06,12308814.83,Fiscal
2025,2,Organismos Descentralizados,Jefatura De Gobierno,Secretaría De Gobierno Y Vinculación Ciudadana,Comuna 15,Comuna 15,Gestion De La Comuna 15,Administración Gubernamental,Dirección Ejecutiva,Servicios No Personales,Servicios No Personales,334414097.0,362978420.0,137846006.3,497931712.23,189096359.89,Fiscal
2025,2,Organismos Descentralizados,Jefatura De Gobierno,Secretaría De Gobierno Y Vinculación Ciudadana,Comuna 15,Comuna 15,Gestion De La Comuna 15,Administración Gubernamental,Dirección Ejecutiva,Bienes De Uso,Maquinaria Y Equipo,20213741.0,20213741.0,0.0,27729093.83,0.0,Fiscal
2025,2,Organismos Descentralizados,Jefatura De Gobierno,Secretaría De Gobierno Y Vinculación Ciudadana,Comuna 15,Comuna 15,Gestion De La Comuna 15,Servicios Sociales,Vivienda Y Urbanismo,Servicios No Personales,Servicios No Personales,0.0,312951277.0,236511041.36,429304764.74,324444488.43,Fiscal
2025,2,Organismos Descentralizados,Jefatura De Gobierno,Secretaría De Gobierno Y Vinculación Ciudadana,Comuna 15,Comuna 15,Gestion De La Comuna 15,Servicios Económicos,Ecología,Servicios No Personales,Servicios No Personales,10865096056.0,11033080825.0,5620925216.01,15135116920.71,7710752934.41,Fiscal
2025,2,Organismos Descentralizados,Jefatura De Gobierno,Secretaría De Gobierno Y Vinculación Ciudadana,Comuna 15,Comuna 15,Gestion De La Comuna 15,Servicios Sociales,Servicios Urbanos,Servicios No Personales,Servicios No Personales,1681315843.0,1513331074.0,0.0,2075978877.34,0.0,Fiscal
2025,2,Organismos Descentralizados,Jefatura De Gobierno,Secretaría De Gobierno Y Vinculación Ciudadana,Ente Regulador De Servicios Publicos,Ente Regulador De Los Servicios Públicos,Actividades Centrales,Administración Gubernamental,Control De La Gestión,Gastos En Personal,Remuneraciones Al Personal,15107372283.0,15107372283.0,4180976088.69,20724206547.08,5735438990.14,Fiscal
2025,2,Organismos Descentralizados,Jefatura De Gobierno,Secretaría De Gobierno Y Vinculación Ciudadana,Ente Regulador De Servicios Publicos,Ente Regulador De Los Servicios Públicos,Actividades Centrales,Administración Gubernamental,Control De La Gestión,Bienes De Consumo,Bienes De Consumo,104704544.0,104132544.0,20487286.46,142848425.9,28104341.92,Fiscal
2025,2,Organismos Descentralizados,Jefatura De Gobierno,Secretaría De Gobierno Y Vinculación Ciudadana,Ente Regulador De Servicios Publicos,Ente Regulador De Los Servicios Públicos,Actividades Centrales,Administración Gubernamental,Control De La Gestión,Servicios No Personales,Servicios No Personales,5605831971.0,5473520719.0,1688018509.78,7508544291.84,2315614098.64,Fiscal
2025,2,Organismos Descentralizados,Jefatura De Gobierno,Secretaría De Gobierno Y Vinculación Ciudadana,Ente Regulador De Servicios Publicos,Ente Regulador De Los Servicios Públicos,Actividades Centrales,Administración Gubernamental,Control De La Gestión,Bienes De Uso,Maquinaria Y Equipo,101434331.0,101434331.0,0.0,139147032.8,0.0,Fiscal
2025,2,Organismos Descentralizados,Jefatura De Gobierno,Secretaría De Gobierno Y Vinculación Ciudadana,Ente Regulador De Servicios Publicos,Ente Regulador De Los Servicios Públicos,Vinculos Con Los Usuarios,Administración Gubernamental,Control De La Gestión,Gastos En Personal,Remuneraciones Al Personal,777684310.0,777684310.0,215633811.78,1066822870.78,295805224.77,Fiscal
2025,2,Organismos Descentralizados,Jefatura De Gobierno,Secretaría De Gobierno Y Vinculación Ciudadana,Ente Regulador De Servicios Publicos,Ente Regulador De Los Servicios Públicos,Vinculos Con Los Usuarios,Administración Gubernamental,Control De La Gestión,Bienes De Consumo,Bienes De Consumo,5755657.0,5755657.0,162500.0,7895577.22,222916.57,Fiscal
2025,2,Organismos Descentralizados,Jefatura De Gobierno,Secretaría De Gobierno Y Vinculación Ciudadana,Ente Regulador De Servicios Publicos,Ente Regulador De Los Servicios Públicos,Vinculos Con Los Usuarios,Administración Gubernamental,Control De La Gestión,Servicios No Personales,Servicios No Personales,141415107.0,100396359.0,81000648.74,137723148.77,111116224.81,Fiscal
2025,2,Organismos Descentralizados,Jefatura De Gobierno,Secretaría De Gobierno Y Vinculación Ciudadana,Ente Regulador De Servicios Publicos,Ente Regulador De Los Servicios Públicos,Control Tecnico De Los Servicios Publicos,Administración Gubernamental,Control De La Gestión,Gastos En Personal,Remuneraciones Al Personal,5188563539.0,5188563539.0,3090809784.4,7117641668.62,4239955113.95,Fiscal
2025,2,Organismos Descentralizados,Jefatura De Gobierno,Secretaría De Gobierno Y Vinculación Ciudadana,Ente Regulador De Servicios Publicos,Ente Regulador De Los Servicios Públicos,Control Tecnico De Los Servicios Publicos,Administración Gubernamental,Control De La Gestión,Bienes De Consumo,Bienes De Consumo,183267173.0,183839173.0,1702583.0,252189521.87,2335593.58,Fiscal
2025,2,Organismos Descentralizados,Jefatura De Gobierno,Secretaría De Gobierno Y Vinculación Ciudadana,Ente Regulador De Servicios Publicos,Ente Regulador De Los Servicios Públicos,Control Tecnico De Los Servicios Publicos,Administración Gubernamental,Control De La Gestión,Servicios No Personales,Servicios No Personales,324954069.0,429784069.0,172042927.87,589575317.91,236007500.53,Fiscal
2025,2,Organismos Descentralizados,Jefatura De Gobierno,Secretaría De Gobierno Y Vinculación Ciudadana,Ente Regulador De Servicios Publicos,Ente Regulador De Los Servicios Públicos,Control Tecnico De Los Servicios Publicos,Administración Gubernamental,Control De La Gestión,Bienes De Uso,Maquinaria Y Equipo,157316138.0,157316138.0,0.0,215805374.76,0.0,Fiscal
2025,2,Organismos Descentralizados,Jefatura De Gobierno,Secretaría De Gobierno Y Vinculación Ciudadana,Ente Regulador De Servicios Publicos,Ente Regulador De Los Servicios Públicos,Actividades En Comunas,Administración Gubernamental,Control De La Gestión,Gastos En Personal,Remuneraciones Al Personal,378409127.0,378409127.0,33760431.06,519099467.49,46312365.47,Fiscal
2025,2,Organismos Descentralizados,Jefatura De Gobierno,Secretaría De Gobierno Y Vinculación Ciudadana,Ente Regulador De Servicios Publicos,Ente Regulador De Los Servicios Públicos,Actividades En Comunas,Administración Gubernamental,Control De La Gestión,Bienes De Consumo,Bienes De Consumo,3729535.0,3729535.0,0.0,5116154.7,0.0,Fiscal
2025,2,Organismos Descentralizados,Jefatura De Gobierno,Secretaría De Gobierno Y Vinculación Ciudadana,Ente Regulador De Servicios Publicos,Ente Regulador De Los Servicios Públicos,Modernizacion Y Gestion De La Informacion,Administración Gubernamental,Control De La Gestión,Gastos En Personal,Remuneraciones Al Personal,634575391.0,634575391.0,163163836.7,870506877.47,223827214.25,Fiscal
2025,2,Organismos Descentralizados,Jefatura De Gobierno,Secretaría De Gobierno Y Vinculación Ciudadana,Ente Regulador De Servicios Publicos,Ente Regulador De Los Servicios Públicos,Modernizacion Y Gestion De La Informacion,Administración Gubernamental,Control De La Gestión,Bienes De Consumo,Bienes De Consumo,11270233.0,11270233.0,743497.0,15460440.91,1019924.92,Fiscal
2025,2,Organismos Descentralizados,Jefatura De Gobierno,Secretaría De Gobierno Y Vinculación Ciudadana,Ente Regulador De Servicios Publicos,Ente Regulador De Los Servicios Públicos,Modernizacion Y Gestion De La Informacion,Administración Gubernamental,Control De La Gestión,Servicios No Personales,Servicios No Personales,166549210.0,328549210.0,26152830.98,450701919.66,35876303.36,Fiscal
2025,2,Organismos Descentralizados,Jefatura De Gobierno,Secretaría De Gobierno Y Vinculación Ciudadana,Ente Regulador De Servicios Publicos,Ente Regulador De Los Servicios Públicos,Modernizacion Y Gestion De La Informacion,Administración Gubernamental,Control De La Gestión,Bienes De Uso,Maquinaria Y Equipo,144692802.0,144692802.0,0.0,198488754.92,0.0,Fiscal
2025,2,Organismos Descentralizados,Jefatura De Gobierno,Secretaría De Gobierno Y Vinculación Ciudadana,Ente Regulador De Servicios Publicos,Ente Regulador De Los Servicios Públicos,Modernizacion Y Gestion De La Informacion,Administración Gubernamental,Control De La Gestión,Bienes De Uso,Activos Intangibles,49053464.0,49053464.0,0.0,67291260.24,0.0,Fiscal
2025,2,Administracion Central,Jefatura De Gobierno,Sec Asuntos Estratég,Sec Asuntos Estratég,Unidad De Coordinacion Del Plan Estrategico,Planes Estrategicos De La Ciudad De Buenos Aires,Administración Gubernamental,Dirección Ejecutiva,Gastos En Personal,Remuneraciones Al Personal,288755844.0,16956112.0,16956105.36,23260297.07,23260287.97,Fiscal
2025,2,Administracion Central,Jefatura De Gobierno,Sec Asuntos Estratég,Sec Asuntos Estratég,Unidad De Coordinacion Del Plan Estrategico,Planes Estrategicos De La Ciudad De Buenos Aires,Administración Gubernamental,Dirección Ejecutiva,Bienes De Consumo,Bienes De Consumo,2008154.0,0.0,0.0,0.0,0.0,Fiscal
2025,2,Administracion Central,Jefatura De Gobierno,Sec Asuntos Estratég,Sec Asuntos Estratég,Unidad De Coordinacion Del Plan Estrategico,Planes Estrategicos De La Ciudad De Buenos Aires,Administración Gubernamental,Dirección Ejecutiva,Servicios No Personales,Servicios No Personales,108371154.0,95118652.0,21468564.77,130483220.62,29450453.87,Fiscal
2025,2,Administracion Central,Jefatura De Gobierno,Sec Asuntos Estratég,Sec Asuntos Estratég,Subsecretaría De Relaciones Estratégicas Y Análisis Prospectivo,Relaciones Estrategicas Y Analisis Prospectivo,Administración Gubernamental,Dirección Ejecutiva,Gastos En Personal,Remuneraciones Al Personal,292372270.0,26834914.0,26834911.81,36811980.93,36811977.93,Fiscal
2025,2,Administracion Central,Jefatura De Gobierno,Sec Asuntos Estratég,Sec Asuntos Estratég,Subsecretaría De Relaciones Estratégicas Y Análisis Prospectivo,Relaciones Estrategicas Y Analisis Prospectivo,Administración Gubernamental,Dirección Ejecutiva,Bienes De Consumo,Bienes De Consumo,3141684.0,44635.0,44635.0,61230.04,61230.04,Fiscal
2025,2,Administracion Central,Jefatura De Gobierno,Sec Asuntos Estratég,Sec Asuntos Estratég,Subsecretaría De Relaciones Estratégicas Y Análisis Prospectivo,Relaciones Estrategicas Y Analisis Prospectivo,Administración Gubernamental,Dirección Ejecutiva,Servicios No Personales,Servicios No Personales,4712526.0,312607.0,312607.0,428832.49,428832.49,Fiscal
2025,2,Administracion Central,Jefatura De Gobierno,Sec Asuntos Estratég,Sec Asuntos Estratég,Subsecretaría De De Proyectos Estratégicos Y Relación Con Organismos Multilaterales,Proyectos Estrategicos Y Relacion Con Organismos Multilaterales,Administración Gubernamental,Dirección Ejecutiva,Gastos En Personal,Remuneraciones Al Personal,333948082.0,59417065.0,59417059.55,81507988.58,81507981.1,Fiscal
2025,2,Administracion Central,Jefatura De Gobierno,Sec Asuntos Estratég,Sec Asuntos Estratég,Subsecretaría De De Proyectos Estratégicos Y Relación Con Organismos Multilaterales,Proyectos Estrategicos Y Relacion Con Organismos Multilaterales,Administración Gubernamental,Dirección Ejecutiva,Bienes De Consumo,Bienes De Consumo,3141684.0,0.0,0.0,0.0,0.0,Fiscal
2025,2,Administracion Central,Jefatura De Gobierno,Sec Asuntos Estratég,Sec Asuntos Estratég,Subsecretaría De De Proyectos Estratégicos Y Relación Con Organismos Multilaterales,Proyectos Estrategicos Y Relacion Con Organismos Multilaterales,Administración Gubernamental,Dirección Ejecutiva,Servicios No Personales,Servicios No Personales,38707925.0,17135043.0,0.0,23505753.59,0.0,Fiscal
2025,2,Administracion Central,Jefatura De Gobierno,Sec Asuntos Estratég,Sec Asuntos Estratég,Subsecretaría De Asuntos Estratégicos,Proyeccion Estrategica,Administración Gubernamental,Dirección Ejecutiva,Gastos En Personal,Remuneraciones Al Personal,0.0,155571615.0,19308269.98,213412248.12,26486973.89,Fiscal
2025,2,Administracion Central,Jefatura De Gobierno,Sec Asuntos Estratég,Sec Asuntos Estratég,Subsecretaría De Asuntos Estratégicos,Proyeccion Estrategica,Administración Gubernamental,Dirección Ejecutiva,Bienes De Consumo,Bienes De Consumo,0.0,3141684.0,0.0,4309744.07,0.0,Fiscal
2025,2,Administracion Central,Jefatura De Gobierno,Sec Asuntos Estratég,Sec Asuntos Estratég,Subsecretaría De Asuntos Estratégicos,Proyeccion Estrategica,Administración Gubernamental,Dirección Ejecutiva,Servicios No Personales,Servicios No Personales,0.0,2618070.0,0.0,3591453.39,0.0,Fiscal
2025,2,Administracion Central,Jefatura De Gobierno,Sec Asuntos Estratég,Sec Asuntos Estratég,Subsecretaría De Asuntos Estratégicos,Proyeccion Estrategica,Administración Gubernamental,Dirección Ejecutiva,Bienes De Uso,Maquinaria Y Equipo,0.0,8000000.0,4017000.0,10974354.06,5510497.53,Fiscal
2025,2,Administracion Central,Jefatura De Gobierno,Sec Asuntos Estratég,Sec Asuntos Estratég,Secretaría De Asuntos Estratégicos,Actividades Centrales,Administración Gubernamental,Dirección Ejecutiva,Gastos En Personal,Remuneraciones Al Personal,254271795.0,296925207.0,144253644.75,407320293.94,197886321.52,Fiscal
2025,2,Administracion Central,Jefatura De Gobierno,Sec Asuntos Estratég,Sec Asuntos Estratég,Secretaría De Asuntos Estratégicos,Actividades Centrales,Administración Gubernamental,Dirección Ejecutiva,Bienes De Consumo,Bienes De Consumo,23143736.0,23143736.0,222505.92,31748444.15,305232.34,Fiscal
2025,2,Administracion Central,Jefatura De Gobierno,Sec Asuntos Estratég,Sec Asuntos Estratég,Secretaría De Asuntos Estratégicos,Actividades Centrales,Administración Gubernamental,Dirección Ejecutiva,Servicios No Personales,Servicios No Personales,119113129.0,91203753.0,8703482.37,125112784.65,11939387.14,Fiscal
2025,2,Administracion Central,Jefatura De Gobierno,Unidad De Asuntos Políticos,Unidad De Asuntos Políticos,Unidad De Asuntos Politicos,Actividades Comunes,Administración Gubernamental,Dirección Ejecutiva,Gastos En Personal,Remuneraciones Al Personal,0.0,652097563.0,652097546.11,894543692.4,894543669.23,Fiscal
2025,2,Administracion Central,Jefatura De Gobierno,Unidad De Asuntos Políticos,Unidad De Asuntos Políticos,Unidad De Asuntos Politicos,Actividades Comunes,Administración Gubernamental,Dirección Ejecutiva,Bienes De Consumo,Bienes De Consumo,0.0,1100000.0,339746.16,1508973.68,466061.83,Fiscal
2025,2,Administracion Central,Jefatura De Gobierno,Unidad De Asuntos Políticos,Unidad De Asuntos Políticos,Unidad De Asuntos Politicos,Actividades Comunes,Administración Gubernamental,Dirección Ejecutiva,Servicios No Personales,Servicios No Personales,0.0,2732351205.0,888777814.0,3748223693.1,1219220301.64,Fiscal
2025,2,Administracion Central,Jefatura De Gobierno,Unidad De Asuntos Políticos,Unidad De Asuntos Políticos,Instituto Superior De La Carrera,Capacitacion Del Personal,Servicios Sociales,Trabajo,Gastos En Personal,Remuneraciones Al Personal,0.0,940906649.0,554001879.23,1290730338.15,759976596.69,Fiscal
2025,2,Administracion Central,Jefatura De Gobierno,Unidad De Asuntos Políticos,Unidad De Asuntos Políticos,Instituto Superior De La Carrera,Capacitacion Del Personal,Servicios Sociales,Trabajo,Bienes De Consumo,Bienes De Consumo,0.0,13252548.0,2283802.06,18179769.25,3132906.55,Fiscal
2025,2,Administracion Central,Jefatura De Gobierno,Unidad De Asuntos Políticos,Unidad De Asuntos Políticos,Instituto Superior De La Carrera,Capacitacion Del Personal,Servicios Sociales,Trabajo,Servicios No Personales,Servicios No Personales,0.0,1510645755.0,409883947.93,2072295172.16,562276446.1,Fiscal
2025,2,Administracion Central,Jefatura De Gobierno,Unidad De Asuntos Políticos,Unidad De Asuntos Políticos,Instituto Superior De La Carrera,Capacitacion Del Personal,Servicios Sociales,Trabajo,Bienes De Uso,Maquinaria Y Equipo,0.0,13219760.0,5869952.34,18134790.86,8052366.91,Fiscal
2025,2,Administracion Central,Jefatura De Gobierno,Unidad De Asuntos Políticos,Unidad De Asuntos Políticos,Upe Instituto De Formación Política Y Gestión Pública,Formacion Politica Y Social Para La Mejora De La Gestion Publica,Servicios Sociales,Educación,Gastos En Personal,Remuneraciones Al Personal,0.0,18697418.0,18697409.3,25649010.65,25648998.71,Fiscal
2025,2,Administracion Central,Jefatura De Gobierno,Unidad De Asuntos Políticos,Unidad De Asuntos Políticos,Subsecretaría De Relacionamiento Político,Relacionamiento Politico,Administración Gubernamental,Dirección Ejecutiva,Gastos En Personal,Remuneraciones Al Personal,0.0,258156828.0,258156813.9,354138054.24,354138034.9,Fiscal
2025,2,Administracion Central,Jefatura De Gobierno,Unidad De Asuntos Políticos,Unidad De Asuntos Políticos,Subsecretaría De Relacionamiento Político,Relacionamiento Politico,Administración Gubernamental,Dirección Ejecutiva,Bienes De Consumo,Bienes De Consumo,0.0,14336468.0,0.0,19666684.48,0.0,Fiscal
2025,2,Administracion Central,Jefatura De Gobierno,Unidad De Asuntos Políticos,Unidad De Asuntos Políticos,Subsecretaría De Relacionamiento Político,Relacionamiento Politico,Administración Gubernamental,Dirección Ejecutiva,Servicios No Personales,Servicios No Personales,0.0,137502956.0,54456620.8,188625765.46,74703279.71,Fiscal
2025,2,Administracion Central,Jefatura De Gobierno,Unidad De Asuntos Políticos,Unidad De Asuntos Políticos,Subsecretaría De Relacionamiento Político,Relacionamiento Politico,Administración Gubernamental,Dirección Ejecutiva,Bienes De Uso,Maquinaria Y Equipo,0.0,4652736.0,0.0,6382596.53,0.0,Fiscal
2025,2,Administracion Central,Jefatura De Gabinete De Ministros,Jefatura De Gabinete De Ministros,Jefatura De Gabinete De Ministros,Dirección General Deporte Social Y Desarrollo Deportivo,Deporte Social Y Desarrollo Deportivo,Servicios Sociales,Educación,Gastos En Personal,Remuneraciones Al Personal,2316460129.0,2316460129.0,1099871183.49,3177706703.2,1508796973.75,Fiscal
2025,2,Administracion Central,Jefatura De Gabinete De Ministros,Jefatura De Gabinete De Ministros,Jefatura De Gabinete De Ministros,Dirección General Deporte Social Y Desarrollo Deportivo,Deporte Social Y Desarrollo Deportivo,Servicios Sociales,Educación,Bienes De Consumo,Bienes De Consumo,1512826645.0,965314687.0,737160574.03,1324213144.52,1011232642.47,Fiscal
2025,2,Administracion Central,Jefatura De Gabinete De Ministros,Jefatura De Gabinete De Ministros,Jefatura De Gabinete De Ministros,Dirección General Deporte Social Y Desarrollo Deportivo,Deporte Social Y Desarrollo Deportivo,Servicios Sociales,Educación,Servicios No Personales,Servicios No Personales,1257556665.0,2971754528.0,2754914116.83,4076635796.87,3779175365.98,Fiscal
2025,2,Administracion Central,Jefatura De Gabinete De Ministros,Jefatura De Gabinete De Ministros,Jefatura De Gabinete De Ministros,Dirección General Deporte Social Y Desarrollo Deportivo,Deporte Social Y Desarrollo Deportivo,Servicios Sociales,Educación,Transferencias,Al Sector Privado,1054091053.0,1452091053.0,611265000.0,1991970168.19,838529816.95,Fiscal
2025,2,Administracion Central,Jefatura De Gabinete De Ministros,Jefatura De Gabinete De Ministros,Jefatura De Gabinete De Ministros,Instituto Superior De La Carrera Administrativa,Capacitacion Del Personal,Servicios Sociales,Trabajo,Gastos En Personal,Remuneraciones Al Personal,874947919.0,0.0,0.0,0.0,0.0,Fiscal
2025,2,Administracion Central,Jefatura De Gabinete De Ministros,Jefatura De Gabinete De Ministros,Jefatura De Gabinete De Ministros,Instituto Superior De La Carrera Administrativa,Capacitacion Del Personal,Servicios Sociales,Trabajo,Bienes De Consumo,Bienes De Consumo,8679558.0,0.0,0.0,0.0,0.0,Fiscal
2025,2,Administracion Central,Jefatura De Gabinete De Ministros,Jefatura De Gabinete De Ministros,Jefatura De Gabinete De Ministros,Instituto Superior De La Carrera Administrativa,Capacitacion Del Personal,Servicios Sociales,Trabajo,Servicios No Personales,Servicios No Personales,1067137964.0,0.0,0.0,0.0,0.0,Fiscal
2025,2,Administracion Central,Jefatura De Gabinete De Ministros,Jefatura De Gabinete De Ministros,Jefatura De Gabinete De Ministros,Jefatura De Gabinete De Ministros,Actividades Centrales,Administración Gubernamental,Dirección Ejecutiva,Gastos En Personal,Remuneraciones Al Personal,2336356111.0,2873120980.0,1310559180.81,3941330862.1,1797817558.64,Fiscal
2025,2,Administracion Central,Jefatura De Gabinete De Ministros,Jefatura De Gabinete De Ministros,Jefatura De Gabinete De Ministros,Jefatura De Gabinete De Ministros,Actividades Centrales,Administración Gubernamental,Dirección Ejecutiva,Bienes De Consumo,Bienes De Consumo,69477791.0,103309553.0,15500985.56,141719451.57,21264162.98,Fiscal
2025,2,Administracion Central,Jefatura De Gabinete De Ministros,Jefatura De Gabinete De Ministros,Jefatura De Gabinete De Ministros,Jefatura De Gabinete De Ministros,Actividades Centrales,Administración Gubernamental,Dirección Ejecutiva,Servicios No Personales,Servicios No Personales,10219238288.0,11943038922.0,6721006712.92,16383392212.95,9219838414.89,Fiscal
2025,2,Administracion Central,Jefatura De Gabinete De Ministros,Jefatura De Gabinete De Ministros,Jefatura De Gabinete De Ministros,Jefatura De Gabinete De Ministros,Actividades Centrales,Administración Gubernamental,Dirección Ejecutiva,Bienes De Uso,Maquinaria Y Equipo,45185798.0,110250623.0,63824849.88,151241171.54,87554562.57,Fiscal
2025,2,Administracion Central,Jefatura De Gabinete De Ministros,Jefatura De Gabinete De Ministros,Jefatura De Gabinete De Ministros,Jefatura De Gabinete De Ministros,Actividades Centrales,Administración Gubernamental,Control De La Gestión,Gastos En Personal,Remuneraciones Al Personal,265098448.0,249664883.0,113260926.22,342488852.85,155370688.21,Fiscal
2025,2,Administracion Central,Jefatura De Gabinete De Ministros,Jefatura De Gabinete De Ministros,Jefatura De Gabinete De Ministros,Jefatura De Gabinete De Ministros,Actividades Centrales,Administración Gubernamental,Control De La Gestión,Bienes De Consumo,Bienes De Consumo,2926523.0,2926523.0,278250.5,4014587.45,381702.44,Fiscal
2025,2,Administracion Central,Jefatura De Gabinete De Ministros,Jefatura De Gabinete De Ministros,Jefatura De Gabinete De Ministros,Jefatura De Gabinete De Ministros,Actividades Centrales,Administración Gubernamental,Control De La Gestión,Servicios No Personales,Servicios No Personales,32921368.0,22708912.0,8493501.0,31151955.08,11651335.9,Fiscal
2025,2,Administracion Central,Jefatura De Gabinete De Ministros,Jefatura De Gabinete De Ministros,Jefatura De Gabinete De Ministros,Jefatura De Gabinete De Ministros,Actividades Centrales,Administración Gubernamental,Control De La Gestión,Bienes De Uso,Maquinaria Y Equipo,1550912.0,1550912.0,0.0,2127532.18,0.0,Fiscal
2025,2,Administracion Central,Jefatura De Gabinete De Ministros,Jefatura De Gabinete De Ministros,Jefatura De Gabinete De Ministros,Jefatura De Gabinete De Ministros,Actividades Centrales,Servicios De Seguridad,Seguridad Interior,Servicios No Personales,Servicios No Personales,32641046540.0,32641046540.0,10374837552.06,44776800209.6,14232142578.71,Fiscal
2025,2,Administracion Central,Jefatura De Gabinete De Ministros,Jefatura De Gabinete De Ministros,Jefatura De Gabinete De Ministros,Jefatura De Gabinete De Ministros,Actividades Centrales,Administración Gubernamental,Dirección Ejecutiva,Servicios No Personales,Servicios No Personales,0.0,124870790.0,108786350.55,171297032.68,149232491.0,Fiscal
2025,2,Administracion Central,Jefatura De Gabinete De Ministros,Jefatura De Gabinete De Ministros,Jefatura De Gabinete De Ministros,Jefatura De Gabinete De Ministros,Planificacion Y Control De La Gestion,Administración Gubernamental,Dirección Ejecutiva,Gastos En Personal,Remuneraciones Al Personal,0.0,958640567.0,449036859.16,1315057625.03,615986184.9,Fiscal
2025,2,Administracion Central,Jefatura De Gabinete De Ministros,Jefatura De Gabinete De Ministros,Jefatura De Gabinete De Ministros,Jefatura De Gabinete De Ministros,Planificacion Y Control De La Gestion,Administración Gubernamental,Dirección Ejecutiva,Bienes De Consumo,Bienes De Consumo,0.0,9851541.0,1941211.45,13514287.37,2662942.72,Fiscal
2025,2,Administracion Central,Jefatura De Gabinete De Ministros,Jefatura De Gabinete De Ministros,Jefatura De Gabinete De Ministros,Jefatura De Gabinete De Ministros,Planificacion Y Control De La Gestion,Administración Gubernamental,Dirección Ejecutiva,Servicios No Personales,Servicios No Personales,0.0,818658384.0,321793594.0,1123030870.21,441434604.42,Fiscal
2025,2,Administracion Central,Jefatura De Gabinete De Ministros,Jefatura De Gabinete De Ministros,Jefatura De Gabinete De Ministros,Subsecretaria De Innovación Administrativa,Innovacion Administrativa,Administración Gubernamental,Dirección Ejecutiva,Gastos En Personal,Remuneraciones Al Personal,1588769439.0,1595857756.0,710801768.17,2189188505.82,975073783.95,Fiscal
2025,2,Administracion Central,Jefatura De Gabinete De Ministros,Jefatura De Gabinete De Ministros,Jefatura De Gabinete De Ministros,Subsecretaria De Innovación Administrativa,Innovacion Administrativa,Administración Gubernamental,Dirección Ejecutiva,Bienes De Consumo,Bienes De Consumo,24481144.0,24341644.0,949404.72,33391727.46,1302387.94,Fiscal
2025,2,Administracion Central,Jefatura De Gabinete De Ministros,Jefatura De Gabinete De Ministros,Jefatura De Gabinete De Ministros,Subsecretaria De Innovación Administrativa,Innovacion Administrativa,Administración Gubernamental,Dirección Ejecutiva,Servicios No Personales,Servicios No Personales,2193073655.0,2053213527.0,847698987.0,2816586526.21,1162868602.64,Fiscal
2025,2,Administracion Central,Jefatura De Gabinete De Ministros,Jefatura De Gabinete De Ministros,Jefatura De Gabinete De Ministros,Subsecretaria De Innovación Administrativa,Innovacion Administrativa,Administración Gubernamental,Dirección Ejecutiva,Bienes De Uso,Maquinaria Y Equipo,50242638.0,50242638.0,0.0,68922562.3,0.0,Fiscal
2025,2,Administracion Central,Jefatura De Gabinete De Ministros,Jefatura De Gabinete De Ministros,Jefatura De Gabinete De Ministros,Subsecretaria De Innovación Administrativa,Innovacion Administrativa,Administración Gubernamental,Dirección Ejecutiva,Servicios No Personales,Servicios No Personales,9723223393.0,7700055491.0,2950404507.11,10562891906.69,4047347960.81,Fiscal
2025,2,Administracion Central,Jefatura De Gabinete De Ministros,Jefatura De Gabinete De Ministros,Jefatura De Gabinete De Ministros,Secretaria De Deportes,Actividades Comunes,Servicios Sociales,Educación,Gastos En Personal,Remuneraciones Al Personal,4411578766.0,4397370675.0,2684720353.08,6032287841.04,3682883963.94,Fiscal
2025,2,Administracion Central,Jefatura De Gabinete De Ministros,Jefatura De Gabinete De Ministros,Jefatura De Gabinete De Ministros,Secretaria De Deportes,Actividades Comunes,Servicios Sociales,Educación,Bienes De Consumo,Bienes De Consumo,47457225.0,47392225.0,5534389.07,65012382.12,7592043.15,Fiscal
2025,2,Administracion Central,Jefatura De Gabinete De Ministros,Jefatura De Gabinete De Ministros,Jefatura De Gabinete De Ministros,Secretaria De Deportes,Actividades Comunes,Servicios Sociales,Educación,Servicios No Personales,Servicios No Personales,14707852693.0,13338265659.0,5875493491.89,18297356238.98,8059968233.46,Fiscal
2025,2,Administracion Central,Jefatura De Gabinete De Ministros,Jefatura De Gabinete De Ministros,Jefatura De Gabinete De Ministros,Secretaria De Deportes,Actividades Comunes,Servicios Sociales,Educación,Bienes De Uso,Maquinaria Y Equipo,17913466.0,165905598.0,149562131.58,227588346.66,205168473.27,Fiscal
2025,2,Administracion Central,Jefatura De Gabinete De Ministros,Jefatura De Gabinete De Ministros,Jefatura De Gabinete De Ministros,Secretaria De Deportes,Actividades Comunes,Servicios Sociales,Educación,Servicios No Personales,Servicios No Personales,0.0,826429699.0,583886165.1,1133691515.5,800971688.45,Fiscal
2025,2,Administracion Central,Jefatura De Gabinete De Ministros,Jefatura De Gabinete De Ministros,Jefatura De Gabinete De Ministros,Secretaria De Deportes,Colonias Deportivas Y Recreativas,Servicios Sociales,Educación,Gastos En Personal,Remuneraciones Al Personal,2869087479.0,2883295570.0,1988273064.91,3955288306.24,2727501573.23,Fiscal
2025,2,Administracion Central,Jefatura De Gabinete De Ministros,Jefatura De Gabinete De Ministros,Jefatura De Gabinete De Ministros,Secretaria De Deportes,Colonias Deportivas Y Recreativas,Servicios Sociales,Educación,Bienes De Consumo,Bienes De Consumo,472141300.0,352392000.0,42171319.7,483409322.07,57850374.21,Fiscal
2025,2,Administracion Central,Jefatura De Gabinete De Ministros,Jefatura De Gabinete De Ministros,Jefatura De Gabinete De Ministros,Secretaria De Deportes,Colonias Deportivas Y Recreativas,Servicios Sociales,Educación,Servicios No Personales,Servicios No Personales,11822925013.0,11822925013.0,8382418003.09,16218620642.31,11498952882.46,Fiscal
2025,2,Administracion Central,Jefatura De Gabinete De Ministros,Jefatura De Gabinete De Ministros,Jefatura De Gabinete De Ministros,Dirección General De Infraestructura,Infraestructura Deportiva,Servicios Sociales,Educación,Gastos En Personal,Remuneraciones Al Personal,8500577854.0,8045626795.0,4501534947.04,11036944637.15,6175179791.28,Fiscal
2025,2,Administracion Central,Jefatura De Gabinete De Ministros,Jefatura De Gabinete De Ministros,Jefatura De Gabinete De Ministros,Dirección General De Infraestructura,Infraestructura Deportiva,Servicios Sociales,Educación,Bienes De Consumo,Bienes De Consumo,134968508.0,126715651.0,97239443.58,173827802.41,133392510.33,Fiscal
2025,2,Administracion Central,Jefatura De Gabinete De Ministros,Jefatura De Gabinete De Ministros,Jefatura De Gabinete De Ministros,Dirección General De Infraestructura,Infraestructura Deportiva,Servicios Sociales,Educación,Servicios No Personales,Servicios No Personales,1083677461.0,1212469761.0,674075042.55,1663259055.8,924692272.64,Fiscal
2025,2,Administracion Central,Jefatura De Gabinete De Ministros,Jefatura De Gabinete De Ministros,Jefatura De Gabinete De Ministros,Dirección General De Infraestructura,Infraestructura Deportiva,Servicios Sociales,Educación,Bienes De Uso,Maquinaria Y Equipo,0.0,92320000.0,69999.0,126644045.87,96024.23,Fiscal
2025,2,Administracion Central,Jefatura De Gabinete De Ministros,Jefatura De Gabinete De Ministros,Jefatura De Gabinete De Ministros,Dirección General De Infraestructura,Infraestructura Deportiva,Servicios Sociales,Educación,Servicios No Personales,Servicios No Personales,398923421.0,1458531842.0,117607916.46,2000805605.56,161333864.46,Fiscal
2025,2,Administracion Central,Jefatura De Gabinete De Ministros,Jefatura De Gabinete De Ministros,Jefatura De Gabinete De Ministros,Dirección General De Infraestructura,Infraestructura Deportiva,Servicios Sociales,Educación,Bienes De Uso,Construcciones Del Dominio Privado,2070214585.0,1563976181.0,193549941.18,2145453544.31,265510697.89,Fiscal
2025,2,Administracion Central,Jefatura De Gabinete De Ministros,Jefatura De Gabinete De Ministros,Jefatura De Gabinete De Ministros,Dirección General De Infraestructura,Infraestructura Deportiva,Servicios Sociales,Educación,Activos Financieros,Activos Financieros,0.0,506218404.0,506218403.99,694427499.76,694427499.75,Fiscal
2025,2,Administracion Central,Jefatura De Gabinete De Ministros,Jefatura De Gabinete De Ministros,Jefatura De Gabinete De Ministros,Dirección General De Infraestructura,Infraestructura Deportiva,Servicios Sociales,Educación,Bienes De Consumo,Bienes De Consumo,94250508.0,94250508.0,47765663.7,129292305.66,65524663.18,Fiscal
2025,2,Administracion Central,Jefatura De Gabinete De Ministros,Jefatura De Gabinete De Ministros,Jefatura De Gabinete De Ministros,Upe Autódromo De La Ciudad De Buenos Aires,Autodromo De La Ciudad De Buenos Aires,Servicios Sociales,Educación,Gastos En Personal,Remuneraciones Al Personal,554721331.0,22883382.0,22883373.57,31391292.02,31391280.46,Fiscal
2025,2,Administracion Central,Jefatura De Gabinete De Ministros,Jefatura De Gabinete De Ministros,Jefatura De Gabinete De Ministros,Upe Autódromo De La Ciudad De Buenos Aires,Autodromo De La Ciudad De Buenos Aires,Servicios Sociales,Educación,Bienes De Consumo,Bienes De Consumo,14452520.0,0.0,0.0,0.0,0.0,Fiscal
2025,2,Administracion Central,Jefatura De Gabinete De Ministros,Jefatura De Gabinete De Ministros,Jefatura De Gabinete De Ministros,Upe Autódromo De La Ciudad De Buenos Aires,Autodromo De La Ciudad De Buenos Aires,Servicios Sociales,Educación,Servicios No Personales,Servicios No Personales,808479025.0,0.0,0.0,0.0,0.0,Fiscal
2025,2,Administracion Central,Jefatura De Gabinete De Ministros,Jefatura De Gabinete De Ministros,Jefatura De Gabinete De Ministros,Upe Autódromo De La Ciudad De Buenos Aires,Autodromo De La Ciudad De Buenos Aires,Servicios Sociales,Educación,Transferencias,Al Sector Privado,863169123.0,0.0,0.0,0.0,0.0,Fiscal
2025,2,Administracion Central,Jefatura De Gabinete De Ministros,Jefatura De Gabinete De Ministros,Jefatura De Gabinete De Ministros,Upe Autódromo De La Ciudad De Buenos Aires,Autodromo De La Ciudad De Buenos Aires,Servicios Sociales,Educación,Activos Financieros,Activos Financieros,33943056033.0,0.0,0.0,0.0,0.0,Fiscal
2025,2,Administracion Central,Jefatura De Gabinete De Ministros,Jefatura De Gabinete De Ministros,Jefatura De Gabinete De Ministros,Dirección General Deporte De Elite Y Alto Rendimiento,Deporte De Elite Y Alto Rendimiento,Servicios Sociales,Educación,Gastos En Personal,Remuneraciones Al Personal,245823705.0,246041096.0,134485494.12,337517762.66,184486428.58,Fiscal
2025,2,Administracion Central,Jefatura De Gabinete De Ministros,Jefatura De Gabinete De Ministros,Jefatura De Gabinete De Ministros,Dirección General Deporte De Elite Y Alto Rendimiento,Deporte De Elite Y Alto Rendimiento,Servicios Sociales,Educación,Bienes De Consumo,Bienes De Consumo,266046145.0,56046145.0,29727783.95,76883779.88,40780403.32,Fiscal
2025,2,Administracion Central,Jefatura De Gabinete De Ministros,Jefatura De Gabinete De Ministros,Jefatura De Gabinete De Ministros,Dirección General Deporte De Elite Y Alto Rendimiento,Deporte De Elite Y Alto Rendimiento,Servicios Sociales,Educación,Servicios No Personales,Servicios No Personales,303355390.0,461639678.0,206674788.07,633274659.42,283515287.49,Fiscal
2025,2,Administracion Central,Jefatura De Gabinete De Ministros,Jefatura De Gabinete De Ministros,Jefatura De Gabinete De Ministros,Upe Instituto De Formación Política Y Gestión Pública,Formacion Politica Y Social Para La Mejora De La Gestion Publica,Servicios Sociales,Educación,Gastos En Personal,Remuneraciones Al Personal,503002178.0,0.0,0.0,0.0,0.0,Fiscal
2025,2,Administracion Central,Jefatura De Gabinete De Ministros,Jefatura De Gabinete De Ministros,Jefatura De Gabinete De Ministros,Upe Instituto De Formación Política Y Gestión Pública,Formacion Politica Y Social Para La Mejora De La Gestion Publica,Servicios Sociales,Educación,Bienes De Consumo,Bienes De Consumo,4572990.0,0.0,0.0,0.0,0.0,Fiscal
2025,2,Administracion Central,Jefatura De Gabinete De Ministros,Jefatura De Gabinete De Ministros,Jefatura De Gabinete De Ministros,Upe Instituto De Formación Política Y Gestión Pública,Formacion Politica Y Social Para La Mejora De La Gestion Publica,Servicios Sociales,Educación,Servicios No Personales,Servicios No Personales,616449406.0,0.0,0.0,0.0,0.0,Fiscal
2025,2,Administracion Central,Jefatura De Gabinete De Ministros,Jefatura De Gabinete De Ministros,Jefatura De Gabinete De Ministros,Upe Instituto De Formación Política Y Gestión Pública,Formacion Politica Y Social Para La Mejora De La Gestion Publica,Servicios Sociales,Educación,Bienes De Uso,Maquinaria Y Equipo,4519760.0,0.0,0.0,0.0,0.0,Fiscal
2025,2,Administracion Central,Jefatura De Gabinete De Ministros,Jefatura De Gabinete De Ministros,Jefatura De Gabinete De Ministros,Subsecretaría De Relacionamiento Político Y Gestión De Programas Transversales,Relacionamiento Politico Y Gestion De Programas Transversales,Administración Gubernamental,Dirección Ejecutiva,Gastos En Personal,Remuneraciones Al Personal,491908361.0,0.0,0.0,0.0,0.0,Fiscal
2025,2,Administracion Central,Jefatura De Gabinete De Ministros,Jefatura De Gabinete De Ministros,Jefatura De Gabinete De Ministros,Subsecretaría De Relacionamiento Político Y Gestión De Programas Transversales,Relacionamiento Politico Y Gestion De Programas Transversales,Administración Gubernamental,Dirección Ejecutiva,Bienes De Consumo,Bienes De Consumo,14836468.0,0.0,0.0,0.0,0.0,Fiscal
2025,2,Administracion Central,Jefatura De Gabinete De Ministros,Jefatura De Gabinete De Ministros,Jefatura De Gabinete De Ministros,Subsecretaría De Relacionamiento Político Y Gestión De Programas Transversales,Relacionamiento Politico Y Gestion De Programas Transversales,Administración Gubernamental,Dirección Ejecutiva,Servicios No Personales,Servicios No Personales,208658205.0,0.0,0.0,0.0,0.0,Fiscal
2025,2,Administracion Central,Jefatura De Gabinete De Ministros,Jefatura De Gabinete De Ministros,Jefatura De Gabinete De Ministros,Subsecretaría De Relacionamiento Político Y Gestión De Programas Transversales,Relacionamiento Politico Y Gestion De Programas Transversales,Administración Gubernamental,Dirección Ejecutiva,Bienes De Uso,Maquinaria Y Equipo,4652736.0,0.0,0.0,0.0,0.0,Fiscal
2025,2,Administracion Central,Jefatura De Gabinete De Ministros,Jefatura De Gabinete De Ministros,Jefatura De Gabinete De Ministros,Vicejefatura De Gabinete De Ministros,Planificacion Y Control De La Gestion,Administración Gubernamental,Dirección Ejecutiva,Gastos En Personal,Remuneraciones Al Personal,1507494155.0,0.0,0.0,0.0,0.0,Fiscal
2025,2,Administracion Central,Jefatura De Gabinete De Ministros,Jefatura De Gabinete De Ministros,Jefatura De Gabinete De Ministros,Vicejefatura De Gabinete De Ministros,Planificacion Y Control De La Gestion,Administración Gubernamental,Dirección Ejecutiva,Bienes De Consumo,Bienes De Consumo,48215180.0,0.0,0.0,0.0,0.0,Fiscal
2025,2,Administracion Central,Jefatura De Gabinete De Ministros,Jefatura De Gabinete De Ministros,Jefatura De Gabinete De Ministros,Vicejefatura De Gabinete De Ministros,Planificacion Y Control De La Gestion,Administración Gubernamental,Dirección Ejecutiva,Servicios No Personales,Servicios No Personales,1751174469.0,0.0,0.0,0.0,0.0,Fiscal
2025,2,Administracion Central,Jefatura De Gabinete De Ministros,Jefatura De Gabinete De Ministros,Jefatura De Gabinete De Ministros,Vicejefatura De Gabinete De Ministros,Planificacion Y Control De La Gestion,Administración Gubernamental,Dirección Ejecutiva,Bienes De Uso,Maquinaria Y Equipo,20678825.0,0.0,0.0,0.0,0.0,Fiscal
2025,2,Administracion Central,Jefatura De Gabinete De Ministros,Jefatura De Gabinete De Ministros,Jefatura De Gabinete De Ministros,Sec.De Innov.Transf.,Actividades Comunes,Administración Gubernamental,Dirección Ejecutiva,Gastos En Personal,Remuneraciones Al Personal,778122769.0,1015807914.0,573958325.26,1393479463.37,787352734.76,Fiscal
2025,2,Administracion Central,Jefatura De Gabinete De Ministros,Jefatura De Gabinete De Ministros,Jefatura De Gabinete De Ministros,Sec.De Innov.Transf.,Actividades Comunes,Administración Gubernamental,Dirección Ejecutiva,Bienes De Consumo,Bienes De Consumo,25069455.0,24569455.0,5896953.92,33704237.28,8089407.53,Fiscal
2025,2,Administracion Central,Jefatura De Gabinete De Ministros,Jefatura De Gabinete De Ministros,Jefatura De Gabinete De Ministros,Sec.De Innov.Transf.,Actividades Comunes,Administración Gubernamental,Dirección Ejecutiva,Servicios No Personales,Servicios No Personales,5477973446.0,4377249814.0,1071888290.97,6004686159.46,1470410202.47,Fiscal
2025,2,Administracion Central,Jefatura De Gabinete De Ministros,Jefatura De Gabinete De Ministros,Jefatura De Gabinete De Ministros,Sec.De Innov.Transf.,Actividades Comunes,Administración Gubernamental,Dirección Ejecutiva,Bienes De Uso,Maquinaria Y Equipo,42815782.0,42815782.0,215722.8,58734443.89,295927.3,Fiscal
2025,2,Administracion Central,Jefatura De Gabinete De Ministros,Jefatura De Gabinete De Ministros,Jefatura De Gabinete De Ministros,Sec.De Innov.Transf.,Actividades Comunes,Administración Gubernamental,Dirección Ejecutiva,Servicios No Personales,Servicios No Personales,0.0,11118872.0,11118871.63,15252804.76,15252804.25,Fiscal
2025,2,Administracion Central,Jefatura De Gabinete De Ministros,Jefatura De Gabinete De Ministros,Jefatura De Gabinete De Ministros,Ss.Cudad Inteligente,Ciudad Inteligente,Administración Gubernamental,Dirección Ejecutiva,Gastos En Personal,Remuneraciones Al Personal,1644720501.0,1686428548.0,724992463.34,2313432998.2,994540498.1,Fiscal
2025,2,Administracion Central,Jefatura De Gabinete De Ministros,Jefatura De Gabinete De Ministros,Jefatura De Gabinete De Ministros,Ss.Cudad Inteligente,Ciudad Inteligente,Administración Gubernamental,Dirección Ejecutiva,Bienes De Consumo,Bienes De Consumo,22708636.0,19637070.0,2069076.75,26938019.86,2838347.6,Fiscal
2025,2,Administracion Central,Jefatura De Gabinete De Ministros,Jefatura De Gabinete De Ministros,Jefatura De Gabinete De Ministros,Ss.Cudad Inteligente,Ciudad Inteligente,Administración Gubernamental,Dirección Ejecutiva,Servicios No Personales,Servicios No Personales,1650321041.0,1524189197.0,719887216.46,2090873988.13,987537149.75,Fiscal
2025,2,Administracion Central,Jefatura De Gabinete De Ministros,Jefatura De Gabinete De Ministros,Jefatura De Gabinete De Ministros,Ss.Cudad Inteligente,Ciudad Inteligente,Administración Gubernamental,Dirección Ejecutiva,Bienes De Uso,Maquinaria Y Equipo,19010728.0,19010728.0,0.0,26078807.51,0.0,Fiscal
2025,2,Administracion Central,Jefatura De Gabinete De Ministros,Jefatura De Gabinete De Ministros,Jefatura De Gabinete De Ministros,Ss.Cudad Inteligente,Gobierno E Identidad Digital,Administración Gubernamental,Dirección Ejecutiva,Servicios No Personales,Servicios No Personales,0.0,26150000.0,25745920.0,35872419.84,35318105.22,Fiscal
2025,2,Administracion Central,Jefatura De Gabinete De Ministros,Jefatura De Gabinete De Ministros,Jefatura De Gabinete De Ministros,Ss.Cudad Inteligente,Gobierno E Identidad Digital,Administración Gubernamental,Dirección Ejecutiva,Servicios No Personales,Servicios No Personales,9213761929.0,9136833057.0,2763533793.39,12533855121.35,3790999788.79,Fiscal
2025,2,Administracion Central,Jefatura De Gabinete De Ministros,Jefatura De Gabinete De Ministros,Jefatura De Gabinete De Ministros,Sec.Desarrollo Urbano,Actividades Comunes,Servicios Sociales,Vivienda Y Urbanismo,Gastos En Personal,Remuneraciones Al Personal,312662714.0,356837798.0,135740228.32,489508042.23,186207665.75,Fiscal
2025,2,Administracion Central,Jefatura De Gabinete De Ministros,Jefatura De Gabinete De Ministros,Jefatura De Gabinete De Ministros,Sec.Desarrollo Urbano,Actividades Comunes,Servicios Sociales,Vivienda Y Urbanismo,Bienes De Consumo,Bienes De Consumo,9016497.0,8172345.0,0.0,11210775.94,0.0,Fiscal
2025,2,Administracion Central,Jefatura De Gabinete De Ministros,Jefatura De Gabinete De Ministros,Jefatura De Gabinete De Ministros,Sec.Desarrollo Urbano,Actividades Comunes,Servicios Sociales,Vivienda Y Urbanismo,Servicios No Personales,Servicios No Personales,719574767.0,399364842.0,161188660.0,547846396.99,221117678.2,Fiscal
2025,2,Administracion Central,Jefatura De Gabinete De Ministros,Jefatura De Gabinete De Ministros,Jefatura De Gabinete De Ministros,Sec.Desarrollo Urbano,Actividades Comunes,Servicios Sociales,Vivienda Y Urbanismo,Bienes De Uso,Maquinaria Y Equipo,2168172.0,2168172.0,0.0,2974285.9,0.0,Fiscal
2025,2,Administracion Central,Jefatura De Gabinete De Ministros,Jefatura De Gabinete De Ministros,Jefatura De Gabinete De Ministros,Consejo Del Pl.Urb.Ambiental,Formacion Ciudadana E Instrumentacion Y Seguimiento Del Plan Urbano Ambiental,Servicios Sociales,Vivienda Y Urbanismo,Gastos En Personal,Remuneraciones Al Personal,488794224.0,488794224.0,213220754.47,670525109.69,292495006.61,Fiscal
2025,2,Administracion Central,Jefatura De Gabinete De Ministros,Jefatura De Gabinete De Ministros,Jefatura De Gabinete De Ministros,Consejo Del Pl.Urb.Ambiental,Formacion Ciudadana E Instrumentacion Y Seguimiento Del Plan Urbano Ambiental,Servicios Sociales,Vivienda Y Urbanismo,Bienes De Consumo,Bienes De Consumo,3078003.0,3078003.0,0.0,4222386.84,0.0,Fiscal
2025,2,Administracion Central,Jefatura De Gabinete De Ministros,Jefatura De Gabinete De Ministros,Jefatura De Gabinete De Ministros,Consejo Del Pl.Urb.Ambiental,Formacion Ciudadana E Instrumentacion Y Seguimiento Del Plan Urbano Ambiental,Servicios Sociales,Vivienda Y Urbanismo,Servicios No Personales,Servicios No Personales,60924834.0,60924834.0,22534893.0,83576337.43,30913236.82,Fiscal
2025,2,Administracion Central,Jefatura De Gabinete De Ministros,Jefatura De Gabinete De Ministros,Jefatura De Gabinete De Ministros,Consejo Del Pl.Urb.Ambiental,Formacion Ciudadana E Instrumentacion Y Seguimiento Del Plan Urbano Ambiental,Servicios Sociales,Vivienda Y Urbanismo,Bienes De Uso,Maquinaria Y Equipo,1885684.0,1885684.0,0.0,2586770.48,0.0,Fiscal
2025,2,Administracion Central,Jefatura De Gabinete De Ministros,Jefatura De Gabinete De Ministros,Jefatura De Gabinete De Ministros,Dg.Planeamiento Urbano,Planificacion Y Desarrollo Del Espacio Urbano,Servicios Sociales,Vivienda Y Urbanismo,Gastos En Personal,Remuneraciones Al Personal,616092865.0,654299299.0,381272886.85,897564021.2,523027956.81,Fiscal
2025,2,Administracion Central,Jefatura De Gabinete De Ministros,Jefatura De Gabinete De Ministros,Jefatura De Gabinete De Ministros,Dg.Planeamiento Urbano,Planificacion Y Desarrollo Del Espacio Urbano,Servicios Sociales,Vivienda Y Urbanismo,Bienes De Consumo,Bienes De Consumo,7547853.0,7547853.0,52533.0,10354101.4,72064.47,Fiscal
2025,2,Administracion Central,Jefatura De Gabinete De Ministros,Jefatura De Gabinete De Ministros,Jefatura De Gabinete De Ministros,Dg.Planeamiento Urbano,Planificacion Y Desarrollo Del Espacio Urbano,Servicios Sociales,Vivienda Y Urbanismo,Servicios No Personales,Servicios No Personales,299153185.0,228024143.0,102488208.0,312802209.99,140592735.22,Fiscal
2025,2,Administracion Central,Jefatura De Gabinete De Ministros,Jefatura De Gabinete De Ministros,Jefatura De Gabinete De Ministros,Dg.Planeamiento Urbano,Planificacion Y Desarrollo Del Espacio Urbano,Servicios Sociales,Vivienda Y Urbanismo,Bienes De Uso,Maquinaria Y Equipo,1885684.0,1885684.0,1598164.48,2586770.48,2192352.86,Fiscal
2025,2,Administracion Central,Jefatura De Gabinete De Ministros,Jefatura De Gabinete De Ministros,Jefatura De Gabinete De Ministros,Dg.Antropología Urbana,Informacion Y Diagnostico Territorial,Servicios Sociales,Vivienda Y Urbanismo,Gastos En Personal,Remuneraciones Al Personal,170935701.0,159070008.0,88155015.74,218211323.55,120930544.38,Fiscal
2025,2,Administracion Central,Jefatura De Gabinete De Ministros,Jefatura De Gabinete De Ministros,Jefatura De Gabinete De Ministros,Dg.Antropología Urbana,Informacion Y Diagnostico Territorial,Servicios Sociales,Vivienda Y Urbanismo,Bienes De Consumo,Bienes De Consumo,3162497.0,3162497.0,0.0,4338295.22,0.0,Fiscal
2025,2,Administracion Central,Jefatura De Gabinete De Ministros,Jefatura De Gabinete De Ministros,Jefatura De Gabinete De Ministros,Dg.Antropología Urbana,Informacion Y Diagnostico Territorial,Servicios Sociales,Vivienda Y Urbanismo,Servicios No Personales,Servicios No Personales,422471.0,302471.0,15000.0,414927.98,20576.91,Fiscal
2025,2,Administracion Central,Jefatura De Gabinete De Ministros,Jefatura De Gabinete De Ministros,Jefatura De Gabinete De Ministros,Dg.Antropología Urbana,Informacion Y Diagnostico Territorial,Servicios Sociales,Vivienda Y Urbanismo,Bienes De Uso,Maquinaria Y Equipo,1885684.0,1885684.0,345870.0,2586770.48,474462.48,Fiscal
2025,2,Administracion Central,Jefatura De Gabinete De Ministros,Jefatura De Gabinete De Ministros,Jefatura De Gabinete De Ministros,Dg.Antropología Urbana,Informacion Y Diagnostico Territorial,Servicios Sociales,Vivienda Y Urbanismo,Servicios No Personales,Servicios No Personales,396299844.0,346299844.0,0.0,475052137.45,0.0,Fiscal
2025,2,Administracion Central,Jefatura De Gabinete De Ministros,Jefatura De Gabinete De Ministros,Jefatura De Gabinete De Ministros,Dg.Antropología Urbana,Informacion Y Diagnostico Territorial,Servicios Sociales,Vivienda Y Urbanismo,Bienes De Uso,Bienes De Uso,205094475.0,304301695.0,155054744.0,417439317.82,212703207.45,Fiscal
2025,2,Administracion Central,Jefatura De Gabinete De Ministros,Jefatura De Gabinete De Ministros,Jefatura De Gabinete De Ministros,Dg.Antropología Urbana,Antropologia Urbana,Servicios Sociales,Vivienda Y Urbanismo,Gastos En Personal,Remuneraciones Al Personal,439952770.0,451818463.0,273912609.43,619801973.08,375751744.73,Fiscal
2025,2,Administracion Central,Jefatura De Gabinete De Ministros,Jefatura De Gabinete De Ministros,Jefatura De Gabinete De Ministros,Dg.Antropología Urbana,Antropologia Urbana,Servicios Sociales,Vivienda Y Urbanismo,Bienes De Consumo,Bienes De Consumo,5188656.0,5068656.0,1573448.27,6953153.2,2158447.3,Fiscal
2025,2,Administracion Central,Jefatura De Gabinete De Ministros,Jefatura De Gabinete De Ministros,Jefatura De Gabinete De Ministros,Dg.Antropología Urbana,Antropologia Urbana,Servicios Sociales,Vivienda Y Urbanismo,Servicios No Personales,Servicios No Personales,581721566.0,369250919.0,165604737.83,506536290.34,227175628.41,Fiscal
2025,2,Administracion Central,Jefatura De Gabinete De Ministros,Jefatura De Gabinete De Ministros,Jefatura De Gabinete De Ministros,Dg.Proyec.De Arquitectura,Proyectos De Arquitectura,Servicios Sociales,Vivienda Y Urbanismo,Gastos En Personal,Remuneraciones Al Personal,460875322.0,460875322.0,222372615.74,632226120.25,305049477.35,Fiscal
2025,2,Administracion Central,Jefatura De Gabinete De Ministros,Jefatura De Gabinete De Ministros,Jefatura De Gabinete De Ministros,Dg.Proyec.De Arquitectura,Proyectos De Arquitectura,Servicios Sociales,Vivienda Y Urbanismo,Bienes De Consumo,Bienes De Consumo,5696919.0,5696919.0,609928.84,7815000.77,836696.88,Fiscal
2025,2,Administracion Central,Jefatura De Gabinete De Ministros,Jefatura De Gabinete De Ministros,Jefatura De Gabinete De Ministros,Dg.Proyec.De Arquitectura,Proyectos De Arquitectura,Servicios Sociales,Vivienda Y Urbanismo,Servicios No Personales,Servicios No Personales,334038280.0,197537388.0,86809542.0,270980654.54,119084831.23,Fiscal
2025,2,Administracion Central,Jefatura De Gabinete De Ministros,Jefatura De Gabinete De Ministros,Jefatura De Gabinete De Ministros,Dg.Proyec.De Arquitectura,Proyectos De Arquitectura,Servicios Sociales,Vivienda Y Urbanismo,Bienes De Uso,Maquinaria Y Equipo,1654306.0,1654306.0,0.0,2269367.47,0.0,Fiscal
2025,2,Administracion Central,Jefatura De Gabinete De Ministros,Jefatura De Gabinete De Ministros,Jefatura De Gabinete De Ministros,Subsecretaria De Gestion Urbana,Actividades Comunes,Servicios Sociales,Vivienda Y Urbanismo,Gastos En Personal,Remuneraciones Al Personal,874273796.0,891315121.0,404531563.23,1222700964.81,554934075.51,Fiscal
2025,2,Administracion Central,Jefatura De Gabinete De Ministros,Jefatura De Gabinete De Ministros,Jefatura De Gabinete De Ministros,Subsecretaria De Gestion Urbana,Actividades Comunes,Servicios Sociales,Vivienda Y Urbanismo,Bienes De Consumo,Bienes De Consumo,8170094.0,7470132.0,833606.12,10247484.18,1143536.09,Fiscal
2025,2,Administracion Central,Jefatura De Gabinete De Ministros,Jefatura De Gabinete De Ministros,Jefatura De Gabinete De Ministros,Subsecretaria De Gestion Urbana,Actividades Comunes,Servicios Sociales,Vivienda Y Urbanismo,Servicios No Personales,Servicios No Personales,133725164.0,684819728.0,404683406.0,939431770.44,555142372.55,Fiscal
2025,2,Administracion Central,Jefatura De Gabinete De Ministros,Jefatura De Gabinete De Ministros,Jefatura De Gabinete De Ministros,Subsecretaria De Gestion Urbana,Actividades Comunes,Servicios Sociales,Vivienda Y Urbanismo,Bienes De Uso,Maquinaria Y Equipo,1885684.0,1885684.0,0.0,2586770.48,0.0,Fiscal
2025,2,Administracion Central,Jefatura De Gabinete De Ministros,Jefatura De Gabinete De Ministros,Jefatura De Gabinete De Ministros,Subsecretaria De Gestion Urbana,Catastro,Servicios Sociales,Vivienda Y Urbanismo,Gastos En Personal,Remuneraciones Al Personal,2222474693.0,2150024883.0,1018659275.67,2949391788.46,1397390944.94,Fiscal
2025,2,Administracion Central,Jefatura De Gabinete De Ministros,Jefatura De Gabinete De Ministros,Jefatura De Gabinete De Ministros,Subsecretaria De Gestion Urbana,Catastro,Servicios Sociales,Vivienda Y Urbanismo,Bienes De Consumo,Bienes De Consumo,3403909.0,2882459.0,480797.32,3954140.7,659555.0,Fiscal
2025,2,Administracion Central,Jefatura De Gabinete De Ministros,Jefatura De Gabinete De Ministros,Jefatura De Gabinete De Ministros,Subsecretaria De Gestion Urbana,Catastro,Servicios Sociales,Vivienda Y Urbanismo,Servicios No Personales,Servicios No Personales,984492572.0,843373406.0,382403286.0,1156934795.47,524578631.87,Fiscal
2025,2,Administracion Central,Jefatura De Gabinete De Ministros,Jefatura De Gabinete De Ministros,Jefatura De Gabinete De Ministros,Subsecretaria De Gestion Urbana,Catastro,Servicios Sociales,Vivienda Y Urbanismo,Bienes De Uso,Maquinaria Y Equipo,942842.0,942842.0,0.0,1293385.24,0.0,Fiscal
2025,2,Administracion Central,Jefatura De Gabinete De Ministros,Jefatura De Gabinete De Ministros,Jefatura De Gabinete De Ministros,Subsecretaria De Gestion Urbana,Catastro,Servicios Sociales,Vivienda Y Urbanismo,Transferencias,Al Sector Público,0.0,2000000.0,500000.0,2743588.52,685897.13,Fiscal
2025,2,Administracion Central,Jefatura De Gabinete De Ministros,Jefatura De Gabinete De Ministros,Jefatura De Gabinete De Ministros,Subsecretaria De Gestion Urbana,Registro De Obras E Instalaciones,Servicios Sociales,Vivienda Y Urbanismo,Gastos En Personal,Remuneraciones Al Personal,1589763368.0,1565960265.0,793792705.47,2148175299.35,1088920275.19,Fiscal
2025,2,Administracion Central,Jefatura De Gabinete De Ministros,Jefatura De Gabinete De Ministros,Jefatura De Gabinete De Ministros,Subsecretaria De Gestion Urbana,Registro De Obras E Instalaciones,Servicios Sociales,Vivienda Y Urbanismo,Bienes De Consumo,Bienes De Consumo,4983455.0,3604905.0,276400.12,4945187.98,379164.1,Fiscal
2025,2,Administracion Central,Jefatura De Gabinete De Ministros,Jefatura De Gabinete De Ministros,Jefatura De Gabinete De Ministros,Subsecretaria De Gestion Urbana,Registro De Obras E Instalaciones,Servicios Sociales,Vivienda Y Urbanismo,Servicios No Personales,Servicios No Personales,1810589.0,1260589.0,10500.0,1729268.75,14403.84,Fiscal
2025,2,Administracion Central,Jefatura De Gabinete De Ministros,Jefatura De Gabinete De Ministros,Jefatura De Gabinete De Ministros,Subsecretaria De Gestion Urbana,Registro De Obras E Instalaciones,Servicios Sociales,Vivienda Y Urbanismo,Bienes De Uso,Maquinaria Y Equipo,942842.0,942842.0,0.0,1293385.24,0.0,Fiscal
2025,2,Administracion Central,Jefatura De Gabinete De Ministros,Jefatura De Gabinete De Ministros,Jefatura De Gabinete De Ministros,Subsecretaria De Gestion Urbana,Registro De Obras E Instalaciones,Servicios Sociales,Vivienda Y Urbanismo,Servicios No Personales,Servicios No Personales,0.0,74997000.0,0.0,102880453.95,0.0,Fiscal
2025,2,Administracion Central,Jefatura De Gabinete De Ministros,Jefatura De Gabinete De Ministros,Jefatura De Gabinete De Ministros,Subsecretaria De Gestion Urbana,Registro De Obras E Instalaciones,Servicios Sociales,Vivienda Y Urbanismo,Bienes De Uso,Bienes De Uso,0.0,120000000.0,0.0,164615310.93,0.0,Fiscal
2025,2,Administracion Central,Jefatura De Gabinete De Ministros,Jefatura De Gabinete De Ministros,Jefatura De Gabinete De Ministros,Subsecretaria De Gestion Urbana,Aplicacion De Normas Referidas Al Planeamiento Urbano,Servicios Sociales,Vivienda Y Urbanismo,Gastos En Personal,Remuneraciones Al Personal,780224490.0,777054560.0,362827591.71,1065958983.34,497724806.85,Fiscal
2025,2,Administracion Central,Jefatura De Gabinete De Ministros,Jefatura De Gabinete De Ministros,Jefatura De Gabinete De Ministros,Subsecretaria De Gestion Urbana,Aplicacion De Normas Referidas Al Planeamiento Urbano,Servicios Sociales,Vivienda Y Urbanismo,Bienes De Consumo,Bienes De Consumo,7616548.0,7016548.0,622415.02,9625260.26,853825.35,Fiscal
2025,2,Administracion Central,Jefatura De Gabinete De Ministros,Jefatura De Gabinete De Ministros,Jefatura De Gabinete De Ministros,Subsecretaria De Gestion Urbana,Aplicacion De Normas Referidas Al Planeamiento Urbano,Servicios Sociales,Vivienda Y Urbanismo,Servicios No Personales,Servicios No Personales,322324022.0,236381741.0,83747037.0,324267114.93,114883704.46,Fiscal
2025,2,Administracion Central,Jefatura De Gabinete De Ministros,Jefatura De Gabinete De Ministros,Jefatura De Gabinete De Ministros,Subsecretaria De Gestion Urbana,Aplicacion De Normas Referidas Al Planeamiento Urbano,Servicios Sociales,Vivienda Y Urbanismo,Bienes De Uso,Maquinaria Y Equipo,1885685.0,1885685.0,627201.92,2586771.85,860391.99,Fiscal
2025,2,Administracion Central,Jefatura De Gabinete De Ministros,Jefatura De Gabinete De Ministros,Jefatura De Gabinete De Ministros,Subsecretaria Autodromo De La Ciudad Auntonoma De Bs As,Autodromo De La Ciudad Autonoma De Buenos Aires,Servicios Sociales,Educación,Gastos En Personal,Remuneraciones Al Personal,0.0,532123009.0,207101959.55,729963288.15,284101278.87,Fiscal
2025,2,Administracion Central,Jefatura De Gabinete De Ministros,Jefatura De Gabinete De Ministros,Jefatura De Gabinete De Ministros,Subsecretaria Autodromo De La Ciudad Auntonoma De Bs As,Autodromo De La Ciudad Autonoma De Buenos Aires,Servicios Sociales,Educación,Bienes De Consumo,Bienes De Consumo,0.0,14452520.0,0.0,19825883.95,0.0,Fiscal
2025,2,Administracion Central,Jefatura De Gabinete De Ministros,Jefatura De Gabinete De Ministros,Jefatura De Gabinete De Ministros,Subsecretaria Autodromo De La Ciudad Auntonoma De Bs As,Autodromo De La Ciudad Autonoma De Buenos Aires,Servicios Sociales,Educación,Servicios No Personales,Servicios No Personales,0.0,4983517.0,0.0,6836360.0,0.0,Fiscal
2025,2,Administracion Central,Jefatura De Gabinete De Ministros,Jefatura De Gabinete De Ministros,Jefatura De Gabinete De Ministros,Subsecretaria Autodromo De La Ciudad Auntonoma De Bs As,Autodromo De La Ciudad Autonoma De Buenos Aires,Servicios Sociales,Educación,Transferencias,Al Sector Privado,0.0,463169123.0,0.0,635372743.29,0.0,Fiscal
2025,2,Administracion Central,Jefatura De Gabinete De Ministros,Jefatura De Gabinete De Ministros,Jefatura De Gabinete De Ministros,Subsecretaria Autodromo De La Ciudad Auntonoma De Bs As,Autodromo De La Ciudad Autonoma De Buenos Aires,Servicios Sociales,Educación,Activos Financieros,Activos Financieros,0.0,33738994952.0,1992733775.38,46282959536.45,2733620750.23,Fiscal
2025,2,Administracion Central,Jefatura De Gabinete De Ministros,Jefatura De Gabinete De Ministros,Jefatura De Gabinete De Ministros,Subsecretaría De Integración Y Desarrollo Del Sur,Integracion Y Desarrollo Del Sur,Administración Gubernamental,Dirección Ejecutiva,Gastos En Personal,Remuneraciones Al Personal,0.0,195489383.0,195489367.96,268171213.04,268171192.41,Fiscal
2025,2,Administracion Central,Jefatura De Gabinete De Ministros,Jefatura De Gabinete De Ministros,Jefatura De Gabinete De Ministros,Subsecretaría De Integración Y Desarrollo Del Sur,Integracion Y Desarrollo Del Sur,Administración Gubernamental,Dirección Ejecutiva,Bienes De Consumo,Bienes De Consumo,0.0,8935000.0,444022.78,12256981.69,609107.9,Fiscal
2025,2,Administracion Central,Jefatura De Gabinete De Ministros,Jefatura De Gabinete De Ministros,Jefatura De Gabinete De Ministros,Subsecretaría De Integración Y Desarrollo Del Sur,Integracion Y Desarrollo Del Sur,Administración Gubernamental,Dirección Ejecutiva,Servicios No Personales,Servicios No Personales,0.0,5945000.0,0.0,8155316.86,0.0,Fiscal
2025,2,Administracion Central,Jefatura De Gabinete De Ministros,Jefatura De Gabinete De Ministros,Jefatura De Gabinete De Ministros,Subsecretaría De Integración Y Desarrollo Del Sur,Integracion Y Desarrollo Del Sur,Administración Gubernamental,Dirección Ejecutiva,Bienes De Uso,Maquinaria Y Equipo,0.0,21424000.0,509047.04,29389320.18,698307.81,Fiscal
2025,2,Organismos Descentralizados,Jefatura De Gabinete De Ministros,Jefatura De Gabinete De Ministros,Agencia Sistemas De Informacion,Dir.Gral. De Infraestructura,Infraestructura Informatica,Administración Gubernamental,Dirección Ejecutiva,Gastos En Personal,Remuneraciones Al Personal,3614000893.0,3614000893.0,1835526521.04,4957665672.42,2517964741.46,Fiscal
2025,2,Organismos Descentralizados,Jefatura De Gabinete De Ministros,Jefatura De Gabinete De Ministros,Agencia Sistemas De Informacion,Dir.Gral. De Infraestructura,Infraestructura Informatica,Administración Gubernamental,Dirección Ejecutiva,Bienes De Consumo,Bienes De Consumo,121186999.0,119139329.0,3325720.54,163434647.39,4562204.34,Fiscal
2025,2,Organismos Descentralizados,Jefatura De Gabinete De Ministros,Jefatura De Gabinete De Ministros,Agencia Sistemas De Informacion,Dir.Gral. De Infraestructura,Infraestructura Informatica,Administración Gubernamental,Dirección Ejecutiva,Servicios No Personales,Servicios No Personales,8059387719.0,7820724510.0,4179117341.37,10728424974.04,5732889171.24,Fiscal
2025,2,Organismos Descentralizados,Jefatura De Gabinete De Ministros,Jefatura De Gabinete De Ministros,Agencia Sistemas De Informacion,Dir.Gral. De Infraestructura,Infraestructura Informatica,Administración Gubernamental,Dirección Ejecutiva,Bienes De Uso,Maquinaria Y Equipo,206788258.0,206788258.0,1447710.62,283670944.89,1985961.12,Fiscal
2025,2,Organismos Descentralizados,Jefatura De Gabinete De Ministros,Jefatura De Gabinete De Ministros,Agencia Sistemas De Informacion,Dir.Gral. De Infraestructura,Infraestructura Informatica,Administración Gubernamental,Dirección Ejecutiva,Bienes De Uso,Activos Intangibles,34219234.0,34219234.0,0.0,46941748.7,0.0,Fiscal
2025,2,Organismos Descentralizados,Jefatura De Gabinete De Ministros,Jefatura De Gabinete De Ministros,Agencia Sistemas De Informacion,Dir.Gral. De Infraestructura,Infraestructura Informatica,Administración Gubernamental,Dirección Ejecutiva,Servicios No Personales,Servicios No Personales,13197000810.0,14625352310.0,3878832768.37,20062974316.01,5320960518.31,Fiscal
2025,2,Organismos Descentralizados,Jefatura De Gabinete De Ministros,Jefatura De Gabinete De Ministros,Agencia Sistemas De Informacion,Dir.Gral. De Infraestructura,Infraestructura Informatica,Administración Gubernamental,Dirección Ejecutiva,Bienes De Uso,Bienes De Uso,8096143294.0,6651778294.0,28600762.09,9124871267.35,39234361.2,Fiscal
2025,2,Organismos Descentralizados,Jefatura De Gabinete De Ministros,Jefatura De Gabinete De Ministros,Agencia Sistemas De Informacion,Dir.Gral. De Infraestructura,Infraestructura Informatica,Administración Gubernamental,Dirección Ejecutiva,Bienes De Consumo,Bienes De Consumo,748907643.0,208421143.0,0.0,285910927.16,0.0,Fiscal
2025,2,Organismos Descentralizados,Jefatura De Gabinete De Ministros,Jefatura De Gabinete De Ministros,Agencia Sistemas De Informacion,Dir.Gral.De Integración De Sistemas,Desarrollo Y Calidad De Aplicaciones,Administración Gubernamental,Dirección Ejecutiva,Gastos En Personal,Remuneraciones Al Personal,2575788063.0,2575788063.0,1366121215.29,3533451273.93,1874037238.49,Fiscal
2025,2,Organismos Descentralizados,Jefatura De Gabinete De Ministros,Jefatura De Gabinete De Ministros,Agencia Sistemas De Informacion,Dir.Gral.De Integración De Sistemas,Desarrollo Y Calidad De Aplicaciones,Administración Gubernamental,Dirección Ejecutiva,Bienes De Consumo,Bienes De Consumo,33320456.0,33320456.0,294838.0,45708810.21,404457.08,Fiscal
2025,2,Organismos Descentralizados,Jefatura De Gabinete De Ministros,Jefatura De Gabinete De Ministros,Agencia Sistemas De Informacion,Dir.Gral.De Integración De Sistemas,Desarrollo Y Calidad De Aplicaciones,Administración Gubernamental,Dirección Ejecutiva,Servicios No Personales,Servicios No Personales,4617819336.0,2469405478.0,649357307.92,3387516254.71,890784626.21,Fiscal
2025,2,Organismos Descentralizados,Jefatura De Gabinete De Ministros,Jefatura De Gabinete De Ministros,Agencia Sistemas De Informacion,Dir.Gral.De Integración De Sistemas,Desarrollo Y Calidad De Aplicaciones,Administración Gubernamental,Dirección Ejecutiva,Bienes De Uso,Maquinaria Y Equipo,51697064.0,51697064.0,0.0,70917735.54,0.0,Fiscal
2025,2,Organismos Descentralizados,Jefatura De Gabinete De Ministros,Jefatura De Gabinete De Ministros,Agencia Sistemas De Informacion,Dir.Gral.De Integración De Sistemas,Desarrollo Y Calidad De Aplicaciones,Administración Gubernamental,Dirección Ejecutiva,Servicios No Personales,Servicios No Personales,2845671660.0,2845671660.0,1279782665.09,3903676042.55,1755598511.1,Fiscal
2025,2,Organismos Descentralizados,Jefatura De Gabinete De Ministros,Jefatura De Gabinete De Ministros,Agencia Sistemas De Informacion,Coordinación General Servicios,Estandarizacion De Aplicacion Y Tecnologia,Administración Gubernamental,Dirección Ejecutiva,Gastos En Personal,Remuneraciones Al Personal,1771067745.0,1771067745.0,963550892.45,2429540562.63,1321793581.29,Fiscal
2025,2,Organismos Descentralizados,Jefatura De Gabinete De Ministros,Jefatura De Gabinete De Ministros,Agencia Sistemas De Informacion,Coordinación General Servicios,Estandarizacion De Aplicacion Y Tecnologia,Administración Gubernamental,Dirección Ejecutiva,Bienes De Consumo,Bienes De Consumo,33281901.0,33281901.0,596003.0,45655920.68,817593.49,Fiscal
2025,2,Organismos Descentralizados,Jefatura De Gabinete De Ministros,Jefatura De Gabinete De Ministros,Agencia Sistemas De Informacion,Coordinación General Servicios,Estandarizacion De Aplicacion Y Tecnologia,Administración Gubernamental,Dirección Ejecutiva,Servicios No Personales,Servicios No Personales,1154584051.0,1160139611.0,143841059.6,1591472856.53,197320339.58,Fiscal
2025,2,Organismos Descentralizados,Jefatura De Gabinete De Ministros,Jefatura De Gabinete De Ministros,Agencia Sistemas De Informacion,Agencia Sistemas De Informacion,Actividades Comunes,Administración Gubernamental,Dirección Ejecutiva,Gastos En Personal,Remuneraciones Al Personal,1253596229.0,1253596229.0,687335090.66,1719676108.44,942882330.5,Fiscal
2025,2,Organismos Descentralizados,Jefatura De Gabinete De Ministros,Jefatura De Gabinete De Ministros,Agencia Sistemas De Informacion,Agencia Sistemas De Informacion,Actividades Comunes,Administración Gubernamental,Dirección Ejecutiva,Bienes De Consumo,Bienes De Consumo,233199391.0,206728528.0,9270803.37,283589007.62,12717634.83,Fiscal
2025,2,Organismos Descentralizados,Jefatura De Gabinete De Ministros,Jefatura De Gabinete De Ministros,Agencia Sistemas De Informacion,Agencia Sistemas De Informacion,Actividades Comunes,Administración Gubernamental,Dirección Ejecutiva,Servicios No Personales,Servicios No Personales,4591242877.0,6332870563.0,4247615490.14,8687395473.22,5826854538.38,Fiscal
2025,2,Organismos Descentralizados,Jefatura De Gabinete De Ministros,Jefatura De Gabinete De Ministros,Agencia Sistemas De Informacion,Agencia Sistemas De Informacion,Actividades Comunes,Administración Gubernamental,Dirección Ejecutiva,Bienes De Uso,Maquinaria Y Equipo,278883351.0,228883351.0,213280.0,313980866.59,292576.28,Fiscal
2025,2,Organismos Descentralizados,Jefatura De Gabinete De Ministros,Jefatura De Gabinete De Ministros,Agencia Sistemas De Informacion,Agencia Sistemas De Informacion,Actividades Comunes,Administración Gubernamental,Control De La Gestión,Gastos En Personal,Remuneraciones Al Personal,212982787.0,212982787.0,126358862.22,292168564.2,173338361.61,Fiscal
2025,2,Organismos Descentralizados,Jefatura De Gabinete De Ministros,Jefatura De Gabinete De Ministros,Agencia Sistemas De Informacion,Agencia Sistemas De Informacion,Actividades Comunes,Administración Gubernamental,Control De La Gestión,Bienes De Consumo,Bienes De Consumo,23535757.0,23535757.0,300655.26,32286216.3,412437.16,Fiscal
2025,2,Organismos Descentralizados,Jefatura De Gabinete De Ministros,Jefatura De Gabinete De Ministros,Agencia Sistemas De Informacion,Agencia Sistemas De Informacion,Actividades Comunes,Administración Gubernamental,Control De La Gestión,Servicios No Personales,Servicios No Personales,21972042.0,18890733.0,8686075.72,25914199.05,11915508.79,Fiscal
2025,2,Organismos Descentralizados,Jefatura De Gabinete De Ministros,Jefatura De Gabinete De Ministros,Agencia Sistemas De Informacion,Agencia Sistemas De Informacion,Actividades Comunes,Administración Gubernamental,Dirección Ejecutiva,Servicios No Personales,Servicios No Personales,0.0,1601000.0,500937.39,2196242.61,687183.04,Fiscal
2025,2,Organismos Descentralizados,Jefatura De Gabinete De Ministros,Jefatura De Gabinete De Ministros,Agencia Sistemas De Informacion,Direccion General De Seguridad Informatica,Seguridad Informatica,Administración Gubernamental,Dirección Ejecutiva,Gastos En Personal,Remuneraciones Al Personal,972475523.0,972475523.0,572414389.2,1334036338.23,785234772.14,Fiscal
2025,2,Organismos Descentralizados,Jefatura De Gabinete De Ministros,Jefatura De Gabinete De Ministros,Agencia Sistemas De Informacion,Direccion General De Seguridad Informatica,Seguridad Informatica,Administración Gubernamental,Dirección Ejecutiva,Bienes De Consumo,Bienes De Consumo,51069985.0,51069985.0,312390.0,70057512.16,428534.81,Fiscal
2025,2,Organismos Descentralizados,Jefatura De Gabinete De Ministros,Jefatura De Gabinete De Ministros,Agencia Sistemas De Informacion,Direccion General De Seguridad Informatica,Seguridad Informatica,Administración Gubernamental,Dirección Ejecutiva,Servicios No Personales,Servicios No Personales,3103368980.0,3119035508.0,113867048.71,4278674999.5,156202163.56,Fiscal
2025,2,Organismos Descentralizados,Jefatura De Gabinete De Ministros,Jefatura De Gabinete De Ministros,Agencia Sistemas De Informacion,Direccion General De Seguridad Informatica,Seguridad Informatica,Administración Gubernamental,Dirección Ejecutiva,Bienes De Uso,Maquinaria Y Equipo,129242659.0,129242659.0,7337133.3,177294337.47,10065037.33,Fiscal
2025,2,Organismos Descentralizados,Jefatura De Gabinete De Ministros,Jefatura De Gabinete De Ministros,Agencia Sistemas De Informacion,Direccion General De Seguridad Informatica,Seguridad Informatica,Administración Gubernamental,Dirección Ejecutiva,Bienes De Uso,Activos Intangibles,25848532.0,25848532.0,5417839.0,35458867.77,7432160.43,Fiscal
2025,2,Organismos Descentralizados,Jefatura De Gabinete De Ministros,Jefatura De Gabinete De Ministros,Agencia Sistemas De Informacion,Direccion General De Seguridad Informatica,Seguridad Informatica,Administración Gubernamental,Dirección Ejecutiva,Servicios No Personales,Servicios No Personales,3937806057.0,3937806057.0,2189755489.24,5401859737.01,3003894005.95,Fiscal
2025,2,Organismos Descentralizados,Jefatura De Gabinete De Ministros,Jefatura De Gabinete De Ministros,Inst Est Y Censos,Instituto De Estadísticas Y Censos De La Ciudad Autónoma De Buenos Aires,Sistema Estadistico De La Ciudad,Administración Gubernamental,Administración Fiscal,Gastos En Personal,Remuneraciones Al Personal,9964695252.0,9929994588.0,4665725080.96,13621909555.03,6400414874.17,Fiscal
2025,2,Organismos Descentralizados,Jefatura De Gabinete De Ministros,Jefatura De Gabinete De Ministros,Inst Est Y Censos,Instituto De Estadísticas Y Censos De La Ciudad Autónoma De Buenos Aires,Sistema Estadistico De La Ciudad,Administración Gubernamental,Administración Fiscal,Servicios No Personales,Servicios No Personales,7331079569.0,7339381569.0,1555472270.37,10068121491.58,2133787928.54,Fiscal
2025,2,Organismos Descentralizados,Jefatura De Gabinete De Ministros,Jefatura De Gabinete De Ministros,Inst Est Y Censos,Instituto De Estadísticas Y Censos De La Ciudad Autónoma De Buenos Aires,Sistema Estadistico De La Ciudad,Administración Gubernamental,Administración Fiscal,Bienes De Consumo,Bienes De Consumo,388813071.0,380511071.0,23975979.33,521982902.2,32890110.77,Fiscal
2025,2,Organismos Descentralizados,Jefatura De Gabinete De Ministros,Jefatura De Gabinete De Ministros,Inst Est Y Censos,Instituto De Estadísticas Y Censos De La Ciudad Autónoma De Buenos Aires,Sistema Estadistico De La Ciudad,Administración Gubernamental,Administración Fiscal,Bienes De Uso,Maquinaria Y Equipo,405844782.0,405844782.0,22802751.57,556735541.47,31280683.66,Fiscal
2025,2,Organismos Descentralizados,Jefatura De Gabinete De Ministros,Jefatura De Gabinete De Ministros,Inst Est Y Censos,Instituto De Estadísticas Y Censos De La Ciudad Autónoma De Buenos Aires,Sistema Estadistico De La Ciudad,Administración Gubernamental,Administración Fiscal,Bienes De Uso,Activos Intangibles,395504974.0,395504974.0,0.0,542551452.23,0.0,Fiscal
2025,2,Organismos Descentralizados,Jefatura De Gabinete De Ministros,Jefatura De Gabinete De Ministros,Inst Est Y Censos,Instituto De Estadísticas Y Censos De La Ciudad Autónoma De Buenos Aires,Sistema Estadistico De La Ciudad,Administración Gubernamental,Control De La Gestión,Gastos En Personal,Remuneraciones Al Personal,0.0,34700664.0,34700662.28,47602171.61,47602169.25,Fiscal
2025,2,Organismos Descentralizados,Jefatura De Gabinete De Ministros,Jefatura De Gabinete De Ministros,Inst Est Y Censos,Instituto De Estadísticas Y Censos De La Ciudad Autónoma De Buenos Aires,Plan Nacional De Estadistica,Administración Gubernamental,Administración Fiscal,Servicios No Personales,Servicios No Personales,106657473.0,106657473.0,0.0,146312109.0,0.0,Fiscal
2025,2,Administracion Central,Ministerio De Justicia,Ministerio De Justicia,Ministerio De Justicia,Dirección General De Empleo,Registro De Actividades Economicas,Servicios Sociales,Trabajo,Servicios No Personales,Servicios No Personales,3141684.0,3141684.0,3000000.0,4309744.07,4115382.77,Fiscal
2025,2,Administracion Central,Ministerio De Justicia,Ministerio De Justicia,Ministerio De Justicia,Dirección General De Empleo,Conduccion Y Administracion De Programas De Empleo,Servicios Sociales,Trabajo,Gastos En Personal,Remuneraciones Al Personal,743513452.0,725581865.0,365756688.64,995349035.91,501742925.2,Fiscal
2025,2,Administracion Central,Ministerio De Justicia,Ministerio De Justicia,Ministerio De Justicia,Dirección General De Empleo,Conduccion Y Administracion De Programas De Empleo,Servicios Sociales,Trabajo,Bienes De Consumo,Bienes De Consumo,788690.0,2109064.0,1414063.66,2893201.88,1939804.41,Fiscal
2025,2,Administracion Central,Ministerio De Justicia,Ministerio De Justicia,Ministerio De Justicia,Dirección General De Empleo,Conduccion Y Administracion De Programas De Empleo,Servicios Sociales,Trabajo,Servicios No Personales,Servicios No Personales,501417717.0,1006359009.0,834197754.61,1380517509.75,1144347689.58,Fiscal
2025,2,Administracion Central,Ministerio De Justicia,Ministerio De Justicia,Ministerio De Justicia,Dirección General De Empleo,Conduccion Y Administracion De Programas De Empleo,Servicios Sociales,Trabajo,Bienes De Uso,Maquinaria Y Equipo,2618070.0,0.0,0.0,0.0,0.0,Fiscal
2025,2,Administracion Central,Ministerio De Justicia,Ministerio De Justicia,Ministerio De Justicia,Dirección General De Empleo,Conduccion Y Administracion De Programas De Empleo,Servicios Sociales,Trabajo,Transferencias,Al Sector Privado,617866625.0,617866625.0,416783601.0,847585888.21,571741350.56,Fiscal
2025,2,Administracion Central,Ministerio De Justicia,Ministerio De Justicia,Ministerio De Justicia,Dirección General Relaciones Del Trabajo,Servicios De Rubrica Y Registro,Servicios Sociales,Trabajo,Gastos En Personal,Remuneraciones Al Personal,319787091.0,316944535.0,153860142.82,434782693.13,211064460.41,Fiscal
2025,2,Administracion Central,Ministerio De Justicia,Ministerio De Justicia,Ministerio De Justicia,Dirección General Relaciones Del Trabajo,Servicios De Rubrica Y Registro,Servicios Sociales,Trabajo,Servicios No Personales,Servicios No Personales,71930312.0,36930312.0,15246000.0,50660789.94,20914375.25,Fiscal
2025,2,Administracion Central,Ministerio De Justicia,Ministerio De Justicia,Ministerio De Justicia,Dirección General Relaciones Del Trabajo,Promocion De Las Negociaciones Laborales,Servicios Sociales,Trabajo,Gastos En Personal,Remuneraciones Al Personal,474768430.0,466656288.0,261717337.02,640156416.21,359022340.07,Fiscal
2025,2,Administracion Central,Ministerio De Justicia,Ministerio De Justicia,Ministerio De Justicia,Dirección General Relaciones Del Trabajo,Promocion De Las Negociaciones Laborales,Servicios Sociales,Trabajo,Bienes De Consumo,Bienes De Consumo,5926641.0,2526641.0,1262071.43,3466031.62,1731302.34,Fiscal
2025,2,Administracion Central,Ministerio De Justicia,Ministerio De Justicia,Ministerio De Justicia,Dirección General Relaciones Del Trabajo,Promocion De Las Negociaciones Laborales,Servicios Sociales,Trabajo,Servicios No Personales,Servicios No Personales,202244563.0,209997475.0,89230440.14,288073330.34,122405805.4,Fiscal
2025,2,Administracion Central,Ministerio De Justicia,Ministerio De Justicia,Ministerio De Justicia,Dirección General Relaciones Del Trabajo,Promocion De Las Negociaciones Laborales,Servicios Sociales,Trabajo,Bienes De Uso,Maquinaria Y Equipo,4712526.0,4530170.0,4530100.0,6214461.19,6214365.17,Fiscal
2025,2,Administracion Central,Ministerio De Justicia,Ministerio De Justicia,Ministerio De Justicia,Dirección General Protección Del Trabajo,Proteccion De Trabajo,Servicios Sociales,Trabajo,Gastos En Personal,Remuneraciones Al Personal,2191880163.0,2171264476.0,1140325551.18,2978528140.17,1564292043.04,Fiscal
2025,2,Administracion Central,Ministerio De Justicia,Ministerio De Justicia,Ministerio De Justicia,Dirección General Protección Del Trabajo,Proteccion De Trabajo,Servicios Sociales,Trabajo,Servicios No Personales,Servicios No Personales,899675443.0,887581012.0,336629985.34,1217578535.52,461787080.87,Fiscal
2025,2,Administracion Central,Ministerio De Justicia,Ministerio De Justicia,Ministerio De Justicia,Dirección General Protección Del Trabajo,Proteccion De Trabajo,Servicios Sociales,Trabajo,Bienes De Consumo,Bienes De Consumo,82581038.0,62581038.0,61126564.67,85848308.57,83853070.41,Fiscal
2025,2,Administracion Central,Ministerio De Justicia,Ministerio De Justicia,Ministerio De Justicia,Dirección General Protección Del Trabajo,Control Del Cumplimiento De La Normativa Laboral,Servicios Sociales,Trabajo,Bienes De Consumo,Bienes De Consumo,1004670.0,1004670.0,995336.27,1378200.54,1365396.58,Fiscal
2025,2,Administracion Central,Ministerio De Justicia,Ministerio De Justicia,Ministerio De Justicia,Dirección General Protección Del Trabajo,Control Del Cumplimiento De La Normativa Laboral,Servicios Sociales,Trabajo,Servicios No Personales,Servicios No Personales,299784347.0,305859353.0,123070087.35,419576104.12,168826839.12,Fiscal
2025,2,Administracion Central,Ministerio De Justicia,Ministerio De Justicia,Ministerio De Justicia,Dirección General Protección Del Trabajo,Control Del Cumplimiento De La Normativa Laboral,Servicios Sociales,Trabajo,Gastos En Personal,Remuneraciones Al Personal,495407253.0,488932915.0,235815718.85,670715365.21,323490649.0,Fiscal
2025,2,Administracion Central,Ministerio De Justicia,Ministerio De Justicia,Ministerio De Justicia,Dirección General Protección Del Trabajo,Control Del Cumplimiento De La Normativa Laboral,Servicios Sociales,Trabajo,Bienes De Uso,Maquinaria Y Equipo,2618070.0,24001.0,24000.01,32924.43,32923.08,Fiscal
2025,2,Administracion Central,Ministerio De Justicia,Ministerio De Justicia,Ministerio De Justicia,Dirección General Asuntos Gremiales Y Relación Con Cámaras Empresariales,Asuntos Gremiales Y Relacion Con Camaras Empresariales,Servicios Sociales,Trabajo,Gastos En Personal,Remuneraciones Al Personal,322564796.0,322745717.0,120722956.45,442740721.28,165607058.43,Fiscal
2025,2,Administracion Central,Ministerio De Justicia,Ministerio De Justicia,Ministerio De Justicia,Dirección General Asuntos Gremiales Y Relación Con Cámaras Empresariales,Asuntos Gremiales Y Relacion Con Camaras Empresariales,Servicios Sociales,Trabajo,Bienes De Consumo,Bienes De Consumo,844318.0,844318.0,306100.0,1158230.58,419906.22,Fiscal
2025,2,Administracion Central,Ministerio De Justicia,Ministerio De Justicia,Ministerio De Justicia,Dirección General Asuntos Gremiales Y Relación Con Cámaras Empresariales,Asuntos Gremiales Y Relacion Con Camaras Empresariales,Servicios Sociales,Trabajo,Servicios No Personales,Servicios No Personales,576206412.0,706176928.0,367038777.94,968729454.77,503501687.94,Fiscal
2025,2,Administracion Central,Ministerio De Justicia,Ministerio De Justicia,Ministerio De Justicia,Dirección General Asuntos Gremiales Y Relación Con Cámaras Empresariales,Asuntos Gremiales Y Relacion Con Camaras Empresariales,Servicios Sociales,Trabajo,Bienes De Uso,Maquinaria Y Equipo,2618070.0,0.0,0.0,0.0,0.0,Fiscal
2025,2,Administracion Central,Ministerio De Justicia,Ministerio De Justicia,Ministerio De Justicia,Direccion General Innovación Y Simplificación De Procesos,Innovacion Y Simplificacion De Procesos,Servicios Sociales,Trabajo,Bienes De Consumo,Bienes De Consumo,1004670.0,1004670.0,919000.0,1378200.54,1260678.92,Fiscal
2025,2,Administracion Central,Ministerio De Justicia,Ministerio De Justicia,Ministerio De Justicia,Direccion General Innovación Y Simplificación De Procesos,Innovacion Y Simplificacion De Procesos,Servicios Sociales,Trabajo,Servicios No Personales,Servicios No Personales,503424.0,369798.0,0.0,507286.77,0.0,Fiscal
2025,2,Administracion Central,Ministerio De Justicia,Ministerio De Justicia,Ministerio De Justicia,Direccion General Innovación Y Simplificación De Procesos,Innovacion Y Simplificacion De Procesos,Servicios Sociales,Trabajo,Gastos En Personal,Remuneraciones Al Personal,77916794.0,77916794.0,34611981.44,106885810.59,47480517.39,Fiscal
2025,2,Administracion Central,Ministerio De Justicia,Ministerio De Justicia,Ministerio De Justicia,Direccion General Innovación Y Simplificación De Procesos,Innovacion Y Simplificacion De Procesos,Servicios Sociales,Trabajo,Bienes De Uso,Maquinaria Y Equipo,2618070.0,0.0,0.0,0.0,0.0,Fiscal
2025,2,Administracion Central,Ministerio De Justicia,Ministerio De Justicia,Ministerio De Justicia,Direccion General Acceso A La Justicia,Acciones De Acceso A Justicia,Administración Gubernamental,Judicial,Gastos En Personal,Remuneraciones Al Personal,226016491.0,226316922.0,139537393.35,310460254.02,191416594.93,Fiscal
2025,2,Administracion Central,Ministerio De Justicia,Ministerio De Justicia,Ministerio De Justicia,Direccion General Acceso A La Justicia,Acciones De Acceso A Justicia,Administración Gubernamental,Judicial,Servicios No Personales,Servicios No Personales,101748872.0,126495202.0,57422354.01,173525391.73,78771655.5,Fiscal
2025,2,Administracion Central,Ministerio De Justicia,Ministerio De Justicia,Ministerio De Justicia,Direccion General Acceso A La Justicia,Acciones De Acceso A Justicia,Administración Gubernamental,Judicial,Bienes De Consumo,Bienes De Consumo,2315444.0,2815444.0,917984.19,3862209.91,1259285.44,Fiscal
2025,2,Administracion Central,Ministerio De Justicia,Ministerio De Justicia,Ministerio De Justicia,Direccion General Acceso A La Justicia,Acciones De Acceso A Justicia,Administración Gubernamental,Judicial,Bienes De Uso,Maquinaria Y Equipo,6352232.0,8777232.0,2377453.54,12040556.46,3261377.11,Fiscal
2025,2,Administracion Central,Ministerio De Justicia,Ministerio De Justicia,Ministerio De Justicia,Dirección General Política Criminal Y Asuntos Penitenciarios,Politica Criminal Y Asuntos Penitenciarios,Administración Gubernamental,Judicial,Bienes De Consumo,Bienes De Consumo,1782171.0,0.0,0.0,0.0,0.0,Fiscal
2025,2,Administracion Central,Ministerio De Justicia,Ministerio De Justicia,Ministerio De Justicia,Dirección General Política Criminal Y Asuntos Penitenciarios,Politica Criminal Y Asuntos Penitenciarios,Administración Gubernamental,Judicial,Servicios No Personales,Servicios No Personales,76775139.0,85255373.0,40676327.0,116952831.12,55799551.8,Fiscal
2025,2,Administracion Central,Ministerio De Justicia,Ministerio De Justicia,Ministerio De Justicia,Dirección General Política Criminal Y Asuntos Penitenciarios,Politica Criminal Y Asuntos Penitenciarios,Administración Gubernamental,Judicial,Gastos En Personal,Remuneraciones Al Personal,287430759.0,40842065.0,40842061.04,56026910.24,56026904.81,Fiscal
2025,2,Administracion Central,Ministerio De Justicia,Ministerio De Justicia,Ministerio De Justicia,Dirección General Política Criminal Y Asuntos Penitenciarios,Politica Criminal Y Asuntos Penitenciarios,Administración Gubernamental,Judicial,Bienes De Uso,Maquinaria Y Equipo,5145306.0,0.0,0.0,0.0,0.0,Fiscal
2025,2,Administracion Central,Ministerio De Justicia,Ministerio De Justicia,Ministerio De Justicia,Dirección General Asistencia A La Víctima,Asistencia A La Victima,Administración Gubernamental,Judicial,Gastos En Personal,Remuneraciones Al Personal,432069761.0,408119928.0,176148739.01,559856573.69,241639828.68,Fiscal
2025,2,Administracion Central,Ministerio De Justicia,Ministerio De Justicia,Ministerio De Justicia,Dirección General Asistencia A La Víctima,Asistencia A La Victima,Administración Gubernamental,Judicial,Bienes De Consumo,Bienes De Consumo,2621841.0,2414916.0,359171.98,3312767.9,492710.06,Fiscal
2025,2,Administracion Central,Ministerio De Justicia,Ministerio De Justicia,Ministerio De Justicia,Dirección General Asistencia A La Víctima,Asistencia A La Victima,Administración Gubernamental,Judicial,Servicios No Personales,Servicios No Personales,73083479.0,145872534.0,65355755.61,200107104.5,89654650.25,Fiscal
2025,2,Administracion Central,Ministerio De Justicia,Ministerio De Justicia,Ministerio De Justicia,Dirección General Asuntos Registrales,Registros,Administración Gubernamental,Judicial,Gastos En Personal,Remuneraciones Al Personal,62148230.0,62492630.0,30815808.18,85727030.98,42272948.71,Fiscal
2025,2,Administracion Central,Ministerio De Justicia,Ministerio De Justicia,Ministerio De Justicia,Dirección General Asuntos Registrales,Registros,Administración Gubernamental,Judicial,Bienes De Consumo,Bienes De Consumo,784039.0,42095.0,0.0,57745.68,0.0,Fiscal
2025,2,Administracion Central,Ministerio De Justicia,Ministerio De Justicia,Ministerio De Justicia,Dirección General Asuntos Registrales,Registros,Administración Gubernamental,Judicial,Servicios No Personales,Servicios No Personales,319601825.0,29809102.0,3605739.53,40891954.95,4946332.78,Fiscal
2025,2,Administracion Central,Ministerio De Justicia,Ministerio De Justicia,Ministerio De Justicia,Dirección General Asuntos Registrales,Registros,Administración Gubernamental,Judicial,Bienes De Uso,Maquinaria Y Equipo,516971.0,516971.0,0.0,709177.85,0.0,Fiscal
2025,2,Administracion Central,Ministerio De Justicia,Ministerio De Justicia,Ministerio De Justicia,Dirección General Asuntos Registrales,Administracion Ex Cassaba,Servicios Sociales,Promoción Y Acción Social,Gastos En Personal,Remuneraciones Al Personal,173560114.0,158498823.0,85159769.97,217427775.25,116821683.43,Fiscal
2025,2,Administracion Central,Ministerio De Justicia,Ministerio De Justicia,Ministerio De Justicia,Dirección General Asuntos Registrales,Administracion Ex Cassaba,Servicios Sociales,Promoción Y Acción Social,Bienes De Consumo,Bienes De Consumo,379499.0,180396.0,0.0,247466.2,0.0,Fiscal
2025,2,Administracion Central,Ministerio De Justicia,Ministerio De Justicia,Ministerio De Justicia,Dirección General Asuntos Registrales,Administracion Ex Cassaba,Servicios Sociales,Promoción Y Acción Social,Servicios No Personales,Servicios No Personales,331888.0,854888.0,0.0,1172730.45,0.0,Fiscal
2025,2,Administracion Central,Ministerio De Justicia,Ministerio De Justicia,Ministerio De Justicia,Dirección General Asuntos Registrales,Administracion Ex Cassaba,Servicios Sociales,Promoción Y Acción Social,Transferencias,Al Sector Privado,233223726.0,409772541.0,71977392.42,562123618.72,98738173.61,Fiscal
2025,2,Administracion Central,Ministerio De Justicia,Ministerio De Justicia,Ministerio De Justicia,Dirección General Asuntos Registrales,Registro De Deudores Alimentarios,Administración Gubernamental,Judicial,Gastos En Personal,Remuneraciones Al Personal,146449002.0,136473174.0,81544787.23,187213116.43,111862670.87,Fiscal
2025,2,Administracion Central,Ministerio De Justicia,Ministerio De Justicia,Ministerio De Justicia,Dirección General Asuntos Registrales,Registro De Deudores Alimentarios,Administración Gubernamental,Judicial,Bienes De Consumo,Bienes De Consumo,502930.0,237855.0,0.0,326288.12,0.0,Fiscal
2025,2,Administracion Central,Ministerio De Justicia,Ministerio De Justicia,Ministerio De Justicia,Dirección General Asuntos Registrales,Registro De Deudores Alimentarios,Administración Gubernamental,Judicial,Servicios No Personales,Servicios No Personales,199350.0,199350.0,0.0,273467.19,0.0,Fiscal
2025,2,Administracion Central,Ministerio De Justicia,Ministerio De Justicia,Ministerio De Justicia,Dirección General Asuntos Registrales,Asuntos Registrales,Administración Gubernamental,Judicial,Bienes De Consumo,Bienes De Consumo,617501.0,1217501.0,501186.08,1670160.88,687524.19,Fiscal
2025,2,Administracion Central,Ministerio De Justicia,Ministerio De Justicia,Ministerio De Justicia,Dirección General Asuntos Registrales,Asuntos Registrales,Administración Gubernamental,Judicial,Gastos En Personal,Remuneraciones Al Personal,155205560.0,160382704.0,80943651.61,220012072.39,111038036.48,Fiscal
2025,2,Administracion Central,Ministerio De Justicia,Ministerio De Justicia,Ministerio De Justicia,Dirección General Asuntos Registrales,Asuntos Registrales,Administración Gubernamental,Judicial,Servicios No Personales,Servicios No Personales,13379188.0,4506340.0,523614.0,6181771.34,718290.68,Fiscal
2025,2,Administracion Central,Ministerio De Justicia,Ministerio De Justicia,Ministerio De Justicia,Dirección General Asuntos Registrales,Asuntos Registrales,Administración Gubernamental,Judicial,Bienes De Uso,Maquinaria Y Equipo,1978963.0,1978963.0,0.0,2714730.08,0.0,Fiscal
2025,2,Administracion Central,Ministerio De Justicia,Ministerio De Justicia,Ministerio De Justicia,Dirección General Métodos Alternativos De Resolución De Conflictos,Metodos Alternativos De Resolucion De Conflictos,Administración Gubernamental,Judicial,Bienes De Consumo,Bienes De Consumo,1256676.0,1256676.0,263789.88,1723900.92,361865.44,Fiscal
2025,2,Administracion Central,Ministerio De Justicia,Ministerio De Justicia,Ministerio De Justicia,Dirección General Métodos Alternativos De Resolución De Conflictos,Metodos Alternativos De Resolucion De Conflictos,Administración Gubernamental,Judicial,Gastos En Personal,Remuneraciones Al Personal,260296131.0,260296131.0,80269508.43,357072737.81,110113250.73,Fiscal
2025,2,Administracion Central,Ministerio De Justicia,Ministerio De Justicia,Ministerio De Justicia,Dirección General Métodos Alternativos De Resolución De Conflictos,Metodos Alternativos De Resolucion De Conflictos,Administración Gubernamental,Judicial,Servicios No Personales,Servicios No Personales,4461794.0,2761794.0,300000.0,3788613.15,411538.28,Fiscal
2025,2,Administracion Central,Ministerio De Justicia,Ministerio De Justicia,Ministerio De Justicia,Dirección General Métodos Alternativos De Resolución De Conflictos,Metodos Alternativos De Resolucion De Conflictos,Administración Gubernamental,Judicial,Bienes De Uso,Maquinaria Y Equipo,3101824.0,2101824.0,0.0,2883270.09,0.0,Fiscal
2025,2,Administracion Central,Ministerio De Justicia,Ministerio De Justicia,Ministerio De Justicia,Subsecretaria De Relaciones Gubernamentales,Actividades Comunes,Administración Gubernamental,Dirección Ejecutiva,Gastos En Personal,Remuneraciones Al Personal,263010799.0,256349082.0,152428505.82,351658198.66,209100549.0,Fiscal
2025,2,Administracion Central,Ministerio De Justicia,Ministerio De Justicia,Ministerio De Justicia,Subsecretaria De Relaciones Gubernamentales,Actividades Comunes,Administración Gubernamental,Dirección Ejecutiva,Servicios No Personales,Servicios No Personales,210331710.0,666165346.0,205586989.99,913841796.34,282023052.33,Fiscal
2025,2,Administracion Central,Ministerio De Justicia,Ministerio De Justicia,Ministerio De Justicia,Subsecretaria De Relaciones Gubernamentales,Actividades Comunes,Administración Gubernamental,Dirección Ejecutiva,Bienes De Consumo,Bienes De Consumo,4804389.0,4804389.0,50476.57,6590633.24,69243.47,Fiscal
2025,2,Administracion Central,Ministerio De Justicia,Ministerio De Justicia,Ministerio De Justicia,Subsecretaria De Relaciones Gubernamentales,Actividades Comunes,Administración Gubernamental,Dirección Ejecutiva,Bienes De Uso,Maquinaria Y Equipo,3101824.0,3101824.0,0.0,4255064.35,0.0,Fiscal
2025,2,Administracion Central,Ministerio De Justicia,Ministerio De Justicia,Ministerio De Justicia,Dirección General Control Y Seguimiento De Gestión,Control Y Seguimiento De Gestion,Administración Gubernamental,Control De La Gestión,Gastos En Personal,Remuneraciones Al Personal,161771718.0,161771718.0,82941102.36,221917513.81,113778127.95,Fiscal
2025,2,Administracion Central,Ministerio De Justicia,Ministerio De Justicia,Ministerio De Justicia,Dirección General Control Y Seguimiento De Gestión,Control Y Seguimiento De Gestion,Administración Gubernamental,Control De La Gestión,Servicios No Personales,Servicios No Personales,408420.0,62926846.0,22419466.0,86322686.0,30754894.72,Fiscal
2025,2,Administracion Central,Ministerio De Justicia,Ministerio De Justicia,Ministerio De Justicia,Dirección General Control Y Seguimiento De Gestión,Control Y Seguimiento De Gestion,Administración Gubernamental,Control De La Gestión,Bienes De Consumo,Bienes De Consumo,2169752.0,2169752.0,0.0,2976453.33,0.0,Fiscal
2025,2,Administracion Central,Ministerio De Justicia,Ministerio De Justicia,Ministerio De Justicia,Dirección General Control Y Seguimiento De Gestión,Control Y Seguimiento De Gestion,Administración Gubernamental,Control De La Gestión,Bienes De Uso,Maquinaria Y Equipo,4221789.0,4221789.0,0.0,5791425.91,0.0,Fiscal
2025,2,Administracion Central,Ministerio De Justicia,Ministerio De Justicia,Ministerio De Justicia,Dirección General Articulación Laboral Federal,Articulacion Laboral Federal,Servicios Sociales,Trabajo,Bienes De Consumo,Bienes De Consumo,795224.0,795224.0,0.0,1090883.72,0.0,Fiscal
2025,2,Administracion Central,Ministerio De Justicia,Ministerio De Justicia,Ministerio De Justicia,Dirección General Articulación Laboral Federal,Articulacion Laboral Federal,Servicios Sociales,Trabajo,Servicios No Personales,Servicios No Personales,503424.0,369798.0,0.0,507286.77,0.0,Fiscal
2025,2,Administracion Central,Ministerio De Justicia,Ministerio De Justicia,Ministerio De Justicia,Dirección General Articulación Laboral Federal,Articulacion Laboral Federal,Servicios Sociales,Trabajo,Gastos En Personal,Remuneraciones Al Personal,168853537.0,168853537.0,83795997.2,231632312.45,114950867.78,Fiscal
2025,2,Administracion Central,Ministerio De Justicia,Ministerio De Justicia,Ministerio De Justicia,Dirección General Articulación Laboral Federal,Articulacion Laboral Federal,Servicios Sociales,Trabajo,Bienes De Uso,Maquinaria Y Equipo,2618070.0,0.0,0.0,0.0,0.0,Fiscal
2025,2,Administracion Central,Ministerio De Justicia,Ministerio De Justicia,Ministerio De Justicia,Dirección General Vinculación Con La Comunidad,Vinculacion Con La Comunidad,Administración Gubernamental,Judicial,Gastos En Personal,Remuneraciones Al Personal,133656578.0,134622149.0,77382023.7,184673890.96,106152215.76,Fiscal
2025,2,Administracion Central,Ministerio De Justicia,Ministerio De Justicia,Ministerio De Justicia,Dirección General Vinculación Con La Comunidad,Vinculacion Con La Comunidad,Administración Gubernamental,Judicial,Bienes De Consumo,Bienes De Consumo,1762277.0,1977677.0,1203303.28,2712965.95,1650684.53,Fiscal
2025,2,Administracion Central,Ministerio De Justicia,Ministerio De Justicia,Ministerio De Justicia,Dirección General Vinculación Con La Comunidad,Vinculacion Con La Comunidad,Administración Gubernamental,Judicial,Servicios No Personales,Servicios No Personales,4304709.0,9650935.0,625146.0,13239097.21,857571.69,Fiscal
2025,2,Administracion Central,Ministerio De Justicia,Ministerio De Justicia,Ministerio De Justicia,Dirección General Vinculación Con La Comunidad,Vinculacion Con La Comunidad,Administración Gubernamental,Judicial,Bienes De Uso,Maquinaria Y Equipo,3101824.0,2101824.0,0.0,2883270.09,0.0,Fiscal
2025,2,Administracion Central,Ministerio De Justicia,Ministerio De Justicia,Ministerio De Justicia,Subsecretaría Política Criminal Y Asuntos Penitenciarios,Politica Criminal Y Asuntos Penitenciarios,Administración Gubernamental,Judicial,Gastos En Personal,Remuneraciones Al Personal,0.0,249834469.0,102036836.27,342721489.96,139973546.07,Fiscal
2025,2,Administracion Central,Ministerio De Justicia,Ministerio De Justicia,Ministerio De Justicia,Subsecretaría Política Criminal Y Asuntos Penitenciarios,Politica Criminal Y Asuntos Penitenciarios,Administración Gubernamental,Judicial,Bienes De Consumo,Bienes De Consumo,0.0,1782171.0,0.0,2444771.94,0.0,Fiscal
2025,2,Administracion Central,Ministerio De Justicia,Ministerio De Justicia,Ministerio De Justicia,Subsecretaría Política Criminal Y Asuntos Penitenciarios,Politica Criminal Y Asuntos Penitenciarios,Administración Gubernamental,Judicial,Servicios No Personales,Servicios No Personales,0.0,86600121.0,25250000.0,118797548.71,34637805.01,Fiscal
2025,2,Administracion Central,Ministerio De Justicia,Ministerio De Justicia,Ministerio De Justicia,Subsecretaría Política Criminal Y Asuntos Penitenciarios,Politica Criminal Y Asuntos Penitenciarios,Administración Gubernamental,Judicial,Bienes De Uso,Maquinaria Y Equipo,0.0,5145306.0,0.0,7058301.23,0.0,Fiscal
2025,2,Administracion Central,Ministerio De Justicia,Ministerio De Justicia,Ministerio De Justicia,Subsecretaría De Trabajo Y Empleo,Trabajo Y Empleo,Servicios Sociales,Trabajo,Gastos En Personal,Remuneraciones Al Personal,0.0,65828735.0,65828730.48,90303480.67,90303474.47,Fiscal
2025,2,Administracion Central,Ministerio De Justicia,Ministerio De Justicia,Ministerio De Justicia,Subsecretaría De Trabajo Y Empleo,Trabajo Y Empleo,Servicios Sociales,Trabajo,Bienes De Consumo,Bienes De Consumo,0.0,1950000.0,0.0,2674998.8,0.0,Fiscal
2025,2,Administracion Central,Ministerio De Justicia,Ministerio De Justicia,Ministerio De Justicia,Subsecretaría De Trabajo Y Empleo,Trabajo Y Empleo,Servicios Sociales,Trabajo,Servicios No Personales,Servicios No Personales,0.0,8017900.0,5845274.0,10998909.18,8018513.31,Fiscal
2025,2,Administracion Central,Ministerio De Justicia,Ministerio De Justicia,Ministerio De Justicia,Subsecretaría De Trabajo Y Empleo,Trabajo Y Empleo,Servicios Sociales,Trabajo,Bienes De Uso,Maquinaria Y Equipo,0.0,250000.0,0.0,342948.56,0.0,Fiscal
2025,2,Administracion Central,Ministerio De Justicia,Ministerio De Justicia,Ministerio De Justicia,Subsecretaria De Asuntos Judiciales,Actividades Comunes,Servicios Sociales,Promoción Y Acción Social,Gastos En Personal,Remuneraciones Al Personal,0.0,75024969.0,75024962.69,102918821.66,102918813.0,Fiscal
2025,2,Administracion Central,Ministerio De Justicia,Ministerio De Justicia,Ministerio De Justicia,Subsecretaria De Asuntos Judiciales,Actividades Comunes,Servicios Sociales,Promoción Y Acción Social,Bienes De Consumo,Bienes De Consumo,0.0,1950000.0,0.0,2674998.8,0.0,Fiscal
2025,2,Administracion Central,Ministerio De Justicia,Ministerio De Justicia,Ministerio De Justicia,Subsecretaria De Asuntos Judiciales,Actividades Comunes,Servicios Sociales,Promoción Y Acción Social,Servicios No Personales,Servicios No Personales,0.0,1050000.0,0.0,1440383.97,0.0,Fiscal
2025,2,Administracion Central,Ministerio De Justicia,Ministerio De Justicia,Ministerio De Justicia,Subsecretaria De Asuntos Judiciales,Actividades Comunes,Servicios Sociales,Promoción Y Acción Social,Bienes De Uso,Maquinaria Y Equipo,0.0,250000.0,0.0,342948.56,0.0,Fiscal
2025,2,Administracion Central,Ministerio De Justicia,Ministerio De Justicia,Ministerio De Justicia,Dirección General De Derechos Humanos,Derechos Humanos,Servicios Sociales,Promoción Y Acción Social,Gastos En Personal,Remuneraciones Al Personal,0.0,349104728.0,233670775.71,478899861.21,320548228.32,Fiscal
2025,2,Administracion Central,Ministerio De Justicia,Ministerio De Justicia,Ministerio De Justicia,Dirección General De Derechos Humanos,Derechos Humanos,Servicios Sociales,Promoción Y Acción Social,Bienes De Consumo,Bienes De Consumo,0.0,13073433.0,297262.01,17934060.32,407782.32,Fiscal
2025,2,Administracion Central,Ministerio De Justicia,Ministerio De Justicia,Ministerio De Justicia,Dirección General De Derechos Humanos,Derechos Humanos,Servicios Sociales,Promoción Y Acción Social,Servicios No Personales,Servicios No Personales,0.0,114420472.0,9099613.13,156961346.46,12482797.04,Fiscal
2025,2,Administracion Central,Ministerio De Justicia,Ministerio De Justicia,Ministerio De Justicia,Dirección General De Derechos Humanos,Derechos Humanos,Servicios Sociales,Promoción Y Acción Social,Bienes De Uso,Maquinaria Y Equipo,0.0,424459.0,0.0,582270.42,0.0,Fiscal
2025,2,Administracion Central,Ministerio De Justicia,Ministerio De Justicia,Ministerio De Justicia,Dirección General De Derechos Humanos,Derechos Humanos,Servicios Sociales,Promoción Y Acción Social,Transferencias,Al Sector Privado,0.0,185609640.0,4188911.0,254618238.33,5746324.06,Fiscal
2025,2,Administracion Central,Ministerio De Justicia,Ministerio De Justicia,Ministerio De Justicia,Dirección General De Derechos Humanos,Programa Integral De Promocion De Los Derechos Lgbtiq,Servicios Sociales,Promoción Y Acción Social,Servicios No Personales,Servicios No Personales,0.0,44242006.0,0.0,60690929.78,0.0,Fiscal
2025,2,Administracion Central,Ministerio De Justicia,Ministerio De Justicia,Ministerio De Justicia,Dirección General De Derechos Humanos,Programa Integral De Promocion De Los Derechos Lgbtiq,Servicios Sociales,Promoción Y Acción Social,Transferencias,Al Sector Privado,0.0,50867541.0,7950000.0,69779800.65,10905764.35,Fiscal
2025,2,Administracion Central,Ministerio De Justicia,Ministerio De Justicia,Ministerio De Justicia,Dirección General De Derechos Humanos,Buenos Aires Convive,Servicios Sociales,Promoción Y Acción Social,Gastos En Personal,Remuneraciones Al Personal,0.0,157134919.0,0.0,215556779.57,0.0,Fiscal
2025,2,Administracion Central,Ministerio De Justicia,Ministerio De Justicia,Ministerio De Justicia,Dirección General De Derechos Humanos,Buenos Aires Convive,Servicios Sociales,Promoción Y Acción Social,Bienes De Consumo,Bienes De Consumo,0.0,9843943.0,349080.62,13503864.48,478866.79,Fiscal
2025,2,Administracion Central,Ministerio De Justicia,Ministerio De Justicia,Ministerio De Justicia,Dirección General De Derechos Humanos,Buenos Aires Convive,Servicios Sociales,Promoción Y Acción Social,Servicios No Personales,Servicios No Personales,0.0,4293635.0,0.0,5889983.84,0.0,Fiscal
2025,2,Administracion Central,Ministerio De Justicia,Ministerio De Justicia,Ministerio De Justicia,Consejo De Gestión Del Parque Memoria Y Monumento A Las Víctimas Del Terrorismo De Estado,Gestion Del Parque De La Memoria Y Del Monumento A Las Victimas,Servicios Sociales,Cultura,Gastos En Personal,Remuneraciones Al Personal,0.0,204387358.0,152226028.89,280377404.06,208822792.31,Fiscal
2025,2,Administracion Central,Ministerio De Justicia,Ministerio De Justicia,Ministerio De Justicia,Consejo De Gestión Del Parque Memoria Y Monumento A Las Víctimas Del Terrorismo De Estado,Gestion Del Parque De La Memoria Y Del Monumento A Las Victimas,Servicios Sociales,Cultura,Bienes De Consumo,Bienes De Consumo,0.0,41151856.0,5469946.6,56451879.76,7503641.34,Fiscal
2025,2,Administracion Central,Ministerio De Justicia,Ministerio De Justicia,Ministerio De Justicia,Consejo De Gestión Del Parque Memoria Y Monumento A Las Víctimas Del Terrorismo De Estado,Gestion Del Parque De La Memoria Y Del Monumento A Las Victimas,Servicios Sociales,Cultura,Servicios No Personales,Servicios No Personales,0.0,924637802.0,24358959.76,1268412827.26,33415481.12,Fiscal
2025,2,Administracion Central,Ministerio De Justicia,Ministerio De Justicia,Ministerio De Justicia,Secretaría De Trabajo Y Empleo,Actividades Comunes,Servicios Sociales,Trabajo,Gastos En Personal,Remuneraciones Al Personal,1280302318.0,1179287722.0,498796861.71,1617740125.24,684246670.66,Fiscal
2025,2,Administracion Central,Ministerio De Justicia,Ministerio De Justicia,Ministerio De Justicia,Secretaría De Trabajo Y Empleo,Actividades Comunes,Servicios Sociales,Trabajo,Servicios No Personales,Servicios No Personales,2656623487.0,2369828816.0,446917196.32,3250917561.57,613078443.59,Fiscal
2025,2,Administracion Central,Ministerio De Justicia,Ministerio De Justicia,Ministerio De Justicia,Secretaría De Trabajo Y Empleo,Actividades Comunes,Servicios Sociales,Trabajo,Bienes De Consumo,Bienes De Consumo,87264592.0,71464592.0,56050355.78,98034716.94,76889556.2,Fiscal
2025,2,Administracion Central,Ministerio De Justicia,Ministerio De Justicia,Ministerio De Justicia,Secretaría De Trabajo Y Empleo,Actividades Comunes,Servicios Sociales,Trabajo,Bienes De Uso,Maquinaria Y Equipo,6283367.0,21900142.0,17327288.86,30042489.04,23769475.36,Fiscal
2025,2,Administracion Central,Ministerio De Justicia,Ministerio De Justicia,Ministerio De Justicia,Secretaría De Trabajo Y Empleo,Resolucion De Conflictos Individuales Y Colectivos,Servicios Sociales,Trabajo,Bienes De Consumo,Bienes De Consumo,1325374.0,405000.0,0.0,555576.67,0.0,Fiscal
2025,2,Administracion Central,Ministerio De Justicia,Ministerio De Justicia,Ministerio De Justicia,Secretaría De Trabajo Y Empleo,Resolucion De Conflictos Individuales Y Colectivos,Servicios Sociales,Trabajo,Servicios No Personales,Servicios No Personales,246636307.0,227997434.0,37931966.84,312765570.74,52034854.3,Fiscal
2025,2,Administracion Central,Ministerio De Justicia,Ministerio De Justicia,Ministerio De Justicia,Secretaría De Trabajo Y Empleo,Resolucion De Conflictos Individuales Y Colectivos,Servicios Sociales,Trabajo,Bienes De Uso,Maquinaria Y Equipo,2618070.0,0.0,0.0,0.0,0.0,Fiscal
2025,2,Administracion Central,Ministerio De Justicia,Ministerio De Justicia,Ministerio De Justicia,Ministerio De Justicia,Actividades Centrales,Servicios De Seguridad,Seguridad Interior,Gastos En Personal,Remuneraciones Al Personal,1122929272.0,1940522717.0,1435914129.06,2661997920.16,1969778756.83,Fiscal
2025,2,Administracion Central,Ministerio De Justicia,Ministerio De Justicia,Ministerio De Justicia,Ministerio De Justicia,Actividades Centrales,Servicios De Seguridad,Seguridad Interior,Bienes De Consumo,Bienes De Consumo,21928971.0,25228971.0,15702059.99,34608957.55,21539995.73,Fiscal
2025,2,Administracion Central,Ministerio De Justicia,Ministerio De Justicia,Ministerio De Justicia,Ministerio De Justicia,Actividades Centrales,Servicios De Seguridad,Seguridad Interior,Servicios No Personales,Servicios No Personales,5191053484.0,5595839909.0,3723697658.55,7676341054.3,5108147065.49,Fiscal
2025,2,Administracion Central,Ministerio De Justicia,Ministerio De Justicia,Ministerio De Justicia,Ministerio De Justicia,Actividades Centrales,Servicios De Seguridad,Seguridad Interior,Bienes De Uso,Maquinaria Y Equipo,13251654.0,449614154.0,436918149.36,616778114.65,599361808.39,Fiscal
2025,2,Administracion Central,Ministerio De Justicia,Ministerio De Justicia,Ministerio De Justicia,Ministerio De Justicia,Actividades Centrales,Administración Gubernamental,Control De La Gestión,Gastos En Personal,Remuneraciones Al Personal,180002484.0,178753883.0,81170636.63,245213550.24,111349413.22,Fiscal
2025,2,Administracion Central,Ministerio De Justicia,Ministerio De Justicia,Ministerio De Justicia,Ministerio De Justicia,Actividades Centrales,Administración Gubernamental,Control De La Gestión,Bienes De Consumo,Bienes De Consumo,879671.0,879671.0,0.0,1206727.63,0.0,Fiscal
2025,2,Administracion Central,Ministerio De Justicia,Ministerio De Justicia,Ministerio De Justicia,Ministerio De Justicia,Actividades Centrales,Administración Gubernamental,Control De La Gestión,Servicios No Personales,Servicios No Personales,23860060.0,22102017.0,9751151.0,30319420.0,13376572.95,Fiscal
2025,2,Administracion Central,Ministerio De Justicia,Ministerio De Justicia,Ministerio De Justicia,Ministerio De Justicia,Actividades Centrales,Administración Gubernamental,Control De La Gestión,Bienes De Uso,Maquinaria Y Equipo,8575509.0,8575509.0,0.0,11763834.0,0.0,Fiscal
2025,2,Administracion Central,Ministerio De Justicia,Ministerio De Justicia,Ministerio De Justicia,Ministerio De Justicia,Actividades Centrales,Servicios De Seguridad,Seguridad Interior,Servicios No Personales,Servicios No Personales,0.0,421336682.0,401723368.66,577987240.94,551081810.32,Fiscal
2025,2,Administracion Central,Ministerio De Justicia,Ministerio De Justicia,Ministerio De Justicia,Coordinación De Enlace Electoral,Enlace Electoral,Administración Gubernamental,Dirección Ejecutiva,Gastos En Personal,Remuneraciones Al Personal,351114641.0,357679111.0,154038498.78,490662150.58,211309128.09,Fiscal
2025,2,Administracion Central,Ministerio De Justicia,Ministerio De Justicia,Ministerio De Justicia,Coordinación De Enlace Electoral,Enlace Electoral,Administración Gubernamental,Dirección Ejecutiva,Bienes De Consumo,Bienes De Consumo,7487110.0,7487110.0,390570.81,10270774.5,535782.79,Fiscal
2025,2,Administracion Central,Ministerio De Justicia,Ministerio De Justicia,Ministerio De Justicia,Coordinación De Enlace Electoral,Enlace Electoral,Administración Gubernamental,Dirección Ejecutiva,Servicios No Personales,Servicios No Personales,94206334.0,70956334.0,762000.0,97337491.53,1045307.22,Fiscal
2025,2,Administracion Central,Ministerio De Justicia,Ministerio De Justicia,Ministerio De Justicia,Coordinación De Enlace Electoral,Enlace Electoral,Administración Gubernamental,Dirección Ejecutiva,Bienes De Uso,Maquinaria Y Equipo,5169706.0,5169706.0,64200.01,7091773.0,88069.21,Fiscal
2025,2,Administracion Central,Ministerio De Justicia,Ministerio De Justicia,Ministerio De Justicia,Coordinación De Enlace Electoral,Enlace Electoral,Administración Gubernamental,Dirección Ejecutiva,Bienes De Uso,Activos Intangibles,1033941.0,1033941.0,0.0,1418354.33,0.0,Fiscal
2025,2,Administracion Central,Ministerio De Justicia,Ministerio De Justicia,Ministerio De Justicia,Subsecretaria Registro Y Métodos Alternativos De Resolución De Conflictos,Actividades Comunes,Administración Gubernamental,Judicial,Gastos En Personal,Remuneraciones Al Personal,218752254.0,218752254.0,114152243.45,300083085.9,156593392.07,Fiscal
2025,2,Administracion Central,Ministerio De Justicia,Ministerio De Justicia,Ministerio De Justicia,Subsecretaria Registro Y Métodos Alternativos De Resolución De Conflictos,Actividades Comunes,Administración Gubernamental,Judicial,Bienes De Consumo,Bienes De Consumo,2536226.0,2186226.0,0.0,2999052.27,0.0,Fiscal
2025,2,Administracion Central,Ministerio De Justicia,Ministerio De Justicia,Ministerio De Justicia,Subsecretaria Registro Y Métodos Alternativos De Resolución De Conflictos,Actividades Comunes,Administración Gubernamental,Judicial,Servicios No Personales,Servicios No Personales,9911160.0,51204313.0,5081000.0,70241782.54,6970086.62,Fiscal
2025,2,Administracion Central,Ministerio De Justicia,Ministerio De Justicia,Ministerio De Justicia,Dirección General Administración De Infracciones,Administracion De Infracciones En La Ciudad,Administración Gubernamental,Judicial,Gastos En Personal,Remuneraciones Al Personal,19622560010.0,18956293579.0,8543785417.63,26004134679.36,11720315775.11,Fiscal
2025,2,Administracion Central,Ministerio De Justicia,Ministerio De Justicia,Ministerio De Justicia,Dirección General Administración De Infracciones,Administracion De Infracciones En La Ciudad,Administración Gubernamental,Judicial,Bienes De Consumo,Bienes De Consumo,33116729.0,21116729.0,4145245.99,28967807.58,5686424.65,Fiscal
2025,2,Administracion Central,Ministerio De Justicia,Ministerio De Justicia,Ministerio De Justicia,Dirección General Administración De Infracciones,Administracion De Infracciones En La Ciudad,Administración Gubernamental,Judicial,Servicios No Personales,Servicios No Personales,28099818771.0,27471309382.0,10268334278.15,37684984462.32,14086041999.13,Fiscal
2025,2,Administracion Central,Ministerio De Justicia,Ministerio De Justicia,Ministerio De Justicia,Dirección General Administración De Infracciones,Administracion De Infracciones En La Ciudad,Administración Gubernamental,Judicial,Bienes De Uso,Maquinaria Y Equipo,17595613.0,16880613.0,14981880.0,23156727.98,20552056.95,Fiscal
2025,2,Administracion Central,Ministerio De Justicia,Ministerio De Justicia,Ministerio De Justicia,Dirección General Asuntos Políticos Y Electorales,Capacitacion Y Reforma Politica,Administración Gubernamental,Dirección Ejecutiva,Servicios No Personales,Servicios No Personales,456634896.0,468953413.0,312948875.53,643307599.09,429301470.41,Fiscal
2025,2,Administracion Central,Ministerio De Justicia,Ministerio De Justicia,Ministerio De Justicia,Dirección General Asuntos Políticos Y Electorales,Capacitacion Y Reforma Politica,Administración Gubernamental,Dirección Ejecutiva,Gastos En Personal,Remuneraciones Al Personal,45645949.0,45645949.0,22241328.96,62616850.73,30510527.35,Fiscal
2025,2,Administracion Central,Ministerio De Justicia,Ministerio De Justicia,Ministerio De Justicia,Dirección General Asuntos Políticos Y Electorales,Capacitacion Y Reforma Politica,Administración Gubernamental,Dirección Ejecutiva,Bienes De Consumo,Bienes De Consumo,2506440.0,2506440.0,0.0,3438320.0,0.0,Fiscal
2025,2,Administracion Central,Ministerio De Justicia,Ministerio De Justicia,Ministerio De Justicia,Dirección General Asuntos Políticos Y Electorales,Capacitacion Y Reforma Politica,Administración Gubernamental,Dirección Ejecutiva,Bienes De Uso,Maquinaria Y Equipo,3101824.0,6201824.0,3096896.0,8507626.55,4248304.15,Fiscal
2025,2,Administracion Central,Ministerio De Justicia,Ministerio De Justicia,Ministerio De Justicia,Dirección General Asuntos Políticos Y Electorales,Asuntos Politicos Y Electorales,Administración Gubernamental,Dirección Ejecutiva,Gastos En Personal,Remuneraciones Al Personal,179575215.0,189438155.0,105621764.02,259870173.22,144891329.37,Fiscal
2025,2,Administracion Central,Ministerio De Justicia,Ministerio De Justicia,Ministerio De Justicia,Dirección General Asuntos Políticos Y Electorales,Asuntos Politicos Y Electorales,Administración Gubernamental,Dirección Ejecutiva,Servicios No Personales,Servicios No Personales,106247758.0,100669999.0,48607073.0,138098526.55,66678903.63,Fiscal
2025,2,Administracion Central,Ministerio De Justicia,Ministerio De Justicia,Ministerio De Justicia,Dirección General Asuntos Políticos Y Electorales,Innovacion Institucional Y Electoral,Administración Gubernamental,Dirección Ejecutiva,Servicios No Personales,Servicios No Personales,7259358.0,7259358.0,5837518.0,9958345.62,8007873.67,Fiscal
2025,2,Administracion Central,Ministerio De Justicia,Ministerio De Justicia,Ministerio De Justicia,Dg.Transferencias De Competencias Y Asuntos Interjurisdiccionales,Transferencia De Competencias Y Asuntos Interjurisdiccionales,Administración Gubernamental,Dirección Ejecutiva,Gastos En Personal,Remuneraciones Al Personal,210958578.0,210958578.0,106546106.33,289391765.92,146159336.85,Fiscal
2025,2,Administracion Central,Ministerio De Justicia,Ministerio De Justicia,Ministerio De Justicia,Dg.Transferencias De Competencias Y Asuntos Interjurisdiccionales,Transferencia De Competencias Y Asuntos Interjurisdiccionales,Administración Gubernamental,Dirección Ejecutiva,Servicios No Personales,Servicios No Personales,180311743.0,226093720.0,104121907.04,310154066.8,142833834.18,Fiscal
2025,2,Administracion Central,Ministerio De Justicia,Ministerio De Justicia,Ministerio De Justicia,Dg.Transferencias De Competencias Y Asuntos Interjurisdiccionales,Transferencia De Competencias Y Asuntos Interjurisdiccionales,Administración Gubernamental,Dirección Ejecutiva,Bienes De Consumo,Bienes De Consumo,3084377.0,2734377.0,747323.29,3751002.67,1025173.8,Fiscal
2025,2,Administracion Central,Ministerio De Justicia,Ministerio De Justicia,Ministerio De Justicia,Dirección General Gobernanza Metropolitana,Gestion Metropolitana,Servicios Sociales,Promoción Y Acción Social,Gastos En Personal,Remuneraciones Al Personal,299913455.0,301044830.0,149307411.24,412971569.11,204819049.37,Fiscal
2025,2,Administracion Central,Ministerio De Justicia,Ministerio De Justicia,Ministerio De Justicia,Dirección General Gobernanza Metropolitana,Gestion Metropolitana,Servicios Sociales,Promoción Y Acción Social,Servicios No Personales,Servicios No Personales,459251072.0,225046432.0,72341918.0,308717403.14,99238227.7,Fiscal
2025,2,Administracion Central,Ministerio De Justicia,Ministerio De Justicia,Ministerio De Justicia,Dirección General Gobernanza Metropolitana,Gestion Metropolitana,Servicios Sociales,Promoción Y Acción Social,Bienes De Consumo,Bienes De Consumo,2258285.0,6767285.0,4270641.18,9283322.7,5858441.05,Fiscal
2025,2,Administracion Central,Ministerio De Justicia,Ministerio De Justicia,Ministerio De Justicia,Dirección General Gobernanza Metropolitana,Gestion Metropolitana,Servicios Sociales,Promoción Y Acción Social,Transferencias,Al Sector Público,1510520633.0,1510520633.0,0.0,2072123530.52,0.0,Fiscal
2025,2,Administracion Central,Ministerio De Justicia,Ministerio De Justicia,Ministerio De Justicia,Secretaría De Justicia,Actividades Comunes,Administración Gubernamental,Judicial,Gastos En Personal,Remuneraciones Al Personal,485321674.0,501931934.0,241756511.58,688547344.83,331640194.35,Fiscal
2025,2,Administracion Central,Ministerio De Justicia,Ministerio De Justicia,Ministerio De Justicia,Secretaría De Justicia,Actividades Comunes,Administración Gubernamental,Judicial,Bienes De Consumo,Bienes De Consumo,21517182.0,6227182.0,1053953.65,8542412.51,1445807.56,Fiscal
2025,2,Administracion Central,Ministerio De Justicia,Ministerio De Justicia,Ministerio De Justicia,Secretaría De Justicia,Actividades Comunes,Administración Gubernamental,Judicial,Servicios No Personales,Servicios No Personales,2267009453.0,2345169218.0,998198476.81,3217089666.64,1369322938.55,Fiscal
2025,2,Administracion Central,Ministerio De Justicia,Ministerio De Justicia,Ministerio De Justicia,Secretaría De Justicia,Actividades Comunes,Administración Gubernamental,Judicial,Bienes De Uso,Maquinaria Y Equipo,0.0,40000.0,23000.0,54871.77,31551.27,Fiscal
2025,2,Organismos Descentralizados,Ministerio De Justicia,Ministerio De Justicia,Agencia Gubernamental De Control,Agencia Gubernamental De Control,Actividades Comunes,Servicios De Seguridad,Seguridad Interior,Gastos En Personal,Remuneraciones Al Personal,6979906614.0,6964892544.0,3132107376.74,9554399597.51,4296606913.98,Fiscal
2025,2,Organismos Descentralizados,Ministerio De Justicia,Ministerio De Justicia,Agencia Gubernamental De Control,Agencia Gubernamental De Control,Actividades Comunes,Servicios De Seguridad,Seguridad Interior,Bienes De Consumo,Bienes De Consumo,64811859.0,55602075.0,18117326.43,76274607.2,24853244.36,Fiscal
2025,2,Organismos Descentralizados,Ministerio De Justicia,Ministerio De Justicia,Agencia Gubernamental De Control,Agencia Gubernamental De Control,Actividades Comunes,Servicios De Seguridad,Seguridad Interior,Servicios No Personales,Servicios No Personales,5036256430.0,5185524578.0,1691310201.54,7113472839.37,2320129622.5,Fiscal
2025,2,Organismos Descentralizados,Ministerio De Justicia,Ministerio De Justicia,Agencia Gubernamental De Control,Agencia Gubernamental De Control,Actividades Comunes,Servicios De Seguridad,Seguridad Interior,Bienes De Uso,Maquinaria Y Equipo,21116091.0,39476850.0,270400.0,54154116.14,370933.17,Fiscal
2025,2,Organismos Descentralizados,Ministerio De Justicia,Ministerio De Justicia,Agencia Gubernamental De Control,Agencia Gubernamental De Control,Actividades Comunes,Administración Gubernamental,Control De La Gestión,Gastos En Personal,Remuneraciones Al Personal,217739055.0,217739055.0,107485212.7,298693185.33,147447597.57,Fiscal
2025,2,Organismos Descentralizados,Ministerio De Justicia,Ministerio De Justicia,Agencia Gubernamental De Control,Agencia Gubernamental De Control,Actividades Comunes,Administración Gubernamental,Control De La Gestión,Bienes De Consumo,Bienes De Consumo,1991463.0,1991463.0,621738.37,2731877.51,852897.13,Fiscal
2025,2,Organismos Descentralizados,Ministerio De Justicia,Ministerio De Justicia,Agencia Gubernamental De Control,Agencia Gubernamental De Control,Actividades Comunes,Administración Gubernamental,Control De La Gestión,Servicios No Personales,Servicios No Personales,40802332.0,35574042.0,15748523.96,48800266.54,21603734.74,Fiscal
2025,2,Organismos Descentralizados,Ministerio De Justicia,Ministerio De Justicia,Agencia Gubernamental De Control,Agencia Gubernamental De Control,Actividades Comunes,Administración Gubernamental,Control De La Gestión,Bienes De Uso,Maquinaria Y Equipo,512168.0,512168.0,0.0,702589.12,0.0,Fiscal
2025,2,Organismos Descentralizados,Ministerio De Justicia,Ministerio De Justicia,Agencia Gubernamental De Control,Agencia Gubernamental De Control,Actividades Comunes,Servicios De Seguridad,Seguridad Interior,Bienes De Uso,Bienes De Uso,2359152788.0,2554652411.0,1185425299.23,3504457507.88,1626159618.44,Fiscal
2025,2,Organismos Descentralizados,Ministerio De Justicia,Ministerio De Justicia,Agencia Gubernamental De Control,Agencia Gubernamental De Control,Actividades Comunes,Servicios De Seguridad,Seguridad Interior,Servicios No Personales,Servicios No Personales,0.0,59725413.0,30708321.73,81930978.59,42125499.41,Fiscal
2025,2,Organismos Descentralizados,Ministerio De Justicia,Ministerio De Justicia,Agencia Gubernamental De Control,Agencia Gubernamental De Control,"Capacitacion, Formacion Y Concientizacion Ciudadana",Servicios De Seguridad,Seguridad Interior,Gastos En Personal,Remuneraciones Al Personal,302361038.0,302361038.0,124684615.59,414777135.69,171041639.69,Fiscal
2025,2,Organismos Descentralizados,Ministerio De Justicia,Ministerio De Justicia,Agencia Gubernamental De Control,Agencia Gubernamental De Control,"Capacitacion, Formacion Y Concientizacion Ciudadana",Servicios De Seguridad,Seguridad Interior,Bienes De Consumo,Bienes De Consumo,769516.0,519516.0,0.0,712669.07,0.0,Fiscal
2025,2,Organismos Descentralizados,Ministerio De Justicia,Ministerio De Justicia,Agencia Gubernamental De Control,Agencia Gubernamental De Control,"Capacitacion, Formacion Y Concientizacion Ciudadana",Servicios De Seguridad,Seguridad Interior,Servicios No Personales,Servicios No Personales,11982169.0,5668938.0,0.0,7776616.6,0.0,Fiscal
2025,2,Organismos Descentralizados,Ministerio De Justicia,Ministerio De Justicia,Agencia Gubernamental De Control,Dirección General Fiscalización Y Control,Fiscalizacion De Actividades Comerciales,Servicios De Seguridad,Seguridad Interior,Gastos En Personal,Remuneraciones Al Personal,7558843338.0,7558843338.0,3843580407.62,10369177886.09,5272601532.26,Fiscal
2025,2,Organismos Descentralizados,Ministerio De Justicia,Ministerio De Justicia,Agencia Gubernamental De Control,Dirección General Fiscalización Y Control,Fiscalizacion De Actividades Comerciales,Servicios De Seguridad,Seguridad Interior,Bienes De Consumo,Bienes De Consumo,28646796.0,15557642.0,0.0,21341883.96,0.0,Fiscal
2025,2,Organismos Descentralizados,Ministerio De Justicia,Ministerio De Justicia,Agencia Gubernamental De Control,Dirección General Fiscalización Y Control,Fiscalizacion De Actividades Comerciales,Servicios De Seguridad,Seguridad Interior,Servicios No Personales,Servicios No Personales,577990747.0,547072478.0,206271878.0,750470883.88,282962577.77,Fiscal
2025,2,Organismos Descentralizados,Ministerio De Justicia,Ministerio De Justicia,Agencia Gubernamental De Control,Dirección General Fiscalización Y Control,Fiscalizacion De Actividades Comerciales,Servicios De Seguridad,Seguridad Interior,Bienes De Uso,Maquinaria Y Equipo,512168.0,512168.0,0.0,702589.12,0.0,Fiscal
2025,2,Organismos Descentralizados,Ministerio De Justicia,Ministerio De Justicia,Agencia Gubernamental De Control,Dirección General Fiscalización Y Control,Fiscalizacion De Actividades Comerciales,Servicios De Seguridad,Seguridad Interior,Servicios No Personales,Servicios No Personales,5875924215.0,5778061067.0,2416623624.27,7926310992.48,3315110410.85,Fiscal
2025,2,Organismos Descentralizados,Ministerio De Justicia,Ministerio De Justicia,Agencia Gubernamental De Control,Dirección General Higiene Y Seguridad Alimentaria,Fiscalizacion De Establecimientos Y Alimentos,Servicios De Seguridad,Seguridad Interior,Gastos En Personal,Remuneraciones Al Personal,2783337071.0,2785633764.0,1386102296.38,3821316401.57,1901447170.79,Fiscal
2025,2,Organismos Descentralizados,Ministerio De Justicia,Ministerio De Justicia,Agencia Gubernamental De Control,Dirección General Higiene Y Seguridad Alimentaria,Fiscalizacion De Establecimientos Y Alimentos,Servicios De Seguridad,Seguridad Interior,Bienes De Consumo,Bienes De Consumo,66654518.0,66654518.0,6371139.8,91436285.04,8739892.99,Fiscal
2025,2,Organismos Descentralizados,Ministerio De Justicia,Ministerio De Justicia,Agencia Gubernamental De Control,Dirección General Higiene Y Seguridad Alimentaria,Fiscalizacion De Establecimientos Y Alimentos,Servicios De Seguridad,Seguridad Interior,Servicios No Personales,Servicios No Personales,137259453.0,151153912.0,55446400.09,207352068.51,76061053.25,Fiscal
2025,2,Organismos Descentralizados,Ministerio De Justicia,Ministerio De Justicia,Agencia Gubernamental De Control,Dirección General Higiene Y Seguridad Alimentaria,Fiscalizacion De Establecimientos Y Alimentos,Servicios De Seguridad,Seguridad Interior,Bienes De Uso,Maquinaria Y Equipo,0.0,639241.0,508080.21,876907.13,696981.51,Fiscal
2025,2,Organismos Descentralizados,Ministerio De Justicia,Ministerio De Justicia,Agencia Gubernamental De Control,Dirección General Higiene Y Seguridad Alimentaria,Analisis E Investigacion,Servicios De Seguridad,Seguridad Interior,Gastos En Personal,Remuneraciones Al Personal,255451274.0,253154581.0,130838437.15,347276000.53,179483416.77,Fiscal
2025,2,Organismos Descentralizados,Ministerio De Justicia,Ministerio De Justicia,Agencia Gubernamental De Control,Dirección General Higiene Y Seguridad Alimentaria,Analisis E Investigacion,Servicios De Seguridad,Seguridad Interior,Bienes De Consumo,Bienes De Consumo,50850573.0,50350573.0,3513101.72,69070626.91,4819252.77,Fiscal
2025,2,Organismos Descentralizados,Ministerio De Justicia,Ministerio De Justicia,Agencia Gubernamental De Control,Dirección General Higiene Y Seguridad Alimentaria,Analisis E Investigacion,Servicios De Seguridad,Seguridad Interior,Servicios No Personales,Servicios No Personales,23459939.0,16090384.0,5529394.0,22072696.38,7585190.94,Fiscal
2025,2,Organismos Descentralizados,Ministerio De Justicia,Ministerio De Justicia,Agencia Gubernamental De Control,Dirección General Higiene Y Seguridad Alimentaria,Registro De Establecimientos Y Productos,Servicios De Seguridad,Seguridad Interior,Gastos En Personal,Remuneraciones Al Personal,157055285.0,157055285.0,85902077.27,215447538.11,117839976.33,Fiscal
2025,2,Organismos Descentralizados,Ministerio De Justicia,Ministerio De Justicia,Agencia Gubernamental De Control,Dirección General Higiene Y Seguridad Alimentaria,Registro De Establecimientos Y Productos,Servicios De Seguridad,Seguridad Interior,Bienes De Consumo,Bienes De Consumo,6985639.0,6445020.0,267836.39,8841241.43,367416.42,Fiscal
2025,2,Organismos Descentralizados,Ministerio De Justicia,Ministerio De Justicia,Agencia Gubernamental De Control,Dirección General Higiene Y Seguridad Alimentaria,Registro De Establecimientos Y Productos,Servicios De Seguridad,Seguridad Interior,Servicios No Personales,Servicios No Personales,855937.0,855937.0,0.0,1174169.46,0.0,Fiscal
2025,2,Organismos Descentralizados,Ministerio De Justicia,Ministerio De Justicia,Agencia Gubernamental De Control,Dirección General Higiene Y Seguridad Alimentaria,Registro De Establecimientos Y Productos,Servicios De Seguridad,Seguridad Interior,Bienes De Uso,Maquinaria Y Equipo,512168.0,512168.0,0.0,702589.12,0.0,Fiscal
2025,2,Organismos Descentralizados,Ministerio De Justicia,Ministerio De Justicia,Agencia Gubernamental De Control,Dirección General De Habilitaciones Y Permisos,Gestion De Habilitaciones Y Permisos,Servicios De Seguridad,Seguridad Interior,Gastos En Personal,Remuneraciones Al Personal,2557634261.0,2557634261.0,1186612245.38,3508547992.59,1627787864.35,Fiscal
2025,2,Organismos Descentralizados,Ministerio De Justicia,Ministerio De Justicia,Agencia Gubernamental De Control,Dirección General De Habilitaciones Y Permisos,Gestion De Habilitaciones Y Permisos,Servicios De Seguridad,Seguridad Interior,Bienes De Consumo,Bienes De Consumo,10239116.0,5689116.0,117191.0,7804296.66,160761.94,Fiscal
2025,2,Organismos Descentralizados,Ministerio De Justicia,Ministerio De Justicia,Agencia Gubernamental De Control,Dirección General De Habilitaciones Y Permisos,Gestion De Habilitaciones Y Permisos,Servicios De Seguridad,Seguridad Interior,Servicios No Personales,Servicios No Personales,155777853.0,164747004.0,66928271.53,225998994.06,91811818.56,Fiscal
2025,2,Organismos Descentralizados,Ministerio De Justicia,Ministerio De Justicia,Agencia Gubernamental De Control,Dirección General De Habilitaciones Y Permisos,Gestion De Habilitaciones Y Permisos,Servicios De Seguridad,Seguridad Interior,Bienes De Uso,Maquinaria Y Equipo,512168.0,512168.0,0.0,702589.12,0.0,Fiscal
2025,2,Organismos Descentralizados,Ministerio De Justicia,Ministerio De Justicia,Agencia Gubernamental De Control,Dirección General Fiscalización Y Control De Obras,Fiscalizacion De Obras E Instalaciones Complementarias,Servicios De Seguridad,Seguridad Interior,Gastos En Personal,Remuneraciones Al Personal,3798366846.0,3813380916.0,1889941121.96,5231174043.07,2592610378.54,Fiscal
2025,2,Organismos Descentralizados,Ministerio De Justicia,Ministerio De Justicia,Agencia Gubernamental De Control,Dirección General Fiscalización Y Control De Obras,Fiscalizacion De Obras E Instalaciones Complementarias,Servicios De Seguridad,Seguridad Interior,Bienes De Consumo,Bienes De Consumo,20387206.0,14860625.0,1068721.0,20385720.04,1466065.33,Fiscal
2025,2,Organismos Descentralizados,Ministerio De Justicia,Ministerio De Justicia,Agencia Gubernamental De Control,Dirección General Fiscalización Y Control De Obras,Fiscalizacion De Obras E Instalaciones Complementarias,Servicios De Seguridad,Seguridad Interior,Bienes De Uso,Maquinaria Y Equipo,512168.0,512168.0,0.0,702589.12,0.0,Fiscal
2025,2,Organismos Descentralizados,Ministerio De Justicia,Ministerio De Justicia,Agencia Gubernamental De Control,Dirección General Fiscalización Y Control De Obras,Fiscalizacion De Obras E Instalaciones Complementarias,Servicios De Seguridad,Seguridad Interior,Servicios No Personales,Servicios No Personales,322835446.0,342085106.0,109355471.2,469270384.06,150013207.44,Fiscal
2025,2,Organismos Descentralizados,Ministerio De Justicia,Ministerio De Justicia,Registro Publico Comercio Y Contralor Personas Juridicas,Registro Público De Comercio Y Contralor De Personas Jurídicas,Registro Publico De Comercio Y Contralor De Personas Juridicas,Administración Gubernamental,Control De La Gestión,Gastos En Personal,Remuneraciones Al Personal,67294069.0,67294069.0,0.0,92313617.43,0.0,Fiscal
2025,2,Organismos Descentralizados,Ministerio De Justicia,Ministerio De Justicia,Inst Gest Electoral,Instituto De Gestión Electoral,Gestion Electoral,Administración Gubernamental,Dirección Ejecutiva,Gastos En Personal,Remuneraciones Al Personal,503874369.0,503874369.0,251101490.38,691211966.01,344459582.61,Fiscal
2025,2,Organismos Descentralizados,Ministerio De Justicia,Ministerio De Justicia,Inst Gest Electoral,Instituto De Gestión Electoral,Gestion Electoral,Administración Gubernamental,Dirección Ejecutiva,Servicios No Personales,Servicios No Personales,49469027102.0,34346210108.0,26288969214.06,47115933800.65,36063057009.27,Fiscal
2025,2,Organismos Descentralizados,Ministerio De Justicia,Ministerio De Justicia,Inst Gest Electoral,Instituto De Gestión Electoral,Gestion Electoral,Administración Gubernamental,Dirección Ejecutiva,Transferencias,Al Sector Privado,1028580000.0,2073540000.0,2047439625.28,2844470265.16,2808665920.99,Fiscal
2025,2,Organismos Descentralizados,Ministerio De Justicia,Ministerio De Justicia,Inst Gest Electoral,Instituto De Gestión Electoral,Gestion Electoral,Administración Gubernamental,Dirección Ejecutiva,Transferencias,Al Sector Público,9100711674.0,4460353120.0,3621239722.5,6118686797.43,4967595857.16,Fiscal
2025,2,Organismos Descentralizados,Ministerio De Justicia,Ministerio De Justicia,Inst Gest Electoral,Instituto De Gestión Electoral,Gestion Electoral,Administración Gubernamental,Dirección Ejecutiva,Bienes De Consumo,Bienes De Consumo,582423061.0,62345360.0,53630398.75,85525006.84,73569873.04,Fiscal
2025,2,Organismos Descentralizados,Ministerio De Justicia,Ministerio De Justicia,Inst Gest Electoral,Instituto De Gestión Electoral,Gestion Electoral,Administración Gubernamental,Dirección Ejecutiva,Bienes De Uso,Maquinaria Y Equipo,143494507.0,157432555.0,87807381.85,215965074.93,120453662.21,Fiscal
2025,2,Organismos Descentralizados,Ministerio De Justicia,Ministerio De Justicia,Inst Gest Electoral,Instituto De Gestión Electoral,Gestion Electoral,Administración Gubernamental,Dirección Ejecutiva,Servicios No Personales,Servicios No Personales,0.0,259735748.0,0.0,356304007.63,0.0,Fiscal
2025,2,Administracion Central,Ministerio De Seguridad,Ministerio De Seguridad,Ministerio De Seguridad,Dirección General Alcaidías,Alcaidias,Servicios De Seguridad,Seguridad Interior,Gastos En Personal,Remuneraciones Al Personal,0.0,38186888.0,38186883.59,52384553.68,52384547.63,Fiscal
2025,2,Administracion Central,Ministerio De Seguridad,Ministerio De Seguridad,Ministerio De Seguridad,Dirección General Alcaidías,Alcaidias,Servicios De Seguridad,Seguridad Interior,Bienes De Consumo,Bienes De Consumo,0.0,7000000.0,0.0,9602559.8,0.0,Fiscal
2025,2,Administracion Central,Ministerio De Seguridad,Ministerio De Seguridad,Ministerio De Seguridad,Dirección General Alcaidías,Alcaidias,Servicios De Seguridad,Seguridad Interior,Servicios No Personales,Servicios No Personales,0.0,3000000.0,0.0,4115382.77,0.0,Fiscal
2025,2,Administracion Central,Ministerio De Seguridad,Ministerio De Seguridad,Ministerio De Seguridad,Dirección General Alcaidías,Alcaidias,Servicios De Seguridad,Seguridad Interior,Bienes De Uso,Maquinaria Y Equipo,0.0,500000.0,0.0,685897.13,0.0,Fiscal
2025,2,Administracion Central,Ministerio De Seguridad,Ministerio De Seguridad,Ministerio De Seguridad,Subsecretaría De Capital Humano,Gestion De Capital Humano,Servicios De Seguridad,Seguridad Interior,Gastos En Personal,Remuneraciones Al Personal,803319361.0,899844775.0,468316021.77,1234401895.19,642433229.46,Fiscal
2025,2,Administracion Central,Ministerio De Seguridad,Ministerio De Seguridad,Ministerio De Seguridad,Subsecretaría De Capital Humano,Gestion De Capital Humano,Servicios De Seguridad,Seguridad Interior,Bienes De Consumo,Bienes De Consumo,15562554.0,15562554.0,6689604.1,21348622.21,9176760.49,Fiscal
2025,2,Administracion Central,Ministerio De Seguridad,Ministerio De Seguridad,Ministerio De Seguridad,Subsecretaría De Capital Humano,Gestion De Capital Humano,Servicios De Seguridad,Seguridad Interior,Servicios No Personales,Servicios No Personales,7232509.0,111432418.0,46165698.0,152862351.14,63329839.42,Fiscal
2025,2,Administracion Central,Ministerio De Seguridad,Ministerio De Seguridad,Ministerio De Seguridad,Subsecretaría De Capital Humano,Gestion De Capital Humano,Servicios De Seguridad,Seguridad Interior,Bienes De Uso,Maquinaria Y Equipo,5169495.0,5169495.0,0.0,7091483.56,0.0,Fiscal
2025,2,Administracion Central,Ministerio De Seguridad,Ministerio De Seguridad,Ministerio De Seguridad,Dirección General Eventos Públicos,Eventos Publicos,Servicios De Seguridad,Seguridad Interior,Gastos En Personal,Remuneraciones Al Personal,81726711.0,20104395.0,20104393.33,27579093.62,27579091.33,Fiscal
2025,2,Administracion Central,Ministerio De Seguridad,Ministerio De Seguridad,Ministerio De Seguridad,Dirección General Eventos Públicos,Eventos Publicos,Servicios De Seguridad,Seguridad Interior,Bienes De Consumo,Bienes De Consumo,0.0,310000.0,0.0,425256.22,0.0,Fiscal
2025,2,Administracion Central,Ministerio De Seguridad,Ministerio De Seguridad,Ministerio De Seguridad,Dirección General Seguridad Ciudadana Y Asistencia Al Turista,Prevencion Y Vinculacion Ciudadana En Seguridad,Servicios De Seguridad,Seguridad Interior,Gastos En Personal,Remuneraciones Al Personal,197262448.0,197262448.0,83795997.2,270603493.43,114950867.78,Fiscal
2025,2,Administracion Central,Ministerio De Seguridad,Ministerio De Seguridad,Ministerio De Seguridad,Dirección General Seguridad Ciudadana Y Asistencia Al Turista,Prevencion Y Vinculacion Ciudadana En Seguridad,Servicios De Seguridad,Seguridad Interior,Bienes De Consumo,Bienes De Consumo,12810580.0,7810580.0,619014.99,10714508.79,849161.21,Fiscal
2025,2,Administracion Central,Ministerio De Seguridad,Ministerio De Seguridad,Ministerio De Seguridad,Dirección General Seguridad Ciudadana Y Asistencia Al Turista,Prevencion Y Vinculacion Ciudadana En Seguridad,Servicios De Seguridad,Seguridad Interior,Servicios No Personales,Servicios No Personales,5135082.0,5135082.0,266400.0,7044276.0,365445.99,Fiscal
2025,2,Administracion Central,Ministerio De Seguridad,Ministerio De Seguridad,Ministerio De Seguridad,Dirección General Seguridad Ciudadana Y Asistencia Al Turista,Prevencion Y Vinculacion Ciudadana En Seguridad,Servicios De Seguridad,Seguridad Interior,Bienes De Uso,Maquinaria Y Equipo,5169495.0,4669495.0,0.0,6405586.43,0.0,Fiscal
2025,2,Administracion Central,Ministerio De Seguridad,Ministerio De Seguridad,Ministerio De Seguridad,Subsecretaría De Relaciones Con La Comunidad Y Atención A La Víctima,Actividades Comunes,Servicios De Seguridad,Seguridad Interior,Gastos En Personal,Remuneraciones Al Personal,518221519.0,528860461.0,221709081.59,725487743.54,304139245.01,Fiscal
2025,2,Administracion Central,Ministerio De Seguridad,Ministerio De Seguridad,Ministerio De Seguridad,Subsecretaría De Relaciones Con La Comunidad Y Atención A La Víctima,Actividades Comunes,Servicios De Seguridad,Seguridad Interior,Bienes De Consumo,Bienes De Consumo,4068284.0,4068284.0,2003133.48,5580848.63,2747887.01,Fiscal
2025,2,Administracion Central,Ministerio De Seguridad,Ministerio De Seguridad,Ministerio De Seguridad,Subsecretaría De Relaciones Con La Comunidad Y Atención A La Víctima,Actividades Comunes,Servicios De Seguridad,Seguridad Interior,Servicios No Personales,Servicios No Personales,519555410.0,475545014.0,227298472.0,652349919.49,311806738.68,Fiscal
2025,2,Administracion Central,Ministerio De Seguridad,Ministerio De Seguridad,Ministerio De Seguridad,Subsecretaría De Relaciones Con La Comunidad Y Atención A La Víctima,Actividades Comunes,Servicios De Seguridad,Seguridad Interior,Bienes De Uso,Maquinaria Y Equipo,5169495.0,5169495.0,0.0,7091483.56,0.0,Fiscal
2025,2,Administracion Central,Ministerio De Seguridad,Ministerio De Seguridad,Ministerio De Seguridad,Secretaría De Seguridad,Actividades Comunes,Servicios De Seguridad,Seguridad Interior,Gastos En Personal,Remuneraciones Al Personal,351683290.0,666762073.0,228361416.37,914660383.01,313264879.66,Fiscal
2025,2,Administracion Central,Ministerio De Seguridad,Ministerio De Seguridad,Ministerio De Seguridad,Secretaría De Seguridad,Actividades Comunes,Servicios De Seguridad,Seguridad Interior,Bienes De Consumo,Bienes De Consumo,7594140.0,33191668.0,3193650.38,45532139.57,4381031.25,Fiscal
2025,2,Administracion Central,Ministerio De Seguridad,Ministerio De Seguridad,Ministerio De Seguridad,Secretaría De Seguridad,Actividades Comunes,Servicios De Seguridad,Seguridad Interior,Servicios No Personales,Servicios No Personales,2772051.0,8806744.0,2916501.5,12081040.85,4000840.01,Fiscal
2025,2,Administracion Central,Ministerio De Seguridad,Ministerio De Seguridad,Ministerio De Seguridad,Secretaría De Seguridad,Actividades Comunes,Servicios De Seguridad,Seguridad Interior,Bienes De Uso,Maquinaria Y Equipo,5169495.0,10338990.0,0.0,14182967.11,0.0,Fiscal
2025,2,Administracion Central,Ministerio De Seguridad,Ministerio De Seguridad,Ministerio De Seguridad,Subsecretaría De Tecnología E Informatica,Tecnologia E Informatica,Servicios De Seguridad,Seguridad Interior,Gastos En Personal,Remuneraciones Al Personal,569290925.0,571820479.0,274772624.84,784420049.54,376931508.93,Fiscal
2025,2,Administracion Central,Ministerio De Seguridad,Ministerio De Seguridad,Ministerio De Seguridad,Subsecretaría De Tecnología E Informatica,Tecnologia E Informatica,Servicios De Seguridad,Seguridad Interior,Bienes De Consumo,Bienes De Consumo,16440397.0,16440397.0,819802.09,22552842.2,1124599.8,Fiscal
2025,2,Administracion Central,Ministerio De Seguridad,Ministerio De Seguridad,Ministerio De Seguridad,Subsecretaría De Tecnología E Informatica,Tecnologia E Informatica,Servicios De Seguridad,Seguridad Interior,Servicios No Personales,Servicios No Personales,7232509.0,380432509.0,169848719.0,521875131.3,232997497.41,Fiscal
2025,2,Administracion Central,Ministerio De Seguridad,Ministerio De Seguridad,Ministerio De Seguridad,Subsecretaría De Tecnología E Informatica,Tecnologia E Informatica,Servicios De Seguridad,Seguridad Interior,Bienes De Uso,Maquinaria Y Equipo,5169495.0,5169495.0,20200.0,7091483.56,27710.24,Fiscal
2025,2,Administracion Central,Ministerio De Seguridad,Ministerio De Seguridad,Ministerio De Seguridad,Subsecretaría De Seguridad En Eventos Masivos Y Deportivos,Actividades Comunes,Servicios De Seguridad,Seguridad Interior,Gastos En Personal,Remuneraciones Al Personal,0.0,47777971.0,47777968.12,65541546.26,65541542.31,Fiscal
2025,2,Administracion Central,Ministerio De Seguridad,Ministerio De Seguridad,Ministerio De Seguridad,Subsecretaría De Seguridad En Eventos Masivos Y Deportivos,Actividades Comunes,Servicios De Seguridad,Seguridad Interior,Bienes De Consumo,Bienes De Consumo,0.0,7000000.0,264676.91,9602559.8,363082.27,Fiscal
2025,2,Administracion Central,Ministerio De Seguridad,Ministerio De Seguridad,Ministerio De Seguridad,Subsecretaría De Seguridad En Eventos Masivos Y Deportivos,Actividades Comunes,Servicios De Seguridad,Seguridad Interior,Servicios No Personales,Servicios No Personales,0.0,4000000.0,0.0,5487177.03,0.0,Fiscal
2025,2,Administracion Central,Ministerio De Seguridad,Ministerio De Seguridad,Ministerio De Seguridad,Subsecretaría De Seguridad En Eventos Masivos Y Deportivos,Actividades Comunes,Servicios De Seguridad,Seguridad Interior,Bienes De Uso,Maquinaria Y Equipo,0.0,500000.0,0.0,685897.13,0.0,Fiscal
2025,2,Administracion Central,Ministerio De Seguridad,Ministerio De Seguridad,Ministerio De Seguridad,Subsecretaría De Seguridad En Eventos Masivos Y Deportivos,Comite De Seguridad En El Futbol De La Caba,Servicios De Seguridad,Seguridad Interior,Gastos En Personal,Remuneraciones Al Personal,0.0,464923974.0,168004241.87,637780037.81,230467254.27,Fiscal
2025,2,Administracion Central,Ministerio De Seguridad,Ministerio De Seguridad,Ministerio De Seguridad,Subsecretaría De Seguridad En Eventos Masivos Y Deportivos,Comite De Seguridad En El Futbol De La Caba,Servicios De Seguridad,Seguridad Interior,Bienes De Consumo,Bienes De Consumo,0.0,8184040.0,160765.1,11226819.08,220536.64,Fiscal
2025,2,Administracion Central,Ministerio De Seguridad,Ministerio De Seguridad,Ministerio De Seguridad,Subsecretaría De Seguridad En Eventos Masivos Y Deportivos,Comite De Seguridad En El Futbol De La Caba,Servicios De Seguridad,Seguridad Interior,Servicios No Personales,Servicios No Personales,0.0,2730066.0,0.0,3745088.86,0.0,Fiscal
2025,2,Administracion Central,Ministerio De Seguridad,Ministerio De Seguridad,Ministerio De Seguridad,Dirección General Seguridad En Eventos Públicos,Seguridad En Eventos Publicos,Servicios De Seguridad,Seguridad Interior,Gastos En Personal,Remuneraciones Al Personal,0.0,71900303.0,50563069.75,98632422.78,69362128.74,Fiscal
2025,2,Administracion Central,Ministerio De Seguridad,Ministerio De Seguridad,Ministerio De Seguridad,Dirección General Seguridad En Eventos Públicos,Seguridad En Eventos Publicos,Servicios De Seguridad,Seguridad Interior,Bienes De Consumo,Bienes De Consumo,0.0,6690000.0,0.0,9177303.58,0.0,Fiscal
2025,2,Administracion Central,Ministerio De Seguridad,Ministerio De Seguridad,Ministerio De Seguridad,Dirección General Seguridad En Eventos Públicos,Seguridad En Eventos Publicos,Servicios De Seguridad,Seguridad Interior,Servicios No Personales,Servicios No Personales,0.0,4000000.0,0.0,5487177.03,0.0,Fiscal
2025,2,Administracion Central,Ministerio De Seguridad,Ministerio De Seguridad,Ministerio De Seguridad,Dirección General Seguridad En Eventos Públicos,Seguridad En Eventos Publicos,Servicios De Seguridad,Seguridad Interior,Bienes De Uso,Maquinaria Y Equipo,0.0,500000.0,0.0,685897.13,0.0,Fiscal
2025,2,Administracion Central,Ministerio De Seguridad,Ministerio De Seguridad,Ministerio De Seguridad,Dirección General Investigación Criminal,Investigacion Criminal,Servicios De Seguridad,Seguridad Interior,Gastos En Personal,Remuneraciones Al Personal,0.0,147186355.0,42111394.85,201909396.6,57768169.64,Fiscal
2025,2,Administracion Central,Ministerio De Seguridad,Ministerio De Seguridad,Ministerio De Seguridad,Dirección General Investigación Criminal,Investigacion Criminal,Servicios De Seguridad,Seguridad Interior,Bienes De Consumo,Bienes De Consumo,0.0,5448764.0,736025.97,7474583.17,1009676.2,Fiscal
2025,2,Administracion Central,Ministerio De Seguridad,Ministerio De Seguridad,Ministerio De Seguridad,Dirección General Investigación Criminal,Investigacion Criminal,Servicios De Seguridad,Seguridad Interior,Servicios No Personales,Servicios No Personales,0.0,3616254.0,0.0,4960756.47,0.0,Fiscal
2025,2,Administracion Central,Ministerio De Seguridad,Ministerio De Seguridad,Ministerio De Seguridad,Dirección General Investigación Criminal,Investigacion Criminal,Servicios De Seguridad,Seguridad Interior,Bienes De Uso,Maquinaria Y Equipo,0.0,5169495.0,0.0,7091483.56,0.0,Fiscal
2025,2,Administracion Central,Ministerio De Seguridad,Ministerio De Seguridad,Ministerio De Seguridad,Subsecretaría De Seguridad Comunal Y Orden Público,Actividades Comunes,Servicios De Seguridad,Seguridad Interior,Gastos En Personal,Remuneraciones Al Personal,0.0,250162096.0,78951309.65,343170926.79,108304953.22,Fiscal
2025,2,Administracion Central,Ministerio De Seguridad,Ministerio De Seguridad,Ministerio De Seguridad,Subsecretaría De Seguridad Comunal Y Orden Público,Actividades Comunes,Servicios De Seguridad,Seguridad Interior,Bienes De Consumo,Bienes De Consumo,0.0,32863357.0,0.0,45081764.42,0.0,Fiscal
2025,2,Administracion Central,Ministerio De Seguridad,Ministerio De Seguridad,Ministerio De Seguridad,Subsecretaría De Seguridad Comunal Y Orden Público,Actividades Comunes,Servicios De Seguridad,Seguridad Interior,Servicios No Personales,Servicios No Personales,0.0,13754402.0,0.0,18868209.68,0.0,Fiscal
2025,2,Administracion Central,Ministerio De Seguridad,Ministerio De Seguridad,Ministerio De Seguridad,Subsecretaría De Seguridad Comunal Y Orden Público,Actividades Comunes,Servicios De Seguridad,Seguridad Interior,Bienes De Uso,Maquinaria Y Equipo,0.0,5169495.0,0.0,7091483.56,0.0,Fiscal
2025,2,Administracion Central,Ministerio De Seguridad,Ministerio De Seguridad,Ministerio De Seguridad,Dirección General Procom,"Programa De Descontaminacion, Compactacion Y Disposicion Final De Automotores",Servicios De Seguridad,Seguridad Interior,Gastos En Personal,Remuneraciones Al Personal,0.0,17896171.0,17896168.27,24549864.61,24549860.87,Fiscal
2025,2,Administracion Central,Ministerio De Seguridad,Ministerio De Seguridad,Ministerio De Seguridad,Dirección General Procom,"Programa De Descontaminacion, Compactacion Y Disposicion Final De Automotores",Servicios De Seguridad,Seguridad Interior,Bienes De Consumo,Bienes De Consumo,0.0,7000000.0,0.0,9602559.8,0.0,Fiscal
2025,2,Administracion Central,Ministerio De Seguridad,Ministerio De Seguridad,Ministerio De Seguridad,Dirección General Procom,"Programa De Descontaminacion, Compactacion Y Disposicion Final De Automotores",Servicios De Seguridad,Seguridad Interior,Servicios No Personales,Servicios No Personales,0.0,4000000.0,0.0,5487177.03,0.0,Fiscal
2025,2,Administracion Central,Ministerio De Seguridad,Ministerio De Seguridad,Ministerio De Seguridad,Dirección General Procom,"Programa De Descontaminacion, Compactacion Y Disposicion Final De Automotores",Servicios De Seguridad,Seguridad Interior,Bienes De Uso,Maquinaria Y Equipo,0.0,500000.0,0.0,685897.13,0.0,Fiscal
2025,2,Administracion Central,Ministerio De Seguridad,Ministerio De Seguridad,Ministerio De Seguridad,Ministerio De Seguridad,Actividades Centrales,Servicios De Seguridad,Seguridad Interior,Gastos En Personal,Remuneraciones Al Personal,4252852212.0,4562324919.0,3159998198.84,6258571125.74,4334867383.58,Fiscal
2025,2,Administracion Central,Ministerio De Seguridad,Ministerio De Seguridad,Ministerio De Seguridad,Ministerio De Seguridad,Actividades Centrales,Servicios De Seguridad,Seguridad Interior,Bienes De Consumo,Bienes De Consumo,140581891.0,139581891.0,45188057.09,191477636.56,61988717.23,Fiscal
2025,2,Administracion Central,Ministerio De Seguridad,Ministerio De Seguridad,Ministerio De Seguridad,Ministerio De Seguridad,Actividades Centrales,Servicios De Seguridad,Seguridad Interior,Servicios No Personales,Servicios No Personales,11709754573.0,18386961959.0,12405278341.03,25223128832.3,17017489593.66,Fiscal
2025,2,Administracion Central,Ministerio De Seguridad,Ministerio De Seguridad,Ministerio De Seguridad,Ministerio De Seguridad,Actividades Centrales,Servicios De Seguridad,Seguridad Interior,Bienes De Uso,Maquinaria Y Equipo,5169495.0,5169495.0,284727.83,7091483.56,390588.0,Fiscal
2025,2,Administracion Central,Ministerio De Seguridad,Ministerio De Seguridad,Ministerio De Seguridad,Ministerio De Seguridad,Actividades Centrales,Administración Gubernamental,Control De La Gestión,Gastos En Personal,Remuneraciones Al Personal,269142101.0,271242101.0,113263874.34,372088356.6,155374732.43,Fiscal
2025,2,Administracion Central,Ministerio De Seguridad,Ministerio De Seguridad,Ministerio De Seguridad,Ministerio De Seguridad,Actividades Centrales,Administración Gubernamental,Control De La Gestión,Bienes De Consumo,Bienes De Consumo,0.0,2700000.0,542328.7,3703844.5,743963.4,Fiscal
2025,2,Administracion Central,Ministerio De Seguridad,Ministerio De Seguridad,Ministerio De Seguridad,Ministerio De Seguridad,Actividades Centrales,Administración Gubernamental,Control De La Gestión,Servicios No Personales,Servicios No Personales,0.0,43300000.0,19758814.0,59398691.36,27105027.58,Fiscal
2025,2,Administracion Central,Ministerio De Seguridad,Ministerio De Seguridad,Ministerio De Seguridad,Ministerio De Seguridad,Actividades Centrales,Administración Gubernamental,Control De La Gestión,Bienes De Uso,Maquinaria Y Equipo,0.0,2500000.0,0.0,3429485.64,0.0,Fiscal
2025,2,Administracion Central,Ministerio De Seguridad,Ministerio De Seguridad,Ministerio De Seguridad,Ministerio De Seguridad,Actividades Centrales,Servicios De Seguridad,Seguridad Interior,Servicios No Personales,Servicios No Personales,0.0,2898502264.0,2771087493.22,3976148761.75,3801361910.84,Fiscal
2025,2,Administracion Central,Ministerio De Seguridad,Ministerio De Seguridad,Ministerio De Seguridad,Ministerio De Seguridad,Comunicaciones Institucionales,Servicios De Seguridad,Seguridad Interior,Gastos En Personal,Remuneraciones Al Personal,262841672.0,273411517.0,130856572.52,375064349.02,179508294.77,Fiscal
2025,2,Administracion Central,Ministerio De Seguridad,Ministerio De Seguridad,Ministerio De Seguridad,Ministerio De Seguridad,Comunicaciones Institucionales,Servicios De Seguridad,Seguridad Interior,Bienes De Consumo,Bienes De Consumo,5261653.0,3661653.0,578317.5,5023034.56,793332.63,Fiscal
2025,2,Administracion Central,Ministerio De Seguridad,Ministerio De Seguridad,Ministerio De Seguridad,Ministerio De Seguridad,Comunicaciones Institucionales,Servicios De Seguridad,Seguridad Interior,Servicios No Personales,Servicios No Personales,200498565.0,202998565.0,71061132.0,278472265.79,97481252.82,Fiscal
2025,2,Administracion Central,Ministerio De Seguridad,Ministerio De Seguridad,Ministerio De Seguridad,Ministerio De Seguridad,Comunicaciones Institucionales,Servicios De Seguridad,Seguridad Interior,Bienes De Uso,Maquinaria Y Equipo,5169495.0,5169495.0,610500.0,7091483.56,837480.39,Fiscal
2025,2,Administracion Central,Ministerio De Seguridad,Ministerio De Seguridad,Ministerio De Seguridad,Subsecretaría De Gestión Administrativa,Policia De La Ciudad,Servicios De Seguridad,Seguridad Interior,Gastos En Personal,Remuneraciones Al Personal,1177462700490.0,1177393861748.0,534250308199.18,1615142138622.6,732881504973.64,Fiscal
2025,2,Administracion Central,Ministerio De Seguridad,Ministerio De Seguridad,Ministerio De Seguridad,Subsecretaría De Gestión Administrativa,Policia De La Ciudad,Servicios De Seguridad,Seguridad Interior,Bienes De Consumo,Bienes De Consumo,18703501510.0,24582331510.0,6049038577.48,33721901206.83,8298036385.32,Fiscal
2025,2,Administracion Central,Ministerio De Seguridad,Ministerio De Seguridad,Ministerio De Seguridad,Subsecretaría De Gestión Administrativa,Policia De La Ciudad,Servicios De Seguridad,Seguridad Interior,Servicios No Personales,Servicios No Personales,135922011422.0,124621596555.0,44788690285.47,170955190542.25,61440868144.48,Fiscal
2025,2,Administracion Central,Ministerio De Seguridad,Ministerio De Seguridad,Ministerio De Seguridad,Subsecretaría De Gestión Administrativa,Policia De La Ciudad,Servicios De Seguridad,Seguridad Interior,Bienes De Uso,Maquinaria Y Equipo,51694943.0,48694943.0,2284544.2,66799443.19,3133924.62,Fiscal
2025,2,Administracion Central,Ministerio De Seguridad,Ministerio De Seguridad,Ministerio De Seguridad,Subsecretaría De Gestión Administrativa,Policia De La Ciudad,Servicios De Seguridad,Seguridad Interior,Transferencias,Al Sector Privado,17012047609.0,17012047609.0,7159318033.66,23337029222.11,9821111367.78,Fiscal
2025,2,Administracion Central,Ministerio De Seguridad,Ministerio De Seguridad,Ministerio De Seguridad,Subsecretaría De Gestión Administrativa,Policia De La Ciudad,Servicios De Seguridad,Seguridad Interior,Bienes De Uso,Construcciones Del Dominio Privado,41695948360.0,20146574509.0,2150236166.39,27636955224.21,2949681625.8,Fiscal
2025,2,Administracion Central,Ministerio De Seguridad,Ministerio De Seguridad,Ministerio De Seguridad,Subsecretaría De Gestión Administrativa,Policia De La Ciudad,Servicios De Seguridad,Seguridad Interior,Bienes De Consumo,Bienes De Consumo,21793465901.0,24893465901.0,1370579624.19,34148713577.78,1880153258.21,Fiscal
2025,2,Administracion Central,Ministerio De Seguridad,Ministerio De Seguridad,Ministerio De Seguridad,Subsecretaría De Gestión Administrativa,Policia De La Ciudad,Servicios De Seguridad,Seguridad Interior,Bienes De Uso,Bienes De Uso,128188953340.0,119562109340.0,18174607736.38,164014615033.7,24931822529.11,Fiscal
2025,2,Administracion Central,Ministerio De Seguridad,Ministerio De Seguridad,Ministerio De Seguridad,Subsecretaría De Gestión Administrativa,Policia De La Ciudad,Servicios De Seguridad,Seguridad Interior,Servicios No Personales,Servicios No Personales,131604234794.0,146149152638.0,39528399148.34,200486568359.69,54224830968.62,Fiscal
2025,2,Administracion Central,Ministerio De Seguridad,Ministerio De Seguridad,Ministerio De Seguridad,Subsecretaría De Gestión Administrativa,Gestion Administrativa,Servicios De Seguridad,Seguridad Interior,Gastos En Personal,Remuneraciones Al Personal,1138617317.0,1236931132.0,632903173.07,1696815024.07,868212938.51,Fiscal
2025,2,Administracion Central,Ministerio De Seguridad,Ministerio De Seguridad,Ministerio De Seguridad,Subsecretaría De Gestión Administrativa,Gestion Administrativa,Servicios De Seguridad,Seguridad Interior,Bienes De Consumo,Bienes De Consumo,115738220.0,56223465.0,4131719.59,77127026.44,5667869.21,Fiscal
2025,2,Administracion Central,Ministerio De Seguridad,Ministerio De Seguridad,Ministerio De Seguridad,Subsecretaría De Gestión Administrativa,Gestion Administrativa,Servicios De Seguridad,Seguridad Interior,Servicios No Personales,Servicios No Personales,3627123463.0,2325099784.0,1037187282.41,3189558532.32,1422807558.19,Fiscal
2025,2,Administracion Central,Ministerio De Seguridad,Ministerio De Seguridad,Ministerio De Seguridad,Subsecretaría De Gestión Administrativa,Gestion Administrativa,Servicios De Seguridad,Seguridad Interior,Bienes De Uso,Maquinaria Y Equipo,10338989.0,9338989.0,0.0,12811171.48,0.0,Fiscal
2025,2,Administracion Central,Ministerio De Seguridad,Ministerio De Seguridad,Ministerio De Seguridad,Subsecretaría De Emergencias,Actividades Comunes,Servicios De Seguridad,Seguridad Interior,Gastos En Personal,Remuneraciones Al Personal,1816791589.0,1834967589.0,838133600.55,2517198001.7,1149746860.44,Fiscal
2025,2,Administracion Central,Ministerio De Seguridad,Ministerio De Seguridad,Ministerio De Seguridad,Subsecretaría De Emergencias,Actividades Comunes,Servicios De Seguridad,Seguridad Interior,Bienes De Consumo,Bienes De Consumo,32731621.0,32731621.0,2730913.57,44901049.73,3746251.55,Fiscal
2025,2,Administracion Central,Ministerio De Seguridad,Ministerio De Seguridad,Ministerio De Seguridad,Subsecretaría De Emergencias,Actividades Comunes,Servicios De Seguridad,Seguridad Interior,Servicios No Personales,Servicios No Personales,841104644.0,586389007.0,241781355.95,804405072.59,331674275.72,Fiscal
2025,2,Administracion Central,Ministerio De Seguridad,Ministerio De Seguridad,Ministerio De Seguridad,Subsecretaría De Emergencias,Actividades Comunes,Servicios De Seguridad,Seguridad Interior,Bienes De Uso,Maquinaria Y Equipo,51694943.0,51694943.0,14055612.35,70914825.96,19281408.31,Fiscal
2025,2,Administracion Central,Ministerio De Seguridad,Ministerio De Seguridad,Ministerio De Seguridad,Subsecretaría De Emergencias,Actividades Comunes,Servicios De Seguridad,Seguridad Interior,Servicios No Personales,Servicios No Personales,76292975.0,76292975.0,5152500.0,104658265.01,7068169.91,Fiscal
2025,2,Administracion Central,Ministerio De Seguridad,Ministerio De Seguridad,Ministerio De Seguridad,Dirección General Guardia De Auxilio Y Emergencias,Intervenciones En Emergencias En Via Publica,Servicios De Seguridad,Seguridad Interior,Gastos En Personal,Remuneraciones Al Personal,3509530818.0,3636630818.0,1484029424.73,4988709273.59,2035783043.13,Fiscal
2025,2,Administracion Central,Ministerio De Seguridad,Ministerio De Seguridad,Ministerio De Seguridad,Dirección General Guardia De Auxilio Y Emergencias,Intervenciones En Emergencias En Via Publica,Servicios De Seguridad,Seguridad Interior,Bienes De Consumo,Bienes De Consumo,44190624.0,59290624.0,938845.31,81334537.54,1287902.61,Fiscal
2025,2,Administracion Central,Ministerio De Seguridad,Ministerio De Seguridad,Ministerio De Seguridad,Dirección General Guardia De Auxilio Y Emergencias,Intervenciones En Emergencias En Via Publica,Servicios De Seguridad,Seguridad Interior,Servicios No Personales,Servicios No Personales,102946900.0,299949596.0,144325075.16,411469133.4,197984309.35,Fiscal
2025,2,Administracion Central,Ministerio De Seguridad,Ministerio De Seguridad,Ministerio De Seguridad,Dirección General Guardia De Auxilio Y Emergencias,Intervenciones En Emergencias En Via Publica,Servicios De Seguridad,Seguridad Interior,Bienes De Uso,Maquinaria Y Equipo,51694943.0,51694943.0,69430.0,70914825.96,95243.68,Fiscal
2025,2,Administracion Central,Ministerio De Seguridad,Ministerio De Seguridad,Ministerio De Seguridad,Dirección General Defensa Civil,Planificacion Y Control Defensa Civil,Servicios De Seguridad,Seguridad Interior,Gastos En Personal,Remuneraciones Al Personal,2867041607.0,2920291607.0,1299270305.05,4006039257.36,1782331543.7,Fiscal
2025,2,Administracion Central,Ministerio De Seguridad,Ministerio De Seguridad,Ministerio De Seguridad,Dirección General Defensa Civil,Planificacion Y Control Defensa Civil,Servicios De Seguridad,Seguridad Interior,Bienes De Consumo,Bienes De Consumo,42717006.0,36705006.0,18635978.54,50351716.46,25564728.35,Fiscal
2025,2,Administracion Central,Ministerio De Seguridad,Ministerio De Seguridad,Ministerio De Seguridad,Dirección General Defensa Civil,Planificacion Y Control Defensa Civil,Servicios De Seguridad,Seguridad Interior,Servicios No Personales,Servicios No Personales,240152157.0,245841560.0,116717680.89,337244040.32,160112644.42,Fiscal
2025,2,Administracion Central,Ministerio De Seguridad,Ministerio De Seguridad,Ministerio De Seguridad,Dirección General Defensa Civil,Planificacion Y Control Defensa Civil,Servicios De Seguridad,Seguridad Interior,Bienes De Uso,Maquinaria Y Equipo,51694943.0,67194943.0,33626988.37,92177636.96,46129309.55,Fiscal
2025,2,Administracion Central,Ministerio De Seguridad,Ministerio De Seguridad,Ministerio De Seguridad,Dirección General Defensa Civil,Planificacion Y Control Defensa Civil,Servicios De Seguridad,Seguridad Interior,Transferencias,Al Sector Privado,503990584.0,503990584.0,176143006.72,691371389.08,241631965.16,Fiscal
2025,2,Administracion Central,Ministerio De Seguridad,Ministerio De Seguridad,Ministerio De Seguridad,Dirección General Planeamiento De Emergencia Y Coordinación De Bomberos,Planeamiento De Emergencia Y Coordinacion De Bomberos,Servicios De Seguridad,Seguridad Interior,Gastos En Personal,Remuneraciones Al Personal,169555124.0,169555124.0,75805628.8,232594745.47,103989726.29,Fiscal
2025,2,Administracion Central,Ministerio De Seguridad,Ministerio De Seguridad,Ministerio De Seguridad,Dirección General Planeamiento De Emergencia Y Coordinación De Bomberos,Planeamiento De Emergencia Y Coordinacion De Bomberos,Servicios De Seguridad,Seguridad Interior,Servicios No Personales,Servicios No Personales,23477553.0,58477553.0,27344350.0,80219171.41,37510822.31,Fiscal
2025,2,Administracion Central,Ministerio De Seguridad,Ministerio De Seguridad,Ministerio De Seguridad,Dirección General Planeamiento De Emergencia Y Coordinación De Bomberos,Planeamiento De Emergencia Y Coordinacion De Bomberos,Servicios De Seguridad,Seguridad Interior,Bienes De Consumo,Bienes De Consumo,6364603.0,6364603.0,730525.0,8730925.85,1002130.0,Fiscal
2025,2,Administracion Central,Ministerio De Seguridad,Ministerio De Seguridad,Ministerio De Seguridad,Dirección General Planeamiento De Emergencia Y Coordinación De Bomberos,Planeamiento De Emergencia Y Coordinacion De Bomberos,Servicios De Seguridad,Seguridad Interior,Bienes De Uso,Maquinaria Y Equipo,51694943.0,51694943.0,8808364.5,70914825.96,12083263.84,Fiscal
2025,2,Administracion Central,Ministerio De Seguridad,Ministerio De Seguridad,Ministerio De Seguridad,Dirección General Logística,Apoyo Logistico En Emergencias,Servicios De Seguridad,Seguridad Interior,Gastos En Personal,Remuneraciones Al Personal,1791140720.0,1826740720.0,810579157.21,2505912430.04,1111947833.29,Fiscal
2025,2,Administracion Central,Ministerio De Seguridad,Ministerio De Seguridad,Ministerio De Seguridad,Dirección General Logística,Apoyo Logistico En Emergencias,Servicios De Seguridad,Seguridad Interior,Bienes De Consumo,Bienes De Consumo,36690519.0,36690519.0,1803153.45,50331843.28,2473555.55,Fiscal
2025,2,Administracion Central,Ministerio De Seguridad,Ministerio De Seguridad,Ministerio De Seguridad,Dirección General Logística,Apoyo Logistico En Emergencias,Servicios De Seguridad,Seguridad Interior,Servicios No Personales,Servicios No Personales,61317000.0,142060719.0,63461457.87,194878078.57,87056063.49,Fiscal
2025,2,Administracion Central,Ministerio De Seguridad,Ministerio De Seguridad,Ministerio De Seguridad,Dirección General Logística,Apoyo Logistico En Emergencias,Servicios De Seguridad,Seguridad Interior,Bienes De Uso,Maquinaria Y Equipo,51694943.0,51694943.0,0.0,70914825.96,0.0,Fiscal
2025,2,Administracion Central,Ministerio De Seguridad,Ministerio De Seguridad,Ministerio De Seguridad,Dirección General Políticas De Género En Seguridad,Violencia De Genero,Servicios De Seguridad,Seguridad Interior,Gastos En Personal,Remuneraciones Al Personal,181840534.0,194242079.0,97907280.23,266460168.58,134308644.81,Fiscal
2025,2,Administracion Central,Ministerio De Seguridad,Ministerio De Seguridad,Ministerio De Seguridad,Dirección General Políticas De Género En Seguridad,Violencia De Genero,Servicios De Seguridad,Seguridad Interior,Bienes De Consumo,Bienes De Consumo,4041166.0,4041166.0,1189986.56,5543648.31,1632416.73,Fiscal
2025,2,Administracion Central,Ministerio De Seguridad,Ministerio De Seguridad,Ministerio De Seguridad,Dirección General Políticas De Género En Seguridad,Violencia De Genero,Servicios De Seguridad,Seguridad Interior,Servicios No Personales,Servicios No Personales,1905767.0,34310023.0,14693754.0,47066292.53,20156807.36,Fiscal
2025,2,Administracion Central,Ministerio De Seguridad,Ministerio De Seguridad,Ministerio De Seguridad,Dirección General Políticas De Género En Seguridad,Violencia De Genero,Servicios De Seguridad,Seguridad Interior,Bienes De Uso,Maquinaria Y Equipo,5169495.0,5169495.0,0.0,7091483.56,0.0,Fiscal
2025,2,Administracion Central,Ministerio De Seguridad,Ministerio De Seguridad,Ministerio De Seguridad,Unidad Enlace Consejo De Seguridad Y Prevención Del Delito,Unidad Enlace Consejo De Seguridad Y Prevencion Del Delito,Servicios De Seguridad,Seguridad Interior,Gastos En Personal,Remuneraciones Al Personal,315078783.0,47377532.0,47377521.33,64992226.34,64992211.71,Fiscal
2025,2,Administracion Central,Ministerio De Seguridad,Ministerio De Seguridad,Ministerio De Seguridad,Unidad Enlace Consejo De Seguridad Y Prevención Del Delito,Unidad Enlace Consejo De Seguridad Y Prevencion Del Delito,Servicios De Seguridad,Seguridad Interior,Bienes De Consumo,Bienes De Consumo,21697528.0,0.0,0.0,0.0,0.0,Fiscal
2025,2,Administracion Central,Ministerio De Seguridad,Ministerio De Seguridad,Ministerio De Seguridad,Unidad Enlace Consejo De Seguridad Y Prevención Del Delito,Unidad Enlace Consejo De Seguridad Y Prevencion Del Delito,Servicios De Seguridad,Seguridad Interior,Servicios No Personales,Servicios No Personales,120942077.0,117633204.0,0.0,161368553.76,0.0,Fiscal
2025,2,Administracion Central,Ministerio De Seguridad,Ministerio De Seguridad,Ministerio De Seguridad,Unidad Enlace Consejo De Seguridad Y Prevención Del Delito,Unidad Enlace Consejo De Seguridad Y Prevencion Del Delito,Servicios De Seguridad,Seguridad Interior,Bienes De Uso,Maquinaria Y Equipo,5169495.0,0.0,0.0,0.0,0.0,Fiscal
2025,2,Administracion Central,Ministerio De Seguridad,Ministerio De Seguridad,Ministerio De Seguridad,Dg. Coordinación Operativa Del Cuerpo De Agentes De Prevención,Coordinacion Operativa Del Cuerpo De Agentes De Prevencion,Servicios De Seguridad,Seguridad Interior,Gastos En Personal,Remuneraciones Al Personal,2115339748.0,2122639748.0,824811283.94,2911825017.52,1131471383.01,Fiscal
2025,2,Administracion Central,Ministerio De Seguridad,Ministerio De Seguridad,Ministerio De Seguridad,Dg. Coordinación Operativa Del Cuerpo De Agentes De Prevención,Coordinacion Operativa Del Cuerpo De Agentes De Prevencion,Servicios De Seguridad,Seguridad Interior,Bienes De Consumo,Bienes De Consumo,33576923.0,26086747.0,1072604.57,35785649.74,1471392.79,Fiscal
2025,2,Administracion Central,Ministerio De Seguridad,Ministerio De Seguridad,Ministerio De Seguridad,Dg. Coordinación Operativa Del Cuerpo De Agentes De Prevención,Coordinacion Operativa Del Cuerpo De Agentes De Prevencion,Servicios De Seguridad,Seguridad Interior,Servicios No Personales,Servicios No Personales,13605387186.0,11557669871.0,4964276369.94,15854745161.68,6809965818.03,Fiscal
2025,2,Administracion Central,Ministerio De Seguridad,Ministerio De Seguridad,Ministerio De Seguridad,Dg. Coordinación Operativa Del Cuerpo De Agentes De Prevención,Coordinacion Operativa Del Cuerpo De Agentes De Prevencion,Servicios De Seguridad,Seguridad Interior,Bienes De Uso,Maquinaria Y Equipo,5169495.0,5169495.0,0.0,7091483.56,0.0,Fiscal
2025,2,Administracion Central,Ministerio De Seguridad,Ministerio De Seguridad,Ministerio De Seguridad,Subsecretaría De Seguridad Ciudadana Y Orden Público,Actividades Comunes,Servicios De Seguridad,Seguridad Interior,Gastos En Personal,Remuneraciones Al Personal,939668618.0,192604577.0,192604565.62,264213852.74,264213837.13,Fiscal
2025,2,Administracion Central,Ministerio De Seguridad,Ministerio De Seguridad,Ministerio De Seguridad,Subsecretaría De Seguridad Ciudadana Y Orden Público,Actividades Comunes,Servicios De Seguridad,Seguridad Interior,Bienes De Consumo,Bienes De Consumo,41586923.0,925960.0,305959.48,1270226.61,419713.46,Fiscal
2025,2,Administracion Central,Ministerio De Seguridad,Ministerio De Seguridad,Ministerio De Seguridad,Subsecretaría De Seguridad Ciudadana Y Orden Público,Actividades Comunes,Servicios De Seguridad,Seguridad Interior,Servicios No Personales,Servicios No Personales,7625909377.0,7837811556.0,2850707784.9,10751864885.63,3910584569.77,Fiscal
2025,2,Administracion Central,Ministerio De Seguridad,Ministerio De Seguridad,Ministerio De Seguridad,Subsecretaría De Seguridad Ciudadana Y Orden Público,Actividades Comunes,Servicios De Seguridad,Seguridad Interior,Bienes De Uso,Maquinaria Y Equipo,5169495.0,0.0,0.0,0.0,0.0,Fiscal
2025,2,Administracion Central,Ministerio De Seguridad,Ministerio De Seguridad,Ministerio De Seguridad,Dirección General Coordinación Operativa,Coordinacion Operativa,Servicios De Seguridad,Seguridad Interior,Gastos En Personal,Remuneraciones Al Personal,219937563.0,219937563.0,105038651.44,301709085.98,144091418.88,Fiscal
2025,2,Administracion Central,Ministerio De Seguridad,Ministerio De Seguridad,Ministerio De Seguridad,Dirección General Coordinación Operativa,Coordinacion Operativa,Servicios De Seguridad,Seguridad Interior,Bienes De Consumo,Bienes De Consumo,41586923.0,41586923.0,2135747.5,57048702.17,2929806.16,Fiscal
2025,2,Administracion Central,Ministerio De Seguridad,Ministerio De Seguridad,Ministerio De Seguridad,Dirección General Coordinación Operativa,Coordinacion Operativa,Servicios De Seguridad,Seguridad Interior,Servicios No Personales,Servicios No Personales,8217939.0,8217939.0,300000.0,11273321.53,411538.28,Fiscal
2025,2,Administracion Central,Ministerio De Seguridad,Ministerio De Seguridad,Ministerio De Seguridad,Dirección General Coordinación Operativa,Coordinacion Operativa,Servicios De Seguridad,Seguridad Interior,Bienes De Uso,Maquinaria Y Equipo,5169495.0,5169495.0,0.0,7091483.56,0.0,Fiscal
2025,2,Administracion Central,Ministerio De Seguridad,Ministerio De Seguridad,Ministerio De Seguridad,Dirección General Estadística Criminal Y Mapa Del Delito,Informacion Y Estadistica Criminal,Servicios De Seguridad,Seguridad Interior,Gastos En Personal,Remuneraciones Al Personal,271669791.0,271669791.0,115733453.41,372675059.29,158762486.81,Fiscal
2025,2,Administracion Central,Ministerio De Seguridad,Ministerio De Seguridad,Ministerio De Seguridad,Dirección General Estadística Criminal Y Mapa Del Delito,Informacion Y Estadistica Criminal,Servicios De Seguridad,Seguridad Interior,Bienes De Consumo,Bienes De Consumo,14465016.0,14465016.0,671134.11,19843025.89,920657.92,Fiscal
2025,2,Administracion Central,Ministerio De Seguridad,Ministerio De Seguridad,Ministerio De Seguridad,Dirección General Estadística Criminal Y Mapa Del Delito,Informacion Y Estadistica Criminal,Servicios De Seguridad,Seguridad Interior,Servicios No Personales,Servicios No Personales,3616254.0,3616254.0,390000.49,4960756.47,535000.43,Fiscal
2025,2,Administracion Central,Ministerio De Seguridad,Ministerio De Seguridad,Ministerio De Seguridad,Dirección General Estadística Criminal Y Mapa Del Delito,Informacion Y Estadistica Criminal,Servicios De Seguridad,Seguridad Interior,Bienes De Uso,Maquinaria Y Equipo,5169495.0,3169495.0,0.0,4347895.04,0.0,Fiscal
2025,2,Administracion Central,Ministerio De Seguridad,Ministerio De Seguridad,Ministerio De Seguridad,Dirección General Seguridad Comunal E Investigación Criminal,Investigacion Criminal,Servicios De Seguridad,Seguridad Interior,Gastos En Personal,Remuneraciones Al Personal,185541915.0,38355560.0,38355555.58,52615936.96,52615930.9,Fiscal
2025,2,Administracion Central,Ministerio De Seguridad,Ministerio De Seguridad,Ministerio De Seguridad,Dirección General Seguridad Comunal E Investigación Criminal,Investigacion Criminal,Servicios De Seguridad,Seguridad Interior,Bienes De Consumo,Bienes De Consumo,10848764.0,0.0,0.0,0.0,0.0,Fiscal
2025,2,Administracion Central,Ministerio De Seguridad,Ministerio De Seguridad,Ministerio De Seguridad,Dirección General Seguridad Comunal E Investigación Criminal,Investigacion Criminal,Servicios De Seguridad,Seguridad Interior,Servicios No Personales,Servicios No Personales,3616254.0,85000000.0,33815103.0,116602511.91,46387364.12,Fiscal
2025,2,Administracion Central,Ministerio De Seguridad,Ministerio De Seguridad,Ministerio De Seguridad,Dirección General Seguridad Comunal E Investigación Criminal,Investigacion Criminal,Servicios De Seguridad,Seguridad Interior,Bienes De Uso,Maquinaria Y Equipo,5169495.0,0.0,0.0,0.0,0.0,Fiscal
2025,2,Administracion Central,Ministerio De Seguridad,Ministerio De Seguridad,Ministerio De Seguridad,Dirección General Planificación Y Evaluación De Recursos,Planificacion De Seguridad Con Recursos No Policiales,Servicios De Seguridad,Seguridad Interior,Gastos En Personal,Remuneraciones Al Personal,235699215.0,235699215.0,85783369.0,323330829.69,117677133.0,Fiscal
2025,2,Administracion Central,Ministerio De Seguridad,Ministerio De Seguridad,Ministerio De Seguridad,Dirección General Planificación Y Evaluación De Recursos,Planificacion De Seguridad Con Recursos No Policiales,Servicios De Seguridad,Seguridad Interior,Bienes De Consumo,Bienes De Consumo,3583523.0,3483523.0,1079987.09,4778676.85,1481520.09,Fiscal
2025,2,Administracion Central,Ministerio De Seguridad,Ministerio De Seguridad,Ministerio De Seguridad,Dirección General Planificación Y Evaluación De Recursos,Planificacion De Seguridad Con Recursos No Policiales,Servicios De Seguridad,Seguridad Interior,Servicios No Personales,Servicios No Personales,2769870.0,2869870.0,522500.0,3936871.19,716762.5,Fiscal
2025,2,Administracion Central,Ministerio De Seguridad,Ministerio De Seguridad,Ministerio De Seguridad,Dirección General Planificación Y Evaluación De Recursos,Planificacion De Seguridad Con Recursos No Policiales,Servicios De Seguridad,Seguridad Interior,Bienes De Uso,Maquinaria Y Equipo,5169495.0,3169495.0,0.0,4347895.04,0.0,Fiscal
2025,2,Administracion Central,Ministerio De Seguridad,Ministerio De Seguridad,Ministerio De Seguridad,Dirección General Articulación Comunal Y Participación Ciudadana En Comisarías,Articulacion Comunal Y Participacion Ciudadana En Comisarias,Servicios De Seguridad,Seguridad Interior,Gastos En Personal,Remuneraciones Al Personal,287647318.0,287647318.0,87759068.51,394592939.08,120387386.25,Fiscal
2025,2,Administracion Central,Ministerio De Seguridad,Ministerio De Seguridad,Ministerio De Seguridad,Dirección General Articulación Comunal Y Participación Ciudadana En Comisarías,Articulacion Comunal Y Participacion Ciudadana En Comisarias,Servicios De Seguridad,Seguridad Interior,Bienes De Consumo,Bienes De Consumo,24680939.0,24499120.0,1682526.41,33607752.14,2308080.07,Fiscal
2025,2,Administracion Central,Ministerio De Seguridad,Ministerio De Seguridad,Ministerio De Seguridad,Dirección General Articulación Comunal Y Participación Ciudadana En Comisarías,Articulacion Comunal Y Participacion Ciudadana En Comisarias,Servicios De Seguridad,Seguridad Interior,Servicios No Personales,Servicios No Personales,33439214.0,77378832.0,23712420.0,106147837.41,32528561.59,Fiscal
2025,2,Administracion Central,Ministerio De Seguridad,Ministerio De Seguridad,Ministerio De Seguridad,Dirección General Articulación Comunal Y Participación Ciudadana En Comisarías,Articulacion Comunal Y Participacion Ciudadana En Comisarias,Servicios De Seguridad,Seguridad Interior,Bienes De Uso,Maquinaria Y Equipo,5169495.0,3169495.0,0.0,4347895.04,0.0,Fiscal
2025,2,Administracion Central,Ministerio De Seguridad,Ministerio De Seguridad,Ministerio De Seguridad,Dirección General De Orden Público,Orden Publico Y Coordinacion De Agentes,Servicios De Seguridad,Seguridad Interior,Gastos En Personal,Remuneraciones Al Personal,2714481649.0,2185109545.0,1179996677.38,2997520726.32,1618712666.16,Fiscal
2025,2,Administracion Central,Ministerio De Seguridad,Ministerio De Seguridad,Ministerio De Seguridad,Dirección General De Orden Público,Orden Publico Y Coordinacion De Agentes,Servicios De Seguridad,Seguridad Interior,Bienes De Consumo,Bienes De Consumo,22104354.0,22104354.0,1138428.12,30322625.89,1561689.16,Fiscal
2025,2,Administracion Central,Ministerio De Seguridad,Ministerio De Seguridad,Ministerio De Seguridad,Dirección General De Orden Público,Orden Publico Y Coordinacion De Agentes,Servicios De Seguridad,Seguridad Interior,Servicios No Personales,Servicios No Personales,7639338.0,7639338.0,300000.0,10479600.0,411538.28,Fiscal
2025,2,Administracion Central,Ministerio De Seguridad,Ministerio De Seguridad,Ministerio De Seguridad,Dirección General De Orden Público,Orden Publico Y Coordinacion De Agentes,Servicios De Seguridad,Seguridad Interior,Bienes De Uso,Maquinaria Y Equipo,5169495.0,5169495.0,0.0,7091483.56,0.0,Fiscal
2025,2,Administracion Central,Ministerio De Seguridad,Ministerio De Seguridad,Ministerio De Seguridad,Subsecretaría De Investigación Y Estadística Criminal,Actividades Comunes,Servicios De Seguridad,Seguridad Interior,Gastos En Personal,Remuneraciones Al Personal,258345003.0,258345003.0,110722900.7,354396191.63,151889039.38,Fiscal
2025,2,Administracion Central,Ministerio De Seguridad,Ministerio De Seguridad,Ministerio De Seguridad,Subsecretaría De Investigación Y Estadística Criminal,Actividades Comunes,Servicios De Seguridad,Seguridad Interior,Bienes De Consumo,Bienes De Consumo,9040639.0,9040639.0,915000.0,12401896.67,1255191.75,Fiscal
2025,2,Administracion Central,Ministerio De Seguridad,Ministerio De Seguridad,Ministerio De Seguridad,Subsecretaría De Investigación Y Estadística Criminal,Actividades Comunes,Servicios De Seguridad,Seguridad Interior,Servicios No Personales,Servicios No Personales,400041715.0,150041715.0,26723007.0,205826363.06,36658467.55,Fiscal
2025,2,Administracion Central,Ministerio De Seguridad,Ministerio De Seguridad,Ministerio De Seguridad,Subsecretaría De Investigación Y Estadística Criminal,Actividades Comunes,Servicios De Seguridad,Seguridad Interior,Bienes De Uso,Maquinaria Y Equipo,5182781.0,3182781.0,0.0,4366120.7,0.0,Fiscal
2025,2,Administracion Central,Ministerio De Seguridad,Ministerio De Seguridad,Ministerio De Seguridad,Dirección General Seguridad Privada Y Custodia De Bienes,Custodia Y Seguridad De Edificios Publicos,Servicios De Seguridad,Seguridad Interior,Bienes De Consumo,Bienes De Consumo,189853350.0,189053350.0,5093796.59,259342299.93,6987640.91,Fiscal
2025,2,Administracion Central,Ministerio De Seguridad,Ministerio De Seguridad,Ministerio De Seguridad,Dirección General Seguridad Privada Y Custodia De Bienes,Custodia Y Seguridad De Edificios Publicos,Servicios De Seguridad,Seguridad Interior,Servicios No Personales,Servicios No Personales,253388410.0,256878604.0,106369129.26,352384593.9,145916560.72,Fiscal
2025,2,Administracion Central,Ministerio De Seguridad,Ministerio De Seguridad,Ministerio De Seguridad,Dirección General Seguridad Privada Y Custodia De Bienes,Custodia Y Seguridad De Edificios Publicos,Servicios De Seguridad,Seguridad Interior,Bienes De Uso,Maquinaria Y Equipo,5169495.0,5169495.0,0.0,7091483.56,0.0,Fiscal
2025,2,Administracion Central,Ministerio De Seguridad,Ministerio De Seguridad,Ministerio De Seguridad,Dirección General Seguridad Privada Y Custodia De Bienes,Custodia Y Seguridad De Edificios Publicos,Servicios De Seguridad,Seguridad Interior,Gastos En Personal,Remuneraciones Al Personal,6290665452.0,6424671149.0,2846822440.4,8813326989.95,3905254676.49,Fiscal
2025,2,Administracion Central,Ministerio De Seguridad,Ministerio De Seguridad,Ministerio De Seguridad,Dirección General Seguridad Privada Y Custodia De Bienes,Control De Prestadores De Seguridad Privada,Servicios De Seguridad,Seguridad Interior,Gastos En Personal,Remuneraciones Al Personal,1002903435.0,1195981781.0,506671801.08,1640640939.52,695049467.27,Fiscal
2025,2,Administracion Central,Ministerio De Seguridad,Ministerio De Seguridad,Ministerio De Seguridad,Dirección General Seguridad Privada Y Custodia De Bienes,Control De Prestadores De Seguridad Privada,Servicios De Seguridad,Seguridad Interior,Bienes De Consumo,Bienes De Consumo,5649493.0,5649493.0,0.0,7749942.06,0.0,Fiscal
2025,2,Administracion Central,Ministerio De Seguridad,Ministerio De Seguridad,Ministerio De Seguridad,Dirección General Seguridad Privada Y Custodia De Bienes,Control De Prestadores De Seguridad Privada,Servicios De Seguridad,Seguridad Interior,Servicios No Personales,Servicios No Personales,11298987.0,11298987.0,870000.0,15499885.48,1193461.0,Fiscal
2025,2,Administracion Central,Ministerio De Seguridad,Ministerio De Seguridad,Ministerio De Seguridad,Dirección General Seguridad Privada Y Custodia De Bienes,Control De Prestadores De Seguridad Privada,Servicios De Seguridad,Seguridad Interior,Bienes De Uso,Maquinaria Y Equipo,5169495.0,4169495.0,0.0,5719689.3,0.0,Fiscal
2025,2,Administracion Central,Ministerio De Seguridad,Ministerio De Seguridad,Ministerio De Seguridad,Dirección General Seguridad Privada Y Custodia De Bienes,Control Y Fiscalizacion,Servicios De Seguridad,Seguridad Interior,Gastos En Personal,Remuneraciones Al Personal,452533565.0,465349522.0,216387155.48,638363802.11,296838657.33,Fiscal
2025,2,Administracion Central,Ministerio De Seguridad,Ministerio De Seguridad,Ministerio De Seguridad,Dirección General Seguridad Privada Y Custodia De Bienes,Control Y Fiscalizacion,Servicios De Seguridad,Seguridad Interior,Bienes De Consumo,Bienes De Consumo,5424382.0,5424382.0,0.0,7441136.08,0.0,Fiscal
2025,2,Administracion Central,Ministerio De Seguridad,Ministerio De Seguridad,Ministerio De Seguridad,Dirección General Seguridad Privada Y Custodia De Bienes,Control Y Fiscalizacion,Servicios De Seguridad,Seguridad Interior,Servicios No Personales,Servicios No Personales,177016.0,177016.0,0.0,242829.53,0.0,Fiscal
2025,2,Administracion Central,Ministerio De Seguridad,Ministerio De Seguridad,Ministerio De Seguridad,Dirección General Seguridad Privada Y Custodia De Bienes,Control Y Fiscalizacion,Servicios De Seguridad,Seguridad Interior,Bienes De Uso,Maquinaria Y Equipo,5169495.0,3169495.0,0.0,4347895.04,0.0,Fiscal
2025,2,Administracion Central,Ministerio De Seguridad,Ministerio De Seguridad,Ministerio De Seguridad,Secretaria De Coordinación,Actividades Comunes,Servicios De Seguridad,Seguridad Interior,Gastos En Personal,Remuneraciones Al Personal,262496083.0,262496083.0,118485640.06,360090619.33,162537920.66,Fiscal
2025,2,Administracion Central,Ministerio De Seguridad,Ministerio De Seguridad,Ministerio De Seguridad,Secretaria De Coordinación,Actividades Comunes,Servicios De Seguridad,Seguridad Interior,Bienes De Consumo,Bienes De Consumo,8136576.0,8136576.0,1852444.12,11161708.23,2541172.21,Fiscal
2025,2,Administracion Central,Ministerio De Seguridad,Ministerio De Seguridad,Ministerio De Seguridad,Secretaria De Coordinación,Actividades Comunes,Servicios De Seguridad,Seguridad Interior,Servicios No Personales,Servicios No Personales,3616256.0,3616256.0,0.0,4960759.22,0.0,Fiscal
2025,2,Administracion Central,Ministerio De Seguridad,Ministerio De Seguridad,Ministerio De Seguridad,Secretaria De Coordinación,Actividades Comunes,Servicios De Seguridad,Seguridad Interior,Bienes De Uso,Maquinaria Y Equipo,5169495.0,5169495.0,0.0,7091483.56,0.0,Fiscal
2025,2,Organismos Descentralizados,Ministerio De Seguridad,Ministerio De Seguridad,Instituto Superior De Seguridad Publica,Instituto Superior De Seguridad Pública,Acciones Instituto Superior De Seguridad Publica,Servicios De Seguridad,Seguridad Interior,Gastos En Personal,Remuneraciones Al Personal,4631365996.0,4631365996.0,3298591747.98,6353281278.72,4524989218.45,Fiscal
2025,2,Organismos Descentralizados,Ministerio De Seguridad,Ministerio De Seguridad,Instituto Superior De Seguridad Publica,Instituto Superior De Seguridad Pública,Acciones Instituto Superior De Seguridad Publica,Servicios De Seguridad,Seguridad Interior,Bienes De Consumo,Bienes De Consumo,276722703.0,254570236.0,188731121.37,349217987.93,258900268.55,Fiscal
2025,2,Organismos Descentralizados,Ministerio De Seguridad,Ministerio De Seguridad,Instituto Superior De Seguridad Publica,Instituto Superior De Seguridad Pública,Acciones Instituto Superior De Seguridad Publica,Servicios De Seguridad,Seguridad Interior,Servicios No Personales,Servicios No Personales,4105432197.0,3913642670.0,627408539.27,5368712541.48,860675431.42,Fiscal
2025,2,Organismos Descentralizados,Ministerio De Seguridad,Ministerio De Seguridad,Instituto Superior De Seguridad Publica,Instituto Superior De Seguridad Pública,Acciones Instituto Superior De Seguridad Publica,Servicios De Seguridad,Seguridad Interior,Bienes De Uso,Maquinaria Y Equipo,321232351.0,321232351.0,219025386.28,440664694.5,300457767.19,Fiscal
2025,2,Organismos Descentralizados,Ministerio De Seguridad,Ministerio De Seguridad,Instituto Superior De Seguridad Publica,Instituto Superior De Seguridad Pública,Acciones Instituto Superior De Seguridad Publica,Servicios De Seguridad,Seguridad Interior,Servicios No Personales,Servicios No Personales,0.0,399330000.0,393113295.0,547798600.94,539270560.72,Fiscal
2025,2,Organismos Descentralizados,Ministerio De Seguridad,Ministerio De Seguridad,Instituto Superior De Seguridad Publica,Instituto Superior De Seguridad Pública,Acciones Instituto Superior De Seguridad Publica,Servicios De Seguridad,Seguridad Interior,Bienes De Uso,Bienes De Uso,0.0,340895000.0,340662000.0,467637803.49,467318175.42,Fiscal
2025,2,Organismos Descentralizados,Ministerio De Seguridad,Ministerio De Seguridad,Instituto Superior De Seguridad Publica,Instituto Superior De Seguridad Pública,Formacion En Seguridad,Servicios De Seguridad,Seguridad Interior,Servicios No Personales,Servicios No Personales,1874271598.0,406443974.0,12000.0,557557509.62,16461.53,Fiscal
2025,2,Organismos Descentralizados,Ministerio De Seguridad,Ministerio De Seguridad,Instituto Superior De Seguridad Publica,Instituto Superior De Seguridad Pública,Iuse - Ley N° 5.689,Servicios De Seguridad,Seguridad Interior,Transferencias,Al Sector Privado,3233199316.0,0.0,0.0,0.0,0.0,Fiscal
2025,2,Administracion Central,Min.Infraestructura,Min.Infraestructura,Min.Infraestructura,Dirección General Obras,Infraestructura De Sistemas De Transporte (Solo Obras),Servicios Económicos,Transporte,Bienes De Uso,Construcciones Del Dominio Público,0.0,20840971543.0,991512400.0,28589525088.03,1360151016.78,Fiscal
2025,2,Administracion Central,Min.Infraestructura,Min.Infraestructura,Min.Infraestructura,Dirección General Obras,Infraestructura De Sistemas De Transporte (Solo Obras),Servicios Económicos,Transporte,Activos Financieros,Activos Financieros,0.0,1677578053.0,257915454.79,2301291939.99,353806939.86,Fiscal
2025,2,Administracion Central,Min.Infraestructura,Min.Infraestructura,Min.Infraestructura,Dirección General Obras,Infraestructura De Sistemas De Transporte (Solo Obras),Servicios Económicos,Transporte,Bienes De Uso,Construcciones Del Dominio Privado,0.0,7021926464.0,0.0,9632638401.46,0.0,Fiscal
2025,2,Administracion Central,Min.Infraestructura,Min.Infraestructura,Min.Infraestructura,Dirección General Obras,Obras De Ingenieria Y Arquitectura,Servicios Sociales,Vivienda Y Urbanismo,Gastos En Personal,Remuneraciones Al Personal,0.0,639380782.0,411471746.44,877098885.25,564454578.98,Fiscal
2025,2,Administracion Central,Min.Infraestructura,Min.Infraestructura,Min.Infraestructura,Dirección General Obras,Obras De Ingenieria Y Arquitectura,Servicios Sociales,Vivienda Y Urbanismo,Bienes De Consumo,Bienes De Consumo,0.0,4255913.0,211982.32,5838237.01,290796.13,Fiscal
2025,2,Administracion Central,Min.Infraestructura,Min.Infraestructura,Min.Infraestructura,Dirección General Obras,Obras De Ingenieria Y Arquitectura,Servicios Sociales,Vivienda Y Urbanismo,Servicios No Personales,Servicios No Personales,0.0,738590096.0,334094561.32,1013193652.5,458309000.75,Fiscal
2025,2,Administracion Central,Min.Infraestructura,Min.Infraestructura,Min.Infraestructura,Dirección General Obras,Obras De Ingenieria Y Arquitectura,Servicios Sociales,Vivienda Y Urbanismo,Bienes De Uso,Maquinaria Y Equipo,0.0,10339413.0,0.0,14183547.38,0.0,Fiscal
2025,2,Administracion Central,Min.Infraestructura,Min.Infraestructura,Min.Infraestructura,Dirección General Obras,Obras De Ingenieria Y Arquitectura,Servicios Sociales,Vivienda Y Urbanismo,Servicios No Personales,Servicios No Personales,0.0,1718220399.0,384851905.49,2357044876.85,527937634.02,Fiscal
2025,2,Administracion Central,Min.Infraestructura,Min.Infraestructura,Min.Infraestructura,Dirección General Obras,Obras De Ingenieria Y Arquitectura,Servicios Sociales,Vivienda Y Urbanismo,Bienes De Uso,Construcciones Del Dominio Privado,0.0,90404649436.0,22938736308.95,124016578967.64,31467226748.01,Fiscal
2025,2,Administracion Central,Min.Infraestructura,Min.Infraestructura,Min.Infraestructura,Dirección General Obras,Obras De Ingenieria Y Arquitectura,Servicios Sociales,Vivienda Y Urbanismo,Activos Financieros,Activos Financieros,0.0,2566819500.0,566547197.84,3521148250.71,777186192.73,Fiscal
2025,2,Administracion Central,Min.Infraestructura,Min.Infraestructura,Min.Infraestructura,Dirección General Obras,Obras De Ingenieria Y Arquitectura,Servicios Sociales,Vivienda Y Urbanismo,Bienes De Uso,Construcciones Del Dominio Público,0.0,10305632494.0,1173751978.21,14137207477.46,1610146223.7,Fiscal
2025,2,Administracion Central,Min.Infraestructura,Min.Infraestructura,Min.Infraestructura,Dirección General Obras,Programa De Gestion De Riesgo Hidrico (P.G.R.H),Servicios Sociales,Agua Potable Y Alcantarillado,Bienes De Uso,Construcciones Del Dominio Público,0.0,23010415827.0,6918168409.86,31565556299.27,9490303698.6,Fiscal
2025,2,Administracion Central,Min.Infraestructura,Min.Infraestructura,Min.Infraestructura,Dirección General Obras,Programa De Gestion De Riesgo Hidrico (P.G.R.H),Servicios Sociales,Agua Potable Y Alcantarillado,Servicios No Personales,Servicios No Personales,0.0,184228.0,0.0,252722.91,0.0,Fiscal
2025,2,Administracion Central,Min.Infraestructura,Min.Infraestructura,Min.Infraestructura,Dirección General Obras,Programa De Gestion De Riesgo Hidrico (P.G.R.H),Servicios Sociales,Agua Potable Y Alcantarillado,Activos Financieros,Activos Financieros,0.0,2056074858.0,1956610021.92,2820511683.65,2684066392.67,Fiscal
2025,2,Administracion Central,Min.Infraestructura,Min.Infraestructura,Min.Infraestructura,Dirección General Proyectos,Proyectos De Infraestructura Urbana,Servicios Sociales,Vivienda Y Urbanismo,Gastos En Personal,Remuneraciones Al Personal,0.0,853069732.0,356942232.97,1170236159.79,489651305.53,Fiscal
2025,2,Administracion Central,Min.Infraestructura,Min.Infraestructura,Min.Infraestructura,Dirección General Proyectos,Proyectos De Infraestructura Urbana,Servicios Sociales,Vivienda Y Urbanismo,Bienes De Consumo,Bienes De Consumo,0.0,4470541.0,1666076.37,6132662.47,2285514.0,Fiscal
2025,2,Administracion Central,Min.Infraestructura,Min.Infraestructura,Min.Infraestructura,Dirección General Proyectos,Proyectos De Infraestructura Urbana,Servicios Sociales,Vivienda Y Urbanismo,Servicios No Personales,Servicios No Personales,0.0,765836015.0,251354294.0,1050569447.73,344806377.16,Fiscal
2025,2,Administracion Central,Min.Infraestructura,Min.Infraestructura,Min.Infraestructura,Dirección General Proyectos,Proyectos De Infraestructura Urbana,Servicios Sociales,Vivienda Y Urbanismo,Bienes De Uso,Maquinaria Y Equipo,0.0,10339413.0,307156.97,14183547.38,421356.17,Fiscal
2025,2,Administracion Central,Min.Infraestructura,Min.Infraestructura,Min.Infraestructura,Dirección General Proyectos,Proyectos De Infraestructura Urbana,Servicios Sociales,Vivienda Y Urbanismo,Servicios No Personales,Servicios No Personales,0.0,707510611.0,141547398.82,970558993.45,194173908.9,Fiscal
2025,2,Administracion Central,Min.Infraestructura,Min.Infraestructura,Min.Infraestructura,Ministerio De Infraestructura,Actividades Centrales,Administración Gubernamental,Dirección Ejecutiva,Gastos En Personal,Remuneraciones Al Personal,1395890633.0,1563817769.0,888122584.04,2145236235.64,1218321460.94,Fiscal
2025,2,Administracion Central,Min.Infraestructura,Min.Infraestructura,Min.Infraestructura,Ministerio De Infraestructura,Actividades Centrales,Administración Gubernamental,Dirección Ejecutiva,Bienes De Consumo,Bienes De Consumo,10375425.0,7075425.0,4138334.28,9706027.39,5676943.2,Fiscal
2025,2,Administracion Central,Min.Infraestructura,Min.Infraestructura,Min.Infraestructura,Ministerio De Infraestructura,Actividades Centrales,Administración Gubernamental,Dirección Ejecutiva,Servicios No Personales,Servicios No Personales,3791009021.0,4965810435.0,2087740580.5,6812070239.67,2863950539.94,Fiscal
2025,2,Administracion Central,Min.Infraestructura,Min.Infraestructura,Min.Infraestructura,Ministerio De Infraestructura,Actividades Centrales,Administración Gubernamental,Dirección Ejecutiva,Bienes De Uso,Maquinaria Y Equipo,20678826.0,20678826.0,1754842.28,28367094.76,2407282.56,Fiscal
2025,2,Administracion Central,Min.Infraestructura,Min.Infraestructura,Min.Infraestructura,Ministerio De Infraestructura,Actividades Centrales,Administración Gubernamental,Dirección Ejecutiva,Transferencias,Al Sector Público,15298500000.0,15298500000.0,0.0,20986394451.75,0.0,Fiscal
2025,2,Administracion Central,Min.Infraestructura,Min.Infraestructura,Min.Infraestructura,Ministerio De Infraestructura,Actividades Centrales,Administración Gubernamental,Control De La Gestión,Gastos En Personal,Remuneraciones Al Personal,169653146.0,169653146.0,78220160.66,232729211.49,107301967.23,Fiscal
2025,2,Administracion Central,Min.Infraestructura,Min.Infraestructura,Min.Infraestructura,Ministerio De Infraestructura,Actividades Centrales,Administración Gubernamental,Control De La Gestión,Bienes De Consumo,Bienes De Consumo,816633.0,816633.0,360000.0,1120252.46,493845.93,Fiscal
2025,2,Administracion Central,Min.Infraestructura,Min.Infraestructura,Min.Infraestructura,Ministerio De Infraestructura,Actividades Centrales,Administración Gubernamental,Control De La Gestión,Servicios No Personales,Servicios No Personales,523482.0,4017772.0,2993957.96,5511556.56,4107094.34,Fiscal
2025,2,Administracion Central,Min.Infraestructura,Min.Infraestructura,Min.Infraestructura,Ministerio De Infraestructura,Actividades Centrales,Administración Gubernamental,Control De La Gestión,Bienes De Uso,Maquinaria Y Equipo,10339413.0,10339413.0,7787362.37,14183547.38,10682658.98,Fiscal
2025,2,Administracion Central,Min.Infraestructura,Min.Infraestructura,Min.Infraestructura,Ministerio De Infraestructura,Actividades Centrales,Administración Gubernamental,Dirección Ejecutiva,Servicios No Personales,Servicios No Personales,0.0,122677167.0,343728.13,168287833.24,471524.27,Fiscal
2025,2,Administracion Central,Min.Infraestructura,Min.Infraestructura,Min.Infraestructura,Ministerio De Infraestructura,Actividades Centrales,Servicios Económicos,Transporte,Servicios No Personales,Servicios No Personales,0.0,10089793994.0,0.0,13841121462.56,0.0,Fiscal
2025,2,Administracion Central,Min.Infraestructura,Min.Infraestructura,Min.Infraestructura,Subterráneos De Buenos Aires,Subterraneos De Buenos Aires,Servicios Económicos,Transporte,Transferencias,Al Sector Público,10827463185.0,10827463185.0,7963200000.0,14853051822.88,10923872033.09,Fiscal
2025,2,Administracion Central,Min.Infraestructura,Min.Infraestructura,Min.Infraestructura,Subterráneos De Buenos Aires,Subterraneos De Buenos Aires,Servicios Sociales,Promoción Y Acción Social,Transferencias,Al Sector Público,260379340000.0,255504340000.0,109356000500.42,350499386434.95,150013933533.88,Fiscal
2025,2,Administracion Central,Min.Infraestructura,Min.Infraestructura,Min.Infraestructura,Subterráneos De Buenos Aires,Subterraneos De Buenos Aires,Servicios Económicos,Transporte,Servicios No Personales,Servicios No Personales,884272074.0,1070885076.0,408331075.49,1469033997.94,560146224.61,Fiscal
2025,2,Administracion Central,Min.Infraestructura,Min.Infraestructura,Min.Infraestructura,Subterráneos De Buenos Aires,Subterraneos De Buenos Aires,Servicios De Seguridad,Seguridad Interior,Servicios No Personales,Servicios No Personales,20947365934.0,21840365934.0,6453169446.05,29960488574.8,8852420790.2,Fiscal
2025,2,Administracion Central,Min.Infraestructura,Min.Infraestructura,Min.Infraestructura,Subterráneos De Buenos Aires,Subterraneos De Buenos Aires,Servicios Económicos,Transporte,Transferencias,Transferencias,312198981131.0,282517408888.0,47142055630.56,387555759218.95,64669201211.2,Fiscal
2025,2,Administracion Central,Min.Infraestructura,Min.Infraestructura,Min.Infraestructura,Subsecretaría De Proyectos Y Obras,Actividades Comunes,Servicios Sociales,Vivienda Y Urbanismo,Gastos En Personal,Remuneraciones Al Personal,593475111.0,616869779.0,249610641.61,846218420.59,342414444.83,Fiscal
2025,2,Administracion Central,Min.Infraestructura,Min.Infraestructura,Min.Infraestructura,Subsecretaría De Proyectos Y Obras,Actividades Comunes,Servicios Sociales,Vivienda Y Urbanismo,Bienes De Consumo,Bienes De Consumo,4329201.0,4329201.0,462291.22,5938773.07,634168.44,Fiscal
2025,2,Administracion Central,Min.Infraestructura,Min.Infraestructura,Min.Infraestructura,Subsecretaría De Proyectos Y Obras,Actividades Comunes,Servicios Sociales,Vivienda Y Urbanismo,Servicios No Personales,Servicios No Personales,493605721.0,457225079.0,211528954.78,627218737.86,290174205.51,Fiscal
2025,2,Administracion Central,Min.Infraestructura,Min.Infraestructura,Min.Infraestructura,Subsecretaría De Proyectos Y Obras,Actividades Comunes,Servicios Sociales,Vivienda Y Urbanismo,Bienes De Uso,Maquinaria Y Equipo,10339413.0,5339413.0,0.0,7324576.09,0.0,Fiscal
2025,2,Administracion Central,Min.Infraestructura,Min.Infraestructura,Min.Infraestructura,Subsecretaría De Proyectos Y Obras,Actividades Comunes,Servicios Sociales,Vivienda Y Urbanismo,Transferencias,Al Sector Público,9422685.0,20903793.0,20903792.69,28675703.2,28675702.78,Fiscal
2025,2,Administracion Central,Min.Infraestructura,Min.Infraestructura,Min.Infraestructura,Dirección General Ingeniería Y Arquitectura,Obras De Ingenieria Y Arquitectura,Servicios Sociales,Vivienda Y Urbanismo,Gastos En Personal,Remuneraciones Al Personal,602626182.0,0.0,0.0,0.0,0.0,Fiscal
2025,2,Administracion Central,Min.Infraestructura,Min.Infraestructura,Min.Infraestructura,Dirección General Ingeniería Y Arquitectura,Obras De Ingenieria Y Arquitectura,Servicios Sociales,Vivienda Y Urbanismo,Bienes De Consumo,Bienes De Consumo,4255913.0,0.0,0.0,0.0,0.0,Fiscal
2025,2,Administracion Central,Min.Infraestructura,Min.Infraestructura,Min.Infraestructura,Dirección General Ingeniería Y Arquitectura,Obras De Ingenieria Y Arquitectura,Servicios Sociales,Vivienda Y Urbanismo,Servicios No Personales,Servicios No Personales,622009768.0,0.0,0.0,0.0,0.0,Fiscal
2025,2,Administracion Central,Min.Infraestructura,Min.Infraestructura,Min.Infraestructura,Dirección General Ingeniería Y Arquitectura,Obras De Ingenieria Y Arquitectura,Servicios Sociales,Vivienda Y Urbanismo,Bienes De Uso,Maquinaria Y Equipo,10339413.0,0.0,0.0,0.0,0.0,Fiscal
2025,2,Administracion Central,Min.Infraestructura,Min.Infraestructura,Min.Infraestructura,Dirección General Ingeniería Y Arquitectura,Obras De Ingenieria Y Arquitectura,Servicios Sociales,Vivienda Y Urbanismo,Bienes De Uso,Construcciones Del Dominio Privado,5670623593.0,0.0,0.0,0.0,0.0,Fiscal
2025,2,Administracion Central,Min.Infraestructura,Min.Infraestructura,Min.Infraestructura,Dirección General Ingeniería Y Arquitectura,Obras De Ingenieria Y Arquitectura,Servicios Sociales,Vivienda Y Urbanismo,Bienes De Uso,Construcciones Del Dominio Público,4283959733.0,0.0,0.0,0.0,0.0,Fiscal
2025,2,Administracion Central,Min.Infraestructura,Min.Infraestructura,Min.Infraestructura,Dirección General Ingeniería Y Arquitectura,Obras De Ingenieria Y Arquitectura,Servicios Sociales,Vivienda Y Urbanismo,Activos Financieros,Activos Financieros,1223670035.0,0.0,0.0,0.0,0.0,Fiscal
2025,2,Administracion Central,Min.Infraestructura,Min.Infraestructura,Min.Infraestructura,Dirección General Ingeniería Y Arquitectura,Obras De Ingenieria Y Arquitectura,Servicios Sociales,Vivienda Y Urbanismo,Servicios No Personales,Servicios No Personales,6152399.0,0.0,0.0,0.0,0.0,Fiscal
2025,2,Administracion Central,Min.Infraestructura,Min.Infraestructura,Min.Infraestructura,Dirección General Infraestructura Urbana,Obras De Infraestructura Urbana,Servicios Sociales,Vivienda Y Urbanismo,Gastos En Personal,Remuneraciones Al Personal,825315717.0,0.0,0.0,0.0,0.0,Fiscal
2025,2,Administracion Central,Min.Infraestructura,Min.Infraestructura,Min.Infraestructura,Dirección General Infraestructura Urbana,Obras De Infraestructura Urbana,Servicios Sociales,Vivienda Y Urbanismo,Bienes De Consumo,Bienes De Consumo,4470541.0,0.0,0.0,0.0,0.0,Fiscal
2025,2,Administracion Central,Min.Infraestructura,Min.Infraestructura,Min.Infraestructura,Dirección General Infraestructura Urbana,Obras De Infraestructura Urbana,Servicios Sociales,Vivienda Y Urbanismo,Servicios No Personales,Servicios No Personales,1182971237.0,0.0,0.0,0.0,0.0,Fiscal
2025,2,Administracion Central,Min.Infraestructura,Min.Infraestructura,Min.Infraestructura,Dirección General Infraestructura Urbana,Obras De Infraestructura Urbana,Servicios Sociales,Vivienda Y Urbanismo,Bienes De Uso,Maquinaria Y Equipo,10339413.0,0.0,0.0,0.0,0.0,Fiscal
2025,2,Administracion Central,Min.Infraestructura,Min.Infraestructura,Min.Infraestructura,Dirección General Infraestructura Urbana,Obras De Infraestructura Urbana,Servicios Económicos,Transporte,Bienes De Uso,Construcciones Del Dominio Privado,8793159627.0,0.0,0.0,0.0,0.0,Fiscal
2025,2,Administracion Central,Min.Infraestructura,Min.Infraestructura,Min.Infraestructura,Dirección General Infraestructura Urbana,Obras De Infraestructura Urbana,Servicios Económicos,Transporte,Activos Financieros,Activos Financieros,3099524151.0,0.0,0.0,0.0,0.0,Fiscal
2025,2,Administracion Central,Min.Infraestructura,Min.Infraestructura,Min.Infraestructura,Dirección General Infraestructura Urbana,Obras De Infraestructura Urbana,Servicios De Seguridad,Seguridad Interior,Bienes De Uso,Construcciones Del Dominio Privado,85586283200.0,0.0,0.0,0.0,0.0,Fiscal
2025,2,Administracion Central,Min.Infraestructura,Min.Infraestructura,Min.Infraestructura,Dirección General Infraestructura Urbana,Obras De Infraestructura Urbana,Servicios Económicos,Transporte,Bienes De Uso,Construcciones Del Dominio Público,1590753996.0,0.0,0.0,0.0,0.0,Fiscal
2025,2,Administracion Central,Min.Infraestructura,Min.Infraestructura,Min.Infraestructura,Dirección General Infraestructura Urbana,Obras De Infraestructura Urbana,Servicios Sociales,Vivienda Y Urbanismo,Bienes De Uso,Construcciones Del Dominio Público,888038020.0,0.0,0.0,0.0,0.0,Fiscal
2025,2,Administracion Central,Min.Infraestructura,Min.Infraestructura,Min.Infraestructura,Dirección General Infraestructura Urbana,Programa De Gestion De Riesgo Hidrico,Servicios Sociales,Agua Potable Y Alcantarillado,Bienes De Uso,Construcciones Del Dominio Público,24633886867.0,0.0,0.0,0.0,0.0,Fiscal
2025,2,Administracion Central,Min.Infraestructura,Min.Infraestructura,Min.Infraestructura,Dirección General Infraestructura Urbana,Infraestructura Del Transporte,Servicios Económicos,Transporte,Bienes De Uso,Construcciones Del Dominio Público,31297436321.0,0.0,0.0,0.0,0.0,Fiscal
2025,2,Administracion Central,Min.Infraestructura,Min.Infraestructura,Min.Infraestructura,Dirección General Infraestructura Urbana,Infraestructura Del Transporte,Servicios Económicos,Transporte,Activos Financieros,Activos Financieros,1392046287.0,0.0,0.0,0.0,0.0,Fiscal
2025,2,Administracion Central,Min.Infraestructura,Min.Infraestructura,Min.Infraestructura,Dirección General Infraestructura Urbana,Infraestructura Del Transporte,Servicios Económicos,Transporte,Bienes De Uso,Construcciones Del Dominio Privado,2914880742.0,0.0,0.0,0.0,0.0,Fiscal
2025,2,Administracion Central,Min.Infraestructura,Min.Infraestructura,Min.Infraestructura,Secretaría De Transporte,Actividades Comunes,Servicios Económicos,Transporte,Gastos En Personal,Remuneraciones Al Personal,307460394.0,300659296.0,183971470.93,412442695.78,252371007.41,Fiscal
2025,2,Administracion Central,Min.Infraestructura,Min.Infraestructura,Min.Infraestructura,Secretaría De Transporte,Actividades Comunes,Servicios Económicos,Transporte,Bienes De Consumo,Bienes De Consumo,2674996.0,2855796.0,2257827.56,3917564.55,3097274.88,Fiscal
2025,2,Administracion Central,Min.Infraestructura,Min.Infraestructura,Min.Infraestructura,Secretaría De Transporte,Actividades Comunes,Servicios Económicos,Transporte,Servicios No Personales,Servicios No Personales,3393935436.0,4150928403.0,2967960251.31,5694219747.45,4071430829.89,Fiscal
2025,2,Administracion Central,Min.Infraestructura,Min.Infraestructura,Min.Infraestructura,Secretaría De Transporte,Actividades Comunes,Servicios Económicos,Transporte,Bienes De Uso,Maquinaria Y Equipo,10339413.0,34057652.0,8321480.05,46720091.45,11415358.55,Fiscal
2025,2,Administracion Central,Min.Infraestructura,Min.Infraestructura,Min.Infraestructura,Secretaría De Transporte,Actividades Comunes,Servicios Económicos,Transporte,Bienes De Uso,Activos Intangibles,10339413.0,0.0,0.0,0.0,0.0,Fiscal
2025,2,Administracion Central,Min.Infraestructura,Min.Infraestructura,Min.Infraestructura,Secretaría De Transporte,Aplicacion Convenio Subsidio De Transporte,Servicios Sociales,Promoción Y Acción Social,Transferencias,Al Sector Privado,0.0,108300404920.0,0.0,148565873578.18,0.0,Fiscal
2025,2,Administracion Central,Min.Infraestructura,Min.Infraestructura,Min.Infraestructura,Secretaría De Transporte,Aplicacion Convenio Subsidio De Transporte,Servicios Sociales,Promoción Y Acción Social,Transferencias,Al Sector Público,194062402692.0,85761997772.0,85761997772.0,117647816074.36,117647816074.36,Fiscal
2025,2,Administracion Central,Min.Infraestructura,Min.Infraestructura,Min.Infraestructura,Subsecretaría De Planificación De La Movilidad,Coordinacion Planificacion De La Movilidad,Servicios Económicos,Transporte,Gastos En Personal,Remuneraciones Al Personal,732953921.0,52869687.0,52869680.77,72526333.03,72526324.49,Fiscal
2025,2,Administracion Central,Min.Infraestructura,Min.Infraestructura,Min.Infraestructura,Subsecretaría De Planificación De La Movilidad,Coordinacion Planificacion De La Movilidad,Servicios Económicos,Transporte,Bienes De Consumo,Bienes De Consumo,3810952.0,6.0,0.0,8.23,0.0,Fiscal
2025,2,Administracion Central,Min.Infraestructura,Min.Infraestructura,Min.Infraestructura,Subsecretaría De Planificación De La Movilidad,Coordinacion Planificacion De La Movilidad,Servicios Económicos,Transporte,Servicios No Personales,Servicios No Personales,971463098.0,538723454.0,224224842.0,739017740.7,307590350.69,Fiscal
2025,2,Administracion Central,Min.Infraestructura,Min.Infraestructura,Min.Infraestructura,Subsecretaría De Planificación De La Movilidad,Coordinacion Planificacion De La Movilidad,Servicios Económicos,Transporte,Bienes De Uso,Maquinaria Y Equipo,10339413.0,0.0,0.0,0.0,0.0,Fiscal
2025,2,Administracion Central,Min.Infraestructura,Min.Infraestructura,Min.Infraestructura,Subsecretaría De Planificación De La Movilidad,Coordinacion Planificacion De La Movilidad,Servicios Económicos,Transporte,Bienes De Uso,Construcciones Del Dominio Público,9099219073.0,0.0,0.0,0.0,0.0,Fiscal
2025,2,Administracion Central,Min.Infraestructura,Min.Infraestructura,Min.Infraestructura,Dirección General Información Territorial De La Movilidad,Diseño E Implementacion De Mejoras Para La Movilidad,Servicios Económicos,Transporte,Gastos En Personal,Remuneraciones Al Personal,2102207729.0,132967059.0,132967052.11,182403448.0,182403438.55,Fiscal
2025,2,Administracion Central,Min.Infraestructura,Min.Infraestructura,Min.Infraestructura,Dirección General Información Territorial De La Movilidad,Diseño E Implementacion De Mejoras Para La Movilidad,Servicios Económicos,Transporte,Bienes De Consumo,Bienes De Consumo,2779693.0,5.0,0.0,6.86,0.0,Fiscal
2025,2,Administracion Central,Min.Infraestructura,Min.Infraestructura,Min.Infraestructura,Dirección General Información Territorial De La Movilidad,Diseño E Implementacion De Mejoras Para La Movilidad,Servicios Económicos,Transporte,Servicios No Personales,Servicios No Personales,206043044.0,380126067.0,182374180.53,521454755.92,250179853.61,Fiscal
2025,2,Administracion Central,Min.Infraestructura,Min.Infraestructura,Min.Infraestructura,Dirección General Información Territorial De La Movilidad,Diseño E Implementacion De Mejoras Para La Movilidad,Servicios Económicos,Transporte,Bienes De Uso,Maquinaria Y Equipo,10339413.0,0.0,0.0,0.0,0.0,Fiscal
2025,2,Administracion Central,Min.Infraestructura,Min.Infraestructura,Min.Infraestructura,Subsecretaría De Gestión De La Movilidad,Coordinacion Gestion De La Movilidad,Servicios Económicos,Transporte,Gastos En Personal,Remuneraciones Al Personal,1591355841.0,104006865.0,104006857.71,142676020.17,142676010.17,Fiscal
2025,2,Administracion Central,Min.Infraestructura,Min.Infraestructura,Min.Infraestructura,Subsecretaría De Gestión De La Movilidad,Coordinacion Gestion De La Movilidad,Servicios Económicos,Transporte,Bienes De Consumo,Bienes De Consumo,2910564.0,5.0,0.0,6.86,0.0,Fiscal
2025,2,Administracion Central,Min.Infraestructura,Min.Infraestructura,Min.Infraestructura,Subsecretaría De Gestión De La Movilidad,Coordinacion Gestion De La Movilidad,Servicios Económicos,Transporte,Servicios No Personales,Servicios No Personales,1204969643.0,507345426.0,231512793.0,695973542.07,317587920.03,Fiscal
2025,2,Administracion Central,Min.Infraestructura,Min.Infraestructura,Min.Infraestructura,Subsecretaría De Gestión De La Movilidad,Coordinacion Gestion De La Movilidad,Servicios Económicos,Transporte,Bienes De Uso,Maquinaria Y Equipo,10339413.0,0.0,0.0,0.0,0.0,Fiscal
2025,2,Administracion Central,Min.Infraestructura,Min.Infraestructura,Min.Infraestructura,Subsecretaría De Gestión De La Movilidad,Señalamiento Vial,Servicios Económicos,Transporte,Bienes De Consumo,Bienes De Consumo,16022586.0,0.0,0.0,0.0,0.0,Fiscal
2025,2,Administracion Central,Min.Infraestructura,Min.Infraestructura,Min.Infraestructura,Subsecretaría De Gestión De La Movilidad,Señalamiento Vial,Servicios Económicos,Transporte,Servicios No Personales,Servicios No Personales,708944994.0,0.0,0.0,0.0,0.0,Fiscal
2025,2,Administracion Central,Min.Infraestructura,Min.Infraestructura,Min.Infraestructura,Subsecretaría De Gestión De La Movilidad,Señalamiento Vial,Servicios Económicos,Transporte,Bienes De Uso,Bienes De Uso,1405291997.0,0.0,0.0,0.0,0.0,Fiscal
2025,2,Administracion Central,Min.Infraestructura,Min.Infraestructura,Min.Infraestructura,Subsecretaría De Gestión De La Movilidad,Demarcacion Horizontal,Servicios Económicos,Transporte,Bienes De Consumo,Bienes De Consumo,3823717.0,0.0,0.0,0.0,0.0,Fiscal
2025,2,Administracion Central,Min.Infraestructura,Min.Infraestructura,Min.Infraestructura,Subsecretaría De Gestión De La Movilidad,Demarcacion Horizontal,Servicios Económicos,Transporte,Servicios No Personales,Servicios No Personales,2380429500.0,0.0,0.0,0.0,0.0,Fiscal
2025,2,Administracion Central,Min.Infraestructura,Min.Infraestructura,Min.Infraestructura,Subsecretaría De Gestión De La Movilidad,Sistemas De Movilidad Urbana En El Marco De La Transicion Energetica,Servicios Económicos,Transporte,Bienes De Uso,Construcciones Del Dominio Público,26322871577.0,25756526887.0,0.0,35332655682.44,0.0,Fiscal
2025,2,Administracion Central,Min.Infraestructura,Min.Infraestructura,Min.Infraestructura,Subsecretaría De Gestión De La Movilidad,Sistemas De Movilidad Urbana En El Marco De La Transicion Energetica,Servicios Económicos,Transporte,Servicios No Personales,Servicios No Personales,900444212.0,359731656.0,0.0,493477820.02,0.0,Fiscal
2025,2,Administracion Central,Min.Infraestructura,Min.Infraestructura,Min.Infraestructura,Subsecretaría De Gestión De La Movilidad,Sistemas De Movilidad Urbana En El Marco De La Transicion Energetica,Servicios Económicos,Transporte,Bienes De Uso,Bienes De Uso,1261426115.0,500000000.0,0.0,685897128.86,0.0,Fiscal
2025,2,Administracion Central,Min.Infraestructura,Min.Infraestructura,Min.Infraestructura,Dirección General Gestión De Servicios De Movilidad,Micromovilidad,Servicios Económicos,Transporte,Bienes De Consumo,Bienes De Consumo,4188927.0,4188927.0,0.0,5746346.0,0.0,Fiscal
2025,2,Administracion Central,Min.Infraestructura,Min.Infraestructura,Min.Infraestructura,Dirección General Gestión De Servicios De Movilidad,Micromovilidad,Servicios Económicos,Transporte,Servicios No Personales,Servicios No Personales,5645364982.0,5644990982.0,1084058154.75,7743766214.0,1487104751.72,Fiscal
2025,2,Administracion Central,Min.Infraestructura,Min.Infraestructura,Min.Infraestructura,Dirección General Gestión De Servicios De Movilidad,Regulacion Y Operacion Servicios De Transporte,Servicios Económicos,Transporte,Gastos En Personal,Remuneraciones Al Personal,2200896515.0,2079287979.0,903877453.02,2852355309.74,1239933899.74,Fiscal
2025,2,Administracion Central,Min.Infraestructura,Min.Infraestructura,Min.Infraestructura,Dirección General Gestión De Servicios De Movilidad,Regulacion Y Operacion Servicios De Transporte,Servicios Económicos,Transporte,Bienes De Consumo,Bienes De Consumo,5920588.0,4335588.0,499228.7,5947534.72,684839.06,Fiscal
2025,2,Administracion Central,Min.Infraestructura,Min.Infraestructura,Min.Infraestructura,Dirección General Gestión De Servicios De Movilidad,Regulacion Y Operacion Servicios De Transporte,Servicios Económicos,Transporte,Servicios No Personales,Servicios No Personales,3802551993.0,3254697064.0,445078701.73,4464774743.02,610556407.27,Fiscal
2025,2,Administracion Central,Min.Infraestructura,Min.Infraestructura,Min.Infraestructura,Dirección General Gestión De Servicios De Movilidad,Regulacion Y Operacion Servicios De Transporte,Servicios Económicos,Transporte,Bienes De Uso,Maquinaria Y Equipo,25848532.0,12888507.0,11938094.84,17680379.89,16376609.95,Fiscal
2025,2,Administracion Central,Min.Infraestructura,Min.Infraestructura,Min.Infraestructura,Dirección General Gestión De Servicios De Movilidad,Regulacion Y Operacion Servicios De Transporte,Servicios Económicos,Transporte,Transferencias,Al Sector Privado,2892811531.0,2694560838.0,347546648.0,3696383084.65,476762496.02,Fiscal
2025,2,Administracion Central,Min.Infraestructura,Min.Infraestructura,Min.Infraestructura,Dirección General Gestión De Servicios De Movilidad,Regulacion Y Operacion Servicios De Transporte,Servicios Económicos,Transporte,Servicios No Personales,Servicios No Personales,234747614.0,234747614.0,89075343.89,322025428.9,122193045.25,Fiscal
2025,2,Administracion Central,Min.Infraestructura,Min.Infraestructura,Min.Infraestructura,Dirección General Gestión De Servicios De Movilidad,Sistema De Estacionamiento Medido,Servicios Económicos,Transporte,Bienes De Consumo,Bienes De Consumo,2137300.0,0.0,0.0,0.0,0.0,Fiscal
2025,2,Administracion Central,Min.Infraestructura,Min.Infraestructura,Min.Infraestructura,Dirección General Gestión De Servicios De Movilidad,Sistema De Estacionamiento Medido,Servicios Económicos,Transporte,Servicios No Personales,Servicios No Personales,3585480880.0,0.0,0.0,0.0,0.0,Fiscal
2025,2,Administracion Central,Min.Infraestructura,Min.Infraestructura,Min.Infraestructura,Dirección General Gestión De Servicios De Movilidad,Sistema De Gestion De Acarreo,Servicios Económicos,Transporte,Bienes De Consumo,Bienes De Consumo,2137300.0,0.0,0.0,0.0,0.0,Fiscal
2025,2,Administracion Central,Min.Infraestructura,Min.Infraestructura,Min.Infraestructura,Dirección General Gestión De Servicios De Movilidad,Sistema De Gestion De Acarreo,Servicios Económicos,Transporte,Servicios No Personales,Servicios No Personales,101859786.0,0.0,0.0,0.0,0.0,Fiscal
2025,2,Administracion Central,Min.Infraestructura,Min.Infraestructura,Min.Infraestructura,Dirección General Gestión De Servicios De Movilidad,Sistema De Gestion De Acarreo,Servicios Económicos,Transporte,Transferencias,Al Sector Público,13163136780.0,1039000000.0,1039000000.0,1425294233.77,1425294233.77,Fiscal
2025,2,Administracion Central,Min.Infraestructura,Min.Infraestructura,Min.Infraestructura,Subsecretaría De Tránsito,Señalizacion Luminosa,Servicios Económicos,Transporte,Bienes De Consumo,Bienes De Consumo,209393.0,0.0,0.0,0.0,0.0,Fiscal
2025,2,Administracion Central,Min.Infraestructura,Min.Infraestructura,Min.Infraestructura,Subsecretaría De Tránsito,Señalizacion Luminosa,Servicios Económicos,Transporte,Bienes De Consumo,Bienes De Consumo,41811105.0,0.0,0.0,0.0,0.0,Fiscal
2025,2,Administracion Central,Min.Infraestructura,Min.Infraestructura,Min.Infraestructura,Subsecretaría De Tránsito,Señalizacion Luminosa,Servicios Económicos,Transporte,Bienes De Uso,Construcciones Del Dominio Público,23949030262.0,1765124860.0,0.0,2421388147.11,0.0,Fiscal
2025,2,Administracion Central,Min.Infraestructura,Min.Infraestructura,Min.Infraestructura,Subsecretaría De Tránsito,Señalizacion Luminosa,Servicios Económicos,Transporte,Bienes De Uso,Bienes De Uso,21310531.0,0.0,0.0,0.0,0.0,Fiscal
2025,2,Administracion Central,Min.Infraestructura,Min.Infraestructura,Min.Infraestructura,Subsecretaría De Tránsito,Señalizacion Luminosa,Servicios Económicos,Transporte,Servicios No Personales,Servicios No Personales,1905677471.0,64012887.0,0.0,87812510.81,0.0,Fiscal
2025,2,Administracion Central,Min.Infraestructura,Min.Infraestructura,Min.Infraestructura,Subsecretaría De Tránsito,Infraestructura De La Movilidad,Servicios Económicos,Transporte,Gastos En Personal,Remuneraciones Al Personal,187363790.0,15895274.0,15895268.46,21805045.6,21805038.0,Fiscal
2025,2,Administracion Central,Min.Infraestructura,Min.Infraestructura,Min.Infraestructura,Subsecretaría De Tránsito,Infraestructura De La Movilidad,Servicios Económicos,Transporte,Bienes De Consumo,Bienes De Consumo,2779692.0,5.0,0.0,6.86,0.0,Fiscal
2025,2,Administracion Central,Min.Infraestructura,Min.Infraestructura,Min.Infraestructura,Subsecretaría De Tránsito,Infraestructura De La Movilidad,Servicios Económicos,Transporte,Servicios No Personales,Servicios No Personales,8085889563.0,391256715.0,181373932.0,536723714.93,248807718.42,Fiscal
2025,2,Administracion Central,Min.Infraestructura,Min.Infraestructura,Min.Infraestructura,Subsecretaría De Tránsito,Infraestructura De La Movilidad,Servicios Económicos,Transporte,Bienes De Uso,Maquinaria Y Equipo,10339413.0,0.0,0.0,0.0,0.0,Fiscal
2025,2,Administracion Central,Min.Infraestructura,Min.Infraestructura,Min.Infraestructura,Dirección General Cuerpo De Agentes De Tránsito,Ordenamiento Y Control De Transito Y Seguridad Vial,Servicios De Seguridad,Seguridad Interior,Gastos En Personal,Remuneraciones Al Personal,15478065408.0,15293234989.0,7655385467.12,20979171939.9,10501613824.44,Fiscal
2025,2,Administracion Central,Min.Infraestructura,Min.Infraestructura,Min.Infraestructura,Dirección General Cuerpo De Agentes De Tránsito,Ordenamiento Y Control De Transito Y Seguridad Vial,Servicios De Seguridad,Seguridad Interior,Bienes De Consumo,Bienes De Consumo,603058103.0,2300252220.0,1088097653.83,3155472786.71,1492646113.36,Fiscal
2025,2,Administracion Central,Min.Infraestructura,Min.Infraestructura,Min.Infraestructura,Dirección General Cuerpo De Agentes De Tránsito,Ordenamiento Y Control De Transito Y Seguridad Vial,Servicios De Seguridad,Seguridad Interior,Servicios No Personales,Servicios No Personales,11725873118.0,11157513784.0,4742747155.45,15305813339.34,6506073313.67,Fiscal
2025,2,Administracion Central,Min.Infraestructura,Min.Infraestructura,Min.Infraestructura,Dirección General Cuerpo De Agentes De Tránsito,Ordenamiento Y Control De Transito Y Seguridad Vial,Servicios De Seguridad,Seguridad Interior,Bienes De Uso,Maquinaria Y Equipo,121386267.0,226305407.0,17110025.4,310444457.81,23471434.59,Fiscal
2025,2,Administracion Central,Min.Infraestructura,Min.Infraestructura,Min.Infraestructura,Direccion General Diseño Y Planificacion De La Movilidad,Diseño E Implementacion De Mejoras Para La Movilidad,Servicios Económicos,Transporte,Gastos En Personal,Remuneraciones Al Personal,0.0,393523191.0,190968775.93,539832853.69,261969870.22,Fiscal
2025,2,Administracion Central,Min.Infraestructura,Min.Infraestructura,Min.Infraestructura,Direccion General Diseño Y Planificacion De La Movilidad,Diseño E Implementacion De Mejoras Para La Movilidad,Servicios Económicos,Transporte,Bienes De Consumo,Bienes De Consumo,0.0,2579688.0,695340.9,3538801.19,953864.65,Fiscal
2025,2,Administracion Central,Min.Infraestructura,Min.Infraestructura,Min.Infraestructura,Direccion General Diseño Y Planificacion De La Movilidad,Diseño E Implementacion De Mejoras Para La Movilidad,Servicios Económicos,Transporte,Servicios No Personales,Servicios No Personales,0.0,2617412.0,0.0,3590550.75,0.0,Fiscal
2025,2,Administracion Central,Min.Infraestructura,Min.Infraestructura,Min.Infraestructura,Direccion General Diseño Y Planificacion De La Movilidad,Diseño E Implementacion De Mejoras Para La Movilidad,Servicios Económicos,Transporte,Servicios No Personales,Servicios No Personales,0.0,670631836.0,202369660.0,919968901.67,277609537.53,Fiscal
2025,2,Administracion Central,Min.Infraestructura,Min.Infraestructura,Min.Infraestructura,Dir. Gral. Seguridad Vial,Movilidad Y Seguridad Vial,Servicios Económicos,Transporte,Gastos En Personal,Remuneraciones Al Personal,0.0,1447211834.0,770013313.1,1985276883.59,1056299841.28,Fiscal
2025,2,Administracion Central,Min.Infraestructura,Min.Infraestructura,Min.Infraestructura,Dir. Gral. Seguridad Vial,Movilidad Y Seguridad Vial,Servicios Económicos,Transporte,Bienes De Consumo,Bienes De Consumo,0.0,1110000.0,919150.62,1522691.63,1260885.54,Fiscal
2025,2,Administracion Central,Min.Infraestructura,Min.Infraestructura,Min.Infraestructura,Dir. Gral. Seguridad Vial,Movilidad Y Seguridad Vial,Servicios Económicos,Transporte,Servicios No Personales,Servicios No Personales,0.0,58606170.0,22970678.04,80395607.47,31511044.23,Fiscal
2025,2,Administracion Central,Min.Infraestructura,Min.Infraestructura,Min.Infraestructura,Dir. Gral. Seguridad Vial,Movilidad Y Seguridad Vial,Servicios Económicos,Transporte,Bienes De Uso,Maquinaria Y Equipo,0.0,850000.0,386646.74,1166025.12,530399.78,Fiscal
2025,2,Administracion Central,Min.Infraestructura,Min.Infraestructura,Min.Infraestructura,Dir. Gral. Seguridad Vial,Movilidad Y Seguridad Vial,Servicios Económicos,Transporte,Servicios No Personales,Servicios No Personales,0.0,180000000.0,0.0,246922966.39,0.0,Fiscal
2025,2,Administracion Central,Min.Infraestructura,Min.Infraestructura,Min.Infraestructura,Subsecretaría De Planificación De La Movilidad Y La Seguridad Vial,Coordinacion Planificacion De La Movilidad Y La Seguridad Vial,Servicios Económicos,Transporte,Gastos En Personal,Remuneraciones Al Personal,0.0,693645176.0,233490299.28,951538469.33,320300651.79,Fiscal
2025,2,Administracion Central,Min.Infraestructura,Min.Infraestructura,Min.Infraestructura,Subsecretaría De Planificación De La Movilidad Y La Seguridad Vial,Coordinacion Planificacion De La Movilidad Y La Seguridad Vial,Servicios Económicos,Transporte,Bienes De Consumo,Bienes De Consumo,0.0,3110946.0,1362570.5,4267577.86,1869166.39,Fiscal
2025,2,Administracion Central,Min.Infraestructura,Min.Infraestructura,Min.Infraestructura,Subsecretaría De Planificación De La Movilidad Y La Seguridad Vial,Coordinacion Planificacion De La Movilidad Y La Seguridad Vial,Servicios Económicos,Transporte,Servicios No Personales,Servicios No Personales,0.0,264090857.0,143762128.0,362278321.15,197212061.67,Fiscal
2025,2,Administracion Central,Min.Infraestructura,Min.Infraestructura,Min.Infraestructura,Subsecretaría De Planificación De La Movilidad Y La Seguridad Vial,Coordinacion Planificacion De La Movilidad Y La Seguridad Vial,Servicios Económicos,Transporte,Bienes De Uso,Maquinaria Y Equipo,0.0,10339413.0,9482042.68,14183547.38,13007411.7,Fiscal
2025,2,Administracion Central,Min.Infraestructura,Min.Infraestructura,Min.Infraestructura,Subsecretaría De Planificación De La Movilidad Y La Seguridad Vial,Coordinacion Planificacion De La Movilidad Y La Seguridad Vial,Servicios Económicos,Transporte,Servicios No Personales,Servicios No Personales,0.0,870197493.0,148785518.83,1193731923.98,204103120.36,Fiscal
2025,2,Administracion Central,Min.Infraestructura,Min.Infraestructura,Min.Infraestructura,Dir. Gral. Transporte Colectivo De Pasajeros,Transporte Automotor De Pasajeros,Servicios Económicos,Transporte,Gastos En Personal,Remuneraciones Al Personal,0.0,87128834.0,87128831.0,119522834.16,119522830.05,Fiscal
2025,2,Administracion Central,Min.Infraestructura,Min.Infraestructura,Min.Infraestructura,Dir. Gral. Transporte Colectivo De Pasajeros,Transporte Automotor De Pasajeros,Servicios Económicos,Transporte,Bienes De Consumo,Bienes De Consumo,0.0,900100.0,805505.65,1234752.01,1104988.03,Fiscal
2025,2,Administracion Central,Min.Infraestructura,Min.Infraestructura,Min.Infraestructura,Dir. Gral. Transporte Colectivo De Pasajeros,Transporte Automotor De Pasajeros,Servicios Económicos,Transporte,Servicios No Personales,Servicios No Personales,0.0,11335000.0,11335000.0,15549287.91,15549287.91,Fiscal
2025,2,Administracion Central,Min.Infraestructura,Min.Infraestructura,Min.Infraestructura,Dir. Gral. Transporte Colectivo De Pasajeros,Transporte Automotor De Pasajeros,Servicios Económicos,Transporte,Bienes De Uso,Maquinaria Y Equipo,0.0,7300000.0,6660136.65,10014098.08,9136337.21,Fiscal
2025,2,Administracion Central,Min.Infraestructura,Min.Infraestructura,Min.Infraestructura,Subsecretaría De Gestión Y Control De La Movilidad,Coordinacion Gestion De La Movilidad,Servicios Económicos,Transporte,Gastos En Personal,Remuneraciones Al Personal,0.0,1057501631.0,271880828.08,1450674664.94,372964558.74,Fiscal
2025,2,Administracion Central,Min.Infraestructura,Min.Infraestructura,Min.Infraestructura,Subsecretaría De Gestión Y Control De La Movilidad,Coordinacion Gestion De La Movilidad,Servicios Económicos,Transporte,Bienes De Consumo,Bienes De Consumo,0.0,2890559.0,862422.49,3965252.24,1183066.22,Fiscal
2025,2,Administracion Central,Min.Infraestructura,Min.Infraestructura,Min.Infraestructura,Subsecretaría De Gestión Y Control De La Movilidad,Coordinacion Gestion De La Movilidad,Servicios Económicos,Transporte,Servicios No Personales,Servicios No Personales,0.0,314103630.0,81732618.0,430885555.96,112120336.04,Fiscal
2025,2,Administracion Central,Min.Infraestructura,Min.Infraestructura,Min.Infraestructura,Subsecretaría De Gestión Y Control De La Movilidad,Coordinacion Gestion De La Movilidad,Servicios Económicos,Transporte,Servicios No Personales,Servicios No Personales,0.0,257962860.0,0.0,353871970.05,0.0,Fiscal
2025,2,Administracion Central,Min.Infraestructura,Min.Infraestructura,Min.Infraestructura,Subsecretaría De Gestión Y Control De La Movilidad,Coordinacion Gestion De La Movilidad,Servicios Económicos,Transporte,Bienes De Uso,Bienes De Uso,0.0,680000000.0,0.0,932820095.25,0.0,Fiscal
2025,2,Administracion Central,Min.Infraestructura,Min.Infraestructura,Min.Infraestructura,Subsecretaría De Gestión Y Control De La Movilidad,Sistemas De Movilidad Urbana En El Marco De La Transicion Energetica,Servicios Económicos,Transporte,Servicios No Personales,Servicios No Personales,0.0,100000.0,0.0,137179.43,0.0,Fiscal
2025,2,Administracion Central,Min.Infraestructura,Min.Infraestructura,Min.Infraestructura,Subsecretaría De Gestión Y Control De La Movilidad,Sistemas De Movilidad Urbana En El Marco De La Transicion Energetica,Servicios Económicos,Transporte,Bienes De Uso,Construcciones Del Dominio Público,0.0,142250158.0,374758.91,195137949.9,514092.12,Fiscal
2025,2,Administracion Central,Min.Infraestructura,Min.Infraestructura,Min.Infraestructura,Subsecretaría De Gestión Y Control De La Movilidad,Sistemas De Movilidad Urbana En El Marco De La Transicion Energetica,Servicios Económicos,Transporte,Activos Financieros,Activos Financieros,0.0,35587540.0,32124142.7,48818783.02,44067714.49,Fiscal
2025,2,Administracion Central,Min.Infraestructura,Min.Infraestructura,Min.Infraestructura,Dirección General Control De La Movilidad,Fiscalizacion Del Transporte Publico De Pasajeros,Servicios Económicos,Transporte,Gastos En Personal,Remuneraciones Al Personal,0.0,186261340.0,186261334.21,255512236.65,255512228.7,Fiscal
2025,2,Administracion Central,Min.Infraestructura,Min.Infraestructura,Min.Infraestructura,Dirección General Control De La Movilidad,Fiscalizacion Del Transporte Publico De Pasajeros,Servicios Económicos,Transporte,Bienes De Consumo,Bienes De Consumo,0.0,8000100.0,0.0,10974491.24,0.0,Fiscal
2025,2,Administracion Central,Min.Infraestructura,Min.Infraestructura,Min.Infraestructura,Dirección General Control De La Movilidad,Fiscalizacion Del Transporte Publico De Pasajeros,Servicios Económicos,Transporte,Servicios No Personales,Servicios No Personales,0.0,12291250.0,5242840.2,16861066.17,7192098.08,Fiscal
2025,2,Administracion Central,Min.Infraestructura,Min.Infraestructura,Min.Infraestructura,Dirección General Control De La Movilidad,Fiscalizacion Del Transporte Publico De Pasajeros,Servicios Económicos,Transporte,Bienes De Uso,Maquinaria Y Equipo,0.0,15500000.0,0.0,21262810.99,0.0,Fiscal
2025,2,Administracion Central,Min.Infraestructura,Min.Infraestructura,Min.Infraestructura,Secretaría De Tránsito,Actividades Comunes,Servicios Económicos,Transporte,Gastos En Personal,Remuneraciones Al Personal,0.0,124598916.0,124598909.87,170924077.49,170924069.08,Fiscal
2025,2,Administracion Central,Min.Infraestructura,Min.Infraestructura,Min.Infraestructura,Secretaría De Tránsito,Actividades Comunes,Servicios Económicos,Transporte,Bienes De Consumo,Bienes De Consumo,0.0,1245100.0,0.0,1708021.03,0.0,Fiscal
2025,2,Administracion Central,Min.Infraestructura,Min.Infraestructura,Min.Infraestructura,Secretaría De Tránsito,Actividades Comunes,Servicios Económicos,Transporte,Servicios No Personales,Servicios No Personales,0.0,186427452.0,82449734.0,255740108.14,113104071.65,Fiscal
2025,2,Administracion Central,Min.Infraestructura,Min.Infraestructura,Min.Infraestructura,Dirección General Gestión Integral Del Tránsito,Señalamiento Vial,Servicios Económicos,Transporte,Bienes De Consumo,Bienes De Consumo,0.0,15875566.0,959116.41,21778010.28,1315710.38,Fiscal
2025,2,Administracion Central,Min.Infraestructura,Min.Infraestructura,Min.Infraestructura,Dirección General Gestión Integral Del Tránsito,Señalamiento Vial,Servicios Económicos,Transporte,Servicios No Personales,Servicios No Personales,0.0,709092014.0,504293001.53,972728353.0,691786243.71,Fiscal
2025,2,Administracion Central,Min.Infraestructura,Min.Infraestructura,Min.Infraestructura,Dirección General Gestión Integral Del Tránsito,Señalamiento Vial,Servicios Económicos,Transporte,Bienes De Uso,Construcciones Del Dominio Público,0.0,524624.0,0.0,719676.19,0.0,Fiscal
2025,2,Administracion Central,Min.Infraestructura,Min.Infraestructura,Min.Infraestructura,Dirección General Gestión Integral Del Tránsito,Señalamiento Vial,Servicios Económicos,Transporte,Bienes De Uso,Bienes De Uso,0.0,1405291997.0,1038211510.07,1927771491.91,1424212587.81,Fiscal
2025,2,Administracion Central,Min.Infraestructura,Min.Infraestructura,Min.Infraestructura,Dirección General Gestión Integral Del Tránsito,Demarcacion Horizontal,Servicios Económicos,Transporte,Bienes De Uso,Construcciones Del Dominio Público,0.0,54907991.0,0.0,75322466.76,0.0,Fiscal
2025,2,Administracion Central,Min.Infraestructura,Min.Infraestructura,Min.Infraestructura,Dirección General Gestión Integral Del Tránsito,Demarcacion Horizontal,Servicios Económicos,Transporte,Bienes De Consumo,Bienes De Consumo,0.0,3823717.0,0.0,5245353.02,0.0,Fiscal
2025,2,Administracion Central,Min.Infraestructura,Min.Infraestructura,Min.Infraestructura,Dirección General Gestión Integral Del Tránsito,Demarcacion Horizontal,Servicios Económicos,Transporte,Servicios No Personales,Servicios No Personales,0.0,2380429500.0,1097723623.52,3265459519.01,1505850963.31,Fiscal
2025,2,Administracion Central,Min.Infraestructura,Min.Infraestructura,Min.Infraestructura,Dirección General Gestión Integral Del Tránsito,Infraestructura De La Movilidad,Servicios Económicos,Transporte,Gastos En Personal,Remuneraciones Al Personal,0.0,446681108.0,379703122.87,612754578.99,520874563.59,Fiscal
2025,2,Administracion Central,Min.Infraestructura,Min.Infraestructura,Min.Infraestructura,Dirección General Gestión Integral Del Tránsito,Infraestructura De La Movilidad,Servicios Económicos,Transporte,Bienes De Consumo,Bienes De Consumo,0.0,4139687.0,1113028.48,5678798.86,1526846.08,Fiscal
2025,2,Administracion Central,Min.Infraestructura,Min.Infraestructura,Min.Infraestructura,Dirección General Gestión Integral Del Tránsito,Infraestructura De La Movilidad,Servicios Económicos,Transporte,Servicios No Personales,Servicios No Personales,0.0,5782072130.0,2090653956.7,7931813345.67,2867947092.68,Fiscal
2025,2,Administracion Central,Min.Infraestructura,Min.Infraestructura,Min.Infraestructura,Dirección General Gestión Integral Del Tránsito,Infraestructura De La Movilidad,Servicios Económicos,Transporte,Bienes De Uso,Maquinaria Y Equipo,0.0,10339413.0,8321087.39,14183547.38,11414819.9,Fiscal
2025,2,Administracion Central,Min.Infraestructura,Min.Infraestructura,Min.Infraestructura,Dirección General Gestión Integral Del Tránsito,Señalizacion Luminosa,Servicios Económicos,Transporte,Bienes De Consumo,Bienes De Consumo,0.0,209093.0,0.0,286832.58,0.0,Fiscal
2025,2,Administracion Central,Min.Infraestructura,Min.Infraestructura,Min.Infraestructura,Dirección General Gestión Integral Del Tránsito,Señalizacion Luminosa,Servicios Económicos,Transporte,Bienes De Consumo,Bienes De Consumo,0.0,41811105.0,0.0,57356233.75,0.0,Fiscal
2025,2,Administracion Central,Min.Infraestructura,Min.Infraestructura,Min.Infraestructura,Dirección General Gestión Integral Del Tránsito,Señalizacion Luminosa,Servicios Económicos,Transporte,Bienes De Uso,Construcciones Del Dominio Público,0.0,22183905402.0,8429858335.84,30431754044.3,11564031258.51,Fiscal
2025,2,Administracion Central,Min.Infraestructura,Min.Infraestructura,Min.Infraestructura,Dirección General Gestión Integral Del Tránsito,Señalizacion Luminosa,Servicios Económicos,Transporte,Bienes De Uso,Bienes De Uso,0.0,19386519.0,0.0,26594315.44,0.0,Fiscal
2025,2,Administracion Central,Min.Infraestructura,Min.Infraestructura,Min.Infraestructura,Dirección General Gestión Integral Del Tránsito,Señalizacion Luminosa,Servicios Económicos,Transporte,Servicios No Personales,Servicios No Personales,0.0,1841664584.0,797544306.08,2526384900.98,1094066699.36,Fiscal
2025,2,Administracion Central,Min.Infraestructura,Min.Infraestructura,Min.Infraestructura,Dirección General Gestión Integral Del Tránsito,Sistema De Estacionamiento Medido,Servicios Económicos,Transporte,Bienes De Consumo,Bienes De Consumo,0.0,1221196.0,0.0,1675229.66,0.0,Fiscal
2025,2,Administracion Central,Min.Infraestructura,Min.Infraestructura,Min.Infraestructura,Dirección General Gestión Integral Del Tránsito,Sistema De Estacionamiento Medido,Servicios Económicos,Transporte,Servicios No Personales,Servicios No Personales,0.0,1737385882.0,179392204.39,2383335976.37,246089195.86,Fiscal
2025,2,Administracion Central,Min.Infraestructura,Min.Infraestructura,Min.Infraestructura,Dirección General Gestión Integral Del Tránsito,Sistema De Gestion De Acarreo,Servicios Económicos,Transporte,Bienes De Consumo,Bienes De Consumo,0.0,2137300.0,0.0,2931935.87,0.0,Fiscal
2025,2,Administracion Central,Min.Infraestructura,Min.Infraestructura,Min.Infraestructura,Dirección General Gestión Integral Del Tránsito,Sistema De Gestion De Acarreo,Servicios Económicos,Transporte,Servicios No Personales,Servicios No Personales,0.0,101859786.0,13067990.12,139730669.53,17926593.81,Fiscal
2025,2,Administracion Central,Min.Infraestructura,Min.Infraestructura,Min.Infraestructura,Dirección General Gestión Integral Del Tránsito,Sistema De Gestion De Acarreo,Servicios Económicos,Transporte,Transferencias,Al Sector Público,0.0,12112655672.0,6069500000.0,16616071496.61,8326105247.24,Fiscal
2025,2,Administracion Central,Ministerio De Espacio Publico E Higiene Urbana,Ministerio De Espacio Publico E Higiene Urbana,Ministerio De Espacio Publico E Higiene Urbana,Dir. Gral. Regeneracion Urbana,Regeneracion Urbana,Servicios Sociales,Vivienda Y Urbanismo,Gastos En Personal,Remuneraciones Al Personal,612301586.0,714524319.0,398366268.79,980180357.81,546476560.0,Fiscal
2025,2,Administracion Central,Ministerio De Espacio Publico E Higiene Urbana,Ministerio De Espacio Publico E Higiene Urbana,Ministerio De Espacio Publico E Higiene Urbana,Dir. Gral. Regeneracion Urbana,Regeneracion Urbana,Servicios Sociales,Vivienda Y Urbanismo,Bienes De Consumo,Bienes De Consumo,458599763.0,77766035.0,1284718.0,106679000.26,1762368.78,Fiscal
2025,2,Administracion Central,Ministerio De Espacio Publico E Higiene Urbana,Ministerio De Espacio Publico E Higiene Urbana,Ministerio De Espacio Publico E Higiene Urbana,Dir. Gral. Regeneracion Urbana,Regeneracion Urbana,Servicios Sociales,Vivienda Y Urbanismo,Servicios No Personales,Servicios No Personales,832440288.0,515802592.0,246218718.16,707575033.82,337761423.72,Fiscal
2025,2,Administracion Central,Ministerio De Espacio Publico E Higiene Urbana,Ministerio De Espacio Publico E Higiene Urbana,Ministerio De Espacio Publico E Higiene Urbana,Dir. Gral. Regeneracion Urbana,Regeneracion Urbana,Servicios Sociales,Vivienda Y Urbanismo,Bienes De Uso,Maquinaria Y Equipo,0.0,80000.0,59097.52,109743.54,81069.64,Fiscal
2025,2,Administracion Central,Ministerio De Espacio Publico E Higiene Urbana,Ministerio De Espacio Publico E Higiene Urbana,Ministerio De Espacio Publico E Higiene Urbana,Dir. Gral. Regeneracion Urbana,Regeneracion Urbana,Servicios Sociales,Vivienda Y Urbanismo,Bienes De Uso,Construcciones Del Dominio Público,27618562386.0,17675718692.0,9278499198.95,24247449402.79,12728191921.39,Fiscal
2025,2,Administracion Central,Ministerio De Espacio Publico E Higiene Urbana,Ministerio De Espacio Publico E Higiene Urbana,Ministerio De Espacio Publico E Higiene Urbana,Dir. Gral. Regeneracion Urbana,Regeneracion Urbana,Servicios Sociales,Vivienda Y Urbanismo,Activos Financieros,Activos Financieros,0.0,2132555913.0,145670932.84,2925427955.72,199830549.19,Fiscal
2025,2,Administracion Central,Ministerio De Espacio Publico E Higiene Urbana,Ministerio De Espacio Publico E Higiene Urbana,Ministerio De Espacio Publico E Higiene Urbana,Dir. Gral. Regeneracion Urbana,Regeneracion Urbana,Servicios Sociales,Vivienda Y Urbanismo,Servicios No Personales,Servicios No Personales,0.0,18000000.0,0.0,24692296.64,0.0,Fiscal
2025,2,Administracion Central,Ministerio De Espacio Publico E Higiene Urbana,Ministerio De Espacio Publico E Higiene Urbana,Ministerio De Espacio Publico E Higiene Urbana,Dir. Gral. Sistema Pluvial,Mantenimiento De La Red Pluvial,Servicios Sociales,Agua Potable Y Alcantarillado,Gastos En Personal,Remuneraciones Al Personal,1080823716.0,1080823716.0,424629536.81,1482667767.22,582504360.25,Fiscal
2025,2,Administracion Central,Ministerio De Espacio Publico E Higiene Urbana,Ministerio De Espacio Publico E Higiene Urbana,Ministerio De Espacio Publico E Higiene Urbana,Dir. Gral. Sistema Pluvial,Mantenimiento De La Red Pluvial,Servicios Sociales,Agua Potable Y Alcantarillado,Bienes De Consumo,Bienes De Consumo,209765076.0,209765076.0,646104.92,287754526.73,886323.02,Fiscal
2025,2,Administracion Central,Ministerio De Espacio Publico E Higiene Urbana,Ministerio De Espacio Publico E Higiene Urbana,Ministerio De Espacio Publico E Higiene Urbana,Dir. Gral. Sistema Pluvial,Mantenimiento De La Red Pluvial,Servicios Sociales,Agua Potable Y Alcantarillado,Servicios No Personales,Servicios No Personales,3571878761.0,3750432795.0,285104913.32,5144822172.15,391105282.94,Fiscal
2025,2,Administracion Central,Ministerio De Espacio Publico E Higiene Urbana,Ministerio De Espacio Publico E Higiene Urbana,Ministerio De Espacio Publico E Higiene Urbana,Dir. Gral. Sistema Pluvial,Mantenimiento De La Red Pluvial,Servicios Sociales,Agua Potable Y Alcantarillado,Bienes De Uso,Maquinaria Y Equipo,0.0,11669974.0,0.0,16008803.32,0.0,Fiscal
2025,2,Administracion Central,Ministerio De Espacio Publico E Higiene Urbana,Ministerio De Espacio Publico E Higiene Urbana,Ministerio De Espacio Publico E Higiene Urbana,Dir. Gral. Sistema Pluvial,Mantenimiento De La Red Pluvial,Servicios Sociales,Agua Potable Y Alcantarillado,Servicios No Personales,Servicios No Personales,81102979264.0,82102979264.0,20887126513.96,112628395496.19,28652840212.16,Fiscal
2025,2,Administracion Central,Ministerio De Espacio Publico E Higiene Urbana,Ministerio De Espacio Publico E Higiene Urbana,Ministerio De Espacio Publico E Higiene Urbana,Dir. Gral. Sistema Pluvial,Mantenimiento De La Red Pluvial,Servicios Sociales,Agua Potable Y Alcantarillado,Bienes De Uso,Construcciones Del Dominio Público,4945392852.0,3368512852.0,696101027.73,4620906587.44,954907392.63,Fiscal
2025,2,Administracion Central,Ministerio De Espacio Publico E Higiene Urbana,Ministerio De Espacio Publico E Higiene Urbana,Ministerio De Espacio Publico E Higiene Urbana,Dg.Tecnico Administrativa Y Legal,"Tecnica, Administrativa Y Legal",Servicios Económicos,Ecología,Gastos En Personal,Remuneraciones Al Personal,1181864159.0,1309159411.0,643175947.67,1795897362.45,882305071.72,Fiscal
2025,2,Administracion Central,Ministerio De Espacio Publico E Higiene Urbana,Ministerio De Espacio Publico E Higiene Urbana,Ministerio De Espacio Publico E Higiene Urbana,Dg.Tecnico Administrativa Y Legal,"Tecnica, Administrativa Y Legal",Servicios Económicos,Ecología,Bienes De Consumo,Bienes De Consumo,287463214.0,84855242.0,2103111.01,116403933.71,2885035.61,Fiscal
2025,2,Administracion Central,Ministerio De Espacio Publico E Higiene Urbana,Ministerio De Espacio Publico E Higiene Urbana,Ministerio De Espacio Publico E Higiene Urbana,Dg.Tecnico Administrativa Y Legal,"Tecnica, Administrativa Y Legal",Servicios Económicos,Ecología,Servicios No Personales,Servicios No Personales,1641408076.0,1259258907.0,481776727.5,1727444137.61,660898548.29,Fiscal
2025,2,Administracion Central,Ministerio De Espacio Publico E Higiene Urbana,Ministerio De Espacio Publico E Higiene Urbana,Ministerio De Espacio Publico E Higiene Urbana,Dg.Tecnico Administrativa Y Legal,"Tecnica, Administrativa Y Legal",Servicios Económicos,Ecología,Bienes De Uso,Maquinaria Y Equipo,0.0,23777175.0,17801326.37,32617392.13,24419757.29,Fiscal
2025,2,Administracion Central,Ministerio De Espacio Publico E Higiene Urbana,Ministerio De Espacio Publico E Higiene Urbana,Ministerio De Espacio Publico E Higiene Urbana,Dg.Tecnico Administrativa Y Legal,"Tecnica, Administrativa Y Legal",Servicios Económicos,Ecología,Transferencias,Al Sector Público,0.0,158500000.0,84027750.0,217429389.85,115268784.94,Fiscal
2025,2,Administracion Central,Ministerio De Espacio Publico E Higiene Urbana,Ministerio De Espacio Publico E Higiene Urbana,Ministerio De Espacio Publico E Higiene Urbana,Dir. Gral. Comunicación,Gestion De Comunicacion,Servicios Sociales,Vivienda Y Urbanismo,Gastos En Personal,Remuneraciones Al Personal,344359894.0,349181894.0,167290312.93,479005717.09,229487890.65,Fiscal
2025,2,Administracion Central,Ministerio De Espacio Publico E Higiene Urbana,Ministerio De Espacio Publico E Higiene Urbana,Ministerio De Espacio Publico E Higiene Urbana,Dir. Gral. Comunicación,Gestion De Comunicacion,Servicios Sociales,Vivienda Y Urbanismo,Bienes De Consumo,Bienes De Consumo,709865.0,709865.0,448907.69,973788.73,615808.99,Fiscal
2025,2,Administracion Central,Ministerio De Espacio Publico E Higiene Urbana,Ministerio De Espacio Publico E Higiene Urbana,Ministerio De Espacio Publico E Higiene Urbana,Dir. Gral. Comunicación,Gestion De Comunicacion,Servicios Sociales,Vivienda Y Urbanismo,Servicios No Personales,Servicios No Personales,3602031821.0,2487285421.0,1300785696.08,3412043857.84,1784410348.41,Fiscal
2025,2,Administracion Central,Ministerio De Espacio Publico E Higiene Urbana,Ministerio De Espacio Publico E Higiene Urbana,Ministerio De Espacio Publico E Higiene Urbana,Dir. Gral. Comunicación,Gestion De Comunicacion,Servicios Sociales,Vivienda Y Urbanismo,Bienes De Uso,Maquinaria Y Equipo,0.0,12983689.0,12983688.4,17810950.01,17810949.19,Fiscal
2025,2,Administracion Central,Ministerio De Espacio Publico E Higiene Urbana,Ministerio De Espacio Publico E Higiene Urbana,Ministerio De Espacio Publico E Higiene Urbana,Direccion General De Limpieza,Servicios De Higiene Urbana,Servicios Sociales,Servicios Urbanos,Gastos En Personal,Remuneraciones Al Personal,2296846289.0,2312584709.0,1137706725.6,3172390424.3,1560699553.15,Fiscal
2025,2,Administracion Central,Ministerio De Espacio Publico E Higiene Urbana,Ministerio De Espacio Publico E Higiene Urbana,Ministerio De Espacio Publico E Higiene Urbana,Direccion General De Limpieza,Servicios De Higiene Urbana,Servicios Sociales,Servicios Urbanos,Bienes De Consumo,Bienes De Consumo,1592016.0,186592016.0,180085058.86,255965856.09,247039649.65,Fiscal
2025,2,Administracion Central,Ministerio De Espacio Publico E Higiene Urbana,Ministerio De Espacio Publico E Higiene Urbana,Ministerio De Espacio Publico E Higiene Urbana,Direccion General De Limpieza,Servicios De Higiene Urbana,Servicios Sociales,Servicios Urbanos,Servicios No Personales,Servicios No Personales,887626714624.0,913334078684.0,336829466360.24,1252906444520.18,462060727784.42,Fiscal
2025,2,Administracion Central,Ministerio De Espacio Publico E Higiene Urbana,Ministerio De Espacio Publico E Higiene Urbana,Ministerio De Espacio Publico E Higiene Urbana,Direccion General De Limpieza,Servicios De Higiene Urbana,Servicios Sociales,Servicios Urbanos,Bienes De Uso,Maquinaria Y Equipo,0.0,1406592.0,0.0,1929554.83,0.0,Fiscal
2025,2,Administracion Central,Ministerio De Espacio Publico E Higiene Urbana,Ministerio De Espacio Publico E Higiene Urbana,Ministerio De Espacio Publico E Higiene Urbana,Direccion General De Limpieza,Servicios De Higiene Urbana,Servicios Sociales,Servicios Urbanos,Servicios No Personales,Servicios No Personales,8797074183.0,14011007019.0,1877046817.54,19220218973.56,2574922045.78,Fiscal
2025,2,Administracion Central,Ministerio De Espacio Publico E Higiene Urbana,Ministerio De Espacio Publico E Higiene Urbana,Ministerio De Espacio Publico E Higiene Urbana,Direccion General De Limpieza,Servicios De Higiene Urbana,Servicios Sociales,Servicios Urbanos,Bienes De Uso,Bienes De Uso,16140978890.0,11473232674.0,9659639926.5,15738914699.7,13251038582.83,Fiscal
2025,2,Administracion Central,Ministerio De Espacio Publico E Higiene Urbana,Ministerio De Espacio Publico E Higiene Urbana,Ministerio De Espacio Publico E Higiene Urbana,Direccion General De Limpieza,Servicios De Higiene Urbana,Servicios Sociales,Servicios Urbanos,Bienes De Uso,Construcciones Del Dominio Público,94634877064.0,94634877064.0,50650189259.02,129819580936.59,69481638778.04,Fiscal
2025,2,Administracion Central,Ministerio De Espacio Publico E Higiene Urbana,Ministerio De Espacio Publico E Higiene Urbana,Ministerio De Espacio Publico E Higiene Urbana,Direccion General De Limpieza,Servicios De Higiene Urbana,Servicios Económicos,Ecología,Servicios No Personales,Servicios No Personales,5540151328.0,4540151328.0,1192248396.32,6228153520.94,1635519503.85,Fiscal
2025,2,Administracion Central,Ministerio De Espacio Publico E Higiene Urbana,Ministerio De Espacio Publico E Higiene Urbana,Ministerio De Espacio Publico E Higiene Urbana,Direccion General De Limpieza,Servicios De Higiene Urbana,Servicios Sociales,Agua Potable Y Alcantarillado,Servicios No Personales,Servicios No Personales,1738789973.0,2738789973.0,2387066843.28,3757056358.07,3274564588.41,Fiscal
2025,2,Administracion Central,Ministerio De Espacio Publico E Higiene Urbana,Ministerio De Espacio Publico E Higiene Urbana,Ministerio De Espacio Publico E Higiene Urbana,Direccion General De Limpieza,Control De Plagas,Servicios Económicos,Ecología,Gastos En Personal,Remuneraciones Al Personal,752370486.0,736862428.0,311673427.66,1010823647.46,427551818.35,Fiscal
2025,2,Administracion Central,Ministerio De Espacio Publico E Higiene Urbana,Ministerio De Espacio Publico E Higiene Urbana,Ministerio De Espacio Publico E Higiene Urbana,Direccion General De Limpieza,Control De Plagas,Servicios Económicos,Ecología,Servicios No Personales,Servicios No Personales,8954793742.0,8314785488.0,2849506032.39,11406174986.63,3908936012.58,Fiscal
2025,2,Administracion Central,Ministerio De Espacio Publico E Higiene Urbana,Ministerio De Espacio Publico E Higiene Urbana,Ministerio De Espacio Publico E Higiene Urbana,Dir.Gral. Control De Gestion,Control De Gestion Y Reclamos,Servicios Económicos,Ecología,Gastos En Personal,Remuneraciones Al Personal,497212597.0,508847128.0,229135367.69,698033568.25,314326581.64,Fiscal
2025,2,Administracion Central,Ministerio De Espacio Publico E Higiene Urbana,Ministerio De Espacio Publico E Higiene Urbana,Ministerio De Espacio Publico E Higiene Urbana,Dir.Gral. Control De Gestion,Control De Gestion Y Reclamos,Servicios Económicos,Ecología,Bienes De Consumo,Bienes De Consumo,458599762.0,54879282.0,1468038.55,75283083.92,2013846.85,Fiscal
2025,2,Administracion Central,Ministerio De Espacio Publico E Higiene Urbana,Ministerio De Espacio Publico E Higiene Urbana,Ministerio De Espacio Publico E Higiene Urbana,Dir.Gral. Control De Gestion,Control De Gestion Y Reclamos,Servicios Económicos,Ecología,Servicios No Personales,Servicios No Personales,105734286.0,113513513.0,50496145.57,155717185.31,69270322.53,Fiscal
2025,2,Administracion Central,Ministerio De Espacio Publico E Higiene Urbana,Ministerio De Espacio Publico E Higiene Urbana,Ministerio De Espacio Publico E Higiene Urbana,Dir.Gral. Control De Gestion,Control De Gestion Y Reclamos,Servicios Económicos,Ecología,Bienes De Uso,Maquinaria Y Equipo,0.0,26731545.0,8717583.01,36670179.93,11958730.31,Fiscal
2025,2,Administracion Central,Ministerio De Espacio Publico E Higiene Urbana,Ministerio De Espacio Publico E Higiene Urbana,Ministerio De Espacio Publico E Higiene Urbana,Dirección General Alumbrado,Mantenimiento Y Optimizacion Del Alumbrado Publico,Servicios Sociales,Servicios Urbanos,Gastos En Personal,Remuneraciones Al Personal,1209309230.0,1210322230.0,526517704.23,1660313085.11,722273963.25,Fiscal
2025,2,Administracion Central,Ministerio De Espacio Publico E Higiene Urbana,Ministerio De Espacio Publico E Higiene Urbana,Ministerio De Espacio Publico E Higiene Urbana,Dirección General Alumbrado,Mantenimiento Y Optimizacion Del Alumbrado Publico,Servicios Sociales,Servicios Urbanos,Bienes De Consumo,Bienes De Consumo,451926358.0,450494456.0,833973.04,617985707.88,1144039.43,Fiscal
2025,2,Administracion Central,Ministerio De Espacio Publico E Higiene Urbana,Ministerio De Espacio Publico E Higiene Urbana,Ministerio De Espacio Publico E Higiene Urbana,Dirección General Alumbrado,Mantenimiento Y Optimizacion Del Alumbrado Publico,Servicios Sociales,Servicios Urbanos,Servicios No Personales,Servicios No Personales,12803923234.0,12837058069.0,4379099215.79,17609802545.09,6007223158.21,Fiscal
2025,2,Administracion Central,Ministerio De Espacio Publico E Higiene Urbana,Ministerio De Espacio Publico E Higiene Urbana,Ministerio De Espacio Publico E Higiene Urbana,Dirección General Alumbrado,Mantenimiento Y Optimizacion Del Alumbrado Publico,Servicios Sociales,Servicios Urbanos,Bienes De Uso,Maquinaria Y Equipo,0.0,6491845.0,6491844.2,8905475.69,8905474.6,Fiscal
2025,2,Administracion Central,Ministerio De Espacio Publico E Higiene Urbana,Ministerio De Espacio Publico E Higiene Urbana,Ministerio De Espacio Publico E Higiene Urbana,Dirección General Alumbrado,Mantenimiento Y Optimizacion Del Alumbrado Publico,Servicios Sociales,Servicios Urbanos,Servicios No Personales,Servicios No Personales,50821957175.0,50821957175.0,18495136900.26,69717269018.84,25371522595.55,Fiscal
2025,2,Administracion Central,Ministerio De Espacio Publico E Higiene Urbana,Ministerio De Espacio Publico E Higiene Urbana,Ministerio De Espacio Publico E Higiene Urbana,Dirección General Alumbrado,Mantenimiento Y Optimizacion Del Alumbrado Publico,Servicios Sociales,Servicios Urbanos,Bienes De Consumo,Bienes De Consumo,557488652.0,557488652.0,276842219.79,764759731.56,379770567.4,Fiscal
2025,2,Administracion Central,Ministerio De Espacio Publico E Higiene Urbana,Ministerio De Espacio Publico E Higiene Urbana,Ministerio De Espacio Publico E Higiene Urbana,Dirección General Alumbrado,Mantenimiento Y Optimizacion Del Alumbrado Publico,Servicios Sociales,Servicios Urbanos,Bienes De Uso,Construcciones Del Dominio Público,3207310719.0,3207310719.0,0.0,4399770427.05,0.0,Fiscal
2025,2,Administracion Central,Ministerio De Espacio Publico E Higiene Urbana,Ministerio De Espacio Publico E Higiene Urbana,Ministerio De Espacio Publico E Higiene Urbana,Subsecretaría De Ordenamiento Urbano,Actividades Comunes,Servicios Sociales,Vivienda Y Urbanismo,Gastos En Personal,Remuneraciones Al Personal,185949827.0,185949827.0,96608497.2,255084904.9,132526981.71,Fiscal
2025,2,Administracion Central,Ministerio De Espacio Publico E Higiene Urbana,Ministerio De Espacio Publico E Higiene Urbana,Ministerio De Espacio Publico E Higiene Urbana,Subsecretaría De Ordenamiento Urbano,Actividades Comunes,Servicios Sociales,Vivienda Y Urbanismo,Bienes De Consumo,Bienes De Consumo,458599762.0,57599080.0,674008.94,79014087.19,924601.59,Fiscal
2025,2,Administracion Central,Ministerio De Espacio Publico E Higiene Urbana,Ministerio De Espacio Publico E Higiene Urbana,Ministerio De Espacio Publico E Higiene Urbana,Subsecretaría De Ordenamiento Urbano,Actividades Comunes,Servicios Sociales,Vivienda Y Urbanismo,Servicios No Personales,Servicios No Personales,55629619.0,73660155.0,35284868.0,101046577.65,48403579.31,Fiscal
2025,2,Administracion Central,Ministerio De Espacio Publico E Higiene Urbana,Ministerio De Espacio Publico E Higiene Urbana,Ministerio De Espacio Publico E Higiene Urbana,Subsecretaría De Ordenamiento Urbano,Actividades Comunes,Servicios Sociales,Vivienda Y Urbanismo,Bienes De Uso,Maquinaria Y Equipo,0.0,9702439.0,2702438.14,13309750.11,3707189.12,Fiscal
2025,2,Administracion Central,Ministerio De Espacio Publico E Higiene Urbana,Ministerio De Espacio Publico E Higiene Urbana,Ministerio De Espacio Publico E Higiene Urbana,Dirección General Permisos Y Ferias,Permisos Y Ferias,Servicios Sociales,Servicios Urbanos,Gastos En Personal,Remuneraciones Al Personal,3184093069.0,3223980069.0,1592536033.19,4422637345.66,2184631785.54,Fiscal
2025,2,Administracion Central,Ministerio De Espacio Publico E Higiene Urbana,Ministerio De Espacio Publico E Higiene Urbana,Ministerio De Espacio Publico E Higiene Urbana,Dirección General Permisos Y Ferias,Permisos Y Ferias,Servicios Sociales,Servicios Urbanos,Bienes De Consumo,Bienes De Consumo,458599760.0,107572923.0,1474341.56,147567918.06,2022493.29,Fiscal
2025,2,Administracion Central,Ministerio De Espacio Publico E Higiene Urbana,Ministerio De Espacio Publico E Higiene Urbana,Ministerio De Espacio Publico E Higiene Urbana,Dirección General Permisos Y Ferias,Permisos Y Ferias,Servicios Sociales,Servicios Urbanos,Servicios No Personales,Servicios No Personales,406572122.0,341010420.0,158161382.04,467796135.98,216964875.68,Fiscal
2025,2,Administracion Central,Ministerio De Espacio Publico E Higiene Urbana,Ministerio De Espacio Publico E Higiene Urbana,Ministerio De Espacio Publico E Higiene Urbana,Dirección General Permisos Y Ferias,Permisos Y Ferias,Servicios Sociales,Servicios Urbanos,Bienes De Uso,Bienes De Uso,15686515191.0,2677515191.0,0.0,3672999963.98,0.0,Fiscal
2025,2,Administracion Central,Ministerio De Espacio Publico E Higiene Urbana,Ministerio De Espacio Publico E Higiene Urbana,Ministerio De Espacio Publico E Higiene Urbana,Dirección General Permisos Y Ferias,Permisos Y Ferias,Servicios Sociales,Servicios Urbanos,Servicios No Personales,Servicios No Personales,416041014.0,416041014.0,89949579.0,570722673.98,123392315.96,Fiscal
2025,2,Administracion Central,Ministerio De Espacio Publico E Higiene Urbana,Ministerio De Espacio Publico E Higiene Urbana,Ministerio De Espacio Publico E Higiene Urbana,Dirección General De Obras Comunales,Obras Comunales,Servicios Sociales,Vivienda Y Urbanismo,Bienes De Consumo,Bienes De Consumo,423693047.0,423693047.0,522004.38,581219688.91,716082.61,Fiscal
2025,2,Administracion Central,Ministerio De Espacio Publico E Higiene Urbana,Ministerio De Espacio Publico E Higiene Urbana,Ministerio De Espacio Publico E Higiene Urbana,Dirección General De Obras Comunales,Obras Comunales,Servicios Sociales,Vivienda Y Urbanismo,Servicios No Personales,Servicios No Personales,781929680.0,636255614.0,214656232.0,872811797.73,294464186.44,Fiscal
2025,2,Administracion Central,Ministerio De Espacio Publico E Higiene Urbana,Ministerio De Espacio Publico E Higiene Urbana,Ministerio De Espacio Publico E Higiene Urbana,Dirección General De Obras Comunales,Obras Comunales,Servicios Sociales,Vivienda Y Urbanismo,Gastos En Personal,Remuneraciones Al Personal,3428964139.0,3447412799.0,1614711164.99,4729141081.66,2215051504.01,Fiscal
2025,2,Administracion Central,Ministerio De Espacio Publico E Higiene Urbana,Ministerio De Espacio Publico E Higiene Urbana,Ministerio De Espacio Publico E Higiene Urbana,Dirección General De Obras Comunales,Obras Comunales,Servicios Sociales,Vivienda Y Urbanismo,Bienes De Uso,Maquinaria Y Equipo,0.0,6918044.0,6491844.2,9490133.03,8905474.6,Fiscal
2025,2,Administracion Central,Ministerio De Espacio Publico E Higiene Urbana,Ministerio De Espacio Publico E Higiene Urbana,Ministerio De Espacio Publico E Higiene Urbana,Dirección General De Obras Comunales,Obras Comunales,Servicios Sociales,Vivienda Y Urbanismo,Bienes De Consumo,Bienes De Consumo,361310336.0,361310336.0,80300823.33,495643444.18,110156208.33,Fiscal
2025,2,Administracion Central,Ministerio De Espacio Publico E Higiene Urbana,Ministerio De Espacio Publico E Higiene Urbana,Ministerio De Espacio Publico E Higiene Urbana,Dirección General De Obras Comunales,Obras Comunales,Servicios Sociales,Vivienda Y Urbanismo,Bienes De Uso,Construcciones Del Dominio Público,0.0,4066498539.0,2405878999.76,5578399344.83,3300370996.64,Fiscal
2025,2,Administracion Central,Ministerio De Espacio Publico E Higiene Urbana,Ministerio De Espacio Publico E Higiene Urbana,Ministerio De Espacio Publico E Higiene Urbana,Dirección General De Obras Comunales,Obras Comunales,Servicios Sociales,Vivienda Y Urbanismo,Activos Financieros,Activos Financieros,0.0,562124700.0,150759226.0,771119435.58,206810640.53,Fiscal
2025,2,Administracion Central,Ministerio De Espacio Publico E Higiene Urbana,Ministerio De Espacio Publico E Higiene Urbana,Ministerio De Espacio Publico E Higiene Urbana,Dirección General De Obras Comunales,Obras Comunales,Servicios Económicos,Ecología,Transferencias,Transferencias,3333044467.0,3333044467.0,832586429.86,4572251260.56,1142137283.54,Fiscal
2025,2,Administracion Central,Ministerio De Espacio Publico E Higiene Urbana,Ministerio De Espacio Publico E Higiene Urbana,Ministerio De Espacio Publico E Higiene Urbana,Dirección General De Obras Comunales,Obras Comunales,Servicios Económicos,Ecología,Servicios No Personales,Servicios No Personales,5311193152.0,5311193152.0,2772240256.47,7285864267.56,3802943264.85,Fiscal
2025,2,Administracion Central,Ministerio De Espacio Publico E Higiene Urbana,Ministerio De Espacio Publico E Higiene Urbana,Ministerio De Espacio Publico E Higiene Urbana,Dirección General Parque De La Ciudad,Parque De La Ciudad,Servicios Sociales,Promoción Y Acción Social,Gastos En Personal,Remuneraciones Al Personal,1520752761.0,1520752761.0,740763346.37,2086159904.95,1016174904.88,Fiscal
2025,2,Administracion Central,Ministerio De Espacio Publico E Higiene Urbana,Ministerio De Espacio Publico E Higiene Urbana,Ministerio De Espacio Publico E Higiene Urbana,Dirección General Parque De La Ciudad,Parque De La Ciudad,Servicios Sociales,Promoción Y Acción Social,Bienes De Consumo,Bienes De Consumo,154315634.0,161315634.0,55641670.14,221291860.4,76328923.59,Fiscal
2025,2,Administracion Central,Ministerio De Espacio Publico E Higiene Urbana,Ministerio De Espacio Publico E Higiene Urbana,Ministerio De Espacio Publico E Higiene Urbana,Dirección General Parque De La Ciudad,Parque De La Ciudad,Servicios Sociales,Promoción Y Acción Social,Servicios No Personales,Servicios No Personales,1369734784.0,1560224644.0,813221336.72,2140307207.39,1115572359.97,Fiscal
2025,2,Administracion Central,Ministerio De Espacio Publico E Higiene Urbana,Ministerio De Espacio Publico E Higiene Urbana,Ministerio De Espacio Publico E Higiene Urbana,Dirección General Parque De La Ciudad,Parque De La Ciudad,Servicios Sociales,Promoción Y Acción Social,Bienes De Uso,Maquinaria Y Equipo,0.0,1188727.0,1188726.77,1630688.87,1630688.56,Fiscal
2025,2,Administracion Central,Ministerio De Espacio Publico E Higiene Urbana,Ministerio De Espacio Publico E Higiene Urbana,Ministerio De Espacio Publico E Higiene Urbana,Dirección General De Reciclado,Operacion Del Reciclado De Residuos Urbanos,Servicios Sociales,Trabajo,Gastos En Personal,Remuneraciones Al Personal,1991115332.0,2004855332.0,1001038680.41,2750249032.0,1373219113.54,Fiscal
2025,2,Administracion Central,Ministerio De Espacio Publico E Higiene Urbana,Ministerio De Espacio Publico E Higiene Urbana,Ministerio De Espacio Publico E Higiene Urbana,Dirección General De Reciclado,Operacion Del Reciclado De Residuos Urbanos,Servicios Sociales,Trabajo,Servicios No Personales,Servicios No Personales,48743189052.0,46968992608.0,12453954175.28,64431794350.62,17084262823.58,Fiscal
2025,2,Administracion Central,Ministerio De Espacio Publico E Higiene Urbana,Ministerio De Espacio Publico E Higiene Urbana,Ministerio De Espacio Publico E Higiene Urbana,Dirección General De Reciclado,Operacion Del Reciclado De Residuos Urbanos,Servicios Sociales,Trabajo,Bienes De Uso,Maquinaria Y Equipo,0.0,136300000.0,0.0,186975557.33,0.0,Fiscal
2025,2,Administracion Central,Ministerio De Espacio Publico E Higiene Urbana,Ministerio De Espacio Publico E Higiene Urbana,Ministerio De Espacio Publico E Higiene Urbana,Dirección General De Reciclado,Operacion Del Reciclado De Residuos Urbanos,Servicios Sociales,Trabajo,Bienes De Consumo,Bienes De Consumo,9228103672.0,9810103672.0,2988019392.62,13457443884.9,4098947844.76,Fiscal
2025,2,Administracion Central,Ministerio De Espacio Publico E Higiene Urbana,Ministerio De Espacio Publico E Higiene Urbana,Ministerio De Espacio Publico E Higiene Urbana,Dirección General De Reciclado,Operacion Del Reciclado De Residuos Urbanos,Servicios Sociales,Trabajo,Transferencias,Al Sector Privado,50330602094.0,48972102094.0,18961430330.4,67179648441.11,26011181245.43,Fiscal
2025,2,Administracion Central,Ministerio De Espacio Publico E Higiene Urbana,Ministerio De Espacio Publico E Higiene Urbana,Ministerio De Espacio Publico E Higiene Urbana,Dirección General De Reciclado,Operacion Del Reciclado De Residuos Urbanos,Servicios Sociales,Trabajo,Servicios No Personales,Servicios No Personales,4796298602.0,4159143147.0,982974936.83,5705488686.1,1348439373.83,Fiscal
2025,2,Administracion Central,Ministerio De Espacio Publico E Higiene Urbana,Ministerio De Espacio Publico E Higiene Urbana,Ministerio De Espacio Publico E Higiene Urbana,Dirección General Fiscalización,Intervenciones De Fiscalizacion En La Via Publica,Servicios Sociales,Vivienda Y Urbanismo,Bienes De Consumo,Bienes De Consumo,449627331.0,489627331.0,119076073.99,671667961.09,163347874.53,Fiscal
2025,2,Administracion Central,Ministerio De Espacio Publico E Higiene Urbana,Ministerio De Espacio Publico E Higiene Urbana,Ministerio De Espacio Publico E Higiene Urbana,Dirección General Fiscalización,Intervenciones De Fiscalizacion En La Via Publica,Servicios Sociales,Vivienda Y Urbanismo,Servicios No Personales,Servicios No Personales,2722593742.0,3837322727.0,1950418737.0,5264017281.92,2675573223.57,Fiscal
2025,2,Administracion Central,Ministerio De Espacio Publico E Higiene Urbana,Ministerio De Espacio Publico E Higiene Urbana,Ministerio De Espacio Publico E Higiene Urbana,Dirección General Fiscalización,Intervenciones De Fiscalizacion En La Via Publica,Servicios Sociales,Vivienda Y Urbanismo,Gastos En Personal,Remuneraciones Al Personal,1283528543.0,1283019143.0,721950610.45,1760038292.91,990367701.77,Fiscal
2025,2,Administracion Central,Ministerio De Espacio Publico E Higiene Urbana,Ministerio De Espacio Publico E Higiene Urbana,Ministerio De Espacio Publico E Higiene Urbana,Dirección General Fiscalización,Intervenciones De Fiscalizacion En La Via Publica,Servicios Sociales,Vivienda Y Urbanismo,Bienes De Uso,Maquinaria Y Equipo,0.0,70800483.0,53492704.65,97123696.02,73380985.07,Fiscal
2025,2,Administracion Central,Ministerio De Espacio Publico E Higiene Urbana,Ministerio De Espacio Publico E Higiene Urbana,Ministerio De Espacio Publico E Higiene Urbana,Dirección General Fiscalización,Intervenciones De Recuperacion Del Espacio Publico,Servicios De Seguridad,Seguridad Interior,Gastos En Personal,Remuneraciones Al Personal,249011573.0,487604565.0,118841214.56,668893142.31,163025695.71,Fiscal
2025,2,Administracion Central,Ministerio De Espacio Publico E Higiene Urbana,Ministerio De Espacio Publico E Higiene Urbana,Ministerio De Espacio Publico E Higiene Urbana,Dirección General Fiscalización,Intervenciones De Recuperacion Del Espacio Publico,Servicios De Seguridad,Seguridad Interior,Servicios No Personales,Servicios No Personales,5080225088.0,5080225088.0,3598914476.89,6969023603.65,4936970213.43,Fiscal
2025,2,Administracion Central,Ministerio De Espacio Publico E Higiene Urbana,Ministerio De Espacio Publico E Higiene Urbana,Ministerio De Espacio Publico E Higiene Urbana,Secretaría De Mantenimiento Urbano,Actividades Comunes,Servicios Económicos,Ecología,Gastos En Personal,Remuneraciones Al Personal,266352090.0,266484540.0,142459779.96,365561961.74,195425508.11,Fiscal
2025,2,Administracion Central,Ministerio De Espacio Publico E Higiene Urbana,Ministerio De Espacio Publico E Higiene Urbana,Ministerio De Espacio Publico E Higiene Urbana,Secretaría De Mantenimiento Urbano,Actividades Comunes,Servicios Económicos,Ecología,Bienes De Consumo,Bienes De Consumo,241947150.0,48161585.0,995761.44,66067785.75,1365979.83,Fiscal
2025,2,Administracion Central,Ministerio De Espacio Publico E Higiene Urbana,Ministerio De Espacio Publico E Higiene Urbana,Ministerio De Espacio Publico E Higiene Urbana,Secretaría De Mantenimiento Urbano,Actividades Comunes,Servicios Económicos,Ecología,Servicios No Personales,Servicios No Personales,279654049.0,274921852.0,29182037.71,377136217.9,40031751.76,Fiscal
2025,2,Administracion Central,Ministerio De Espacio Publico E Higiene Urbana,Ministerio De Espacio Publico E Higiene Urbana,Ministerio De Espacio Publico E Higiene Urbana,Secretaría De Mantenimiento Urbano,Actividades Comunes,Servicios Económicos,Ecología,Bienes De Uso,Maquinaria Y Equipo,0.0,10000183.0,10000182.2,13718193.62,13718192.52,Fiscal
2025,2,Administracion Central,Ministerio De Espacio Publico E Higiene Urbana,Ministerio De Espacio Publico E Higiene Urbana,Ministerio De Espacio Publico E Higiene Urbana,Subsecretaría Mantenimiento,Actividades Comunes,Servicios Económicos,Ecología,Gastos En Personal,Remuneraciones Al Personal,302427661.0,314698821.0,155891743.41,431702035.56,213851398.44,Fiscal
2025,2,Administracion Central,Ministerio De Espacio Publico E Higiene Urbana,Ministerio De Espacio Publico E Higiene Urbana,Ministerio De Espacio Publico E Higiene Urbana,Subsecretaría Mantenimiento,Actividades Comunes,Servicios Económicos,Ecología,Bienes De Consumo,Bienes De Consumo,458599763.0,102338645.0,921222.58,140387565.55,1263727.85,Fiscal
2025,2,Administracion Central,Ministerio De Espacio Publico E Higiene Urbana,Ministerio De Espacio Publico E Higiene Urbana,Ministerio De Espacio Publico E Higiene Urbana,Subsecretaría Mantenimiento,Actividades Comunes,Servicios Económicos,Ecología,Servicios No Personales,Servicios No Personales,169333530.0,118848695.0,48343518.5,163035957.34,66317361.08,Fiscal
2025,2,Administracion Central,Ministerio De Espacio Publico E Higiene Urbana,Ministerio De Espacio Publico E Higiene Urbana,Ministerio De Espacio Publico E Higiene Urbana,Subsecretaría Mantenimiento,Actividades Comunes,Servicios Económicos,Ecología,Bienes De Uso,Maquinaria Y Equipo,0.0,4908292.0,700000.0,6733166.78,960255.98,Fiscal
2025,2,Administracion Central,Ministerio De Espacio Publico E Higiene Urbana,Ministerio De Espacio Publico E Higiene Urbana,Ministerio De Espacio Publico E Higiene Urbana,Subsecretaría Mantenimiento,Actividades Comunes,Servicios Económicos,Ecología,Servicios No Personales,Servicios No Personales,698571478.0,698571478.0,0.0,958296342.13,0.0,Fiscal
2025,2,Administracion Central,Ministerio De Espacio Publico E Higiene Urbana,Ministerio De Espacio Publico E Higiene Urbana,Ministerio De Espacio Publico E Higiene Urbana,Subsecretaría De Gestión Comunal,Actividades Comunes,Servicios Sociales,Servicios Urbanos,Gastos En Personal,Remuneraciones Al Personal,614328216.0,614328216.0,299119851.42,842731919.07,410330894.55,Fiscal
2025,2,Administracion Central,Ministerio De Espacio Publico E Higiene Urbana,Ministerio De Espacio Publico E Higiene Urbana,Ministerio De Espacio Publico E Higiene Urbana,Subsecretaría De Gestión Comunal,Actividades Comunes,Servicios Sociales,Servicios Urbanos,Bienes De Consumo,Bienes De Consumo,17234160.0,1159934160.0,43730985.06,1591191020.02,59989914.19,Fiscal
2025,2,Administracion Central,Ministerio De Espacio Publico E Higiene Urbana,Ministerio De Espacio Publico E Higiene Urbana,Ministerio De Espacio Publico E Higiene Urbana,Subsecretaría De Gestión Comunal,Actividades Comunes,Servicios Sociales,Servicios Urbanos,Servicios No Personales,Servicios No Personales,2067497067.0,2697169870.0,1108318338.46,3699962139.77,1520384732.43,Fiscal
2025,2,Administracion Central,Ministerio De Espacio Publico E Higiene Urbana,Ministerio De Espacio Publico E Higiene Urbana,Ministerio De Espacio Publico E Higiene Urbana,Subsecretaría De Gestión Comunal,Actividades Comunes,Servicios Sociales,Servicios Urbanos,Bienes De Uso,Maquinaria Y Equipo,0.0,48900000.0,48900000.0,67080739.2,67080739.2,Fiscal
2025,2,Administracion Central,Ministerio De Espacio Publico E Higiene Urbana,Ministerio De Espacio Publico E Higiene Urbana,Ministerio De Espacio Publico E Higiene Urbana,Dirección General Espacios Verdes Y Arbolado,Cuidado Y Puesta En Valor De Espacios Verdes Y Arbolado Publico,Servicios Económicos,Ecología,Bienes De Consumo,Bienes De Consumo,11824934.0,11824934.0,4064294.14,16221376.56,5575375.36,Fiscal
2025,2,Administracion Central,Ministerio De Espacio Publico E Higiene Urbana,Ministerio De Espacio Publico E Higiene Urbana,Ministerio De Espacio Publico E Higiene Urbana,Dirección General Espacios Verdes Y Arbolado,Cuidado Y Puesta En Valor De Espacios Verdes Y Arbolado Publico,Servicios Económicos,Ecología,Servicios No Personales,Servicios No Personales,3912067607.0,4020779823.0,2447668684.47,5515682672.75,3357697846.16,Fiscal
2025,2,Administracion Central,Ministerio De Espacio Publico E Higiene Urbana,Ministerio De Espacio Publico E Higiene Urbana,Ministerio De Espacio Publico E Higiene Urbana,Dirección General Espacios Verdes Y Arbolado,Cuidado Y Puesta En Valor De Espacios Verdes Y Arbolado Publico,Servicios Económicos,Ecología,Bienes De Uso,Maquinaria Y Equipo,0.0,9088582.0,9088581.88,12467664.6,12467664.43,Fiscal
2025,2,Administracion Central,Ministerio De Espacio Publico E Higiene Urbana,Ministerio De Espacio Publico E Higiene Urbana,Ministerio De Espacio Publico E Higiene Urbana,Dirección General Espacios Verdes Y Arbolado,Cuidado Y Puesta En Valor De Espacios Verdes Y Arbolado Publico,Servicios Económicos,Ecología,Gastos En Personal,Remuneraciones Al Personal,10436421032.0,10271247129.0,4655824201.88,14090037831.2,6386832905.1,Fiscal
2025,2,Administracion Central,Ministerio De Espacio Publico E Higiene Urbana,Ministerio De Espacio Publico E Higiene Urbana,Ministerio De Espacio Publico E Higiene Urbana,Dirección General Espacios Verdes Y Arbolado,Cuidado Y Puesta En Valor De Espacios Verdes Y Arbolado Publico,Servicios Económicos,Ecología,Servicios No Personales,Servicios No Personales,6039107541.0,6039107541.0,1730981681.21,8284413046.51,2374550730.51,Fiscal
2025,2,Administracion Central,Ministerio De Espacio Publico E Higiene Urbana,Ministerio De Espacio Publico E Higiene Urbana,Ministerio De Espacio Publico E Higiene Urbana,Dirección General De Cementerios,Servicios Mortuorios,Servicios Sociales,Servicios Urbanos,Bienes De Consumo,Bienes De Consumo,146154579.0,146154579.0,9952486.67,200494012.21,13652764.06,Fiscal
2025,2,Administracion Central,Ministerio De Espacio Publico E Higiene Urbana,Ministerio De Espacio Publico E Higiene Urbana,Ministerio De Espacio Publico E Higiene Urbana,Dirección General De Cementerios,Servicios Mortuorios,Servicios Sociales,Servicios Urbanos,Servicios No Personales,Servicios No Personales,2601098937.0,2570382730.0,944790596.75,3526036269.16,1296058315.37,Fiscal
2025,2,Administracion Central,Ministerio De Espacio Publico E Higiene Urbana,Ministerio De Espacio Publico E Higiene Urbana,Ministerio De Espacio Publico E Higiene Urbana,Dirección General De Cementerios,Servicios Mortuorios,Servicios Sociales,Servicios Urbanos,Gastos En Personal,Remuneraciones Al Personal,3946572805.0,3946572805.0,1806251278.79,5413885911.58,2477805132.25,Fiscal
2025,2,Administracion Central,Ministerio De Espacio Publico E Higiene Urbana,Ministerio De Espacio Publico E Higiene Urbana,Ministerio De Espacio Publico E Higiene Urbana,Dirección General De Cementerios,Servicios Mortuorios,Servicios Sociales,Servicios Urbanos,Servicios No Personales,Servicios No Personales,10566201871.0,11063001871.0,4137812209.92,15176162439.8,5676227029.1,Fiscal
2025,2,Administracion Central,Ministerio De Espacio Publico E Higiene Urbana,Ministerio De Espacio Publico E Higiene Urbana,Ministerio De Espacio Publico E Higiene Urbana,Dirección General De Cementerios,Servicios Mortuorios,Servicios Sociales,Servicios Urbanos,Bienes De Uso,Construcciones Del Dominio Público,7304992422.0,4562798844.0,0.0,6259221253.34,0.0,Fiscal
2025,2,Administracion Central,Ministerio De Espacio Publico E Higiene Urbana,Ministerio De Espacio Publico E Higiene Urbana,Ministerio De Espacio Publico E Higiene Urbana,Dirección General De Cementerios,Servicios Mortuorios,Servicios Sociales,Servicios Urbanos,Bienes De Uso,Construcciones Del Dominio Privado,0.0,2303952741.0,2303880336.34,3160549140.17,3160449815.87,Fiscal
2025,2,Administracion Central,Ministerio De Espacio Publico E Higiene Urbana,Ministerio De Espacio Publico E Higiene Urbana,Ministerio De Espacio Publico E Higiene Urbana,Dirección General De Cementerios,Servicios Mortuorios,Servicios Sociales,Servicios Urbanos,Activos Financieros,Activos Financieros,0.0,963329000.0,423120968.0,1321489190.5,580434914.22,Fiscal
2025,2,Administracion Central,Ministerio De Espacio Publico E Higiene Urbana,Ministerio De Espacio Publico E Higiene Urbana,Ministerio De Espacio Publico E Higiene Urbana,Subsecretaría De Higiene,Actividades Comunes,Servicios Económicos,Ecología,Gastos En Personal,Remuneraciones Al Personal,272205513.0,260053004.0,136691949.19,356739217.59,187513230.98,Fiscal
2025,2,Administracion Central,Ministerio De Espacio Publico E Higiene Urbana,Ministerio De Espacio Publico E Higiene Urbana,Ministerio De Espacio Publico E Higiene Urbana,Subsecretaría De Higiene,Actividades Comunes,Servicios Económicos,Ecología,Bienes De Consumo,Bienes De Consumo,259798219.0,82988879.0,355667.97,113843667.67,487903.28,Fiscal
2025,2,Administracion Central,Ministerio De Espacio Publico E Higiene Urbana,Ministerio De Espacio Publico E Higiene Urbana,Ministerio De Espacio Publico E Higiene Urbana,Subsecretaría De Higiene,Actividades Comunes,Servicios Económicos,Ecología,Servicios No Personales,Servicios No Personales,1204873590.0,2500474042.0,428494333.41,3430135932.4,587806066.04,Fiscal
2025,2,Administracion Central,Ministerio De Espacio Publico E Higiene Urbana,Ministerio De Espacio Publico E Higiene Urbana,Ministerio De Espacio Publico E Higiene Urbana,Subsecretaría De Higiene,Actividades Comunes,Servicios Económicos,Ecología,Bienes De Uso,Maquinaria Y Equipo,0.0,25247940.0,7948763.73,34634979.11,10904068.44,Fiscal
2025,2,Administracion Central,Ministerio De Espacio Publico E Higiene Urbana,Ministerio De Espacio Publico E Higiene Urbana,Ministerio De Espacio Publico E Higiene Urbana,Subsecretaría De Higiene,Reciclado Y Economia Circular,Servicios Económicos,Ecología,Gastos En Personal,Remuneraciones Al Personal,96001778.0,109974244.0,58809940.65,150862036.42,80675138.88,Fiscal
2025,2,Administracion Central,Ministerio De Espacio Publico E Higiene Urbana,Ministerio De Espacio Publico E Higiene Urbana,Ministerio De Espacio Publico E Higiene Urbana,Subsecretaría De Higiene,Reciclado Y Economia Circular,Servicios Económicos,Ecología,Servicios No Personales,Servicios No Personales,39703040937.0,50153571378.0,15193554002.56,68800381220.57,20842430135.1,Fiscal
2025,2,Administracion Central,Ministerio De Espacio Publico E Higiene Urbana,Ministerio De Espacio Publico E Higiene Urbana,Ministerio De Espacio Publico E Higiene Urbana,Subsecretaría De Higiene,Reciclado Y Economia Circular,Servicios Económicos,Ecología,Bienes De Consumo,Bienes De Consumo,0.0,234151463.0,0.0,321207632.38,0.0,Fiscal
2025,2,Administracion Central,Ministerio De Espacio Publico E Higiene Urbana,Ministerio De Espacio Publico E Higiene Urbana,Ministerio De Espacio Publico E Higiene Urbana,Subsecretaría De Higiene,Reciclado Y Economia Circular,Servicios Económicos,Ecología,Bienes De Uso,Maquinaria Y Equipo,0.0,28614612.0,12339328.99,39253360.43,16927020.65,Fiscal
2025,2,Administracion Central,Ministerio De Espacio Publico E Higiene Urbana,Ministerio De Espacio Publico E Higiene Urbana,Ministerio De Espacio Publico E Higiene Urbana,Subsecretaría De Higiene,Reciclado Y Economia Circular,Servicios Económicos,Ecología,Bienes De Uso,Activos Intangibles,0.0,2373541235.0,2006837295.17,3256010236.64,2752967877.7,Fiscal
2025,2,Administracion Central,Ministerio De Espacio Publico E Higiene Urbana,Ministerio De Espacio Publico E Higiene Urbana,Ministerio De Espacio Publico E Higiene Urbana,Subsecretaría De Higiene,Reciclado Y Economia Circular,Servicios Económicos,Ecología,Servicios No Personales,Servicios No Personales,0.0,637155455.0,494994330.42,874046194.45,679030380.07,Fiscal
2025,2,Administracion Central,Ministerio De Espacio Publico E Higiene Urbana,Ministerio De Espacio Publico E Higiene Urbana,Ministerio De Espacio Publico E Higiene Urbana,Ss.Paisaje Urbano,Actividades Comunes,Servicios Sociales,Vivienda Y Urbanismo,Gastos En Personal,Remuneraciones Al Personal,252401660.0,252401660.0,112262842.23,346243147.83,154001522.33,Fiscal
2025,2,Administracion Central,Ministerio De Espacio Publico E Higiene Urbana,Ministerio De Espacio Publico E Higiene Urbana,Ministerio De Espacio Publico E Higiene Urbana,Ss.Paisaje Urbano,Actividades Comunes,Servicios Sociales,Vivienda Y Urbanismo,Bienes De Consumo,Bienes De Consumo,22229616.0,22229616.0,701170.68,30494459.58,961861.91,Fiscal
2025,2,Administracion Central,Ministerio De Espacio Publico E Higiene Urbana,Ministerio De Espacio Publico E Higiene Urbana,Ministerio De Espacio Publico E Higiene Urbana,Ss.Paisaje Urbano,Actividades Comunes,Servicios Sociales,Vivienda Y Urbanismo,Servicios No Personales,Servicios No Personales,888300873.0,837744823.0,113876236.34,1149213537.63,156214767.1,Fiscal
2025,2,Administracion Central,Ministerio De Espacio Publico E Higiene Urbana,Ministerio De Espacio Publico E Higiene Urbana,Ministerio De Espacio Publico E Higiene Urbana,Min.Esp.Público E Hig. Urbana,Actividades Centrales,Servicios Económicos,Ecología,Gastos En Personal,Remuneraciones Al Personal,325583991.0,498984621.0,372800959.25,684504237.78,511406215.17,Fiscal
2025,2,Administracion Central,Ministerio De Espacio Publico E Higiene Urbana,Ministerio De Espacio Publico E Higiene Urbana,Ministerio De Espacio Publico E Higiene Urbana,Min.Esp.Público E Hig. Urbana,Actividades Centrales,Servicios Económicos,Ecología,Bienes De Consumo,Bienes De Consumo,36748994.0,36748994.0,20974210.0,50412058.95,28772300.84,Fiscal
2025,2,Administracion Central,Ministerio De Espacio Publico E Higiene Urbana,Ministerio De Espacio Publico E Higiene Urbana,Ministerio De Espacio Publico E Higiene Urbana,Min.Esp.Público E Hig. Urbana,Actividades Centrales,Servicios Económicos,Ecología,Servicios No Personales,Servicios No Personales,7367511212.0,9643323222.0,2063739914.79,13228655421.29,2831026564.54,Fiscal
2025,2,Administracion Central,Ministerio De Espacio Publico E Higiene Urbana,Ministerio De Espacio Publico E Higiene Urbana,Ministerio De Espacio Publico E Higiene Urbana,Min.Esp.Público E Hig. Urbana,Actividades Centrales,Servicios Económicos,Ecología,Bienes De Uso,Maquinaria Y Equipo,134326265.0,0.0,0.0,0.0,0.0,Fiscal
2025,2,Administracion Central,Ministerio De Espacio Publico E Higiene Urbana,Ministerio De Espacio Publico E Higiene Urbana,Ministerio De Espacio Publico E Higiene Urbana,Min.Esp.Público E Hig. Urbana,Actividades Centrales,Administración Gubernamental,Control De La Gestión,Gastos En Personal,Remuneraciones Al Personal,246406467.0,241657730.0,120946613.54,331504686.35,165913869.95,Fiscal
2025,2,Administracion Central,Ministerio De Espacio Publico E Higiene Urbana,Ministerio De Espacio Publico E Higiene Urbana,Ministerio De Espacio Publico E Higiene Urbana,Min.Esp.Público E Hig. Urbana,Actividades Centrales,Administración Gubernamental,Control De La Gestión,Bienes De Consumo,Bienes De Consumo,4847826.0,4847826.0,438961.46,6650219.87,602164.81,Fiscal
2025,2,Administracion Central,Ministerio De Espacio Publico E Higiene Urbana,Ministerio De Espacio Publico E Higiene Urbana,Ministerio De Espacio Publico E Higiene Urbana,Min.Esp.Público E Hig. Urbana,Actividades Centrales,Administración Gubernamental,Control De La Gestión,Servicios No Personales,Servicios No Personales,88487317.0,80349904.0,36655120.0,110223536.92,50283283.13,Fiscal
2025,2,Administracion Central,Ministerio De Espacio Publico E Higiene Urbana,Ministerio De Espacio Publico E Higiene Urbana,Ministerio De Espacio Publico E Higiene Urbana,Min.Esp.Público E Hig. Urbana,Actividades Centrales,Administración Gubernamental,Control De La Gestión,Bienes De Uso,Maquinaria Y Equipo,0.0,30000.0,17000.0,41153.83,23320.5,Fiscal
2025,2,Administracion Central,Ministerio De Espacio Publico E Higiene Urbana,Ministerio De Espacio Publico E Higiene Urbana,Ministerio De Espacio Publico E Higiene Urbana,Min.Esp.Público E Hig. Urbana,Actividades Centrales,Servicios Económicos,Ecología,Transferencias,Al Sector Público,2465921053.0,2465921053.0,60564881.69,3382736340.5,83082556.92,Fiscal
2025,2,Administracion Central,Ministerio De Espacio Publico E Higiene Urbana,Ministerio De Espacio Publico E Higiene Urbana,Ministerio De Espacio Publico E Higiene Urbana,Min.Esp.Público E Hig. Urbana,Actividades Centrales,Servicios De Seguridad,Seguridad Interior,Servicios No Personales,Servicios No Personales,21600559515.0,21600559515.0,5162941310.74,29631523506.25,7082493243.03,Fiscal
2025,2,Administracion Central,Ministerio De Espacio Publico E Higiene Urbana,Ministerio De Espacio Publico E Higiene Urbana,Ministerio De Espacio Publico E Higiene Urbana,Min.Esp.Público E Hig. Urbana,Actividades Centrales,Servicios Económicos,Ecología,Servicios No Personales,Servicios No Personales,0.0,1894364.0,0.0,2598677.66,0.0,Fiscal
2025,2,Administracion Central,Ministerio De Espacio Publico E Higiene Urbana,Ministerio De Espacio Publico E Higiene Urbana,Ministerio De Espacio Publico E Higiene Urbana,Dg.Monitoreo Y Sistemas,Monitoreo Y Sistemas,Servicios Económicos,Ecología,Gastos En Personal,Remuneraciones Al Personal,641916777.0,639272953.0,299606902.06,876950966.04,410999027.82,Fiscal
2025,2,Administracion Central,Ministerio De Espacio Publico E Higiene Urbana,Ministerio De Espacio Publico E Higiene Urbana,Ministerio De Espacio Publico E Higiene Urbana,Dg.Monitoreo Y Sistemas,Monitoreo Y Sistemas,Servicios Económicos,Ecología,Bienes De Consumo,Bienes De Consumo,451163806.0,79931118.0,233317.2,109649048.69,320063.2,Fiscal
2025,2,Administracion Central,Ministerio De Espacio Publico E Higiene Urbana,Ministerio De Espacio Publico E Higiene Urbana,Ministerio De Espacio Publico E Higiene Urbana,Dg.Monitoreo Y Sistemas,Monitoreo Y Sistemas,Servicios Económicos,Ecología,Servicios No Personales,Servicios No Personales,381647975.0,276006874.0,122019087.0,378624644.84,167385082.88,Fiscal
2025,2,Administracion Central,Ministerio De Espacio Publico E Higiene Urbana,Ministerio De Espacio Publico E Higiene Urbana,Ministerio De Espacio Publico E Higiene Urbana,Dg.Monitoreo Y Sistemas,Monitoreo Y Sistemas,Servicios Económicos,Ecología,Bienes De Uso,Maquinaria Y Equipo,0.0,20000.0,11800.0,27435.89,16187.17,Fiscal
2025,2,Administracion Central,Ministerio De Espacio Publico E Higiene Urbana,Ministerio De Espacio Publico E Higiene Urbana,Ministerio De Espacio Publico E Higiene Urbana,Dg.Monitoreo Y Sistemas,Monitoreo Y Sistemas,Servicios Económicos,Ecología,Servicios No Personales,Servicios No Personales,951923755.0,462029391.0,340621604.7,633809265.47,467262761.38,Fiscal
2025,2,Administracion Central,Ministerio De Espacio Publico E Higiene Urbana,Ministerio De Espacio Publico E Higiene Urbana,Ministerio De Espacio Publico E Higiene Urbana,Dg.Planif.Y Coor De Int Urbanas,Intervencion En Vias Peatonales,Servicios Sociales,Vivienda Y Urbanismo,Gastos En Personal,Remuneraciones Al Personal,777112301.0,803355925.0,351978457.53,1102039044.82,482842026.88,Fiscal
2025,2,Administracion Central,Ministerio De Espacio Publico E Higiene Urbana,Ministerio De Espacio Publico E Higiene Urbana,Ministerio De Espacio Publico E Higiene Urbana,Dg.Planif.Y Coor De Int Urbanas,Intervencion En Vias Peatonales,Servicios Sociales,Vivienda Y Urbanismo,Bienes De Consumo,Bienes De Consumo,387247439.0,197247439.0,1061822.27,270582904.17,1456601.69,Fiscal
2025,2,Administracion Central,Ministerio De Espacio Publico E Higiene Urbana,Ministerio De Espacio Publico E Higiene Urbana,Ministerio De Espacio Publico E Higiene Urbana,Dg.Planif.Y Coor De Int Urbanas,Intervencion En Vias Peatonales,Servicios Sociales,Vivienda Y Urbanismo,Servicios No Personales,Servicios No Personales,691388367.0,532252547.0,217339096.0,730140987.63,298144523.87,Fiscal
2025,2,Administracion Central,Ministerio De Espacio Publico E Higiene Urbana,Ministerio De Espacio Publico E Higiene Urbana,Ministerio De Espacio Publico E Higiene Urbana,Dg.Planif.Y Coor De Int Urbanas,Intervencion En Vias Peatonales,Servicios Sociales,Vivienda Y Urbanismo,Bienes De Uso,Maquinaria Y Equipo,0.0,300000.0,230302.47,411538.28,315927.61,Fiscal
2025,2,Administracion Central,Ministerio De Espacio Publico E Higiene Urbana,Ministerio De Espacio Publico E Higiene Urbana,Ministerio De Espacio Publico E Higiene Urbana,Dg.Obras En Vías Peatonales,Obras En Vias Peatonales,Servicios Sociales,Vivienda Y Urbanismo,Gastos En Personal,Remuneraciones Al Personal,2831199842.0,2792919609.0,1334307920.18,3831311081.9,1830395942.94,Fiscal
2025,2,Administracion Central,Ministerio De Espacio Publico E Higiene Urbana,Ministerio De Espacio Publico E Higiene Urbana,Ministerio De Espacio Publico E Higiene Urbana,Dg.Obras En Vías Peatonales,Obras En Vias Peatonales,Servicios Sociales,Vivienda Y Urbanismo,Bienes De Consumo,Bienes De Consumo,38981661.0,38981661.0,4918906.92,53474818.72,6747728.27,Fiscal
2025,2,Administracion Central,Ministerio De Espacio Publico E Higiene Urbana,Ministerio De Espacio Publico E Higiene Urbana,Ministerio De Espacio Publico E Higiene Urbana,Dg.Obras En Vías Peatonales,Obras En Vias Peatonales,Servicios Sociales,Vivienda Y Urbanismo,Servicios No Personales,Servicios No Personales,2810678015.0,1906067346.0,912866237.21,2614732240.07,1252264662.27,Fiscal
2025,2,Administracion Central,Ministerio De Espacio Publico E Higiene Urbana,Ministerio De Espacio Publico E Higiene Urbana,Ministerio De Espacio Publico E Higiene Urbana,Dg.Obras En Vías Peatonales,Obras En Vias Peatonales,Servicios Sociales,Vivienda Y Urbanismo,Bienes De Uso,Maquinaria Y Equipo,0.0,41110154.0,41110153.5,56394673.19,56394672.51,Fiscal
2025,2,Administracion Central,Ministerio De Espacio Publico E Higiene Urbana,Ministerio De Espacio Publico E Higiene Urbana,Ministerio De Espacio Publico E Higiene Urbana,Dg.Obras En Vías Peatonales,Obras En Vias Peatonales,Servicios Sociales,Vivienda Y Urbanismo,Servicios No Personales,Servicios No Personales,3537419522.0,3537419522.0,1482836789.5,4852611787.43,2034146992.97,Fiscal
2025,2,Administracion Central,Ministerio De Espacio Publico E Higiene Urbana,Ministerio De Espacio Publico E Higiene Urbana,Ministerio De Espacio Publico E Higiene Urbana,Dg.Obras En Vías Peatonales,Obras En Vias Peatonales,Servicios Sociales,Vivienda Y Urbanismo,Bienes De Uso,Construcciones Del Dominio Público,77729296493.0,90073866003.0,28719339471.39,123562812153.7,39397024972.41,Fiscal
2025,2,Administracion Central,Ministerio De Espacio Publico E Higiene Urbana,Ministerio De Espacio Publico E Higiene Urbana,Ministerio De Espacio Publico E Higiene Urbana,Dg.Obras En Vías Peatonales,Fiscalizacion De Vias Peatonales,Servicios Sociales,Vivienda Y Urbanismo,Gastos En Personal,Remuneraciones Al Personal,4857976446.0,4737992439.0,1856759751.52,6499550820.95,2547092365.1,Fiscal
2025,2,Administracion Central,Ministerio De Espacio Publico E Higiene Urbana,Ministerio De Espacio Publico E Higiene Urbana,Ministerio De Espacio Publico E Higiene Urbana,Dg.Obras En Vías Peatonales,Fiscalizacion De Vias Peatonales,Servicios Sociales,Vivienda Y Urbanismo,Servicios No Personales,Servicios No Personales,82801323.0,82801323.0,0.0,113586379.42,0.0,Fiscal
2025,2,Administracion Central,Ministerio De Espacio Publico E Higiene Urbana,Ministerio De Espacio Publico E Higiene Urbana,Ministerio De Espacio Publico E Higiene Urbana,Dg.Obras En Vías Peatonales,Fiscalizacion De Vias Peatonales,Servicios Sociales,Vivienda Y Urbanismo,Bienes De Consumo,Bienes De Consumo,418992120.0,114066642.0,40052902.72,156475964.49,54944341.96,Fiscal
2025,2,Administracion Central,Ministerio De Espacio Publico E Higiene Urbana,Ministerio De Espacio Publico E Higiene Urbana,Ministerio De Espacio Publico E Higiene Urbana,Dg.Obras En Vías Peatonales,Fiscalizacion De Vias Peatonales,Servicios Sociales,Vivienda Y Urbanismo,Bienes De Uso,Maquinaria Y Equipo,0.0,25000000.0,0.0,34294856.44,0.0,Fiscal
2025,2,Administracion Central,Ministerio De Espacio Publico E Higiene Urbana,Ministerio De Espacio Publico E Higiene Urbana,Ministerio De Espacio Publico E Higiene Urbana,Ss. De Administración,Actividades Comunes,Servicios Económicos,Ecología,Gastos En Personal,Remuneraciones Al Personal,262237390.0,269871546.0,142049336.81,370208237.13,194862464.55,Fiscal
2025,2,Administracion Central,Ministerio De Espacio Publico E Higiene Urbana,Ministerio De Espacio Publico E Higiene Urbana,Ministerio De Espacio Publico E Higiene Urbana,Ss. De Administración,Actividades Comunes,Servicios Económicos,Ecología,Bienes De Consumo,Bienes De Consumo,248231944.0,1850481.0,0.0,2538479.21,0.0,Fiscal
2025,2,Administracion Central,Ministerio De Espacio Publico E Higiene Urbana,Ministerio De Espacio Publico E Higiene Urbana,Ministerio De Espacio Publico E Higiene Urbana,Ss. De Administración,Actividades Comunes,Servicios Económicos,Ecología,Servicios No Personales,Servicios No Personales,9634347587.0,1184318556.0,286038961.18,1624641394.43,392386604.43,Fiscal
2025,2,Administracion Central,Ministerio De Espacio Publico E Higiene Urbana,Ministerio De Espacio Publico E Higiene Urbana,Ministerio De Espacio Publico E Higiene Urbana,Ss. De Administración,Actividades Comunes,Servicios Económicos,Ecología,Bienes De Uso,Maquinaria Y Equipo,48614612.0,0.0,0.0,0.0,0.0,Fiscal
2025,2,Administracion Central,Ministerio De Espacio Publico E Higiene Urbana,Ministerio De Espacio Publico E Higiene Urbana,Ministerio De Espacio Publico E Higiene Urbana,Ss. De Administración,Actividades Comunes,Servicios Económicos,Ecología,Bienes De Uso,Activos Intangibles,2566261235.0,0.0,0.0,0.0,0.0,Fiscal
2025,2,Administracion Central,Ministerio De Espacio Publico E Higiene Urbana,Ministerio De Espacio Publico E Higiene Urbana,Ministerio De Espacio Publico E Higiene Urbana,Direccion General Conservacion Del Pasaje Urbano,Conservacion Del Paisaje Urbano,Servicios Sociales,Vivienda Y Urbanismo,Gastos En Personal,Remuneraciones Al Personal,711016782.0,717336971.0,351028242.16,984038737.67,481538526.89,Fiscal
2025,2,Administracion Central,Ministerio De Espacio Publico E Higiene Urbana,Ministerio De Espacio Publico E Higiene Urbana,Ministerio De Espacio Publico E Higiene Urbana,Direccion General Conservacion Del Pasaje Urbano,Conservacion Del Paisaje Urbano,Servicios Sociales,Vivienda Y Urbanismo,Bienes De Consumo,Bienes De Consumo,83996671.0,84296671.0,35523838.43,115637689.22,48731397.57,Fiscal
2025,2,Administracion Central,Ministerio De Espacio Publico E Higiene Urbana,Ministerio De Espacio Publico E Higiene Urbana,Ministerio De Espacio Publico E Higiene Urbana,Direccion General Conservacion Del Pasaje Urbano,Conservacion Del Paisaje Urbano,Servicios Sociales,Vivienda Y Urbanismo,Servicios No Personales,Servicios No Personales,798853435.0,959904237.0,391056577.4,1316791120.28,536449167.32,Fiscal
2025,2,Administracion Central,Ministerio De Espacio Publico E Higiene Urbana,Ministerio De Espacio Publico E Higiene Urbana,Ministerio De Espacio Publico E Higiene Urbana,Direccion General Conservacion Del Pasaje Urbano,Conservacion Del Paisaje Urbano,Servicios Sociales,Vivienda Y Urbanismo,Bienes De Uso,Maquinaria Y Equipo,0.0,88590601.0,79511843.56,121528077.74,109073890.42,Fiscal
2025,2,Administracion Central,Ministerio De Espacio Publico E Higiene Urbana,Ministerio De Espacio Publico E Higiene Urbana,Ministerio De Espacio Publico E Higiene Urbana,Direccion General Conservacion Del Pasaje Urbano,Conservacion Del Paisaje Urbano,Servicios Sociales,Vivienda Y Urbanismo,Servicios No Personales,Servicios No Personales,5741752918.0,5761252918.0,3229170763.83,7903253670.19,4429757911.02,Fiscal
2025,2,Organismos Descentralizados,Ministerio De Espacio Publico E Higiene Urbana,Ministerio De Espacio Publico E Higiene Urbana,Ente Mantenimiento Urbano Integral,Ente De Mantenimiento Urbano Integral,Mejoramiento De Las Vias De Transito Peatonal Y Vehicular,Servicios Sociales,Vivienda Y Urbanismo,Gastos En Personal,Remuneraciones Al Personal,5365059749.0,5365059749.0,2279868599.51,7359758156.01,3127510653.17,Fiscal
2025,2,Organismos Descentralizados,Ministerio De Espacio Publico E Higiene Urbana,Ministerio De Espacio Publico E Higiene Urbana,Ente Mantenimiento Urbano Integral,Ente De Mantenimiento Urbano Integral,Mejoramiento De Las Vias De Transito Peatonal Y Vehicular,Servicios Sociales,Vivienda Y Urbanismo,Bienes De Consumo,Bienes De Consumo,375465169.0,253990647.0,2544945.24,348422911.07,3491141.27,Fiscal
2025,2,Organismos Descentralizados,Ministerio De Espacio Publico E Higiene Urbana,Ministerio De Espacio Publico E Higiene Urbana,Ente Mantenimiento Urbano Integral,Ente De Mantenimiento Urbano Integral,Mejoramiento De Las Vias De Transito Peatonal Y Vehicular,Servicios Sociales,Vivienda Y Urbanismo,Servicios No Personales,Servicios No Personales,1773259663.0,1937655507.0,683727731.34,2658064697.95,937933775.7,Fiscal
2025,2,Organismos Descentralizados,Ministerio De Espacio Publico E Higiene Urbana,Ministerio De Espacio Publico E Higiene Urbana,Ente Mantenimiento Urbano Integral,Ente De Mantenimiento Urbano Integral,Mejoramiento De Las Vias De Transito Peatonal Y Vehicular,Administración Gubernamental,Control De La Gestión,Gastos En Personal,Remuneraciones Al Personal,93150284.0,93150284.0,42380476.42,127783024.7,58137294.19,Fiscal
2025,2,Organismos Descentralizados,Ministerio De Espacio Publico E Higiene Urbana,Ministerio De Espacio Publico E Higiene Urbana,Ente Mantenimiento Urbano Integral,Ente De Mantenimiento Urbano Integral,Mejoramiento De Las Vias De Transito Peatonal Y Vehicular,Administración Gubernamental,Control De La Gestión,Servicios No Personales,Servicios No Personales,0.0,1050000.0,0.0,1440383.97,0.0,Fiscal
2025,2,Organismos Descentralizados,Ministerio De Espacio Publico E Higiene Urbana,Ministerio De Espacio Publico E Higiene Urbana,Ente Mantenimiento Urbano Integral,Ente De Mantenimiento Urbano Integral,Mejoramiento De Las Vias De Transito Peatonal Y Vehicular,Servicios Económicos,Transporte,Servicios No Personales,Servicios No Personales,20470064590.0,35884751468.0,23521622118.9,49226496003.57,32266826155.01,Fiscal
2025,2,Organismos Descentralizados,Ministerio De Espacio Publico E Higiene Urbana,Ministerio De Espacio Publico E Higiene Urbana,Ente Mantenimiento Urbano Integral,Ente De Mantenimiento Urbano Integral,Mejoramiento De Las Vias De Transito Peatonal Y Vehicular,Servicios Económicos,Transporte,Bienes De Uso,Construcciones Del Dominio Público,32884459942.0,3459574463.0,0.0,4745824382.5,0.0,Fiscal
2025,2,Organismos Descentralizados,Ministerio De Espacio Publico E Higiene Urbana,Ministerio De Espacio Publico E Higiene Urbana,Ente Mantenimiento Urbano Integral,Ente De Mantenimiento Urbano Integral,Mejoramiento De Las Vias De Transito Peatonal Y Vehicular,Servicios Sociales,Vivienda Y Urbanismo,Bienes De Consumo,Bienes De Consumo,30603156.0,530603156.0,50155846.3,727878362.53,68803501.95,Fiscal
2025,2,Organismos Descentralizados,Ministerio De Espacio Publico E Higiene Urbana,Ministerio De Espacio Publico E Higiene Urbana,Ente Mantenimiento Urbano Integral,Ente De Mantenimiento Urbano Integral,Mejoramiento De Las Vias De Transito Peatonal Y Vehicular,Servicios Sociales,Vivienda Y Urbanismo,Servicios No Personales,Servicios No Personales,8834734360.0,9024734360.0,3623523143.65,12380078772.51,4970728241.18,Fiscal
2025,2,Organismos Descentralizados,Ministerio De Espacio Publico E Higiene Urbana,Ministerio De Espacio Publico E Higiene Urbana,Ente Mantenimiento Urbano Integral,Ente De Mantenimiento Urbano Integral,Mejoramiento De Las Vias De Transito Peatonal Y Vehicular,Servicios Sociales,Vivienda Y Urbanismo,Bienes De Uso,Construcciones Del Dominio Público,155342280424.0,132965136133.0,61214124777.5,182400810224.42,83973184861.23,Fiscal
2025,2,Organismos Descentralizados,Ministerio De Espacio Publico E Higiene Urbana,Ministerio De Espacio Publico E Higiene Urbana,Ente Mantenimiento Urbano Integral,Ente De Mantenimiento Urbano Integral,Mejoramiento De Las Vias De Transito Peatonal Y Vehicular,Servicios Sociales,Vivienda Y Urbanismo,Bienes De Uso,Bienes De Uso,10071627.0,160071627.0,0.0,219585338.74,0.0,Fiscal
2025,2,Organismos Descentralizados,Ministerio De Espacio Publico E Higiene Urbana,Ministerio De Espacio Publico E Higiene Urbana,Ente De Higiene Urbana,Ente De Higiene Urbana,"Recoleccion, Barrido E Higiene De La Ciudad De Buenos Aires",Servicios Sociales,Servicios Urbanos,Gastos En Personal,Remuneraciones Al Personal,8229600687.0,8266711687.0,3641317191.14,11340227622.47,4995138013.35,Fiscal
2025,2,Organismos Descentralizados,Ministerio De Espacio Publico E Higiene Urbana,Ministerio De Espacio Publico E Higiene Urbana,Ente De Higiene Urbana,Ente De Higiene Urbana,"Recoleccion, Barrido E Higiene De La Ciudad De Buenos Aires",Servicios Sociales,Servicios Urbanos,Bienes De Consumo,Bienes De Consumo,514354850.0,514354850.0,346471112.29,705589029.66,475287082.31,Fiscal
2025,2,Organismos Descentralizados,Ministerio De Espacio Publico E Higiene Urbana,Ministerio De Espacio Publico E Higiene Urbana,Ente De Higiene Urbana,Ente De Higiene Urbana,"Recoleccion, Barrido E Higiene De La Ciudad De Buenos Aires",Servicios Sociales,Servicios Urbanos,Servicios No Personales,Servicios No Personales,1878066537.0,2392591760.0,607767647.8,3282143637.44,833732169.28,Fiscal
2025,2,Organismos Descentralizados,Ministerio De Espacio Publico E Higiene Urbana,Ministerio De Espacio Publico E Higiene Urbana,Ente De Higiene Urbana,Ente De Higiene Urbana,"Recoleccion, Barrido E Higiene De La Ciudad De Buenos Aires",Servicios Sociales,Servicios Urbanos,Bienes De Uso,Maquinaria Y Equipo,0.0,300000.0,256567.05,411538.28,351957.21,Fiscal
2025,2,Organismos Descentralizados,Ministerio De Espacio Publico E Higiene Urbana,Ministerio De Espacio Publico E Higiene Urbana,Ente De Higiene Urbana,Ente De Higiene Urbana,"Recoleccion, Barrido E Higiene De La Ciudad De Buenos Aires",Administración Gubernamental,Control De La Gestión,Gastos En Personal,Remuneraciones Al Personal,74489454.0,74489454.0,34611981.44,102184205.26,47480517.39,Fiscal
2025,2,Organismos Descentralizados,Ministerio De Espacio Publico E Higiene Urbana,Ministerio De Espacio Publico E Higiene Urbana,Ente De Higiene Urbana,Ente De Higiene Urbana,"Recoleccion, Barrido E Higiene De La Ciudad De Buenos Aires",Administración Gubernamental,Control De La Gestión,Servicios No Personales,Servicios No Personales,49387290.0,36319849.0,16908891.0,49823360.3,23195519.58,Fiscal
2025,2,Administracion Central,Ministerio De Salud,Ministerio De Salud,Ministerio De Salud,Ministerio De Salud,Actividades Centrales,Servicios Sociales,Salud,Gastos En Personal,Remuneraciones Al Personal,3249387253.0,3452674556.0,1656021889.28,4736359129.7,2271721318.38,Fiscal
2025,2,Administracion Central,Ministerio De Salud,Ministerio De Salud,Ministerio De Salud,Ministerio De Salud,Actividades Centrales,Servicios Sociales,Salud,Bienes De Consumo,Bienes De Consumo,437137602.0,499458571.0,297547163.32,685154399.67,408173490.04,Fiscal
2025,2,Administracion Central,Ministerio De Salud,Ministerio De Salud,Ministerio De Salud,Ministerio De Salud,Actividades Centrales,Servicios Sociales,Salud,Servicios No Personales,Servicios No Personales,5796103264.0,6717876789.0,3468417046.91,9215544803.23,4757954588.33,Fiscal
2025,2,Administracion Central,Ministerio De Salud,Ministerio De Salud,Ministerio De Salud,Ministerio De Salud,Actividades Centrales,Servicios Sociales,Salud,Bienes De Uso,Maquinaria Y Equipo,2639552041.0,1023140231.0,3564588.83,1403537893.73,4889882.49,Fiscal
2025,2,Administracion Central,Ministerio De Salud,Ministerio De Salud,Ministerio De Salud,Ministerio De Salud,Actividades Centrales,Servicios Sociales,Salud,Transferencias,Al Sector Privado,1269973234.0,1182273234.0,0.0,1621835633.46,0.0,Fiscal
2025,2,Administracion Central,Ministerio De Salud,Ministerio De Salud,Ministerio De Salud,Ministerio De Salud,Actividades Centrales,Administración Gubernamental,Control De La Gestión,Gastos En Personal,Remuneraciones Al Personal,339765653.0,342320790.0,175959110.27,469593694.02,241379697.06,Fiscal
2025,2,Administracion Central,Ministerio De Salud,Ministerio De Salud,Ministerio De Salud,Ministerio De Salud,Actividades Centrales,Administración Gubernamental,Control De La Gestión,Bienes De Consumo,Bienes De Consumo,960112.0,960112.0,259315.0,1317076.13,355726.83,Fiscal
2025,2,Administracion Central,Ministerio De Salud,Ministerio De Salud,Ministerio De Salud,Ministerio De Salud,Actividades Centrales,Administración Gubernamental,Control De La Gestión,Servicios No Personales,Servicios No Personales,65832587.0,51221236.0,19146748.93,70264997.42,26265400.24,Fiscal
2025,2,Administracion Central,Ministerio De Salud,Ministerio De Salud,Ministerio De Salud,Ministerio De Salud,Actividades Centrales,Servicios De Seguridad,Seguridad Interior,Servicios No Personales,Servicios No Personales,77666363174.0,75166363174.0,27697095819.6,103112785375.91,37994717000.89,Fiscal
2025,2,Administracion Central,Ministerio De Salud,Ministerio De Salud,Ministerio De Salud,Ministerio De Salud,Hospital De Pediatria Juan Pedro Garrahan,Servicios Sociales,Salud,Transferencias,Al Sector Privado,47625000000.0,47625000000.0,15941109721.15,65331701523.99,21867922777.18,Fiscal
2025,2,Administracion Central,Ministerio De Salud,Ministerio De Salud,Ministerio De Salud,Dir.Gral.De Recursos Fisicos En Salud,Recursos Fisicos En Salud - Infraestructura,Servicios Sociales,Salud,Gastos En Personal,Remuneraciones Al Personal,3332627335.0,3338842491.0,1515987189.46,4580204956.59,2079622521.28,Fiscal
2025,2,Administracion Central,Ministerio De Salud,Ministerio De Salud,Ministerio De Salud,Dir.Gral.De Recursos Fisicos En Salud,Recursos Fisicos En Salud - Infraestructura,Servicios Sociales,Salud,Bienes De Consumo,Bienes De Consumo,117418277.0,134468077.0,84064799.02,184462535.88,115319608.57,Fiscal
2025,2,Administracion Central,Ministerio De Salud,Ministerio De Salud,Ministerio De Salud,Dir.Gral.De Recursos Fisicos En Salud,Recursos Fisicos En Salud - Infraestructura,Servicios Sociales,Salud,Servicios No Personales,Servicios No Personales,5502901211.0,5357211352.0,1831132138.24,7348991770.07,2511936552.37,Fiscal
2025,2,Administracion Central,Ministerio De Salud,Ministerio De Salud,Ministerio De Salud,Dir.Gral.De Recursos Fisicos En Salud,Recursos Fisicos En Salud - Infraestructura,Servicios Sociales,Salud,Bienes De Uso,Maquinaria Y Equipo,51697064.0,556179982.0,365148035.17,762964505.57,500907977.86,Fiscal
2025,2,Administracion Central,Ministerio De Salud,Ministerio De Salud,Ministerio De Salud,Dir.Gral.De Recursos Fisicos En Salud,Recursos Fisicos En Salud - Infraestructura,Servicios Sociales,Salud,Servicios No Personales,Servicios No Personales,286622220.0,1198167225.0,333006158.38,1643638919.05,456815935.85,Fiscal
2025,2,Administracion Central,Ministerio De Salud,Ministerio De Salud,Ministerio De Salud,Dir.Gral.De Recursos Fisicos En Salud,Recursos Fisicos En Salud - Infraestructura,Servicios Sociales,Salud,Bienes De Uso,Construcciones Del Dominio Privado,34895194838.0,45691377878.0,12756834771.6,62679169800.43,17499752686.38,Fiscal
2025,2,Administracion Central,Ministerio De Salud,Ministerio De Salud,Ministerio De Salud,Dir.Gral.De Recursos Fisicos En Salud,Recursos Fisicos En Salud - Infraestructura,Servicios Sociales,Salud,Bienes De Uso,Bienes De Uso,5396420793.0,4761478217.0,520559941.46,6531768476.35,714101138.49,Fiscal
2025,2,Administracion Central,Ministerio De Salud,Ministerio De Salud,Ministerio De Salud,Dir.Gral.De Recursos Fisicos En Salud,Recursos Fisicos En Salud - Infraestructura,Servicios Sociales,Salud,Activos Financieros,Activos Financieros,0.0,4589814506.0,2607347283.81,6296281183.34,3576744031.82,Fiscal
2025,2,Administracion Central,Ministerio De Salud,Ministerio De Salud,Ministerio De Salud,Dir.Gral.De Recursos Fisicos En Salud,Recursos Fisicos En Salud - Infraestructura,Servicios Sociales,Salud,Bienes De Consumo,Bienes De Consumo,0.0,1500000000.0,257541805.68,2057691386.58,353294370.16,Fiscal
2025,2,Administracion Central,Ministerio De Salud,Ministerio De Salud,Ministerio De Salud,Htal.Teodoro Alvarez,Atencion Medica General En Hospitales De Agudos,Servicios Sociales,Salud,Gastos En Personal,Remuneraciones Al Personal,48946669205.0,48946669205.0,23286633017.14,67144759750.02,31944469454.58,Fiscal
2025,2,Administracion Central,Ministerio De Salud,Ministerio De Salud,Ministerio De Salud,Htal.Teodoro Alvarez,Atencion Medica General En Hospitales De Agudos,Servicios Sociales,Salud,Bienes De Consumo,Bienes De Consumo,13021890484.0,12512924303.0,3922364701.28,17165157706.16,5380677373.91,Fiscal
2025,2,Administracion Central,Ministerio De Salud,Ministerio De Salud,Ministerio De Salud,Htal.Teodoro Alvarez,Atencion Medica General En Hospitales De Agudos,Servicios Sociales,Salud,Servicios No Personales,Servicios No Personales,5801455438.0,6210432525.0,2034694419.95,8519435675.76,2791182121.51,Fiscal
2025,2,Administracion Central,Ministerio De Salud,Ministerio De Salud,Ministerio De Salud,Htal.Teodoro Alvarez,Atencion Medica General En Hospitales De Agudos,Servicios Sociales,Salud,Bienes De Uso,Maquinaria Y Equipo,0.0,12733753.0,8133153.0,17468089.24,11157012.58,Fiscal
2025,2,Administracion Central,Ministerio De Salud,Ministerio De Salud,Ministerio De Salud,Htal.Teodoro Alvarez,Atencion Medica General En Hospitales De Agudos,Servicios Sociales,Salud,Transferencias,Al Sector Privado,2408624.0,2408624.0,532000.0,3304136.57,729794.55,Fiscal
2025,2,Administracion Central,Ministerio De Salud,Ministerio De Salud,Ministerio De Salud,Htal.Teodoro Alvarez,Atencion Medica General En Hospitales De Agudos,Servicios Sociales,Salud,Bienes De Uso,Construcciones Del Dominio Privado,2546842995.0,2546842995.0,847747416.85,3493744595.86,1162935038.43,Fiscal
2025,2,Administracion Central,Ministerio De Salud,Ministerio De Salud,Ministerio De Salud,Htal. Torcuato De Alvear,Atencion De Salud Mental,Servicios Sociales,Salud,Gastos En Personal,Remuneraciones Al Personal,11190044383.0,11190044383.0,5448984968.42,15350438628.25,7474886290.09,Fiscal
2025,2,Administracion Central,Ministerio De Salud,Ministerio De Salud,Ministerio De Salud,Htal. Torcuato De Alvear,Atencion De Salud Mental,Servicios Sociales,Salud,Bienes De Consumo,Bienes De Consumo,3768375313.0,3770082113.0,330145864.66,5171776993.75,452892201.35,Fiscal
2025,2,Administracion Central,Ministerio De Salud,Ministerio De Salud,Ministerio De Salud,Htal. Torcuato De Alvear,Atencion De Salud Mental,Servicios Sociales,Salud,Servicios No Personales,Servicios No Personales,2709348764.0,2658870043.0,963429590.02,3647422657.02,1321627179.31,Fiscal
2025,2,Administracion Central,Ministerio De Salud,Ministerio De Salud,Ministerio De Salud,Htal. Torcuato De Alvear,Atencion De Salud Mental,Servicios Sociales,Salud,Bienes De Uso,Maquinaria Y Equipo,0.0,158000.0,138885.99,216743.49,190523.0,Fiscal
2025,2,Administracion Central,Ministerio De Salud,Ministerio De Salud,Ministerio De Salud,Htal. Torcuato De Alvear,Atencion De Salud Mental,Servicios Sociales,Salud,Bienes De Uso,Construcciones Del Dominio Privado,1434058590.0,1434058590.0,452559321.7,1967233339.0,620818278.79,Fiscal
2025,2,Administracion Central,Ministerio De Salud,Ministerio De Salud,Ministerio De Salud,Htal. Cosme Argerich,Atencion Medica General En Hospitales De Agudos,Servicios Sociales,Salud,Gastos En Personal,Remuneraciones Al Personal,78028395880.0,77843404656.0,37987455376.73,106785135508.6,52110973151.25,Fiscal
2025,2,Administracion Central,Ministerio De Salud,Ministerio De Salud,Ministerio De Salud,Htal. Cosme Argerich,Atencion Medica General En Hospitales De Agudos,Servicios Sociales,Salud,Bienes De Consumo,Bienes De Consumo,28671984442.0,29294616032.0,9707305671.04,40186186054.86,13316426177.48,Fiscal
2025,2,Administracion Central,Ministerio De Salud,Ministerio De Salud,Ministerio De Salud,Htal. Cosme Argerich,Atencion Medica General En Hospitales De Agudos,Servicios Sociales,Salud,Servicios No Personales,Servicios No Personales,9613602451.0,9922971854.0,3695177957.73,13612275808.85,5069023903.67,Fiscal
2025,2,Administracion Central,Ministerio De Salud,Ministerio De Salud,Ministerio De Salud,Htal. Cosme Argerich,Atencion Medica General En Hospitales De Agudos,Servicios Sociales,Salud,Bienes De Uso,Maquinaria Y Equipo,0.0,156384582.0,41252361.97,214527471.58,56589753.27,Fiscal
2025,2,Administracion Central,Ministerio De Salud,Ministerio De Salud,Ministerio De Salud,Htal. Cosme Argerich,Atencion Medica General En Hospitales De Agudos,Servicios Sociales,Salud,Transferencias,Al Sector Privado,69117039.0,126517039.0,123832864.22,173555347.6,169873212.05,Fiscal
2025,2,Administracion Central,Ministerio De Salud,Ministerio De Salud,Ministerio De Salud,Htal. Cosme Argerich,Atencion Medica General En Hospitales De Agudos,Servicios Sociales,Salud,Bienes De Uso,Construcciones Del Dominio Privado,4701831830.0,3701831830.0,1507454047.78,5078151647.45,2067916806.52,Fiscal
2025,2,Administracion Central,Ministerio De Salud,Ministerio De Salud,Ministerio De Salud,Htal. Jose T. Borda,Atencion De Salud Mental,Servicios Sociales,Salud,Gastos En Personal,Remuneraciones Al Personal,25292159996.0,25292228709.0,11877343032.17,34695734107.99,16293270968.52,Fiscal
2025,2,Administracion Central,Ministerio De Salud,Ministerio De Salud,Ministerio De Salud,Htal. Jose T. Borda,Atencion De Salud Mental,Servicios Sociales,Salud,Bienes De Consumo,Bienes De Consumo,6436035594.0,6471391805.0,1054413985.69,8877418117.57,1446439050.83,Fiscal
2025,2,Administracion Central,Ministerio De Salud,Ministerio De Salud,Ministerio De Salud,Htal. Jose T. Borda,Atencion De Salud Mental,Servicios Sociales,Salud,Servicios No Personales,Servicios No Personales,7925040546.0,8200822673.0,3392171663.76,11249841451.41,4653361609.55,Fiscal
2025,2,Administracion Central,Ministerio De Salud,Ministerio De Salud,Ministerio De Salud,Htal. Jose T. Borda,Atencion De Salud Mental,Servicios Sociales,Salud,Bienes De Uso,Maquinaria Y Equipo,0.0,17234771.0,11512416.74,23642559.89,15792667.18,Fiscal
2025,2,Administracion Central,Ministerio De Salud,Ministerio De Salud,Ministerio De Salud,Htal. Jose T. Borda,Atencion De Salud Mental,Servicios Sociales,Salud,Bienes De Uso,Construcciones Del Dominio Privado,5930393812.0,4430393812.0,1840907675.1,6077588790.75,2525346577.7,Fiscal
2025,2,Administracion Central,Ministerio De Salud,Ministerio De Salud,Ministerio De Salud,Htal. Maria Curie,Atencion Medica De Patologias Especificas,Servicios Sociales,Salud,Gastos En Personal,Remuneraciones Al Personal,19749345458.0,19749345458.0,9643688003.82,27092038693.05,13229155826.9,Fiscal
2025,2,Administracion Central,Ministerio De Salud,Ministerio De Salud,Ministerio De Salud,Htal. Maria Curie,Atencion Medica De Patologias Especificas,Servicios Sociales,Salud,Bienes De Consumo,Bienes De Consumo,6829049010.0,6423753441.0,1521534157.44,8812068083.38,2087231820.1,Fiscal
2025,2,Administracion Central,Ministerio De Salud,Ministerio De Salud,Ministerio De Salud,Htal. Maria Curie,Atencion Medica De Patologias Especificas,Servicios Sociales,Salud,Servicios No Personales,Servicios No Personales,2728474931.0,2876515094.0,1012087360.56,3945986888.2,1388375629.53,Fiscal
2025,2,Administracion Central,Ministerio De Salud,Ministerio De Salud,Ministerio De Salud,Htal. Maria Curie,Atencion Medica De Patologias Especificas,Servicios Sociales,Salud,Bienes De Uso,Maquinaria Y Equipo,0.0,37606209.0,20287878.0,51587981.56,27830794.54,Fiscal
2025,2,Administracion Central,Ministerio De Salud,Ministerio De Salud,Ministerio De Salud,Htal. Maria Curie,Atencion Medica De Patologias Especificas,Servicios Sociales,Salud,Transferencias,Al Sector Privado,1570842.0,1570842.0,0.0,2154872.04,0.0,Fiscal
2025,2,Administracion Central,Ministerio De Salud,Ministerio De Salud,Ministerio De Salud,Htal. Maria Curie,Atencion Medica De Patologias Especificas,Servicios Sociales,Salud,Bienes De Uso,Construcciones Del Dominio Privado,982154707.0,982154707.0,326648370.15,1347314187.26,448094358.47,Fiscal
2025,2,Administracion Central,Ministerio De Salud,Ministerio De Salud,Ministerio De Salud,Htal. Odontologico Jose Dueñas,Atencion Odontologica General,Servicios Sociales,Salud,Gastos En Personal,Remuneraciones Al Personal,9640388818.0,9640388818.0,4670209210.59,13224630022.74,6406566177.45,Fiscal
2025,2,Administracion Central,Ministerio De Salud,Ministerio De Salud,Ministerio De Salud,Htal. Odontologico Jose Dueñas,Atencion Odontologica General,Servicios Sociales,Salud,Bienes De Consumo,Bienes De Consumo,398527562.0,427449957.0,168980248.45,586373396.48,231806134.49,Fiscal
2025,2,Administracion Central,Ministerio De Salud,Ministerio De Salud,Ministerio De Salud,Htal. Odontologico Jose Dueñas,Atencion Odontologica General,Servicios Sociales,Salud,Servicios No Personales,Servicios No Personales,757144312.0,841347392.0,245009197.83,1154155521.09,336102210.67,Fiscal
2025,2,Administracion Central,Ministerio De Salud,Ministerio De Salud,Ministerio De Salud,Htal. Odontologico Jose Dueñas,Atencion Odontologica General,Servicios Sociales,Salud,Bienes De Uso,Maquinaria Y Equipo,0.0,12401000.0,2082770.24,17011620.59,2857132.26,Fiscal
2025,2,Administracion Central,Ministerio De Salud,Ministerio De Salud,Ministerio De Salud,Htal. Odontologico Jose Dueñas,Atencion Odontologica General,Servicios Sociales,Salud,Bienes De Uso,Construcciones Del Dominio Privado,631622553.0,631622553.0,210493287.25,866456191.25,288753482.74,Fiscal
2025,2,Administracion Central,Ministerio De Salud,Ministerio De Salud,Ministerio De Salud,Htal. Carlos G. Durand,Atencion Medica General En Hospitales De Agudos,Servicios Sociales,Salud,Gastos En Personal,Remuneraciones Al Personal,69919477736.0,69919938033.0,33317854844.54,95915769493.92,45705241955.34,Fiscal
2025,2,Administracion Central,Ministerio De Salud,Ministerio De Salud,Ministerio De Salud,Htal. Carlos G. Durand,Atencion Medica General En Hospitales De Agudos,Servicios Sociales,Salud,Bienes De Consumo,Bienes De Consumo,20130061697.0,20760353598.0,6284973899.37,28478933854.01,8621691105.09,Fiscal
2025,2,Administracion Central,Ministerio De Salud,Ministerio De Salud,Ministerio De Salud,Htal. Carlos G. Durand,Atencion Medica General En Hospitales De Agudos,Servicios Sociales,Salud,Servicios No Personales,Servicios No Personales,14890372858.0,15222325026.0,4856998996.04,20881898059.84,6662803332.53,Fiscal
2025,2,Administracion Central,Ministerio De Salud,Ministerio De Salud,Ministerio De Salud,Htal. Carlos G. Durand,Atencion Medica General En Hospitales De Agudos,Servicios Sociales,Salud,Transferencias,Al Sector Privado,73305951.0,73305951.0,19366879.0,100560682.64,26567373.4,Fiscal
2025,2,Administracion Central,Ministerio De Salud,Ministerio De Salud,Ministerio De Salud,Htal. Carlos G. Durand,Atencion Medica General En Hospitales De Agudos,Servicios Sociales,Salud,Bienes De Uso,Maquinaria Y Equipo,0.0,29472114.0,16281716.64,40429676.75,22335165.39,Fiscal
2025,2,Administracion Central,Ministerio De Salud,Ministerio De Salud,Ministerio De Salud,Htal. Carlos G. Durand,Atencion Medica General En Hospitales De Agudos,Servicios Sociales,Salud,Bienes De Uso,Construcciones Del Dominio Privado,8226600075.0,6626600075.0,2725637489.2,9090331931.1,3739013856.32,Fiscal
2025,2,Administracion Central,Ministerio De Salud,Ministerio De Salud,Ministerio De Salud,Htal. Pedro De Elizalde,Atencion Medica Materno Infantil,Servicios Sociales,Salud,Gastos En Personal,Remuneraciones Al Personal,55949150517.0,55949515276.0,26926655529.02,76751223777.93,36937831434.36,Fiscal
2025,2,Administracion Central,Ministerio De Salud,Ministerio De Salud,Ministerio De Salud,Htal. Pedro De Elizalde,Atencion Medica Materno Infantil,Servicios Sociales,Salud,Bienes De Consumo,Bienes De Consumo,15011877382.0,14441552447.0,3528504552.69,19810838719.38,4840382283.72,Fiscal
2025,2,Administracion Central,Ministerio De Salud,Ministerio De Salud,Ministerio De Salud,Htal. Pedro De Elizalde,Atencion Medica Materno Infantil,Servicios Sociales,Salud,Servicios No Personales,Servicios No Personales,10421262768.0,9810660547.0,3267689790.81,13458207802.83,4482598091.05,Fiscal
2025,2,Administracion Central,Ministerio De Salud,Ministerio De Salud,Ministerio De Salud,Htal. Pedro De Elizalde,Atencion Medica Materno Infantil,Servicios Sociales,Salud,Bienes De Uso,Maquinaria Y Equipo,88331029.0,333741304.0,7562571.57,457824404.39,10374292.25,Fiscal
2025,2,Administracion Central,Ministerio De Salud,Ministerio De Salud,Ministerio De Salud,Htal. Pedro De Elizalde,Atencion Medica Materno Infantil,Servicios Sociales,Salud,Transferencias,Al Sector Privado,21468171.0,21468171.0,0.0,29449913.7,0.0,Fiscal
2025,2,Administracion Central,Ministerio De Salud,Ministerio De Salud,Ministerio De Salud,Htal. Pedro De Elizalde,Atencion Medica Materno Infantil,Servicios Sociales,Salud,Bienes De Uso,Construcciones Del Dominio Privado,6728695056.0,5128695056.0,2131119987.45,7035514427.43,2923458161.3,Fiscal
2025,2,Administracion Central,Ministerio De Salud,Ministerio De Salud,Ministerio De Salud,Htal. Juan A. Fernandez,Atencion Medica General En Hospitales De Agudos,Servicios Sociales,Salud,Gastos En Personal,Remuneraciones Al Personal,69259134373.0,69259072889.0,34432443027.08,95009198484.25,47234227623.88,Fiscal
2025,2,Administracion Central,Ministerio De Salud,Ministerio De Salud,Ministerio De Salud,Htal. Juan A. Fernandez,Atencion Medica General En Hospitales De Agudos,Servicios Sociales,Salud,Bienes De Consumo,Bienes De Consumo,28034977020.0,28873949873.0,9332175787.56,39609118633.52,12801825157.42,Fiscal
2025,2,Administracion Central,Ministerio De Salud,Ministerio De Salud,Ministerio De Salud,Htal. Juan A. Fernandez,Atencion Medica General En Hospitales De Agudos,Servicios Sociales,Salud,Servicios No Personales,Servicios No Personales,18131031066.0,17459806883.0,5219541049.6,23951262823.03,7160136439.78,Fiscal
2025,2,Administracion Central,Ministerio De Salud,Ministerio De Salud,Ministerio De Salud,Htal. Juan A. Fernandez,Atencion Medica General En Hospitales De Agudos,Servicios Sociales,Salud,Bienes De Uso,Maquinaria Y Equipo,0.0,70470896.0,18806038.19,96671570.47,25798015.2,Fiscal
2025,2,Administracion Central,Ministerio De Salud,Ministerio De Salud,Ministerio De Salud,Htal. Juan A. Fernandez,Atencion Medica General En Hospitales De Agudos,Servicios Sociales,Salud,Transferencias,Al Sector Privado,46811086.0,46811086.0,12165625.0,64215178.97,16688734.52,Fiscal
2025,2,Administracion Central,Ministerio De Salud,Ministerio De Salud,Ministerio De Salud,Htal. Juan A. Fernandez,Atencion Medica General En Hospitales De Agudos,Servicios Sociales,Salud,Bienes De Uso,Construcciones Del Dominio Privado,4575558933.0,3675558933.0,1495398706.3,5042110638.21,2051379358.31,Fiscal
2025,2,Administracion Central,Ministerio De Salud,Ministerio De Salud,Ministerio De Salud,Htal. Maria Ferrer,Atencion De Rehabilitacion,Servicios Sociales,Salud,Gastos En Personal,Remuneraciones Al Personal,12853665337.0,12853665337.0,6097546665.58,17632584299.97,8364579502.03,Fiscal
2025,2,Administracion Central,Ministerio De Salud,Ministerio De Salud,Ministerio De Salud,Htal. Maria Ferrer,Atencion De Rehabilitacion,Servicios Sociales,Salud,Bienes De Consumo,Bienes De Consumo,4837194310.0,4883974275.0,1145666363.7,6699807865.31,1571618538.99,Fiscal
2025,2,Administracion Central,Ministerio De Salud,Ministerio De Salud,Ministerio De Salud,Htal. Maria Ferrer,Atencion De Rehabilitacion,Servicios Sociales,Salud,Servicios No Personales,Servicios No Personales,1678886870.0,1732122831.0,591052699.75,2376116153.23,810802699.53,Fiscal
2025,2,Administracion Central,Ministerio De Salud,Ministerio De Salud,Ministerio De Salud,Htal. Maria Ferrer,Atencion De Rehabilitacion,Servicios Sociales,Salud,Bienes De Uso,Maquinaria Y Equipo,0.0,3865100.0,1757500.0,5302121.99,2410928.41,Fiscal
2025,2,Administracion Central,Ministerio De Salud,Ministerio De Salud,Ministerio De Salud,Htal. Maria Ferrer,Atencion De Rehabilitacion,Servicios Sociales,Salud,Transferencias,Al Sector Privado,56550305.0,56550305.0,21464266.7,77575383.67,29444557.81,Fiscal
2025,2,Administracion Central,Ministerio De Salud,Ministerio De Salud,Ministerio De Salud,Htal. Maria Ferrer,Atencion De Rehabilitacion,Servicios Sociales,Salud,Bienes De Uso,Construcciones Del Dominio Privado,1185835791.0,1185835791.0,381564861.15,1626722728.69,523428485.47,Fiscal
2025,2,Administracion Central,Ministerio De Salud,Ministerio De Salud,Ministerio De Salud,Htal. Ricardo Gutierrez,Atencion Medica Materno Infantil,Servicios Sociales,Salud,Gastos En Personal,Remuneraciones Al Personal,71210965345.0,70879194962.0,33926526937.11,97231672640.8,46540214836.77,Fiscal
2025,2,Administracion Central,Ministerio De Salud,Ministerio De Salud,Ministerio De Salud,Htal. Ricardo Gutierrez,Atencion Medica Materno Infantil,Servicios Sociales,Salud,Bienes De Consumo,Bienes De Consumo,29740520445.0,28684354582.0,7623847918.64,39349032902.04,10458350796.53,Fiscal
2025,2,Administracion Central,Ministerio De Salud,Ministerio De Salud,Ministerio De Salud,Htal. Ricardo Gutierrez,Atencion Medica Materno Infantil,Servicios Sociales,Salud,Servicios No Personales,Servicios No Personales,23661793354.0,19461105555.0,7723517272.5,26696632849.26,10595076643.83,Fiscal
2025,2,Administracion Central,Ministerio De Salud,Ministerio De Salud,Ministerio De Salud,Htal. Ricardo Gutierrez,Atencion Medica Materno Infantil,Servicios Sociales,Salud,Bienes De Uso,Maquinaria Y Equipo,165798774.0,639417220.0,28954212.09,877148870.68,39719221.88,Fiscal
2025,2,Administracion Central,Ministerio De Salud,Ministerio De Salud,Ministerio De Salud,Htal. Ricardo Gutierrez,Atencion Medica Materno Infantil,Servicios Sociales,Salud,Transferencias,Al Sector Privado,6283367.0,12283367.0,2758875.0,16850252.32,3784608.88,Fiscal
2025,2,Administracion Central,Ministerio De Salud,Ministerio De Salud,Ministerio De Salud,Htal. Ricardo Gutierrez,Atencion Medica Materno Infantil,Servicios Sociales,Salud,Bienes De Uso,Construcciones Del Dominio Privado,6653212832.0,7542712832.0,2191345877.75,10347050150.58,3006075691.78,Fiscal
2025,2,Administracion Central,Ministerio De Salud,Ministerio De Salud,Ministerio De Salud,Htal. Pedro Lagleyze,Atencion Medica Oftalmologica,Servicios Sociales,Salud,Gastos En Personal,Remuneraciones Al Personal,9977612844.0,9977612844.0,4845245827.93,13687232005.17,6646680404.0,Fiscal
2025,2,Administracion Central,Ministerio De Salud,Ministerio De Salud,Ministerio De Salud,Htal. Pedro Lagleyze,Atencion Medica Oftalmologica,Servicios Sociales,Salud,Bienes De Consumo,Bienes De Consumo,669297204.0,627891018.0,228700656.18,861337292.97,313730246.88,Fiscal
2025,2,Administracion Central,Ministerio De Salud,Ministerio De Salud,Ministerio De Salud,Htal. Pedro Lagleyze,Atencion Medica Oftalmologica,Servicios Sociales,Salud,Servicios No Personales,Servicios No Personales,635802951.0,767017834.0,318124454.71,1052190660.25,436401300.21,Fiscal
2025,2,Administracion Central,Ministerio De Salud,Ministerio De Salud,Ministerio De Salud,Htal. Pedro Lagleyze,Atencion Medica Oftalmologica,Servicios Sociales,Salud,Bienes De Uso,Maquinaria Y Equipo,0.0,12791007.0,8014268.88,17546629.95,10993928.03,Fiscal
2025,2,Administracion Central,Ministerio De Salud,Ministerio De Salud,Ministerio De Salud,Htal. Pedro Lagleyze,Atencion Medica Oftalmologica,Servicios Sociales,Salud,Bienes De Uso,Construcciones Del Dominio Privado,601766171.0,601766171.0,189569018.65,825499377.87,260049691.23,Fiscal
2025,2,Administracion Central,Ministerio De Salud,Ministerio De Salud,Ministerio De Salud,Htal. Braulio Moyano,Atencion De Salud Mental,Servicios Sociales,Salud,Gastos En Personal,Remuneraciones Al Personal,27259311954.0,27259311954.0,13226968463.52,37394167607.94,18144679385.32,Fiscal
2025,2,Administracion Central,Ministerio De Salud,Ministerio De Salud,Ministerio De Salud,Htal. Braulio Moyano,Atencion De Salud Mental,Servicios Sociales,Salud,Bienes De Consumo,Bienes De Consumo,6200329552.0,5028799728.0,939260138.46,6898478590.1,1288471664.45,Fiscal
2025,2,Administracion Central,Ministerio De Salud,Ministerio De Salud,Ministerio De Salud,Htal. Braulio Moyano,Atencion De Salud Mental,Servicios Sociales,Salud,Servicios No Personales,Servicios No Personales,9336929833.0,12148198335.0,3688812383.86,16664828717.62,5060291645.99,Fiscal
2025,2,Administracion Central,Ministerio De Salud,Ministerio De Salud,Ministerio De Salud,Htal. Braulio Moyano,Atencion De Salud Mental,Servicios Sociales,Salud,Bienes De Uso,Maquinaria Y Equipo,0.0,24710365.0,13918486.06,33897536.81,19093299.25,Fiscal
2025,2,Administracion Central,Ministerio De Salud,Ministerio De Salud,Ministerio De Salud,Htal. Braulio Moyano,Atencion De Salud Mental,Servicios Sociales,Salud,Bienes De Uso,Construcciones Del Dominio Privado,3793214226.0,3093214226.0,1248611565.9,4243253513.13,1712838176.23,Fiscal
2025,2,Administracion Central,Ministerio De Salud,Ministerio De Salud,Ministerio De Salud,Htal. Francisco J.Muñiz,Atencion Medica De Patologias Especificas,Servicios Sociales,Salud,Gastos En Personal,Remuneraciones Al Personal,41000665414.0,41001992227.0,20323200673.05,56246297492.15,27879249981.81,Fiscal
2025,2,Administracion Central,Ministerio De Salud,Ministerio De Salud,Ministerio De Salud,Htal. Francisco J.Muñiz,Atencion Medica De Patologias Especificas,Servicios Sociales,Salud,Bienes De Consumo,Bienes De Consumo,17232482124.0,16434956152.0,5273841328.44,22545378475.22,7234625250.49,Fiscal
2025,2,Administracion Central,Ministerio De Salud,Ministerio De Salud,Ministerio De Salud,Htal. Francisco J.Muñiz,Atencion Medica De Patologias Especificas,Servicios Sociales,Salud,Servicios No Personales,Servicios No Personales,12242369935.0,11100834025.0,4135520519.96,15228060371.42,5673083301.97,Fiscal
2025,2,Administracion Central,Ministerio De Salud,Ministerio De Salud,Ministerio De Salud,Htal. Francisco J.Muñiz,Atencion Medica De Patologias Especificas,Servicios Sociales,Salud,Bienes De Uso,Maquinaria Y Equipo,0.0,5099000.0,1499000.0,6994778.92,2056319.59,Fiscal
2025,2,Administracion Central,Ministerio De Salud,Ministerio De Salud,Ministerio De Salud,Htal. Francisco J.Muñiz,Atencion Medica De Patologias Especificas,Servicios Sociales,Salud,Transferencias,Al Sector Privado,10786447.0,10786447.0,2160000.0,14796786.06,2963075.6,Fiscal
2025,2,Administracion Central,Ministerio De Salud,Ministerio De Salud,Ministerio De Salud,Htal. Francisco J.Muñiz,Atencion Medica De Patologias Especificas,Servicios Sociales,Salud,Bienes De Uso,Construcciones Del Dominio Privado,6720894283.0,6347494283.0,2205122623.7,8707456208.34,3024974552.76,Fiscal
2025,2,Administracion Central,Ministerio De Salud,Ministerio De Salud,Ministerio De Salud,Htal.De Odontologia,Atencion Odontologica General,Servicios Sociales,Salud,Bienes De Consumo,Bienes De Consumo,258083725.0,283098711.0,108732754.91,388353186.12,149158968.81,Fiscal
2025,2,Administracion Central,Ministerio De Salud,Ministerio De Salud,Ministerio De Salud,Htal.De Odontologia,Atencion Odontologica General,Servicios Sociales,Salud,Servicios No Personales,Servicios No Personales,240365480.0,319813533.0,85335184.4,438718368.11,117062315.94,Fiscal
2025,2,Administracion Central,Ministerio De Salud,Ministerio De Salud,Ministerio De Salud,Htal.De Odontologia,Atencion Odontologica General,Servicios Sociales,Salud,Bienes De Uso,Maquinaria Y Equipo,0.0,9623733.0,1778878.05,13201781.67,2440254.69,Fiscal
2025,2,Administracion Central,Ministerio De Salud,Ministerio De Salud,Ministerio De Salud,Htal.De Odontologia,Atencion Odontologica General,Servicios Sociales,Salud,Gastos En Personal,Remuneraciones Al Personal,7388692425.0,7388692425.0,3583254647.23,10135765840.69,4915488149.02,Fiscal
2025,2,Administracion Central,Ministerio De Salud,Ministerio De Salud,Ministerio De Salud,Htal.De Odontologia,Atencion Odontologica General,Servicios Sociales,Salud,Bienes De Uso,Construcciones Del Dominio Privado,470275480.0,470275480.0,151277477.6,645121203.01,207521575.09,Fiscal
2025,2,Administracion Central,Ministerio De Salud,Ministerio De Salud,Ministerio De Salud,Htal. Jose M. Penna,Atencion Medica General En Hospitales De Agudos,Servicios Sociales,Salud,Gastos En Personal,Remuneraciones Al Personal,55002993448.0,55002127214.0,26122834225.73,75451602274.64,35835153986.27,Fiscal
2025,2,Administracion Central,Ministerio De Salud,Ministerio De Salud,Ministerio De Salud,Htal. Jose M. Penna,Atencion Medica General En Hospitales De Agudos,Servicios Sociales,Salud,Bienes De Consumo,Bienes De Consumo,14460987894.0,14819066624.0,4593509197.53,20328710499.6,6301349539.96,Fiscal
2025,2,Administracion Central,Ministerio De Salud,Ministerio De Salud,Ministerio De Salud,Htal. Jose M. Penna,Atencion Medica General En Hospitales De Agudos,Servicios Sociales,Salud,Servicios No Personales,Servicios No Personales,6715308379.0,6554109633.0,2509730989.02,8990889959.03,3442834559.16,Fiscal
2025,2,Administracion Central,Ministerio De Salud,Ministerio De Salud,Ministerio De Salud,Htal. Jose M. Penna,Atencion Medica General En Hospitales De Agudos,Servicios Sociales,Salud,Bienes De Uso,Maquinaria Y Equipo,0.0,12205518.0,6240910.72,16743459.5,8561245.49,Fiscal
2025,2,Administracion Central,Ministerio De Salud,Ministerio De Salud,Ministerio De Salud,Htal. Jose M. Penna,Atencion Medica General En Hospitales De Agudos,Servicios Sociales,Salud,Transferencias,Al Sector Privado,8377823.0,8377823.0,1810435.0,11492649.48,2483544.34,Fiscal
2025,2,Administracion Central,Ministerio De Salud,Ministerio De Salud,Ministerio De Salud,Htal. Jose M. Penna,Atencion Medica General En Hospitales De Agudos,Servicios Sociales,Salud,Bienes De Uso,Construcciones Del Dominio Privado,3173620775.0,2573620775.0,1045738298.15,3530478200.7,1434537792.48,Fiscal
2025,2,Administracion Central,Ministerio De Salud,Ministerio De Salud,Ministerio De Salud,Htal. Parmenio Piñero,Atencion Medica General En Hospitales De Agudos,Servicios Sociales,Salud,Gastos En Personal,Remuneraciones Al Personal,58197821131.0,58198030471.0,28180702453.36,79835724010.83,38658125804.08,Fiscal
2025,2,Administracion Central,Ministerio De Salud,Ministerio De Salud,Ministerio De Salud,Htal. Parmenio Piñero,Atencion Medica General En Hospitales De Agudos,Servicios Sociales,Salud,Bienes De Consumo,Bienes De Consumo,14339980105.0,13635970980.0,3689424464.32,18705746688.82,5061131294.45,Fiscal
2025,2,Administracion Central,Ministerio De Salud,Ministerio De Salud,Ministerio De Salud,Htal. Parmenio Piñero,Atencion Medica General En Hospitales De Agudos,Servicios Sociales,Salud,Servicios No Personales,Servicios No Personales,9859265810.0,11354755067.0,3444495701.91,15576387798.75,4725139424.63,Fiscal
2025,2,Administracion Central,Ministerio De Salud,Ministerio De Salud,Ministerio De Salud,Htal. Parmenio Piñero,Atencion Medica General En Hospitales De Agudos,Servicios Sociales,Salud,Transferencias,Al Sector Privado,1182687.0,11482687.0,354000.0,15751884.09,485615.17,Fiscal
2025,2,Administracion Central,Ministerio De Salud,Ministerio De Salud,Ministerio De Salud,Htal. Parmenio Piñero,Atencion Medica General En Hospitales De Agudos,Servicios Sociales,Salud,Bienes De Uso,Maquinaria Y Equipo,0.0,5000000.0,0.0,6858971.29,0.0,Fiscal
2025,2,Administracion Central,Ministerio De Salud,Ministerio De Salud,Ministerio De Salud,Htal. Parmenio Piñero,Atencion Medica General En Hospitales De Agudos,Servicios Sociales,Salud,Bienes De Uso,Construcciones Del Dominio Privado,4732249434.0,4232249434.0,1586912011.3,5805775470.81,2176916784.61,Fiscal
2025,2,Administracion Central,Ministerio De Salud,Ministerio De Salud,Ministerio De Salud,Htal. Ignacio Pirovano,Atencion Medica General En Hospitales De Agudos,Servicios Sociales,Salud,Gastos En Personal,Remuneraciones Al Personal,52899669319.0,52899669319.0,25105235800.42,72567462607.18,34439218309.76,Fiscal
2025,2,Administracion Central,Ministerio De Salud,Ministerio De Salud,Ministerio De Salud,Htal. Ignacio Pirovano,Atencion Medica General En Hospitales De Agudos,Servicios Sociales,Salud,Bienes De Consumo,Bienes De Consumo,15061447175.0,16632789668.0,3881392206.26,22816765356.45,5324471540.51,Fiscal
2025,2,Administracion Central,Ministerio De Salud,Ministerio De Salud,Ministerio De Salud,Htal. Ignacio Pirovano,Atencion Medica General En Hospitales De Agudos,Servicios Sociales,Salud,Servicios No Personales,Servicios No Personales,9064026413.0,10155492828.0,2951291982.34,13931246745.78,4048565394.23,Fiscal
2025,2,Administracion Central,Ministerio De Salud,Ministerio De Salud,Ministerio De Salud,Htal. Ignacio Pirovano,Atencion Medica General En Hospitales De Agudos,Servicios Sociales,Salud,Transferencias,Al Sector Privado,106817242.0,106817242.0,12524000.0,146531279.2,17180351.28,Fiscal
2025,2,Administracion Central,Ministerio De Salud,Ministerio De Salud,Ministerio De Salud,Htal. Ignacio Pirovano,Atencion Medica General En Hospitales De Agudos,Servicios Sociales,Salud,Bienes De Uso,Maquinaria Y Equipo,0.0,17499836.0,12942035.0,24006174.54,17753809.3,Fiscal
2025,2,Administracion Central,Ministerio De Salud,Ministerio De Salud,Ministerio De Salud,Htal. Ignacio Pirovano,Atencion Medica General En Hospitales De Agudos,Servicios Sociales,Salud,Bienes De Uso,Construcciones Del Dominio Privado,5507335433.0,5260935433.0,1751690254.5,7216921017.23,2402958632.43,Fiscal
2025,2,Administracion Central,Ministerio De Salud,Ministerio De Salud,Ministerio De Salud,Htal. De Quemados,Atencion Medica De Patologias Especificas,Servicios Sociales,Salud,Gastos En Personal,Remuneraciones Al Personal,16650244369.0,16650244369.0,8109779059.25,22840709615.06,11124948344.87,Fiscal
2025,2,Administracion Central,Ministerio De Salud,Ministerio De Salud,Ministerio De Salud,Htal. De Quemados,Atencion Medica De Patologias Especificas,Servicios Sociales,Salud,Bienes De Consumo,Bienes De Consumo,4982260333.0,5108844164.0,837990473.94,7008283087.77,1149550520.18,Fiscal
2025,2,Administracion Central,Ministerio De Salud,Ministerio De Salud,Ministerio De Salud,Htal. De Quemados,Atencion Medica De Patologias Especificas,Servicios Sociales,Salud,Servicios No Personales,Servicios No Personales,3063515785.0,3007759912.0,818002938.17,4126027775.89,1122131733.38,Fiscal
2025,2,Administracion Central,Ministerio De Salud,Ministerio De Salud,Ministerio De Salud,Htal. De Quemados,Atencion Medica De Patologias Especificas,Servicios Sociales,Salud,Bienes De Uso,Maquinaria Y Equipo,0.0,22777546.0,91160.0,31246106.81,125052.76,Fiscal
2025,2,Administracion Central,Ministerio De Salud,Ministerio De Salud,Ministerio De Salud,Htal. De Quemados,Atencion Medica De Patologias Especificas,Servicios Sociales,Salud,Bienes De Uso,Construcciones Del Dominio Privado,1345050668.0,1345050668.0,426967647.05,1845132782.71,585711766.46,Fiscal
2025,2,Administracion Central,Ministerio De Salud,Ministerio De Salud,Ministerio De Salud,Htal. Odontologico Quinquela Martin,Atencion Odontologica General,Servicios Sociales,Salud,Gastos En Personal,Remuneraciones Al Personal,3846554466.0,3846554466.0,1823825030.32,5276681328.47,2501912703.68,Fiscal
2025,2,Administracion Central,Ministerio De Salud,Ministerio De Salud,Ministerio De Salud,Htal. Odontologico Quinquela Martin,Atencion Odontologica General,Servicios Sociales,Salud,Bienes De Consumo,Bienes De Consumo,118870286.0,128415440.0,31523476.64,176159563.19,43243724.24,Fiscal
2025,2,Administracion Central,Ministerio De Salud,Ministerio De Salud,Ministerio De Salud,Htal. Odontologico Quinquela Martin,Atencion Odontologica General,Servicios Sociales,Salud,Servicios No Personales,Servicios No Personales,340067117.0,422569630.0,99730506.71,579678591.92,136809736.42,Fiscal
2025,2,Administracion Central,Ministerio De Salud,Ministerio De Salud,Ministerio De Salud,Htal. Odontologico Quinquela Martin,Atencion Odontologica General,Servicios Sociales,Salud,Bienes De Uso,Maquinaria Y Equipo,0.0,3200000.0,3185459.8,4389741.62,4369795.46,Fiscal
2025,2,Administracion Central,Ministerio De Salud,Ministerio De Salud,Ministerio De Salud,Htal. Odontologico Quinquela Martin,Atencion Odontologica General,Servicios Sociales,Salud,Bienes De Uso,Construcciones Del Dominio Privado,384447822.0,384447822.0,121895447.4,527383314.61,167215474.79,Fiscal
2025,2,Administracion Central,Ministerio De Salud,Ministerio De Salud,Ministerio De Salud,Htal. Jose M.Ramos Mejia,Atencion Medica General En Hospitales De Agudos,Servicios Sociales,Salud,Gastos En Personal,Remuneraciones Al Personal,69816336150.0,69816452790.0,33421428289.33,95773809031.82,45847323412.16,Fiscal
2025,2,Administracion Central,Ministerio De Salud,Ministerio De Salud,Ministerio De Salud,Htal. Jose M.Ramos Mejia,Atencion Medica General En Hospitales De Agudos,Servicios Sociales,Salud,Bienes De Consumo,Bienes De Consumo,21687530318.0,22325648139.0,8272432716.58,30626195916.99,11348075697.99,Fiscal
2025,2,Administracion Central,Ministerio De Salud,Ministerio De Salud,Ministerio De Salud,Htal. Jose M.Ramos Mejia,Atencion Medica General En Hospitales De Agudos,Servicios Sociales,Salud,Servicios No Personales,Servicios No Personales,10366647636.0,9684782253.0,3617640015.51,13285528681.95,4962657799.78,Fiscal
2025,2,Administracion Central,Ministerio De Salud,Ministerio De Salud,Ministerio De Salud,Htal. Jose M.Ramos Mejia,Atencion Medica General En Hospitales De Agudos,Servicios Sociales,Salud,Transferencias,Al Sector Privado,9425051.0,22425051.0,15670160.0,30762556.19,21496235.51,Fiscal
2025,2,Administracion Central,Ministerio De Salud,Ministerio De Salud,Ministerio De Salud,Htal. Jose M.Ramos Mejia,Atencion Medica General En Hospitales De Agudos,Servicios Sociales,Salud,Bienes De Uso,Maquinaria Y Equipo,0.0,79486629.0,57667167.33,109039301.23,79107489.0,Fiscal
2025,2,Administracion Central,Ministerio De Salud,Ministerio De Salud,Ministerio De Salud,Htal. Jose M.Ramos Mejia,Atencion Medica General En Hospitales De Agudos,Servicios Sociales,Salud,Bienes De Uso,Construcciones Del Dominio Privado,5717507771.0,4617507771.0,1905452248.85,6334270645.24,2613888453.34,Fiscal
2025,2,Administracion Central,Ministerio De Salud,Ministerio De Salud,Ministerio De Salud,Htal. Bernardino Rivadavia,Atencion Medica General En Hospitales De Agudos,Servicios Sociales,Salud,Gastos En Personal,Remuneraciones Al Personal,54509219752.0,54509534212.0,26009176697.52,74775866023.1,35679239241.73,Fiscal
2025,2,Administracion Central,Ministerio De Salud,Ministerio De Salud,Ministerio De Salud,Htal. Bernardino Rivadavia,Atencion Medica General En Hospitales De Agudos,Servicios Sociales,Salud,Bienes De Consumo,Bienes De Consumo,12837026357.0,12673735508.0,3465545862.53,17385757593.76,4754015914.09,Fiscal
2025,2,Administracion Central,Ministerio De Salud,Ministerio De Salud,Ministerio De Salud,Htal. Bernardino Rivadavia,Atencion Medica General En Hospitales De Agudos,Servicios Sociales,Salud,Servicios No Personales,Servicios No Personales,6869089913.0,8015555845.0,2918151809.08,10995693480.62,4003103894.86,Fiscal
2025,2,Administracion Central,Ministerio De Salud,Ministerio De Salud,Ministerio De Salud,Htal. Bernardino Rivadavia,Atencion Medica General En Hospitales De Agudos,Servicios Sociales,Salud,Bienes De Uso,Maquinaria Y Equipo,0.0,106726614.0,56315930.0,146406956.23,77253869.39,Fiscal
2025,2,Administracion Central,Ministerio De Salud,Ministerio De Salud,Ministerio De Salud,Htal. Bernardino Rivadavia,Atencion Medica General En Hospitales De Agudos,Servicios Sociales,Salud,Transferencias,Al Sector Privado,287987663.0,287987663.0,26889200.0,395059822.4,36886450.15,Fiscal
2025,2,Administracion Central,Ministerio De Salud,Ministerio De Salud,Ministerio De Salud,Htal. Bernardino Rivadavia,Atencion Medica General En Hospitales De Agudos,Servicios Sociales,Salud,Bienes De Uso,Construcciones Del Dominio Privado,7945939045.0,6385139045.0,2622433043.05,8759097076.69,3597438589.72,Fiscal
2025,2,Administracion Central,Ministerio De Salud,Ministerio De Salud,Ministerio De Salud,Htal. Manuel Rocca,Atencion De Rehabilitacion,Servicios Sociales,Salud,Gastos En Personal,Remuneraciones Al Personal,14883422921.0,14883422921.0,7248069461.93,20416994098.27,9942860067.44,Fiscal
2025,2,Administracion Central,Ministerio De Salud,Ministerio De Salud,Ministerio De Salud,Htal. Manuel Rocca,Atencion De Rehabilitacion,Servicios Sociales,Salud,Bienes De Consumo,Bienes De Consumo,2374395426.0,2414635662.0,460174996.03,3312383335.62,631265417.1,Fiscal
2025,2,Administracion Central,Ministerio De Salud,Ministerio De Salud,Ministerio De Salud,Htal. Manuel Rocca,Atencion De Rehabilitacion,Servicios Sociales,Salud,Servicios No Personales,Servicios No Personales,1931800992.0,1963514597.0,709094514.25,2693538049.12,972731782.83,Fiscal
2025,2,Administracion Central,Ministerio De Salud,Ministerio De Salud,Ministerio De Salud,Htal. Manuel Rocca,Atencion De Rehabilitacion,Servicios Sociales,Salud,Transferencias,Al Sector Privado,1182687.0,1182687.0,0.0,1622403.24,0.0,Fiscal
2025,2,Administracion Central,Ministerio De Salud,Ministerio De Salud,Ministerio De Salud,Htal. Manuel Rocca,Atencion De Rehabilitacion,Servicios Sociales,Salud,Bienes De Uso,Maquinaria Y Equipo,0.0,10052000.0,45542.0,13789275.88,62474.25,Fiscal
2025,2,Administracion Central,Ministerio De Salud,Ministerio De Salud,Ministerio De Salud,Htal. Manuel Rocca,Atencion De Rehabilitacion,Servicios Sociales,Salud,Bienes De Uso,Construcciones Del Dominio Privado,999851259.0,999851259.0,331983381.55,1371590215.67,455412896.47,Fiscal
2025,2,Administracion Central,Ministerio De Salud,Ministerio De Salud,Ministerio De Salud,Htal. Santa Lucia,Atencion Medica Oftalmologica,Servicios Sociales,Salud,Gastos En Personal,Remuneraciones Al Personal,13875792819.0,13875792819.0,6694130840.88,19034732910.44,9182970247.96,Fiscal
2025,2,Administracion Central,Ministerio De Salud,Ministerio De Salud,Ministerio De Salud,Htal. Santa Lucia,Atencion Medica Oftalmologica,Servicios Sociales,Salud,Bienes De Consumo,Bienes De Consumo,1436310387.0,1348718557.0,548186687.27,1850164371.78,751999349.76,Fiscal
2025,2,Administracion Central,Ministerio De Salud,Ministerio De Salud,Ministerio De Salud,Htal. Santa Lucia,Atencion Medica Oftalmologica,Servicios Sociales,Salud,Servicios No Personales,Servicios No Personales,1215510544.0,1571097268.0,611326052.92,2155222210.56,838613568.99,Fiscal
2025,2,Administracion Central,Ministerio De Salud,Ministerio De Salud,Ministerio De Salud,Htal. Santa Lucia,Atencion Medica Oftalmologica,Servicios Sociales,Salud,Bienes De Uso,Maquinaria Y Equipo,0.0,142647748.0,13166111.33,195683361.58,18061195.92,Fiscal
2025,2,Administracion Central,Ministerio De Salud,Ministerio De Salud,Ministerio De Salud,Htal. Santa Lucia,Atencion Medica Oftalmologica,Servicios Sociales,Salud,Bienes De Uso,Construcciones Del Dominio Privado,1119725313.0,1119725313.0,357140768.0,1536032754.6,489923654.74,Fiscal
2025,2,Administracion Central,Ministerio De Salud,Ministerio De Salud,Ministerio De Salud,Htal.Donacion Francisco Santojanni,Atencion Medica General En Hospitales De Agudos,Servicios Sociales,Salud,Gastos En Personal,Remuneraciones Al Personal,68158131727.0,68158131727.0,33289218858.81,93498933720.13,45665959274.55,Fiscal
2025,2,Administracion Central,Ministerio De Salud,Ministerio De Salud,Ministerio De Salud,Htal.Donacion Francisco Santojanni,Atencion Medica General En Hospitales De Agudos,Servicios Sociales,Salud,Bienes De Consumo,Bienes De Consumo,23630067446.0,23894494517.0,7940592269.88,32778330369.58,10892858878.73,Fiscal
2025,2,Administracion Central,Ministerio De Salud,Ministerio De Salud,Ministerio De Salud,Htal.Donacion Francisco Santojanni,Atencion Medica General En Hospitales De Agudos,Servicios Sociales,Salud,Servicios No Personales,Servicios No Personales,9462792194.0,9192509139.0,3714015719.28,12610231250.93,5094865436.8,Fiscal
2025,2,Administracion Central,Ministerio De Salud,Ministerio De Salud,Ministerio De Salud,Htal.Donacion Francisco Santojanni,Atencion Medica General En Hospitales De Agudos,Servicios Sociales,Salud,Bienes De Uso,Maquinaria Y Equipo,0.0,25738304.0,4909984.0,35307657.63,6735487.86,Fiscal
2025,2,Administracion Central,Ministerio De Salud,Ministerio De Salud,Ministerio De Salud,Htal.Donacion Francisco Santojanni,Atencion Medica General En Hospitales De Agudos,Servicios Sociales,Salud,Transferencias,Al Sector Privado,45030798.0,45030798.0,15328721.27,61772990.12,21027851.82,Fiscal
2025,2,Administracion Central,Ministerio De Salud,Ministerio De Salud,Ministerio De Salud,Htal.Donacion Francisco Santojanni,Atencion Medica General En Hospitales De Agudos,Servicios Sociales,Salud,Bienes De Uso,Construcciones Del Dominio Privado,4701887051.0,3701887051.0,1539065769.75,5078227399.3,2111281585.2,Fiscal
2025,2,Administracion Central,Ministerio De Salud,Ministerio De Salud,Ministerio De Salud,Htal. Ramon Sarda,Atencion Medica Materno Infantil,Servicios Sociales,Salud,Gastos En Personal,Remuneraciones Al Personal,27639211753.0,27639211753.0,13385916421.51,37915311970.72,18362723281.37,Fiscal
2025,2,Administracion Central,Ministerio De Salud,Ministerio De Salud,Ministerio De Salud,Htal. Ramon Sarda,Atencion Medica Materno Infantil,Servicios Sociales,Salud,Bienes De Consumo,Bienes De Consumo,5405622800.0,5682901582.0,1788368846.4,7795771757.38,2453274114.18,Fiscal
2025,2,Administracion Central,Ministerio De Salud,Ministerio De Salud,Ministerio De Salud,Htal. Ramon Sarda,Atencion Medica Materno Infantil,Servicios Sociales,Salud,Servicios No Personales,Servicios No Personales,5342697170.0,5128909260.0,1521405367.89,7035808271.24,2087055147.34,Fiscal
2025,2,Administracion Central,Ministerio De Salud,Ministerio De Salud,Ministerio De Salud,Htal. Ramon Sarda,Atencion Medica Materno Infantil,Servicios Sociales,Salud,Transferencias,Al Sector Privado,1182687.0,1182687.0,0.0,1622403.24,0.0,Fiscal
2025,2,Administracion Central,Ministerio De Salud,Ministerio De Salud,Ministerio De Salud,Htal. Ramon Sarda,Atencion Medica Materno Infantil,Servicios Sociales,Salud,Bienes De Uso,Maquinaria Y Equipo,0.0,16659114.0,14289590.54,22852876.92,19602378.25,Fiscal
2025,2,Administracion Central,Ministerio De Salud,Ministerio De Salud,Ministerio De Salud,Htal. Ramon Sarda,Atencion Medica Materno Infantil,Servicios Sociales,Salud,Bienes De Uso,Construcciones Del Dominio Privado,2347109629.0,1947109629.0,767090935.6,2671033808.22,1052290940.61,Fiscal
2025,2,Administracion Central,Ministerio De Salud,Ministerio De Salud,Ministerio De Salud,Talleres Protegidos De Rehab.Psiquiat.,Atencion De Salud Mental,Servicios Sociales,Salud,Gastos En Personal,Remuneraciones Al Personal,4164655805.0,4164655805.0,1859150029.27,5713050918.69,2550371334.4,Fiscal
2025,2,Administracion Central,Ministerio De Salud,Ministerio De Salud,Ministerio De Salud,Talleres Protegidos De Rehab.Psiquiat.,Atencion De Salud Mental,Servicios Sociales,Salud,Bienes De Consumo,Bienes De Consumo,59752938.0,59752938.0,17258012.05,81968737.23,23674441.83,Fiscal
2025,2,Administracion Central,Ministerio De Salud,Ministerio De Salud,Ministerio De Salud,Talleres Protegidos De Rehab.Psiquiat.,Atencion De Salud Mental,Servicios Sociales,Salud,Servicios No Personales,Servicios No Personales,80801847.0,155792277.0,57319965.24,213714950.99,78631199.17,Fiscal
2025,2,Administracion Central,Ministerio De Salud,Ministerio De Salud,Ministerio De Salud,Talleres Protegidos De Rehab.Psiquiat.,Atencion De Salud Mental,Servicios Sociales,Salud,Transferencias,Al Sector Privado,10290793.0,10290793.0,5471350.0,14116850.74,7505566.51,Fiscal
2025,2,Administracion Central,Ministerio De Salud,Ministerio De Salud,Ministerio De Salud,Htal. Carolina Tobar Garcia,Atencion De Salud Mental,Servicios Sociales,Salud,Gastos En Personal,Remuneraciones Al Personal,12914113695.0,12914113695.0,6435865573.01,17715507010.37,8828683436.52,Fiscal
2025,2,Administracion Central,Ministerio De Salud,Ministerio De Salud,Ministerio De Salud,Htal. Carolina Tobar Garcia,Atencion De Salud Mental,Servicios Sociales,Salud,Bienes De Consumo,Bienes De Consumo,1259809234.0,1274474718.0,173352540.63,1748317099.76,237804019.8,Fiscal
2025,2,Administracion Central,Ministerio De Salud,Ministerio De Salud,Ministerio De Salud,Htal. Carolina Tobar Garcia,Atencion De Salud Mental,Servicios Sociales,Salud,Servicios No Personales,Servicios No Personales,1652274718.0,1604742031.0,575365404.91,2201375903.25,789282958.55,Fiscal
2025,2,Administracion Central,Ministerio De Salud,Ministerio De Salud,Ministerio De Salud,Htal. Carolina Tobar Garcia,Atencion De Salud Mental,Servicios Sociales,Salud,Bienes De Uso,Construcciones Del Dominio Privado,1348605080.0,1348605080.0,428862169.6,1850008704.68,588310661.61,Fiscal
2025,2,Administracion Central,Ministerio De Salud,Ministerio De Salud,Ministerio De Salud,Htal. Enrique Tornu,Atencion Medica General En Hospitales De Agudos,Servicios Sociales,Salud,Gastos En Personal,Remuneraciones Al Personal,34543407750.0,34543407750.0,17153771663.39,47386448393.59,23531445466.11,Fiscal
2025,2,Administracion Central,Ministerio De Salud,Ministerio De Salud,Ministerio De Salud,Htal. Enrique Tornu,Atencion Medica General En Hospitales De Agudos,Servicios Sociales,Salud,Bienes De Consumo,Bienes De Consumo,6925919447.0,7563015803.0,2315817856.63,10374901649.61,3176825637.65,Fiscal
2025,2,Administracion Central,Ministerio De Salud,Ministerio De Salud,Ministerio De Salud,Htal. Enrique Tornu,Atencion Medica General En Hospitales De Agudos,Servicios Sociales,Salud,Servicios No Personales,Servicios No Personales,5112414333.0,5248411652.0,1973634746.36,7199740966.37,2707420811.9,Fiscal
2025,2,Administracion Central,Ministerio De Salud,Ministerio De Salud,Ministerio De Salud,Htal. Enrique Tornu,Atencion Medica General En Hospitales De Agudos,Servicios Sociales,Salud,Bienes De Uso,Maquinaria Y Equipo,0.0,62501131.0,45656395.61,85738692.61,62631181.33,Fiscal
2025,2,Administracion Central,Ministerio De Salud,Ministerio De Salud,Ministerio De Salud,Htal. Enrique Tornu,Atencion Medica General En Hospitales De Agudos,Servicios Sociales,Salud,Transferencias,Al Sector Privado,20944557.0,21944557.0,7885545.0,30103417.28,10817345.35,Fiscal
2025,2,Administracion Central,Ministerio De Salud,Ministerio De Salud,Ministerio De Salud,Htal. Enrique Tornu,Atencion Medica General En Hospitales De Agudos,Servicios Sociales,Salud,Bienes De Uso,Construcciones Del Dominio Privado,3706246091.0,3006246091.0,1235279054.4,4123951124.93,1694548713.51,Fiscal
2025,2,Administracion Central,Ministerio De Salud,Ministerio De Salud,Ministerio De Salud,Htal. Bonorino Udaondo,Atencion Medica De Patologias Especificas,Servicios Sociales,Salud,Gastos En Personal,Remuneraciones Al Personal,18629850163.0,18629850163.0,9039390014.64,25556321475.82,12400183315.39,Fiscal
2025,2,Administracion Central,Ministerio De Salud,Ministerio De Salud,Ministerio De Salud,Htal. Bonorino Udaondo,Atencion Medica De Patologias Especificas,Servicios Sociales,Salud,Bienes De Consumo,Bienes De Consumo,6572561406.0,6780754213.0,2162481767.5,9301799692.42,2966480071.08,Fiscal
2025,2,Administracion Central,Ministerio De Salud,Ministerio De Salud,Ministerio De Salud,Htal. Bonorino Udaondo,Atencion Medica De Patologias Especificas,Servicios Sociales,Salud,Servicios No Personales,Servicios No Personales,2110708299.0,2316929416.0,989592595.74,3178350468.42,1357517440.32,Fiscal
2025,2,Administracion Central,Ministerio De Salud,Ministerio De Salud,Ministerio De Salud,Htal. Bonorino Udaondo,Atencion Medica De Patologias Especificas,Servicios Sociales,Salud,Bienes De Uso,Maquinaria Y Equipo,0.0,5632354.0,5632352.94,7726430.87,7726429.42,Fiscal
2025,2,Administracion Central,Ministerio De Salud,Ministerio De Salud,Ministerio De Salud,Htal. Bonorino Udaondo,Atencion Medica De Patologias Especificas,Servicios Sociales,Salud,Transferencias,Al Sector Privado,1182687.0,1182687.0,0.0,1622403.24,0.0,Fiscal
2025,2,Administracion Central,Ministerio De Salud,Ministerio De Salud,Ministerio De Salud,Htal. Bonorino Udaondo,Atencion Medica De Patologias Especificas,Servicios Sociales,Salud,Bienes De Uso,Construcciones Del Dominio Privado,1895241809.0,1895241809.0,617663580.9,2599881830.58,847307353.48,Fiscal
2025,2,Administracion Central,Ministerio De Salud,Ministerio De Salud,Ministerio De Salud,Htal. Dalmacio Velez Sarsfield,Atencion Medica General En Hospitales De Agudos,Servicios Sociales,Salud,Gastos En Personal,Remuneraciones Al Personal,31056496698.0,31056496698.0,15021776730.78,42603123835.27,20606787060.06,Fiscal
2025,2,Administracion Central,Ministerio De Salud,Ministerio De Salud,Ministerio De Salud,Htal. Dalmacio Velez Sarsfield,Atencion Medica General En Hospitales De Agudos,Servicios Sociales,Salud,Bienes De Consumo,Bienes De Consumo,6960342638.0,6356601255.0,1883906964.87,8719949100.24,2584332756.49,Fiscal
2025,2,Administracion Central,Ministerio De Salud,Ministerio De Salud,Ministerio De Salud,Htal. Dalmacio Velez Sarsfield,Atencion Medica General En Hospitales De Agudos,Servicios Sociales,Salud,Servicios No Personales,Servicios No Personales,4108239340.0,4118505563.0,1261611887.5,5649742281.72,1730671942.75,Fiscal
2025,2,Administracion Central,Ministerio De Salud,Ministerio De Salud,Ministerio De Salud,Htal. Dalmacio Velez Sarsfield,Atencion Medica General En Hospitales De Agudos,Servicios Sociales,Salud,Transferencias,Al Sector Privado,1182687.0,1182687.0,0.0,1622403.24,0.0,Fiscal
2025,2,Administracion Central,Ministerio De Salud,Ministerio De Salud,Ministerio De Salud,Htal. Dalmacio Velez Sarsfield,Atencion Medica General En Hospitales De Agudos,Servicios Sociales,Salud,Bienes De Uso,Maquinaria Y Equipo,0.0,8025000.0,0.0,11008648.92,0.0,Fiscal
2025,2,Administracion Central,Ministerio De Salud,Ministerio De Salud,Ministerio De Salud,Htal. Dalmacio Velez Sarsfield,Atencion Medica General En Hospitales De Agudos,Servicios Sociales,Salud,Bienes De Uso,Construcciones Del Dominio Privado,1110222840.0,1110222840.0,353746666.41,1522997316.7,485267645.67,Fiscal
2025,2,Administracion Central,Ministerio De Salud,Ministerio De Salud,Ministerio De Salud,Htal. Abel Zubizarreta,Atencion Medica General En Hospitales De Agudos,Servicios Sociales,Salud,Gastos En Personal,Remuneraciones Al Personal,23901243533.0,23901243533.0,11681819765.01,32787588630.98,16025053273.38,Fiscal
2025,2,Administracion Central,Ministerio De Salud,Ministerio De Salud,Ministerio De Salud,Htal. Abel Zubizarreta,Atencion Medica General En Hospitales De Agudos,Servicios Sociales,Salud,Bienes De Consumo,Bienes De Consumo,6621937454.0,6647410335.0,1377614049.58,9118879326.27,1889803042.57,Fiscal
2025,2,Administracion Central,Ministerio De Salud,Ministerio De Salud,Ministerio De Salud,Htal. Abel Zubizarreta,Atencion Medica General En Hospitales De Agudos,Servicios Sociales,Salud,Servicios No Personales,Servicios No Personales,3884066992.0,3654269243.0,1087789239.34,5012905563.72,1492223032.14,Fiscal
2025,2,Administracion Central,Ministerio De Salud,Ministerio De Salud,Ministerio De Salud,Htal. Abel Zubizarreta,Atencion Medica General En Hospitales De Agudos,Servicios Sociales,Salud,Bienes De Uso,Maquinaria Y Equipo,0.0,350000.0,331596.0,480127.99,454881.49,Fiscal
2025,2,Administracion Central,Ministerio De Salud,Ministerio De Salud,Ministerio De Salud,Htal. Abel Zubizarreta,Atencion Medica General En Hospitales De Agudos,Servicios Sociales,Salud,Transferencias,Al Sector Privado,1182687.0,1182687.0,1120000.0,1622403.24,1536409.57,Fiscal
2025,2,Administracion Central,Ministerio De Salud,Ministerio De Salud,Ministerio De Salud,Htal. Abel Zubizarreta,Atencion Medica General En Hospitales De Agudos,Servicios Sociales,Salud,Bienes De Uso,Construcciones Del Dominio Privado,905437341.0,905437341.0,290860813.5,1242073745.11,399001193.76,Fiscal
2025,2,Administracion Central,Ministerio De Salud,Ministerio De Salud,Ministerio De Salud,Centro De Salud Ameghino,Atencion De Salud Mental,Servicios Sociales,Salud,Gastos En Personal,Remuneraciones Al Personal,5571605270.0,5571605270.0,2638637927.62,7643096115.68,3619668357.32,Fiscal
2025,2,Administracion Central,Ministerio De Salud,Ministerio De Salud,Ministerio De Salud,Centro De Salud Ameghino,Atencion De Salud Mental,Servicios Sociales,Salud,Bienes De Consumo,Bienes De Consumo,187487526.0,187487526.0,45962591.86,257194311.56,63051219.58,Fiscal
2025,2,Administracion Central,Ministerio De Salud,Ministerio De Salud,Ministerio De Salud,Centro De Salud Ameghino,Atencion De Salud Mental,Servicios Sociales,Salud,Servicios No Personales,Servicios No Personales,168237259.0,271561625.0,104518273.29,372526677.79,143377567.13,Fiscal
2025,2,Administracion Central,Ministerio De Salud,Ministerio De Salud,Ministerio De Salud,Centro De Salud Ameghino,Atencion De Salud Mental,Servicios Sociales,Salud,Bienes De Uso,Construcciones Del Dominio Privado,475063906.0,475063906.0,158379982.1,651689938.3,217264749.98,Fiscal
2025,2,Administracion Central,Ministerio De Salud,Ministerio De Salud,Ministerio De Salud,Instituto Pasteur,Instituto De Control De Zoonosis Luis Pasteur,Servicios Sociales,Salud,Bienes De Consumo,Bienes De Consumo,149488777.0,150350777.0,64712647.58,206250332.53,88772438.35,Fiscal
2025,2,Administracion Central,Ministerio De Salud,Ministerio De Salud,Ministerio De Salud,Instituto Pasteur,Instituto De Control De Zoonosis Luis Pasteur,Servicios Sociales,Salud,Servicios No Personales,Servicios No Personales,587283683.0,611357882.0,200851497.55,838657231.94,275526930.99,Fiscal
2025,2,Administracion Central,Ministerio De Salud,Ministerio De Salud,Ministerio De Salud,Instituto Pasteur,Instituto De Control De Zoonosis Luis Pasteur,Servicios Sociales,Salud,Bienes De Uso,Maquinaria Y Equipo,0.0,23497803.0,17808271.08,32234151.22,24429284.01,Fiscal
2025,2,Administracion Central,Ministerio De Salud,Ministerio De Salud,Ministerio De Salud,Instituto Pasteur,Instituto De Control De Zoonosis Luis Pasteur,Servicios Sociales,Salud,Gastos En Personal,Remuneraciones Al Personal,4559650224.0,4559650224.0,2087453736.5,6254901994.5,2863557048.99,Fiscal
2025,2,Administracion Central,Ministerio De Salud,Ministerio De Salud,Ministerio De Salud,Instituto Pasteur,Instituto De Control De Zoonosis Luis Pasteur,Servicios Sociales,Salud,Bienes De Uso,Construcciones Del Dominio Privado,753312129.0,753312129.0,239948683.15,1033389252.83,329160225.69,Fiscal
2025,2,Administracion Central,Ministerio De Salud,Ministerio De Salud,Ministerio De Salud,Instituto De Rehabilitacion Psicofica,Atencion De Rehabilitacion,Servicios Sociales,Salud,Bienes De Consumo,Bienes De Consumo,2912482250.0,2943108555.0,898305149.67,4037339415.6,1232289846.0,Fiscal
2025,2,Administracion Central,Ministerio De Salud,Ministerio De Salud,Ministerio De Salud,Instituto De Rehabilitacion Psicofica,Atencion De Rehabilitacion,Servicios Sociales,Salud,Servicios No Personales,Servicios No Personales,1416054279.0,1617422126.0,642108315.96,2218770384.76,880840500.67,Fiscal
2025,2,Administracion Central,Ministerio De Salud,Ministerio De Salud,Ministerio De Salud,Instituto De Rehabilitacion Psicofica,Atencion De Rehabilitacion,Servicios Sociales,Salud,Bienes De Uso,Maquinaria Y Equipo,0.0,32900000.0,20274151.55,45132031.08,27811964.68,Fiscal
2025,2,Administracion Central,Ministerio De Salud,Ministerio De Salud,Ministerio De Salud,Instituto De Rehabilitacion Psicofica,Atencion De Rehabilitacion,Servicios Sociales,Salud,Gastos En Personal,Remuneraciones Al Personal,11396660818.0,11396660818.0,5445000228.26,15633873867.33,7469420046.42,Fiscal
2025,2,Administracion Central,Ministerio De Salud,Ministerio De Salud,Ministerio De Salud,Instituto De Rehabilitacion Psicofica,Atencion De Rehabilitacion,Servicios Sociales,Salud,Transferencias,Al Sector Privado,6283367.0,6283367.0,0.0,8619486.77,0.0,Fiscal
2025,2,Administracion Central,Ministerio De Salud,Ministerio De Salud,Ministerio De Salud,Instituto De Rehabilitacion Psicofica,Atencion De Rehabilitacion,Servicios Sociales,Salud,Bienes De Uso,Construcciones Del Dominio Privado,1137945898.0,1137945898.0,397564264.15,1561027648.47,545376374.64,Fiscal
2025,2,Administracion Central,Ministerio De Salud,Ministerio De Salud,Ministerio De Salud,Dir.Gral.Adjunta Same,Sistema De Atencion Medica De Emergencia,Servicios Sociales,Salud,Gastos En Personal,Remuneraciones Al Personal,35235751681.0,35184977440.0,16305783426.48,48266550010.26,22368180072.1,Fiscal
2025,2,Administracion Central,Ministerio De Salud,Ministerio De Salud,Ministerio De Salud,Dir.Gral.Adjunta Same,Sistema De Atencion Medica De Emergencia,Servicios Sociales,Salud,Bienes De Consumo,Bienes De Consumo,535863306.0,606657097.0,93315648.42,832208722.07,128009870.66,Fiscal
2025,2,Administracion Central,Ministerio De Salud,Ministerio De Salud,Ministerio De Salud,Dir.Gral.Adjunta Same,Sistema De Atencion Medica De Emergencia,Servicios Sociales,Salud,Servicios No Personales,Servicios No Personales,3221622961.0,3885125336.0,1860267037.97,5329592626.45,2551903640.52,Fiscal
2025,2,Administracion Central,Ministerio De Salud,Ministerio De Salud,Ministerio De Salud,Dir.Gral.Adjunta Same,Sistema De Atencion Medica De Emergencia,Servicios Sociales,Salud,Bienes De Uso,Maquinaria Y Equipo,3625891812.0,3680220948.0,571229235.7,5048505963.61,783608985.38,Fiscal
2025,2,Administracion Central,Ministerio De Salud,Ministerio De Salud,Ministerio De Salud,Ctro.De Salud Nº 1 Hugo Rosario,Atencion De Salud Mental,Servicios Sociales,Salud,Gastos En Personal,Remuneraciones Al Personal,2264713121.0,2541360601.0,1407092672.53,3486223879.25,1930241648.26,Fiscal
2025,2,Administracion Central,Ministerio De Salud,Ministerio De Salud,Ministerio De Salud,Ctro.De Salud Nº 1 Hugo Rosario,Atencion De Salud Mental,Servicios Sociales,Salud,Bienes De Consumo,Bienes De Consumo,171918699.0,174840753.0,59722370.45,239845540.98,81926804.84,Fiscal
2025,2,Administracion Central,Ministerio De Salud,Ministerio De Salud,Ministerio De Salud,Ctro.De Salud Nº 1 Hugo Rosario,Atencion De Salud Mental,Servicios Sociales,Salud,Servicios No Personales,Servicios No Personales,80666330.0,85787381.0,46215859.38,117682636.64,63398650.51,Fiscal
2025,2,Administracion Central,Ministerio De Salud,Ministerio De Salud,Ministerio De Salud,Ctro.De Salud Nº 1 Hugo Rosario,Atencion De Salud Mental,Servicios Sociales,Salud,Bienes De Uso,Maquinaria Y Equipo,0.0,343316.0,0.0,470958.92,0.0,Fiscal
2025,2,Administracion Central,Ministerio De Salud,Ministerio De Salud,Ministerio De Salud,Cai Cecilia Grierson,Atencion Medica General En Hospitales De Agudos,Servicios Sociales,Salud,Gastos En Personal,Remuneraciones Al Personal,16444798057.0,16444827217.0,7843204247.22,22558919545.5,10759262548.47,Fiscal
2025,2,Administracion Central,Ministerio De Salud,Ministerio De Salud,Ministerio De Salud,Cai Cecilia Grierson,Atencion Medica General En Hospitales De Agudos,Servicios Sociales,Salud,Bienes De Consumo,Bienes De Consumo,5327755152.0,5332083855.0,1297342706.2,7314522013.98,1779687274.66,Fiscal
2025,2,Administracion Central,Ministerio De Salud,Ministerio De Salud,Ministerio De Salud,Cai Cecilia Grierson,Atencion Medica General En Hospitales De Agudos,Servicios Sociales,Salud,Servicios No Personales,Servicios No Personales,2705044943.0,2713098324.0,922601542.66,3721812701.5,1265619498.39,Fiscal
2025,2,Administracion Central,Ministerio De Salud,Ministerio De Salud,Ministerio De Salud,Cai Cecilia Grierson,Atencion Medica General En Hospitales De Agudos,Servicios Sociales,Salud,Bienes De Uso,Maquinaria Y Equipo,0.0,26000000.0,9255367.35,35666650.7,12696459.78,Fiscal
2025,2,Administracion Central,Ministerio De Salud,Ministerio De Salud,Ministerio De Salud,Cai Cecilia Grierson,Atencion Medica General En Hospitales De Agudos,Servicios Sociales,Salud,Bienes De Uso,Construcciones Del Dominio Privado,1884859185.0,1884859185.0,617270246.0,2585639006.6,846767778.93,Fiscal
2025,2,Administracion Central,Ministerio De Salud,Ministerio De Salud,Ministerio De Salud,Subsecretaria De Administracion Del Sistema De Salud,Administracion Del Sistema De Salud,Servicios Sociales,Salud,Gastos En Personal,Remuneraciones Al Personal,4233353787.0,4288049066.0,1953886761.76,5882321085.57,2680330640.02,Fiscal
2025,2,Administracion Central,Ministerio De Salud,Ministerio De Salud,Ministerio De Salud,Subsecretaria De Administracion Del Sistema De Salud,Administracion Del Sistema De Salud,Servicios Sociales,Salud,Bienes De Consumo,Bienes De Consumo,19802342.0,100099979.0,16502602.12,137316576.39,22638174.83,Fiscal
2025,2,Administracion Central,Ministerio De Salud,Ministerio De Salud,Ministerio De Salud,Subsecretaria De Administracion Del Sistema De Salud,Administracion Del Sistema De Salud,Servicios Sociales,Salud,Servicios No Personales,Servicios No Personales,6275175701.0,9439974102.0,3638327318.26,12949702266.16,4991036522.9,Fiscal
2025,2,Administracion Central,Ministerio De Salud,Ministerio De Salud,Ministerio De Salud,Subsecretaria De Administracion Del Sistema De Salud,Administracion Del Sistema De Salud,Servicios Sociales,Salud,Bienes De Uso,Maquinaria Y Equipo,0.0,37422597.0,326232.05,51336103.67,447523.25,Fiscal
2025,2,Administracion Central,Ministerio De Salud,Ministerio De Salud,Ministerio De Salud,Subsecretaria De Administracion Del Sistema De Salud,Administracion Del Sistema De Salud,Servicios Sociales,Salud,Transferencias,Al Sector Privado,11028986.0,11028986.0,0.0,15129499.66,0.0,Fiscal
2025,2,Administracion Central,Ministerio De Salud,Ministerio De Salud,Ministerio De Salud,Subsecretaría De Atención Hospitalaria,Actividades Comunes,Servicios Sociales,Salud,Gastos En Personal,Remuneraciones Al Personal,2047210536.0,2071228570.0,1021771919.18,2841299458.75,1401660851.43,Fiscal
2025,2,Administracion Central,Ministerio De Salud,Ministerio De Salud,Ministerio De Salud,Subsecretaría De Atención Hospitalaria,Actividades Comunes,Servicios Sociales,Salud,Bienes De Consumo,Bienes De Consumo,202755000.0,1290120537.0,742084946.06,1769779944.43,1017987867.75,Fiscal
2025,2,Administracion Central,Ministerio De Salud,Ministerio De Salud,Ministerio De Salud,Subsecretaría De Atención Hospitalaria,Actividades Comunes,Servicios Sociales,Salud,Servicios No Personales,Servicios No Personales,467664998.0,892046919.0,493050202.0,1223704841.1,676363435.87,Fiscal
2025,2,Administracion Central,Ministerio De Salud,Ministerio De Salud,Ministerio De Salud,Subsecretaría De Atención Hospitalaria,Actividades Comunes,Servicios Sociales,Salud,Bienes De Uso,Maquinaria Y Equipo,0.0,21000.0,21000.0,28807.68,28807.68,Fiscal
2025,2,Administracion Central,Ministerio De Salud,Ministerio De Salud,Ministerio De Salud,Subsecretaría De Atención Hospitalaria,Actividades Comunes,Servicios Sociales,Salud,Bienes De Consumo,Bienes De Consumo,0.0,10000.0,0.0,13717.94,0.0,Fiscal
2025,2,Administracion Central,Ministerio De Salud,Ministerio De Salud,Ministerio De Salud,Subsecretaría De Atención Hospitalaria,Actividades Comunes,Servicios Sociales,Salud,Bienes De Uso,Bienes De Uso,0.0,4769990000.0,206515273.8,6543444891.39,283296466.73,Fiscal
2025,2,Administracion Central,Ministerio De Salud,Ministerio De Salud,Ministerio De Salud,Subsecretaría De Atención Hospitalaria,Actividades Comunes,Servicios Sociales,Salud,Activos Financieros,Activos Financieros,0.0,10000000.0,0.0,13717942.58,0.0,Fiscal
2025,2,Administracion Central,Ministerio De Salud,Ministerio De Salud,Ministerio De Salud,Subsecretaría De Atención Hospitalaria,Atencion De Salud Mental,Servicios Sociales,Salud,Gastos En Personal,Remuneraciones Al Personal,4103633970.0,4096874482.0,1627432862.44,5620068889.01,2232503055.52,Fiscal
2025,2,Administracion Central,Ministerio De Salud,Ministerio De Salud,Ministerio De Salud,Subsecretaría De Atención Hospitalaria,Atencion De Salud Mental,Servicios Sociales,Salud,Bienes De Consumo,Bienes De Consumo,21613404.0,42093404.0,32682848.78,57743489.9,44834144.28,Fiscal
2025,2,Administracion Central,Ministerio De Salud,Ministerio De Salud,Ministerio De Salud,Subsecretaría De Atención Hospitalaria,Atencion De Salud Mental,Servicios Sociales,Salud,Servicios No Personales,Servicios No Personales,2618910926.0,3043529352.0,913541884.85,4175096088.28,1253191511.83,Fiscal
2025,2,Administracion Central,Ministerio De Salud,Ministerio De Salud,Ministerio De Salud,Subsecretaría De Atención Hospitalaria,Atencion De Salud Mental,Servicios Sociales,Salud,Bienes De Uso,Maquinaria Y Equipo,0.0,22950000.0,12174657.62,31482678.21,16701125.41,Fiscal
2025,2,Administracion Central,Ministerio De Salud,Ministerio De Salud,Ministerio De Salud,Subsecretaría De Atención Hospitalaria,Atencion De Salud Mental,Servicios Sociales,Salud,Servicios No Personales,Impuestos Directos,0.0,1655000.0,654142.91,2270319.5,897349.49,Fiscal
2025,2,Administracion Central,Ministerio De Salud,Ministerio De Salud,Ministerio De Salud,Subsecretaría De Atención Hospitalaria,Atencion De Salud Mental,Servicios Sociales,Salud,Transferencias,Al Sector Privado,14828684430.0,14828684430.0,3913014309.78,20341904150.64,5367850560.54,Fiscal
2025,2,Administracion Central,Ministerio De Salud,Ministerio De Salud,Ministerio De Salud,Subsecretaria Atencion Primaria Ambulatoria Y Comunitaria,Promocion Y Cuidado De La Salud Del Niño,Servicios Sociales,Salud,Bienes De Consumo,Bienes De Consumo,3482912784.0,3455634019.0,1743800199.84,4740418904.05,2392135100.75,Fiscal
2025,2,Administracion Central,Ministerio De Salud,Ministerio De Salud,Ministerio De Salud,Subsecretaria Atencion Primaria Ambulatoria Y Comunitaria,Promocion Y Cuidado De La Salud Del Niño,Servicios Sociales,Salud,Servicios No Personales,Servicios No Personales,625428049.0,625428049.0,254864729.92,857958606.24,349621973.0,Fiscal
2025,2,Administracion Central,Ministerio De Salud,Ministerio De Salud,Ministerio De Salud,Subsecretaria Atencion Primaria Ambulatoria Y Comunitaria,Promocion Y Cuidado De La Salud Del Niño,Servicios Sociales,Salud,Gastos En Personal,Remuneraciones Al Personal,178749206.0,180105716.0,68257252.86,247067986.99,93634907.52,Fiscal
2025,2,Administracion Central,Ministerio De Salud,Ministerio De Salud,Ministerio De Salud,Subsecretaria Atencion Primaria Ambulatoria Y Comunitaria,Prevencion Y Proteccion En Salud Sexual,Servicios Sociales,Salud,Bienes De Consumo,Bienes De Consumo,6017629510.0,4337319816.0,2502330495.64,5949910417.49,3432682604.84,Fiscal
2025,2,Administracion Central,Ministerio De Salud,Ministerio De Salud,Ministerio De Salud,Subsecretaria Atencion Primaria Ambulatoria Y Comunitaria,Gestion De Redes Y Programas De Salud,Servicios Sociales,Salud,Servicios No Personales,Servicios No Personales,2575863629.0,2808418155.0,1769598310.44,3852571898.31,2427524800.74,Fiscal
2025,2,Administracion Central,Ministerio De Salud,Ministerio De Salud,Ministerio De Salud,Subsecretaria Atencion Primaria Ambulatoria Y Comunitaria,Gestion De Redes Y Programas De Salud,Servicios Sociales,Salud,Gastos En Personal,Remuneraciones Al Personal,1617599011.0,1617599011.0,724363072.82,2219013034.59,993677103.8,Fiscal
2025,2,Administracion Central,Ministerio De Salud,Ministerio De Salud,Ministerio De Salud,Subsecretaria Atencion Primaria Ambulatoria Y Comunitaria,Gestion De Redes Y Programas De Salud,Servicios Sociales,Salud,Bienes De Consumo,Bienes De Consumo,5099247610.0,6370982131.0,3835108169.44,8739676703.35,5260979364.58,Fiscal
2025,2,Administracion Central,Ministerio De Salud,Ministerio De Salud,Ministerio De Salud,Subsecretaria Atencion Primaria Ambulatoria Y Comunitaria,"Atencion Primaria, Ambulatoria Y Comunitaria",Servicios Sociales,Salud,Gastos En Personal,Remuneraciones Al Personal,23832677723.0,23835099311.0,11172649363.05,32696852367.05,15326576239.77,Fiscal
2025,2,Administracion Central,Ministerio De Salud,Ministerio De Salud,Ministerio De Salud,Subsecretaria Atencion Primaria Ambulatoria Y Comunitaria,"Atencion Primaria, Ambulatoria Y Comunitaria",Servicios Sociales,Salud,Bienes De Consumo,Bienes De Consumo,628304250.0,630554473.0,173071515.07,864991005.24,237418510.55,Fiscal
2025,2,Administracion Central,Ministerio De Salud,Ministerio De Salud,Ministerio De Salud,Subsecretaria Atencion Primaria Ambulatoria Y Comunitaria,"Atencion Primaria, Ambulatoria Y Comunitaria",Servicios Sociales,Salud,Servicios No Personales,Servicios No Personales,5384384823.0,4325426984.0,1928188959.71,5933595898.85,2645078542.73,Fiscal
2025,2,Administracion Central,Ministerio De Salud,Ministerio De Salud,Ministerio De Salud,Subsecretaria Atencion Primaria Ambulatoria Y Comunitaria,"Atencion Primaria, Ambulatoria Y Comunitaria",Servicios Sociales,Salud,Bienes De Uso,Maquinaria Y Equipo,0.0,35211461.0,1878096.12,48302880.01,2576361.47,Fiscal
2025,2,Administracion Central,Ministerio De Salud,Ministerio De Salud,Ministerio De Salud,Subsecretaria Atencion Primaria Ambulatoria Y Comunitaria,"Atencion Primaria, Ambulatoria Y Comunitaria",Servicios Sociales,Salud,Bienes De Uso,Construcciones Del Dominio Privado,5860737982.0,5151837982.0,1968294093.95,7067261760.42,2700094535.59,Fiscal
2025,2,Administracion Central,Ministerio De Salud,Ministerio De Salud,Ministerio De Salud,Ente Autarquico Instituto De Transplante,Ente Autarquico Instituto Del Trasplante,Servicios Sociales,Salud,Gastos En Personal,Remuneraciones Al Personal,2396739188.0,2410863042.0,1307375244.59,3307208077.17,1793449853.22,Fiscal
2025,2,Administracion Central,Ministerio De Salud,Ministerio De Salud,Ministerio De Salud,Ente Autarquico Instituto De Transplante,Ente Autarquico Instituto Del Trasplante,Servicios Sociales,Salud,Bienes De Consumo,Bienes De Consumo,213569983.0,437333909.0,377238674.73,599932145.07,517493847.79,Fiscal
2025,2,Administracion Central,Ministerio De Salud,Ministerio De Salud,Ministerio De Salud,Ente Autarquico Instituto De Transplante,Ente Autarquico Instituto Del Trasplante,Servicios Sociales,Salud,Servicios No Personales,Servicios No Personales,384816450.0,356926846.0,110583411.95,489630197.77,151697689.51,Fiscal
2025,2,Administracion Central,Ministerio De Salud,Ministerio De Salud,Ministerio De Salud,Ente Autarquico Instituto De Transplante,Ente Autarquico Instituto Del Trasplante,Administración Gubernamental,Control De La Gestión,Gastos En Personal,Remuneraciones Al Personal,91464588.0,91464588.0,38803938.08,125470596.6,53231019.44,Fiscal
2025,2,Administracion Central,Ministerio De Salud,Ministerio De Salud,Ministerio De Salud,Ente Autarquico Instituto De Transplante,Ente Autarquico Instituto Del Trasplante,Administración Gubernamental,Control De La Gestión,Bienes De Consumo,Bienes De Consumo,121339.0,431339.0,0.0,591708.36,0.0,Fiscal
2025,2,Administracion Central,Ministerio De Salud,Ministerio De Salud,Ministerio De Salud,Ente Autarquico Instituto De Transplante,Ente Autarquico Instituto Del Trasplante,Servicios Sociales,Salud,Bienes De Uso,Maquinaria Y Equipo,96957214.0,93721534.0,20624792.4,128566662.17,28292971.78,Fiscal
2025,2,Administracion Central,Ministerio De Salud,Ministerio De Salud,Ministerio De Salud,Ente Autarquico Instituto De Transplante,Ente Autarquico Instituto Del Trasplante,Servicios Sociales,Salud,Transferencias,Al Sector Privado,800388216.0,800388216.0,77398156.01,1097967958.66,106174345.97,Fiscal
2025,2,Administracion Central,Ministerio De Salud,Ministerio De Salud,Ministerio De Salud,Centro De Salud 34,Salud Comunitaria - Centros De Salud,Servicios Sociales,Salud,Gastos En Personal,Remuneraciones Al Personal,1782645300.0,1782645300.0,857473099.46,2445422586.09,1176276673.99,Fiscal
2025,2,Administracion Central,Ministerio De Salud,Ministerio De Salud,Ministerio De Salud,Centro De Salud 34,Salud Comunitaria - Centros De Salud,Servicios Sociales,Salud,Bienes De Consumo,Bienes De Consumo,593118445.0,597531911.0,166528382.52,819690844.32,228442678.89,Fiscal
2025,2,Administracion Central,Ministerio De Salud,Ministerio De Salud,Ministerio De Salud,Centro De Salud 34,Salud Comunitaria - Centros De Salud,Servicios Sociales,Salud,Servicios No Personales,Servicios No Personales,4173524.0,4173524.0,925900.56,5725216.26,1270145.07,Fiscal
2025,2,Administracion Central,Ministerio De Salud,Ministerio De Salud,Ministerio De Salud,Centro De Salud 34,Salud Comunitaria - Centros De Salud,Servicios Sociales,Salud,Bienes De Uso,Maquinaria Y Equipo,0.0,5112573.0,0.0,7013398.28,0.0,Fiscal
2025,2,Administracion Central,Ministerio De Salud,Ministerio De Salud,Ministerio De Salud,Centros Salud 22 38,Salud Comunitaria - Centros De Salud,Servicios Sociales,Salud,Gastos En Personal,Remuneraciones Al Personal,2415144945.0,2415144945.0,1198394512.78,3313081967.12,1643950711.12,Fiscal
2025,2,Administracion Central,Ministerio De Salud,Ministerio De Salud,Ministerio De Salud,Centros Salud 22 38,Salud Comunitaria - Centros De Salud,Servicios Sociales,Salud,Bienes De Consumo,Bienes De Consumo,1519883437.0,1526632750.0,604040185.94,2094226040.1,828618858.51,Fiscal
2025,2,Administracion Central,Ministerio De Salud,Ministerio De Salud,Ministerio De Salud,Centros Salud 22 38,Salud Comunitaria - Centros De Salud,Servicios Sociales,Salud,Servicios No Personales,Servicios No Personales,7261339.0,7261339.0,1411801.12,9961063.14,1936700.67,Fiscal
2025,2,Administracion Central,Ministerio De Salud,Ministerio De Salud,Ministerio De Salud,Centros Salud 22 38,Salud Comunitaria - Centros De Salud,Servicios Sociales,Salud,Bienes De Uso,Maquinaria Y Equipo,0.0,3042200.0,0.0,4173272.49,0.0,Fiscal
2025,2,Administracion Central,Ministerio De Salud,Ministerio De Salud,Ministerio De Salud,Centros Salud 17 21 25 26,Salud Comunitaria - Centros De Salud,Servicios Sociales,Salud,Gastos En Personal,Remuneraciones Al Personal,4290752064.0,4291066966.0,2119251392.21,5886461023.46,2907176890.5,Fiscal
2025,2,Administracion Central,Ministerio De Salud,Ministerio De Salud,Ministerio De Salud,Centros Salud 17 21 25 26,Salud Comunitaria - Centros De Salud,Servicios Sociales,Salud,Bienes De Consumo,Bienes De Consumo,1186888425.0,1189274453.0,365370015.75,1631439865.48,501212489.55,Fiscal
2025,2,Administracion Central,Ministerio De Salud,Ministerio De Salud,Ministerio De Salud,Centros Salud 17 21 25 26,Salud Comunitaria - Centros De Salud,Servicios Sociales,Salud,Servicios No Personales,Servicios No Personales,14352933.0,14352933.0,3529502.8,19689271.07,4841751.67,Fiscal
2025,2,Administracion Central,Ministerio De Salud,Ministerio De Salud,Ministerio De Salud,Centros Salud 17 21 25 26,Salud Comunitaria - Centros De Salud,Servicios Sociales,Salud,Bienes De Uso,Maquinaria Y Equipo,0.0,14248997.0,0.0,19546692.26,0.0,Fiscal
2025,2,Administracion Central,Ministerio De Salud,Ministerio De Salud,Ministerio De Salud,Centros Salud 2 12 27,Salud Comunitaria - Centros De Salud,Servicios Sociales,Salud,Gastos En Personal,Remuneraciones Al Personal,3656317842.0,3656317842.0,1734659205.52,5015715820.06,2379595537.24,Fiscal
2025,2,Administracion Central,Ministerio De Salud,Ministerio De Salud,Ministerio De Salud,Centros Salud 2 12 27,Salud Comunitaria - Centros De Salud,Servicios Sociales,Salud,Bienes De Consumo,Bienes De Consumo,725155979.0,728297233.0,220158622.8,999073962.14,302012334.54,Fiscal
2025,2,Administracion Central,Ministerio De Salud,Ministerio De Salud,Ministerio De Salud,Centros Salud 2 12 27,Salud Comunitaria - Centros De Salud,Servicios Sociales,Salud,Servicios No Personales,Servicios No Personales,11434863.0,16544316.0,2117701.68,22695397.69,2905051.0,Fiscal
2025,2,Administracion Central,Ministerio De Salud,Ministerio De Salud,Ministerio De Salud,Centros Salud 2 12 27,Salud Comunitaria - Centros De Salud,Servicios Sociales,Salud,Bienes De Uso,Maquinaria Y Equipo,0.0,1882609.0,0.0,2582552.22,0.0,Fiscal
2025,2,Administracion Central,Ministerio De Salud,Ministerio De Salud,Ministerio De Salud,Centros Salud 11 45,Salud Comunitaria - Centros De Salud,Servicios Sociales,Salud,Gastos En Personal,Remuneraciones Al Personal,3870109601.0,3870109601.0,1877901360.45,5308994127.41,2576094302.83,Fiscal
2025,2,Administracion Central,Ministerio De Salud,Ministerio De Salud,Ministerio De Salud,Centros Salud 11 45,Salud Comunitaria - Centros De Salud,Servicios Sociales,Salud,Bienes De Consumo,Bienes De Consumo,1252829294.0,1253220640.0,335086649.44,1719160877.61,459669941.54,Fiscal
2025,2,Administracion Central,Ministerio De Salud,Ministerio De Salud,Ministerio De Salud,Centros Salud 11 45,Salud Comunitaria - Centros De Salud,Servicios Sociales,Salud,Servicios No Personales,Servicios No Personales,7261339.0,7261339.0,1631801.12,9961063.14,2238495.41,Fiscal
2025,2,Administracion Central,Ministerio De Salud,Ministerio De Salud,Ministerio De Salud,Centros Salud 11 45,Salud Comunitaria - Centros De Salud,Servicios Sociales,Salud,Bienes De Uso,Maquinaria Y Equipo,0.0,1713317.0,0.0,2350318.42,0.0,Fiscal
2025,2,Administracion Central,Ministerio De Salud,Ministerio De Salud,Ministerio De Salud,Centro Salud 33,Salud Comunitaria - Centros De Salud,Servicios Sociales,Salud,Gastos En Personal,Remuneraciones Al Personal,2200613376.0,2200613376.0,1028374686.53,3018788792.66,1410718489.77,Fiscal
2025,2,Administracion Central,Ministerio De Salud,Ministerio De Salud,Ministerio De Salud,Centro Salud 33,Salud Comunitaria - Centros De Salud,Servicios Sociales,Salud,Bienes De Consumo,Bienes De Consumo,788155553.0,789418228.0,243144566.22,1082919392.11,333544319.74,Fiscal
2025,2,Administracion Central,Ministerio De Salud,Ministerio De Salud,Ministerio De Salud,Centro Salud 33,Salud Comunitaria - Centros De Salud,Servicios Sociales,Salud,Servicios No Personales,Servicios No Personales,4173524.0,4173524.0,705900.56,5725216.26,968350.33,Fiscal
2025,2,Administracion Central,Ministerio De Salud,Ministerio De Salud,Ministerio De Salud,Centro Salud 33,Salud Comunitaria - Centros De Salud,Servicios Sociales,Salud,Bienes De Uso,Maquinaria Y Equipo,0.0,5974964.0,3467569.9,8196421.31,4756792.48,Fiscal
2025,2,Administracion Central,Ministerio De Salud,Ministerio De Salud,Ministerio De Salud,Centro Salud 36,Salud Comunitaria - Centros De Salud,Servicios Sociales,Salud,Gastos En Personal,Remuneraciones Al Personal,2492710918.0,2496150482.0,1214134680.76,3424204897.62,1665542983.17,Fiscal
2025,2,Administracion Central,Ministerio De Salud,Ministerio De Salud,Ministerio De Salud,Centro Salud 36,Salud Comunitaria - Centros De Salud,Servicios Sociales,Salud,Servicios No Personales,Servicios No Personales,7778702.0,7778702.0,1631801.12,10670778.74,2238495.41,Fiscal
2025,2,Administracion Central,Ministerio De Salud,Ministerio De Salud,Ministerio De Salud,Centro Salud 36,Salud Comunitaria - Centros De Salud,Servicios Sociales,Salud,Bienes De Consumo,Bienes De Consumo,882239442.0,882893486.0,289808259.12,1211148214.27,397557305.7,Fiscal
2025,2,Administracion Central,Ministerio De Salud,Ministerio De Salud,Ministerio De Salud,Centro Salud 36,Salud Comunitaria - Centros De Salud,Servicios Sociales,Salud,Bienes De Uso,Maquinaria Y Equipo,0.0,28411439.0,23542037.4,38974648.87,32294831.72,Fiscal
2025,2,Administracion Central,Ministerio De Salud,Ministerio De Salud,Ministerio De Salud,Cs 9 15 41,Salud Comunitaria - Acumar,Servicios Sociales,Salud,Gastos En Personal,Remuneraciones Al Personal,6154334230.0,6154334230.0,3049547105.14,8442480356.81,4183351207.48,Fiscal
2025,2,Administracion Central,Ministerio De Salud,Ministerio De Salud,Ministerio De Salud,Cs 9 15 41,Salud Comunitaria - Acumar,Servicios Sociales,Salud,Bienes De Consumo,Bienes De Consumo,1133529531.0,1126427863.0,305440415.77,1545227274.2,419001408.43,Fiscal
2025,2,Administracion Central,Ministerio De Salud,Ministerio De Salud,Ministerio De Salud,Cs 9 15 41,Salud Comunitaria - Acumar,Servicios Sociales,Salud,Servicios No Personales,Servicios No Personales,15608496.0,15608496.0,2823602.24,21411645.18,3873401.34,Fiscal
2025,2,Administracion Central,Ministerio De Salud,Ministerio De Salud,Ministerio De Salud,Cs 9 15 41,Salud Comunitaria - Acumar,Servicios Sociales,Salud,Bienes De Uso,Maquinaria Y Equipo,0.0,13385052.0,1892935.0,18361537.47,2596717.36,Fiscal
2025,2,Administracion Central,Ministerio De Salud,Ministerio De Salud,Ministerio De Salud,Cs. 1 8 10 16 30 32 35 39,Salud Comunitaria - Acumar,Servicios Sociales,Salud,Gastos En Personal,Remuneraciones Al Personal,9236207274.0,9236207274.0,4427723598.92,12670176101.6,6073925807.78,Fiscal
2025,2,Administracion Central,Ministerio De Salud,Ministerio De Salud,Ministerio De Salud,Cs. 1 8 10 16 30 32 35 39,Salud Comunitaria - Acumar,Servicios Sociales,Salud,Servicios No Personales,Servicios No Personales,28852142.0,48852142.0,12786533.14,67015087.87,17540492.74,Fiscal
2025,2,Administracion Central,Ministerio De Salud,Ministerio De Salud,Ministerio De Salud,Cs. 1 8 10 16 30 32 35 39,Salud Comunitaria - Acumar,Servicios Sociales,Salud,Bienes De Consumo,Bienes De Consumo,2851570782.0,2871219947.0,774529416.88,3938723035.95,1062495006.51,Fiscal
2025,2,Administracion Central,Ministerio De Salud,Ministerio De Salud,Ministerio De Salud,Cs. 1 8 10 16 30 32 35 39,Salud Comunitaria - Acumar,Servicios Sociales,Salud,Bienes De Uso,Maquinaria Y Equipo,0.0,27855888.0,4989861.99,38212547.2,6845064.02,Fiscal
2025,2,Administracion Central,Ministerio De Salud,Ministerio De Salud,Ministerio De Salud,Cs 6 14 19 20 24 31 40 43 44,Salud Comunitaria - Acumar,Servicios Sociales,Salud,Gastos En Personal,Remuneraciones Al Personal,12130038650.0,12130088990.0,5764016970.37,16639986422.13,7907045381.36,Fiscal
2025,2,Administracion Central,Ministerio De Salud,Ministerio De Salud,Ministerio De Salud,Cs 6 14 19 20 24 31 40 43 44,Salud Comunitaria - Acumar,Servicios Sociales,Salud,Bienes De Consumo,Bienes De Consumo,3900241634.0,3584871744.0,934457002.77,4917706473.09,1281882750.49,Fiscal
2025,2,Administracion Central,Ministerio De Salud,Ministerio De Salud,Ministerio De Salud,Cs 6 14 19 20 24 31 40 43 44,Salud Comunitaria - Acumar,Servicios Sociales,Salud,Servicios No Personales,Servicios No Personales,38308585.0,38308585.0,8644906.16,52551496.92,11859032.63,Fiscal
2025,2,Administracion Central,Ministerio De Salud,Ministerio De Salud,Ministerio De Salud,Cs 6 14 19 20 24 31 40 43 44,Salud Comunitaria - Acumar,Servicios Sociales,Salud,Bienes De Uso,Maquinaria Y Equipo,0.0,34126806.0,0.0,46814956.51,0.0,Fiscal
2025,2,Administracion Central,Ministerio De Salud,Ministerio De Salud,Ministerio De Salud,Cs 3 4 5 7 28 29 37,Salud Comunitaria - Acumar,Servicios Sociales,Salud,Gastos En Personal,Remuneraciones Al Personal,5896868327.0,5896868327.0,2873831006.55,8089290109.52,3942304872.45,Fiscal
2025,2,Administracion Central,Ministerio De Salud,Ministerio De Salud,Ministerio De Salud,Cs 3 4 5 7 28 29 37,Salud Comunitaria - Acumar,Servicios Sociales,Salud,Bienes De Consumo,Bienes De Consumo,5425554438.0,4741547102.0,730995252.16,6504427087.24,1002775089.33,Fiscal
2025,2,Administracion Central,Ministerio De Salud,Ministerio De Salud,Ministerio De Salud,Cs 3 4 5 7 28 29 37,Salud Comunitaria - Acumar,Servicios Sociales,Salud,Servicios No Personales,Servicios No Personales,35729899.0,35729899.0,9057721.16,49014070.28,12425329.88,Fiscal
2025,2,Administracion Central,Ministerio De Salud,Ministerio De Salud,Ministerio De Salud,Cs 3 4 5 7 28 29 37,Salud Comunitaria - Acumar,Servicios Sociales,Salud,Bienes De Uso,Maquinaria Y Equipo,0.0,27443282.0,12405016.04,37646536.66,17017129.77,Fiscal
2025,2,Administracion Central,Ministerio De Salud,Ministerio De Salud,Ministerio De Salud,Cemar 1 Paternal,Salud Comunitaria - Centros De Salud,Servicios Sociales,Salud,Gastos En Personal,Remuneraciones Al Personal,152627222.0,154853537.0,146580281.72,212427192.84,201077988.76,Fiscal
2025,2,Administracion Central,Ministerio De Salud,Ministerio De Salud,Ministerio De Salud,Cemar 1 Paternal,Salud Comunitaria - Centros De Salud,Servicios Sociales,Salud,Bienes De Consumo,Bienes De Consumo,403718440.0,403718440.0,0.0,553818637.73,0.0,Fiscal
2025,2,Administracion Central,Ministerio De Salud,Ministerio De Salud,Ministerio De Salud,Cemar 1 Paternal,Salud Comunitaria - Centros De Salud,Servicios Sociales,Salud,Servicios No Personales,Servicios No Personales,18289151.0,18289151.0,7074837.53,25088952.32,9705221.5,Fiscal
2025,2,Administracion Central,Ministerio De Salud,Ministerio De Salud,Ministerio De Salud,Cemar 1 Paternal,Salud Comunitaria - Centros De Salud,Servicios Sociales,Salud,Bienes De Uso,Maquinaria Y Equipo,0.0,827524.0,0.0,1135192.67,0.0,Fiscal
2025,2,Administracion Central,Ministerio De Salud,Ministerio De Salud,Ministerio De Salud,Cemar 2 Barracas,Salud Comunitaria - Acumar,Servicios Sociales,Salud,Gastos En Personal,Remuneraciones Al Personal,80032801.0,115331014.0,115331010.09,158210422.74,158210417.38,Fiscal
2025,2,Administracion Central,Ministerio De Salud,Ministerio De Salud,Ministerio De Salud,Cemar 2 Barracas,Salud Comunitaria - Acumar,Servicios Sociales,Salud,Bienes De Consumo,Bienes De Consumo,1018511884.0,986581692.0,101509237.0,1353387099.86,139249788.42,Fiscal
2025,2,Administracion Central,Ministerio De Salud,Ministerio De Salud,Ministerio De Salud,Cemar 2 Barracas,Salud Comunitaria - Acumar,Servicios Sociales,Salud,Servicios No Personales,Servicios No Personales,18289151.0,18289151.0,7074837.53,25088952.32,9705221.5,Fiscal
2025,2,Administracion Central,Ministerio De Salud,Ministerio De Salud,Ministerio De Salud,"Cesacs 3,18,43",Salud Comunitaria - Acumar,Servicios Sociales,Salud,Gastos En Personal,Remuneraciones Al Personal,2583058844.0,2585551987.0,1214450695.53,3546845368.81,1665976490.41,Fiscal
2025,2,Administracion Central,Ministerio De Salud,Ministerio De Salud,Ministerio De Salud,"Cesacs 3,18,43",Salud Comunitaria - Acumar,Servicios Sociales,Salud,Servicios No Personales,Servicios No Personales,5259341.0,5656925.0,705900.56,7760137.23,968350.33,Fiscal
2025,2,Administracion Central,Ministerio De Salud,Ministerio De Salud,Ministerio De Salud,"Cesacs 3,18,43",Salud Comunitaria - Acumar,Servicios Sociales,Salud,Bienes De Consumo,Bienes De Consumo,487510144.0,481430344.0,2253078.68,660423381.39,3090760.4,Fiscal
2025,2,Administracion Central,Ministerio De Salud,Ministerio De Salud,Ministerio De Salud,Ss.Planif.Sanit.Gestión En Red,Facturacion Y Cobranza De Los Efectores Publicos S.E.,Servicios Sociales,Salud,Transferencias,Al Sector Público,8299999535.0,8299999535.0,4705357000.0,11385891701.21,6454781713.13,Fiscal
2025,2,Administracion Central,Ministerio De Salud,Ministerio De Salud,Ministerio De Salud,Ss.Planif.Sanit.Gestión En Red,Planificacion Sanitaria Y Gestion En Red,Servicios Sociales,Salud,Gastos En Personal,Remuneraciones Al Personal,15826911692.0,15835086746.0,7751497099.75,21722481068.69,10633459210.18,Fiscal
2025,2,Administracion Central,Ministerio De Salud,Ministerio De Salud,Ministerio De Salud,Ss.Planif.Sanit.Gestión En Red,Planificacion Sanitaria Y Gestion En Red,Servicios Sociales,Salud,Bienes De Consumo,Bienes De Consumo,20498773276.0,18839858939.0,3665949893.15,25844410308.81,5028929012.52,Fiscal
2025,2,Administracion Central,Ministerio De Salud,Ministerio De Salud,Ministerio De Salud,Ss.Planif.Sanit.Gestión En Red,Planificacion Sanitaria Y Gestion En Red,Servicios Sociales,Salud,Servicios No Personales,Servicios No Personales,14690634321.0,13385999040.0,5289372488.6,18362836616.94,7255930806.81,Fiscal
2025,2,Administracion Central,Ministerio De Salud,Ministerio De Salud,Ministerio De Salud,Ss.Planif.Sanit.Gestión En Red,Planificacion Sanitaria Y Gestion En Red,Servicios Sociales,Salud,Bienes De Uso,Maquinaria Y Equipo,2876172676.0,2910622947.0,198229298.54,3992775845.09,271929813.45,Fiscal
2025,2,Administracion Central,Ministerio De Salud,Ministerio De Salud,Ministerio De Salud,Ss.Planif.Sanit.Gestión En Red,Planificacion Sanitaria Y Gestion En Red,Servicios Sociales,Salud,Transferencias,Al Sector Privado,633997755.0,667508914.0,197539833.84,915684895.2,270984009.73,Fiscal
2025,2,Administracion Central,Ministerio De Salud,Ministerio De Salud,Ministerio De Salud,Ss.Planif.Sanit.Gestión En Red,Planificacion Sanitaria Y Gestion En Red,Servicios Sociales,Salud,Bienes De Consumo,Bienes De Consumo,1960612.0,1970612.0,1879289.95,2703274.23,2577999.16,Fiscal
2025,2,Administracion Central,Ministerio De Salud,Ministerio De Salud,Ministerio De Salud,Ss.Planif.Sanit.Gestión En Red,Planificacion Sanitaria Y Gestion En Red,Servicios Sociales,Salud,Servicios No Personales,Servicios No Personales,1922589721.0,1919532559.0,529165411.15,2633203741.95,725906072.4,Fiscal
2025,2,Administracion Central,Ministerio De Salud,Ministerio De Salud,Ministerio De Salud,Ss.Planif.Sanit.Gestión En Red,Planificacion Sanitaria Y Gestion En Red,Servicios Sociales,Salud,Bienes De Uso,Bienes De Uso,41739578934.0,34512818250.0,2767108577.4,47344485893.14,3795903656.97,Fiscal
2025,2,Administracion Central,Ministerio De Salud,Ministerio De Salud,Ministerio De Salud,Ss.Planif.Sanit.Gestión En Red,Planificacion Sanitaria Y Gestion En Red,Servicios Sociales,Salud,Activos Financieros,Activos Financieros,0.0,460000000.0,371959909.6,631025358.55,510252468.09,Fiscal
2025,2,Administracion Central,Ministerio De Desarrollo Humano Y Hábitat,Ministerio De Desarrollo Humano Y Hábitat,Ministerio De Desarrollo Humano Y Hábitat,Dir.Gral.Politicas Sociales En Adicciones,Politicas Sociales En Adicciones Y Otras Practicas De Riesgo Adictivo,Servicios Sociales,Promoción Y Acción Social,Gastos En Personal,Remuneraciones Al Personal,2505605271.0,2415976929.0,1191283939.81,3314223277.99,1634196467.95,Fiscal
2025,2,Administracion Central,Ministerio De Desarrollo Humano Y Hábitat,Ministerio De Desarrollo Humano Y Hábitat,Ministerio De Desarrollo Humano Y Hábitat,Dir.Gral.Politicas Sociales En Adicciones,Politicas Sociales En Adicciones Y Otras Practicas De Riesgo Adictivo,Servicios Sociales,Promoción Y Acción Social,Bienes De Consumo,Bienes De Consumo,54534272.0,15051596.0,6701383.78,20647692.96,9192919.79,Fiscal
2025,2,Administracion Central,Ministerio De Desarrollo Humano Y Hábitat,Ministerio De Desarrollo Humano Y Hábitat,Ministerio De Desarrollo Humano Y Hábitat,Dir.Gral.Politicas Sociales En Adicciones,Politicas Sociales En Adicciones Y Otras Practicas De Riesgo Adictivo,Servicios Sociales,Promoción Y Acción Social,Servicios No Personales,Servicios No Personales,6248973251.0,1970132539.0,423829715.68,2702616503.95,581407170.22,Fiscal
2025,2,Administracion Central,Ministerio De Desarrollo Humano Y Hábitat,Ministerio De Desarrollo Humano Y Hábitat,Ministerio De Desarrollo Humano Y Hábitat,Dir.Gral.Politicas Sociales En Adicciones,Politicas Sociales En Adicciones Y Otras Practicas De Riesgo Adictivo,Servicios Sociales,Promoción Y Acción Social,Bienes De Uso,Maquinaria Y Equipo,41357650.0,11000000.0,2383138.99,15089736.83,3269176.38,Fiscal
2025,2,Administracion Central,Ministerio De Desarrollo Humano Y Hábitat,Ministerio De Desarrollo Humano Y Hábitat,Ministerio De Desarrollo Humano Y Hábitat,Dir.Gral.Politicas Sociales En Adicciones,Politicas Sociales En Adicciones Y Otras Practicas De Riesgo Adictivo,Servicios Sociales,Promoción Y Acción Social,Transferencias,Al Sector Privado,4025837216.0,4025837216.0,1249301109.0,5522620375.43,1713784087.49,Fiscal
2025,2,Administracion Central,Ministerio De Desarrollo Humano Y Hábitat,Ministerio De Desarrollo Humano Y Hábitat,Ministerio De Desarrollo Humano Y Hábitat,Upe Urbanizacion Barrio Padre Carlos Mugica,Upe Urbanizacion Barrio Padre Carlos Mugica,Servicios Sociales,Vivienda Y Urbanismo,Gastos En Personal,Remuneraciones Al Personal,323139558.0,23332327.0,23332319.4,32007152.2,32007141.77,Fiscal
2025,2,Administracion Central,Ministerio De Desarrollo Humano Y Hábitat,Ministerio De Desarrollo Humano Y Hábitat,Ministerio De Desarrollo Humano Y Hábitat,Upe Urbanizacion Barrio Padre Carlos Mugica,Upe Urbanizacion Barrio Padre Carlos Mugica,Servicios Sociales,Vivienda Y Urbanismo,Bienes De Consumo,Bienes De Consumo,516649298.0,0.0,0.0,0.0,0.0,Fiscal
2025,2,Administracion Central,Ministerio De Desarrollo Humano Y Hábitat,Ministerio De Desarrollo Humano Y Hábitat,Ministerio De Desarrollo Humano Y Hábitat,Upe Urbanizacion Barrio Padre Carlos Mugica,Upe Urbanizacion Barrio Padre Carlos Mugica,Servicios Sociales,Vivienda Y Urbanismo,Servicios No Personales,Servicios No Personales,5212142218.0,4343548104.0,1583223496.0,5958454347.2,2171856900.5,Fiscal
2025,2,Administracion Central,Ministerio De Desarrollo Humano Y Hábitat,Ministerio De Desarrollo Humano Y Hábitat,Ministerio De Desarrollo Humano Y Hábitat,Upe Urbanizacion Barrio Padre Carlos Mugica,Upe Urbanizacion Barrio Padre Carlos Mugica,Servicios Sociales,Vivienda Y Urbanismo,Bienes De Uso,Maquinaria Y Equipo,46933280.0,0.0,0.0,0.0,0.0,Fiscal
2025,2,Administracion Central,Ministerio De Desarrollo Humano Y Hábitat,Ministerio De Desarrollo Humano Y Hábitat,Ministerio De Desarrollo Humano Y Hábitat,Upe Urbanizacion Barrio Padre Carlos Mugica,Upe Urbanizacion Barrio Padre Carlos Mugica,Servicios Sociales,Vivienda Y Urbanismo,Transferencias,Al Sector Privado,3579498654.0,0.0,0.0,0.0,0.0,Fiscal
2025,2,Administracion Central,Ministerio De Desarrollo Humano Y Hábitat,Ministerio De Desarrollo Humano Y Hábitat,Ministerio De Desarrollo Humano Y Hábitat,Upe Urbanizacion Barrio Padre Carlos Mugica,Integracion Economica Y Social,Servicios Sociales,Vivienda Y Urbanismo,Bienes De Consumo,Bienes De Consumo,73768875.0,0.0,0.0,0.0,0.0,Fiscal
2025,2,Administracion Central,Ministerio De Desarrollo Humano Y Hábitat,Ministerio De Desarrollo Humano Y Hábitat,Ministerio De Desarrollo Humano Y Hábitat,Upe Urbanizacion Barrio Padre Carlos Mugica,Integracion Economica Y Social,Servicios Sociales,Vivienda Y Urbanismo,Gastos En Personal,Remuneraciones Al Personal,86085278.0,6826798.0,6826793.98,9364962.3,9364956.78,Fiscal
2025,2,Administracion Central,Ministerio De Desarrollo Humano Y Hábitat,Ministerio De Desarrollo Humano Y Hábitat,Ministerio De Desarrollo Humano Y Hábitat,Upe Urbanizacion Barrio Padre Carlos Mugica,Integracion Economica Y Social,Servicios Sociales,Vivienda Y Urbanismo,Servicios No Personales,Servicios No Personales,487546241.0,0.0,0.0,0.0,0.0,Fiscal
2025,2,Administracion Central,Ministerio De Desarrollo Humano Y Hábitat,Ministerio De Desarrollo Humano Y Hábitat,Ministerio De Desarrollo Humano Y Hábitat,Upe Urbanizacion Barrio Padre Carlos Mugica,Integracion Economica Y Social,Servicios Sociales,Vivienda Y Urbanismo,Transferencias,Al Sector Privado,170000000.0,0.0,0.0,0.0,0.0,Fiscal
2025,2,Administracion Central,Ministerio De Desarrollo Humano Y Hábitat,Ministerio De Desarrollo Humano Y Hábitat,Ministerio De Desarrollo Humano Y Hábitat,Upe Urbanizacion Barrio Padre Carlos Mugica,Infraestructura Y Vivienda,Servicios Sociales,Vivienda Y Urbanismo,Gastos En Personal,Remuneraciones Al Personal,43042639.0,3256688.0,3256684.84,4467505.9,4467501.56,Fiscal
2025,2,Administracion Central,Ministerio De Desarrollo Humano Y Hábitat,Ministerio De Desarrollo Humano Y Hábitat,Ministerio De Desarrollo Humano Y Hábitat,Upe Urbanizacion Barrio Padre Carlos Mugica,Infraestructura Y Vivienda,Servicios Sociales,Vivienda Y Urbanismo,Bienes De Consumo,Bienes De Consumo,15983256.0,0.0,0.0,0.0,0.0,Fiscal
2025,2,Administracion Central,Ministerio De Desarrollo Humano Y Hábitat,Ministerio De Desarrollo Humano Y Hábitat,Ministerio De Desarrollo Humano Y Hábitat,Upe Urbanizacion Barrio Padre Carlos Mugica,Infraestructura Y Vivienda,Servicios Sociales,Vivienda Y Urbanismo,Servicios No Personales,Servicios No Personales,58600000.0,0.0,0.0,0.0,0.0,Fiscal
2025,2,Administracion Central,Ministerio De Desarrollo Humano Y Hábitat,Ministerio De Desarrollo Humano Y Hábitat,Ministerio De Desarrollo Humano Y Hábitat,Upe Urbanizacion Barrio Padre Carlos Mugica,Infraestructura Y Vivienda,Servicios Sociales,Vivienda Y Urbanismo,Servicios No Personales,Servicios No Personales,9678321046.0,0.0,0.0,0.0,0.0,Fiscal
2025,2,Administracion Central,Ministerio De Desarrollo Humano Y Hábitat,Ministerio De Desarrollo Humano Y Hábitat,Ministerio De Desarrollo Humano Y Hábitat,Upe Urbanizacion Barrio Padre Carlos Mugica,Infraestructura Y Vivienda,Servicios Sociales,Vivienda Y Urbanismo,Bienes De Uso,Construcciones Del Dominio Privado,7059354280.0,0.0,0.0,0.0,0.0,Fiscal
2025,2,Administracion Central,Ministerio De Desarrollo Humano Y Hábitat,Ministerio De Desarrollo Humano Y Hábitat,Ministerio De Desarrollo Humano Y Hábitat,Upe Urbanizacion Barrio Padre Carlos Mugica,Infraestructura Y Vivienda,Servicios Sociales,Vivienda Y Urbanismo,Transferencias,Transferencias,528155646.0,0.0,0.0,0.0,0.0,Fiscal
2025,2,Administracion Central,Ministerio De Desarrollo Humano Y Hábitat,Ministerio De Desarrollo Humano Y Hábitat,Ministerio De Desarrollo Humano Y Hábitat,Upe Urbanizacion Barrio Padre Carlos Mugica,Infraestructura Y Vivienda,Servicios Sociales,Vivienda Y Urbanismo,Activos Financieros,Activos Financieros,1308681413.0,0.0,0.0,0.0,0.0,Fiscal
2025,2,Administracion Central,Ministerio De Desarrollo Humano Y Hábitat,Ministerio De Desarrollo Humano Y Hábitat,Ministerio De Desarrollo Humano Y Hábitat,Dir.Gral. Atencion Integral Inmediata,Asistencia A Familias De Alta Vulnerabilidad Social,Servicios Sociales,Promoción Y Acción Social,Gastos En Personal,Remuneraciones Al Personal,2965440040.0,401735774.0,401735756.33,551098827.89,551098803.65,Fiscal
2025,2,Administracion Central,Ministerio De Desarrollo Humano Y Hábitat,Ministerio De Desarrollo Humano Y Hábitat,Ministerio De Desarrollo Humano Y Hábitat,Dir.Gral. Atencion Integral Inmediata,Asistencia A Familias De Alta Vulnerabilidad Social,Servicios Sociales,Promoción Y Acción Social,Bienes De Consumo,Bienes De Consumo,4854305.0,0.0,0.0,0.0,0.0,Fiscal
2025,2,Administracion Central,Ministerio De Desarrollo Humano Y Hábitat,Ministerio De Desarrollo Humano Y Hábitat,Ministerio De Desarrollo Humano Y Hábitat,Dir.Gral. Atencion Integral Inmediata,Asistencia A Familias De Alta Vulnerabilidad Social,Servicios Sociales,Promoción Y Acción Social,Servicios No Personales,Servicios No Personales,4539930027.0,3305566588.0,1728282782.89,4534557263.93,2370848397.29,Fiscal
2025,2,Administracion Central,Ministerio De Desarrollo Humano Y Hábitat,Ministerio De Desarrollo Humano Y Hábitat,Ministerio De Desarrollo Humano Y Hábitat,Dir.Gral. Atencion Integral Inmediata,Asistencia A Familias De Alta Vulnerabilidad Social,Servicios Sociales,Promoción Y Acción Social,Bienes De Uso,Maquinaria Y Equipo,41357650.0,0.0,0.0,0.0,0.0,Fiscal
2025,2,Administracion Central,Ministerio De Desarrollo Humano Y Hábitat,Ministerio De Desarrollo Humano Y Hábitat,Ministerio De Desarrollo Humano Y Hábitat,Dir.Gral. Atencion Integral Inmediata,Asistencia A Familias De Alta Vulnerabilidad Social,Servicios Sociales,Promoción Y Acción Social,Transferencias,Al Sector Privado,27250137010.0,3487216126.0,3487216124.08,4783743057.08,4783743054.45,Fiscal
2025,2,Administracion Central,Ministerio De Desarrollo Humano Y Hábitat,Ministerio De Desarrollo Humano Y Hábitat,Ministerio De Desarrollo Humano Y Hábitat,Dir.Gral. Atencion Integral Inmediata,Asistencia Integral A Los Sin Techo,Servicios Sociales,Promoción Y Acción Social,Gastos En Personal,Remuneraciones Al Personal,2382487024.0,299681882.0,299681876.82,411101884.87,411101877.76,Fiscal
2025,2,Administracion Central,Ministerio De Desarrollo Humano Y Hábitat,Ministerio De Desarrollo Humano Y Hábitat,Ministerio De Desarrollo Humano Y Hábitat,Dir.Gral. Atencion Integral Inmediata,Asistencia Integral A Los Sin Techo,Servicios Sociales,Promoción Y Acción Social,Bienes De Consumo,Bienes De Consumo,6828166.0,0.0,0.0,0.0,0.0,Fiscal
2025,2,Administracion Central,Ministerio De Desarrollo Humano Y Hábitat,Ministerio De Desarrollo Humano Y Hábitat,Ministerio De Desarrollo Humano Y Hábitat,Dir.Gral. Atencion Integral Inmediata,Asistencia Integral A Los Sin Techo,Servicios Sociales,Promoción Y Acción Social,Servicios No Personales,Servicios No Personales,28486013556.0,522745905.0,522745880.89,717099830.73,717099797.65,Fiscal
2025,2,Administracion Central,Ministerio De Desarrollo Humano Y Hábitat,Ministerio De Desarrollo Humano Y Hábitat,Ministerio De Desarrollo Humano Y Hábitat,Dir.Gral. Atencion Integral Inmediata,Asistencia Integral A Los Sin Techo,Servicios Sociales,Promoción Y Acción Social,Bienes De Uso,Maquinaria Y Equipo,480223737.0,0.0,0.0,0.0,0.0,Fiscal
2025,2,Administracion Central,Ministerio De Desarrollo Humano Y Hábitat,Ministerio De Desarrollo Humano Y Hábitat,Ministerio De Desarrollo Humano Y Hábitat,Dir.Gral. Atencion Integral Inmediata,Asistencia Integral A Los Sin Techo,Servicios Sociales,Promoción Y Acción Social,Transferencias,Al Sector Privado,13326258998.0,1078010166.0,1078010166.0,1478808155.48,1478808155.48,Fiscal
2025,2,Administracion Central,Ministerio De Desarrollo Humano Y Hábitat,Ministerio De Desarrollo Humano Y Hábitat,Ministerio De Desarrollo Humano Y Hábitat,Dir.Gral. Atencion Integral Inmediata,Asistencia Inmediata Ante La Emergencia Social,Servicios Sociales,Promoción Y Acción Social,Gastos En Personal,Remuneraciones Al Personal,4268251552.0,504129320.0,503722777.61,691561706.33,691004013.81,Fiscal
2025,2,Administracion Central,Ministerio De Desarrollo Humano Y Hábitat,Ministerio De Desarrollo Humano Y Hábitat,Ministerio De Desarrollo Humano Y Hábitat,Dir.Gral. Atencion Integral Inmediata,Asistencia Inmediata Ante La Emergencia Social,Servicios Sociales,Promoción Y Acción Social,Bienes De Consumo,Bienes De Consumo,2197024.0,0.0,0.0,0.0,0.0,Fiscal
2025,2,Administracion Central,Ministerio De Desarrollo Humano Y Hábitat,Ministerio De Desarrollo Humano Y Hábitat,Ministerio De Desarrollo Humano Y Hábitat,Dir.Gral. Atencion Integral Inmediata,Asistencia Inmediata Ante La Emergencia Social,Servicios Sociales,Promoción Y Acción Social,Servicios No Personales,Servicios No Personales,1165096227.0,0.0,0.0,0.0,0.0,Fiscal
2025,2,Administracion Central,Ministerio De Desarrollo Humano Y Hábitat,Ministerio De Desarrollo Humano Y Hábitat,Ministerio De Desarrollo Humano Y Hábitat,Dir.Gral. Atencion Integral Inmediata,Asistencia Inmediata Ante La Emergencia Social,Servicios Sociales,Promoción Y Acción Social,Bienes De Uso,Maquinaria Y Equipo,0.0,1947488886.0,1947488885.9,2671554070.79,2671554070.65,Fiscal
2025,2,Administracion Central,Ministerio De Desarrollo Humano Y Hábitat,Ministerio De Desarrollo Humano Y Hábitat,Ministerio De Desarrollo Humano Y Hábitat,Dir. Gral. Abordaje Comunitario,Asistencia Al Damnificado,Servicios Sociales,Promoción Y Acción Social,Transferencias,Al Sector Privado,17062577370.0,26587253117.0,14125815031.0,36472241154.49,19377711945.16,Fiscal
2025,2,Administracion Central,Ministerio De Desarrollo Humano Y Hábitat,Ministerio De Desarrollo Humano Y Hábitat,Ministerio De Desarrollo Humano Y Hábitat,Dir. Gral. Abordaje Comunitario,Asistencia Al Damnificado,Servicios Sociales,Promoción Y Acción Social,Servicios No Personales,Servicios No Personales,28742964.0,39014866.0,10962187.51,53520369.14,15037865.88,Fiscal
2025,2,Administracion Central,Ministerio De Desarrollo Humano Y Hábitat,Ministerio De Desarrollo Humano Y Hábitat,Ministerio De Desarrollo Humano Y Hábitat,Dir. Gral. Abordaje Comunitario,Asistencia Social Descentralizada,Servicios Sociales,Promoción Y Acción Social,Gastos En Personal,Remuneraciones Al Personal,1867274181.0,1854428909.0,850369595.02,2543894928.72,1166532127.39,Fiscal
2025,2,Administracion Central,Ministerio De Desarrollo Humano Y Hábitat,Ministerio De Desarrollo Humano Y Hábitat,Ministerio De Desarrollo Humano Y Hábitat,Dir. Gral. Abordaje Comunitario,Asistencia Social Descentralizada,Servicios Sociales,Promoción Y Acción Social,Bienes De Consumo,Bienes De Consumo,70434189.0,19479861.0,3586945.63,26722361.46,4920551.42,Fiscal
2025,2,Administracion Central,Ministerio De Desarrollo Humano Y Hábitat,Ministerio De Desarrollo Humano Y Hábitat,Ministerio De Desarrollo Humano Y Hábitat,Dir. Gral. Abordaje Comunitario,Asistencia Social Descentralizada,Servicios Sociales,Promoción Y Acción Social,Servicios No Personales,Servicios No Personales,991182021.0,516504374.0,256972092.13,708537734.34,352512840.38,Fiscal
2025,2,Administracion Central,Ministerio De Desarrollo Humano Y Hábitat,Ministerio De Desarrollo Humano Y Hábitat,Ministerio De Desarrollo Humano Y Hábitat,Dir. Gral. Abordaje Comunitario,Asistencia Social Descentralizada,Servicios Sociales,Promoción Y Acción Social,Bienes De Uso,Maquinaria Y Equipo,41357650.0,0.0,0.0,0.0,0.0,Fiscal
2025,2,Administracion Central,Ministerio De Desarrollo Humano Y Hábitat,Ministerio De Desarrollo Humano Y Hábitat,Ministerio De Desarrollo Humano Y Hábitat,Subsecretaria De Desarrollo Del Potencial Humano,Actividades Comunes,Servicios Sociales,Promoción Y Acción Social,Gastos En Personal,Remuneraciones Al Personal,238181604.0,255340821.0,145172444.41,350275072.01,199146725.62,Fiscal
2025,2,Administracion Central,Ministerio De Desarrollo Humano Y Hábitat,Ministerio De Desarrollo Humano Y Hábitat,Ministerio De Desarrollo Humano Y Hábitat,Subsecretaria De Desarrollo Del Potencial Humano,Actividades Comunes,Servicios Sociales,Promoción Y Acción Social,Bienes De Consumo,Bienes De Consumo,49504158.0,22693635.0,10749419.34,31130998.18,14745991.72,Fiscal
2025,2,Administracion Central,Ministerio De Desarrollo Humano Y Hábitat,Ministerio De Desarrollo Humano Y Hábitat,Ministerio De Desarrollo Humano Y Hábitat,Subsecretaria De Desarrollo Del Potencial Humano,Actividades Comunes,Servicios Sociales,Promoción Y Acción Social,Servicios No Personales,Servicios No Personales,98622054.0,99324647.0,40093421.0,136252980.4,54999924.7,Fiscal
2025,2,Administracion Central,Ministerio De Desarrollo Humano Y Hábitat,Ministerio De Desarrollo Humano Y Hábitat,Ministerio De Desarrollo Humano Y Hábitat,Subsecretaria De Desarrollo Del Potencial Humano,Actividades Comunes,Servicios Sociales,Promoción Y Acción Social,Bienes De Uso,Maquinaria Y Equipo,41357650.0,0.0,0.0,0.0,0.0,Fiscal
2025,2,Administracion Central,Ministerio De Desarrollo Humano Y Hábitat,Ministerio De Desarrollo Humano Y Hábitat,Ministerio De Desarrollo Humano Y Hábitat,Dir. Gral. Articulacion Publico-Privada,Intermediacion Laboral,Servicios Sociales,Promoción Y Acción Social,Gastos En Personal,Remuneraciones Al Personal,324861873.0,47172695.0,47172690.4,64711232.12,64711225.81,Fiscal
2025,2,Administracion Central,Ministerio De Desarrollo Humano Y Hábitat,Ministerio De Desarrollo Humano Y Hábitat,Ministerio De Desarrollo Humano Y Hábitat,Dir. Gral. Articulacion Publico-Privada,Intermediacion Laboral,Servicios Sociales,Promoción Y Acción Social,Bienes De Consumo,Bienes De Consumo,30016399.0,294100.0,294097.48,403444.69,403441.23,Fiscal
2025,2,Administracion Central,Ministerio De Desarrollo Humano Y Hábitat,Ministerio De Desarrollo Humano Y Hábitat,Ministerio De Desarrollo Humano Y Hábitat,Dir. Gral. Articulacion Publico-Privada,Intermediacion Laboral,Servicios Sociales,Promoción Y Acción Social,Servicios No Personales,Servicios No Personales,293283597.0,196890183.0,80830943.0,270092822.44,110883423.45,Fiscal
2025,2,Administracion Central,Ministerio De Desarrollo Humano Y Hábitat,Ministerio De Desarrollo Humano Y Hábitat,Ministerio De Desarrollo Humano Y Hábitat,Dir. Gral. Articulacion Publico-Privada,Intermediacion Laboral,Servicios Sociales,Promoción Y Acción Social,Bienes De Uso,Maquinaria Y Equipo,41357650.0,0.0,0.0,0.0,0.0,Fiscal
2025,2,Administracion Central,Ministerio De Desarrollo Humano Y Hábitat,Ministerio De Desarrollo Humano Y Hábitat,Ministerio De Desarrollo Humano Y Hábitat,Dir. Gral. Articulacion Publico-Privada,Intermediacion Laboral,Servicios Sociales,Promoción Y Acción Social,Transferencias,Al Sector Privado,384768251.0,0.0,0.0,0.0,0.0,Fiscal
2025,2,Administracion Central,Ministerio De Desarrollo Humano Y Hábitat,Ministerio De Desarrollo Humano Y Hábitat,Ministerio De Desarrollo Humano Y Hábitat,Dir. Gral. Articulacion Publico-Privada,Fondes-Fondo De La Economia Social Ley N° 6376,Servicios Sociales,Promoción Y Acción Social,Activos Financieros,Aportes De Capital,456472367.0,0.0,0.0,0.0,0.0,Fiscal
2025,2,Administracion Central,Ministerio De Desarrollo Humano Y Hábitat,Ministerio De Desarrollo Humano Y Hábitat,Ministerio De Desarrollo Humano Y Hábitat,Dir. Gral. Articulacion Publico-Privada,Red De Empresa,Servicios Sociales,Promoción Y Acción Social,Transferencias,Al Sector Privado,201163848.0,0.0,0.0,0.0,0.0,Fiscal
2025,2,Administracion Central,Ministerio De Desarrollo Humano Y Hábitat,Ministerio De Desarrollo Humano Y Hábitat,Ministerio De Desarrollo Humano Y Hábitat,Dir.Gral. Politicas Alimentarias,Con Todo Derecho Ciudadania Porteña,Servicios Sociales,Promoción Y Acción Social,Gastos En Personal,Remuneraciones Al Personal,2798414207.0,2791626414.0,1245003254.15,3829537084.43,1707888314.89,Fiscal
2025,2,Administracion Central,Ministerio De Desarrollo Humano Y Hábitat,Ministerio De Desarrollo Humano Y Hábitat,Ministerio De Desarrollo Humano Y Hábitat,Dir.Gral. Politicas Alimentarias,Con Todo Derecho Ciudadania Porteña,Servicios Sociales,Promoción Y Acción Social,Bienes De Consumo,Bienes De Consumo,6532981.0,11100881.0,4875592.36,15228124.81,6688309.6,Fiscal
2025,2,Administracion Central,Ministerio De Desarrollo Humano Y Hábitat,Ministerio De Desarrollo Humano Y Hábitat,Ministerio De Desarrollo Humano Y Hábitat,Dir.Gral. Politicas Alimentarias,Con Todo Derecho Ciudadania Porteña,Servicios Sociales,Promoción Y Acción Social,Servicios No Personales,Servicios No Personales,292766750.0,274145214.0,133055457.55,376070830.35,182524712.63,Fiscal
2025,2,Administracion Central,Ministerio De Desarrollo Humano Y Hábitat,Ministerio De Desarrollo Humano Y Hábitat,Ministerio De Desarrollo Humano Y Hábitat,Dir.Gral. Politicas Alimentarias,Con Todo Derecho Ciudadania Porteña,Servicios Sociales,Promoción Y Acción Social,Bienes De Uso,Maquinaria Y Equipo,41357650.0,239000.0,231500.0,327858.83,317570.37,Fiscal
2025,2,Administracion Central,Ministerio De Desarrollo Humano Y Hábitat,Ministerio De Desarrollo Humano Y Hábitat,Ministerio De Desarrollo Humano Y Hábitat,Dir.Gral. Politicas Alimentarias,Con Todo Derecho Ciudadania Porteña,Servicios Sociales,Promoción Y Acción Social,Transferencias,Al Sector Privado,82315469455.0,82011469455.0,30104234068.2,112502862865.68,41296815427.86,Fiscal
2025,2,Administracion Central,Ministerio De Desarrollo Humano Y Hábitat,Ministerio De Desarrollo Humano Y Hábitat,Ministerio De Desarrollo Humano Y Hábitat,Dir.Gral. Politicas Alimentarias,Fortalecimiento A Grupos Comunitarios,Servicios Sociales,Promoción Y Acción Social,Gastos En Personal,Remuneraciones Al Personal,2567255845.0,2567255845.0,1123331463.83,3521746826.27,1540979651.6,Fiscal
2025,2,Administracion Central,Ministerio De Desarrollo Humano Y Hábitat,Ministerio De Desarrollo Humano Y Hábitat,Ministerio De Desarrollo Humano Y Hábitat,Dir.Gral. Politicas Alimentarias,Fortalecimiento A Grupos Comunitarios,Servicios Sociales,Promoción Y Acción Social,Transferencias,Al Sector Privado,277752990504.0,261581127367.0,102036367816.19,358835488450.4,139972903449.02,Fiscal
2025,2,Administracion Central,Ministerio De Desarrollo Humano Y Hábitat,Ministerio De Desarrollo Humano Y Hábitat,Ministerio De Desarrollo Humano Y Hábitat,Dir. Gral. Desarrollo De Infancias Y Adolescencias,Promocion De Las Adolescencias,Servicios Sociales,Promoción Y Acción Social,Transferencias,Al Sector Privado,2259487142.0,4258800.0,4258800.0,5842197.38,5842197.38,Fiscal
2025,2,Administracion Central,Ministerio De Desarrollo Humano Y Hábitat,Ministerio De Desarrollo Humano Y Hábitat,Ministerio De Desarrollo Humano Y Hábitat,Dir. Gral. Desarrollo De Infancias Y Adolescencias,Promocion De Las Adolescencias,Servicios Sociales,Promoción Y Acción Social,Gastos En Personal,Remuneraciones Al Personal,2393105085.0,328173964.0,328173957.75,450187159.35,450187150.78,Fiscal
2025,2,Administracion Central,Ministerio De Desarrollo Humano Y Hábitat,Ministerio De Desarrollo Humano Y Hábitat,Ministerio De Desarrollo Humano Y Hábitat,Dir. Gral. Desarrollo De Infancias Y Adolescencias,Desarrollo Integral De Los Primeros Años,Servicios Sociales,Promoción Y Acción Social,Gastos En Personal,Remuneraciones Al Personal,11006316980.0,1458793628.0,1458793613.0,2001164722.09,2001164701.51,Fiscal
2025,2,Administracion Central,Ministerio De Desarrollo Humano Y Hábitat,Ministerio De Desarrollo Humano Y Hábitat,Ministerio De Desarrollo Humano Y Hábitat,Dir. Gral. Desarrollo De Infancias Y Adolescencias,Desarrollo Integral De Los Primeros Años,Servicios Sociales,Promoción Y Acción Social,Bienes De Consumo,Bienes De Consumo,39195030.0,345000.0,0.0,473269.02,0.0,Fiscal
2025,2,Administracion Central,Ministerio De Desarrollo Humano Y Hábitat,Ministerio De Desarrollo Humano Y Hábitat,Ministerio De Desarrollo Humano Y Hábitat,Dir. Gral. Desarrollo De Infancias Y Adolescencias,Desarrollo Integral De Los Primeros Años,Servicios Sociales,Promoción Y Acción Social,Servicios No Personales,Servicios No Personales,1877955416.0,781933138.0,483460282.73,1072651388.63,663208039.69,Fiscal
2025,2,Administracion Central,Ministerio De Desarrollo Humano Y Hábitat,Ministerio De Desarrollo Humano Y Hábitat,Ministerio De Desarrollo Humano Y Hábitat,Dir. Gral. Desarrollo De Infancias Y Adolescencias,Desarrollo Integral De Los Primeros Años,Servicios Sociales,Promoción Y Acción Social,Bienes De Uso,Maquinaria Y Equipo,31018238.0,0.0,0.0,0.0,0.0,Fiscal
2025,2,Administracion Central,Ministerio De Desarrollo Humano Y Hábitat,Ministerio De Desarrollo Humano Y Hábitat,Ministerio De Desarrollo Humano Y Hábitat,Dir. Gral. Desarrollo De Infancias Y Adolescencias,Desarrollo Integral De Los Primeros Años,Servicios Sociales,Promoción Y Acción Social,Transferencias,Al Sector Privado,17181519395.0,2055804892.0,2055804892.0,2820141345.84,2820141345.84,Fiscal
2025,2,Administracion Central,Ministerio De Desarrollo Humano Y Hábitat,Ministerio De Desarrollo Humano Y Hábitat,Ministerio De Desarrollo Humano Y Hábitat,Direccion General Coordinación Y Gestión Del Desarrollo Humano,Planificacion Y Control De Gestion,Servicios Sociales,Promoción Y Acción Social,Gastos En Personal,Remuneraciones Al Personal,851133874.0,867181966.0,393178670.64,1189595241.36,539360242.64,Fiscal
2025,2,Administracion Central,Ministerio De Desarrollo Humano Y Hábitat,Ministerio De Desarrollo Humano Y Hábitat,Ministerio De Desarrollo Humano Y Hábitat,Direccion General Coordinación Y Gestión Del Desarrollo Humano,Planificacion Y Control De Gestion,Servicios Sociales,Promoción Y Acción Social,Bienes De Consumo,Bienes De Consumo,44190712.0,11068732.0,342563.9,15184023.0,469927.19,Fiscal
2025,2,Administracion Central,Ministerio De Desarrollo Humano Y Hábitat,Ministerio De Desarrollo Humano Y Hábitat,Ministerio De Desarrollo Humano Y Hábitat,Direccion General Coordinación Y Gestión Del Desarrollo Humano,Planificacion Y Control De Gestion,Servicios Sociales,Promoción Y Acción Social,Servicios No Personales,Servicios No Personales,630551644.0,525509583.0,244706870.0,720891028.34,335687479.09,Fiscal
2025,2,Administracion Central,Ministerio De Desarrollo Humano Y Hábitat,Ministerio De Desarrollo Humano Y Hábitat,Ministerio De Desarrollo Humano Y Hábitat,Direccion General Coordinación Y Gestión Del Desarrollo Humano,Planificacion Y Control De Gestion,Servicios Sociales,Promoción Y Acción Social,Bienes De Uso,Maquinaria Y Equipo,41357650.0,36475.0,0.0,50036.2,0.0,Fiscal
2025,2,Administracion Central,Ministerio De Desarrollo Humano Y Hábitat,Ministerio De Desarrollo Humano Y Hábitat,Ministerio De Desarrollo Humano Y Hábitat,Dirección General Autonomía Y Reivinculación,Redes Por La Inclusion,Servicios Sociales,Promoción Y Acción Social,Gastos En Personal,Remuneraciones Al Personal,613552672.0,621210199.0,296298550.99,852172583.83,406460650.82,Fiscal
2025,2,Administracion Central,Ministerio De Desarrollo Humano Y Hábitat,Ministerio De Desarrollo Humano Y Hábitat,Ministerio De Desarrollo Humano Y Hábitat,Dirección General Autonomía Y Reivinculación,Redes Por La Inclusion,Servicios Sociales,Promoción Y Acción Social,Bienes De Consumo,Bienes De Consumo,16773870.0,7212732.0,3323198.68,9894384.34,4558744.87,Fiscal
2025,2,Administracion Central,Ministerio De Desarrollo Humano Y Hábitat,Ministerio De Desarrollo Humano Y Hábitat,Ministerio De Desarrollo Humano Y Hábitat,Dirección General Autonomía Y Reivinculación,Redes Por La Inclusion,Servicios Sociales,Promoción Y Acción Social,Servicios No Personales,Servicios No Personales,477606142.0,396862476.0,179788973.79,544413665.68,246633481.85,Fiscal
2025,2,Administracion Central,Ministerio De Desarrollo Humano Y Hábitat,Ministerio De Desarrollo Humano Y Hábitat,Ministerio De Desarrollo Humano Y Hábitat,Dirección General Autonomía Y Reivinculación,Redes Por La Inclusion,Servicios Sociales,Promoción Y Acción Social,Bienes De Uso,Maquinaria Y Equipo,0.0,44000.0,43999.0,60358.95,60357.58,Fiscal
2025,2,Administracion Central,Ministerio De Desarrollo Humano Y Hábitat,Ministerio De Desarrollo Humano Y Hábitat,Ministerio De Desarrollo Humano Y Hábitat,Dirección General Autonomía Y Reivinculación,Redes Por La Inclusion,Servicios Sociales,Promoción Y Acción Social,Transferencias,Al Sector Privado,2310682424.0,2310682424.0,1561302211.0,3169780880.66,2141785407.62,Fiscal
2025,2,Administracion Central,Ministerio De Desarrollo Humano Y Hábitat,Ministerio De Desarrollo Humano Y Hábitat,Ministerio De Desarrollo Humano Y Hábitat,Dirección General Abordaje A Las Violencias Por Motivo De Género,"Deteccion, Proteccion Y Asistencia A Victimas De Trata De Personas - Ley 2781",Servicios Sociales,Promoción Y Acción Social,Bienes De Consumo,Bienes De Consumo,41658649.0,0.0,0.0,0.0,0.0,Fiscal
2025,2,Administracion Central,Ministerio De Desarrollo Humano Y Hábitat,Ministerio De Desarrollo Humano Y Hábitat,Ministerio De Desarrollo Humano Y Hábitat,Dirección General Abordaje A Las Violencias Por Motivo De Género,"Deteccion, Proteccion Y Asistencia A Victimas De Trata De Personas - Ley 2781",Servicios Sociales,Promoción Y Acción Social,Servicios No Personales,Servicios No Personales,33720802.0,12878354.0,9698924.72,17666452.07,13304929.24,Fiscal
2025,2,Administracion Central,Ministerio De Desarrollo Humano Y Hábitat,Ministerio De Desarrollo Humano Y Hábitat,Ministerio De Desarrollo Humano Y Hábitat,Dirección General Abordaje A Las Violencias Por Motivo De Género,Asistencia A Victimas De La Violencia,Servicios Sociales,Promoción Y Acción Social,Gastos En Personal,Remuneraciones Al Personal,4146702317.0,604001131.0,604001105.84,828565283.16,828565248.65,Fiscal
2025,2,Administracion Central,Ministerio De Desarrollo Humano Y Hábitat,Ministerio De Desarrollo Humano Y Hábitat,Ministerio De Desarrollo Humano Y Hábitat,Dirección General Abordaje A Las Violencias Por Motivo De Género,Asistencia A Victimas De La Violencia,Servicios Sociales,Promoción Y Acción Social,Bienes De Consumo,Bienes De Consumo,111247840.0,0.0,0.0,0.0,0.0,Fiscal
2025,2,Administracion Central,Ministerio De Desarrollo Humano Y Hábitat,Ministerio De Desarrollo Humano Y Hábitat,Ministerio De Desarrollo Humano Y Hábitat,Dirección General Abordaje A Las Violencias Por Motivo De Género,Asistencia A Victimas De La Violencia,Servicios Sociales,Promoción Y Acción Social,Servicios No Personales,Servicios No Personales,1724733917.0,690894228.0,353243847.15,947764734.66,484577881.1,Fiscal
2025,2,Administracion Central,Ministerio De Desarrollo Humano Y Hábitat,Ministerio De Desarrollo Humano Y Hábitat,Ministerio De Desarrollo Humano Y Hábitat,Dirección General Abordaje A Las Violencias Por Motivo De Género,Asistencia A Victimas De La Violencia,Servicios Sociales,Promoción Y Acción Social,Bienes De Uso,Maquinaria Y Equipo,41357650.0,0.0,0.0,0.0,0.0,Fiscal
2025,2,Administracion Central,Ministerio De Desarrollo Humano Y Hábitat,Ministerio De Desarrollo Humano Y Hábitat,Ministerio De Desarrollo Humano Y Hábitat,Dirección General Abordaje A Las Violencias Por Motivo De Género,Asistencia A Victimas De La Violencia,Servicios Sociales,Promoción Y Acción Social,Transferencias,Al Sector Privado,1282023872.0,34531729.0,34531724.11,47370427.55,47370420.84,Fiscal
2025,2,Administracion Central,Ministerio De Desarrollo Humano Y Hábitat,Ministerio De Desarrollo Humano Y Hábitat,Ministerio De Desarrollo Humano Y Hábitat,Subsecretaría De Inclusión Social Y Atención Inmediata,Actividades Comunes,Servicios Sociales,Promoción Y Acción Social,Gastos En Personal,Remuneraciones Al Personal,2311016783.0,329958658.0,329958651.32,452635392.33,452635383.17,Fiscal
2025,2,Administracion Central,Ministerio De Desarrollo Humano Y Hábitat,Ministerio De Desarrollo Humano Y Hábitat,Ministerio De Desarrollo Humano Y Hábitat,Subsecretaría De Inclusión Social Y Atención Inmediata,Actividades Comunes,Servicios Sociales,Promoción Y Acción Social,Bienes De Consumo,Bienes De Consumo,1042007367.0,108003320.0,47693318.67,148158334.19,65425420.68,Fiscal
2025,2,Administracion Central,Ministerio De Desarrollo Humano Y Hábitat,Ministerio De Desarrollo Humano Y Hábitat,Ministerio De Desarrollo Humano Y Hábitat,Subsecretaría De Inclusión Social Y Atención Inmediata,Actividades Comunes,Servicios Sociales,Promoción Y Acción Social,Servicios No Personales,Servicios No Personales,1799369296.0,1057837434.0,813943748.55,1451135317.56,1116563360.37,Fiscal
2025,2,Administracion Central,Ministerio De Desarrollo Humano Y Hábitat,Ministerio De Desarrollo Humano Y Hábitat,Ministerio De Desarrollo Humano Y Hábitat,Subsecretaría De Inclusión Social Y Atención Inmediata,Actividades Comunes,Servicios Sociales,Promoción Y Acción Social,Bienes De Uso,Maquinaria Y Equipo,41476855.0,4402816.0,4402815.97,6039757.71,6039757.67,Fiscal
2025,2,Administracion Central,Ministerio De Desarrollo Humano Y Hábitat,Ministerio De Desarrollo Humano Y Hábitat,Ministerio De Desarrollo Humano Y Hábitat,Subsecretaría De Inclusión Social Y Atención Inmediata,Actividades Comunes,Servicios Sociales,Promoción Y Acción Social,Transferencias,Al Sector Privado,1834224112.0,60533590.0,60533589.11,83039631.16,83039629.94,Fiscal
2025,2,Administracion Central,Ministerio De Desarrollo Humano Y Hábitat,Ministerio De Desarrollo Humano Y Hábitat,Ministerio De Desarrollo Humano Y Hábitat,Subsecretaría Abordaje Territorial Y Obras,Actividades Comunes,Servicios Sociales,Vivienda Y Urbanismo,Gastos En Personal,Remuneraciones Al Personal,0.0,88625665.0,88625658.12,121576178.33,121576168.9,Fiscal
2025,2,Administracion Central,Ministerio De Desarrollo Humano Y Hábitat,Ministerio De Desarrollo Humano Y Hábitat,Ministerio De Desarrollo Humano Y Hábitat,Subsecretaría Abordaje Territorial Y Obras,Actividades Comunes,Servicios Sociales,Vivienda Y Urbanismo,Servicios No Personales,Servicios No Personales,0.0,402293.0,0.0,551863.23,0.0,Fiscal
2025,2,Administracion Central,Ministerio De Desarrollo Humano Y Hábitat,Ministerio De Desarrollo Humano Y Hábitat,Ministerio De Desarrollo Humano Y Hábitat,Subsecretaría Abordaje Territorial Y Obras,Abordaje Territorial Barrio Padre Carlos Mugica,Servicios Sociales,Vivienda Y Urbanismo,Gastos En Personal,Remuneraciones Al Personal,0.0,138055235.0,138055228.45,189383378.62,189383369.64,Fiscal
2025,2,Administracion Central,Ministerio De Desarrollo Humano Y Hábitat,Ministerio De Desarrollo Humano Y Hábitat,Ministerio De Desarrollo Humano Y Hábitat,Subsecretaría Abordaje Territorial Y Obras,Abordaje Territorial Barrio Padre Carlos Mugica,Servicios Sociales,Vivienda Y Urbanismo,Bienes De Consumo,Bienes De Consumo,0.0,510399298.0,220112491.57,700162826.14,301949051.99,Fiscal
2025,2,Administracion Central,Ministerio De Desarrollo Humano Y Hábitat,Ministerio De Desarrollo Humano Y Hábitat,Ministerio De Desarrollo Humano Y Hábitat,Subsecretaría Abordaje Territorial Y Obras,Abordaje Territorial Barrio Padre Carlos Mugica,Servicios Sociales,Vivienda Y Urbanismo,Servicios No Personales,Servicios No Personales,0.0,688087662.0,32734189.94,943914703.54,44904573.79,Fiscal
2025,2,Administracion Central,Ministerio De Desarrollo Humano Y Hábitat,Ministerio De Desarrollo Humano Y Hábitat,Ministerio De Desarrollo Humano Y Hábitat,Subsecretaría Abordaje Territorial Y Obras,Abordaje Territorial Barrio Padre Carlos Mugica,Servicios Sociales,Vivienda Y Urbanismo,Bienes De Uso,Maquinaria Y Equipo,0.0,94824366.0,51891085.93,130079520.77,71183893.71,Fiscal
2025,2,Administracion Central,Ministerio De Desarrollo Humano Y Hábitat,Ministerio De Desarrollo Humano Y Hábitat,Ministerio De Desarrollo Humano Y Hábitat,Subsecretaría Abordaje Territorial Y Obras,Abordaje Territorial Barrio Padre Carlos Mugica,Servicios Sociales,Vivienda Y Urbanismo,Transferencias,Al Sector Privado,0.0,3533939996.0,830289958.5,4847838593.65,1138986997.31,Fiscal
2025,2,Administracion Central,Ministerio De Desarrollo Humano Y Hábitat,Ministerio De Desarrollo Humano Y Hábitat,Ministerio De Desarrollo Humano Y Hábitat,Subsecretaría Abordaje Territorial Y Obras,Integracion Economica Y Social,Servicios Sociales,Vivienda Y Urbanismo,Bienes De Consumo,Bienes De Consumo,0.0,51970582.0,0.0,71292945.96,0.0,Fiscal
2025,2,Administracion Central,Ministerio De Desarrollo Humano Y Hábitat,Ministerio De Desarrollo Humano Y Hábitat,Ministerio De Desarrollo Humano Y Hábitat,Subsecretaría Abordaje Territorial Y Obras,Integracion Economica Y Social,Servicios Sociales,Vivienda Y Urbanismo,Servicios No Personales,Servicios No Personales,0.0,571787778.0,165225640.78,784375190.5,226655585.25,Fiscal
2025,2,Administracion Central,Ministerio De Desarrollo Humano Y Hábitat,Ministerio De Desarrollo Humano Y Hábitat,Ministerio De Desarrollo Humano Y Hábitat,Subsecretaría Abordaje Territorial Y Obras,Integracion Economica Y Social,Servicios Sociales,Vivienda Y Urbanismo,Gastos En Personal,Remuneraciones Al Personal,0.0,35732881.0,35732875.32,49018160.97,49018153.18,Fiscal
2025,2,Administracion Central,Ministerio De Desarrollo Humano Y Hábitat,Ministerio De Desarrollo Humano Y Hábitat,Ministerio De Desarrollo Humano Y Hábitat,Subsecretaría Abordaje Territorial Y Obras,Integracion Economica Y Social,Servicios Sociales,Vivienda Y Urbanismo,Bienes De Uso,Maquinaria Y Equipo,0.0,4000000.0,3517898.78,5487177.03,4825833.35,Fiscal
2025,2,Administracion Central,Ministerio De Desarrollo Humano Y Hábitat,Ministerio De Desarrollo Humano Y Hábitat,Ministerio De Desarrollo Humano Y Hábitat,Subsecretaría Abordaje Territorial Y Obras,Integracion Economica Y Social,Servicios Sociales,Vivienda Y Urbanismo,Transferencias,Al Sector Privado,0.0,126600000.0,12818000.5,173669153.03,17583659.48,Fiscal
2025,2,Administracion Central,Ministerio De Desarrollo Humano Y Hábitat,Ministerio De Desarrollo Humano Y Hábitat,Ministerio De Desarrollo Humano Y Hábitat,Subsecretaría Abordaje Territorial Y Obras,Infraestructura Y Vivienda,Servicios Sociales,Vivienda Y Urbanismo,Bienes De Consumo,Bienes De Consumo,0.0,3513608.0,0.0,4819947.28,0.0,Fiscal
2025,2,Administracion Central,Ministerio De Desarrollo Humano Y Hábitat,Ministerio De Desarrollo Humano Y Hábitat,Ministerio De Desarrollo Humano Y Hábitat,Subsecretaría Abordaje Territorial Y Obras,Infraestructura Y Vivienda,Servicios Sociales,Vivienda Y Urbanismo,Servicios No Personales,Servicios No Personales,0.0,98958658.0,16126784.6,135750918.8,22122630.51,Fiscal
2025,2,Administracion Central,Ministerio De Desarrollo Humano Y Hábitat,Ministerio De Desarrollo Humano Y Hábitat,Ministerio De Desarrollo Humano Y Hábitat,Subsecretaría Abordaje Territorial Y Obras,Infraestructura Y Vivienda,Servicios Sociales,Vivienda Y Urbanismo,Servicios No Personales,Servicios No Personales,0.0,9801343621.0,3012711305.38,13445426897.24,4132820068.89,Fiscal
2025,2,Administracion Central,Ministerio De Desarrollo Humano Y Hábitat,Ministerio De Desarrollo Humano Y Hábitat,Ministerio De Desarrollo Humano Y Hábitat,Subsecretaría Abordaje Territorial Y Obras,Infraestructura Y Vivienda,Servicios Sociales,Vivienda Y Urbanismo,Bienes De Uso,Construcciones Del Dominio Privado,0.0,3312343832.0,778284375.86,4543854248.34,1067646037.68,Fiscal
2025,2,Administracion Central,Ministerio De Desarrollo Humano Y Hábitat,Ministerio De Desarrollo Humano Y Hábitat,Ministerio De Desarrollo Humano Y Hábitat,Subsecretaría Abordaje Territorial Y Obras,Infraestructura Y Vivienda,Servicios Sociales,Vivienda Y Urbanismo,Transferencias,Transferencias,0.0,1417155646.0,550737806.9,1944045977.48,755498961.02,Fiscal
2025,2,Administracion Central,Ministerio De Desarrollo Humano Y Hábitat,Ministerio De Desarrollo Humano Y Hábitat,Ministerio De Desarrollo Humano Y Hábitat,Subsecretaría Abordaje Territorial Y Obras,Infraestructura Y Vivienda,Servicios Sociales,Vivienda Y Urbanismo,Activos Financieros,Activos Financieros,0.0,1612954732.0,901284587.74,2212642039.32,1236377022.03,Fiscal
2025,2,Administracion Central,Ministerio De Desarrollo Humano Y Hábitat,Ministerio De Desarrollo Humano Y Hábitat,Ministerio De Desarrollo Humano Y Hábitat,Subsecretaría Abordaje Territorial Y Obras,Infraestructura Y Vivienda,Servicios Sociales,Vivienda Y Urbanismo,Bienes De Uso,Construcciones Del Dominio Público,0.0,2426737129.0,152671946.32,3328984058.56,209434499.28,Fiscal
2025,2,Administracion Central,Ministerio De Desarrollo Humano Y Hábitat,Ministerio De Desarrollo Humano Y Hábitat,Ministerio De Desarrollo Humano Y Hábitat,Subsecretaría Abordaje Territorial Y Obras,Infraestructura Social,Servicios Sociales,Vivienda Y Urbanismo,Gastos En Personal,Remuneraciones Al Personal,0.0,329132773.0,329132765.22,451502448.03,451502437.36,Fiscal
2025,2,Administracion Central,Ministerio De Desarrollo Humano Y Hábitat,Ministerio De Desarrollo Humano Y Hábitat,Ministerio De Desarrollo Humano Y Hábitat,Subsecretaría Abordaje Territorial Y Obras,Infraestructura Social,Servicios Sociales,Vivienda Y Urbanismo,Bienes De Consumo,Bienes De Consumo,0.0,49818801.0,0.0,68341145.14,0.0,Fiscal
2025,2,Administracion Central,Ministerio De Desarrollo Humano Y Hábitat,Ministerio De Desarrollo Humano Y Hábitat,Ministerio De Desarrollo Humano Y Hábitat,Subsecretaría Abordaje Territorial Y Obras,Infraestructura Social,Servicios Sociales,Vivienda Y Urbanismo,Servicios No Personales,Servicios No Personales,0.0,2846575177.0,1381183462.2,3904915481.98,1894699542.31,Fiscal
2025,2,Administracion Central,Ministerio De Desarrollo Humano Y Hábitat,Ministerio De Desarrollo Humano Y Hábitat,Ministerio De Desarrollo Humano Y Hábitat,Subsecretaría Abordaje Territorial Y Obras,Infraestructura Social,Servicios Sociales,Vivienda Y Urbanismo,Bienes De Uso,Maquinaria Y Equipo,0.0,10339413.0,9270627.26,14183547.38,12717393.24,Fiscal
2025,2,Administracion Central,Ministerio De Desarrollo Humano Y Hábitat,Ministerio De Desarrollo Humano Y Hábitat,Ministerio De Desarrollo Humano Y Hábitat,Subsecretaría Abordaje Territorial Y Obras,Infraestructura Social,Servicios Sociales,Vivienda Y Urbanismo,Servicios No Personales,Servicios No Personales,0.0,540000000.0,0.0,740768899.17,0.0,Fiscal
2025,2,Administracion Central,Ministerio De Desarrollo Humano Y Hábitat,Ministerio De Desarrollo Humano Y Hábitat,Ministerio De Desarrollo Humano Y Hábitat,Subsecretaría Abordaje Territorial Y Obras,Infraestructura Social,Servicios Sociales,Vivienda Y Urbanismo,Bienes De Uso,Construcciones Del Dominio Privado,0.0,2576637347.0,0.0,3534616316.85,0.0,Fiscal
2025,2,Administracion Central,Ministerio De Desarrollo Humano Y Hábitat,Ministerio De Desarrollo Humano Y Hábitat,Ministerio De Desarrollo Humano Y Hábitat,Subsecretaría Abordaje Territorial Y Obras,Recuperacion De La Traza De La Ex-Au3,Servicios Sociales,Vivienda Y Urbanismo,Gastos En Personal,Remuneraciones Al Personal,0.0,108436439.0,99679351.79,148752484.35,136739562.4,Fiscal
2025,2,Administracion Central,Ministerio De Desarrollo Humano Y Hábitat,Ministerio De Desarrollo Humano Y Hábitat,Ministerio De Desarrollo Humano Y Hábitat,Subsecretaría Abordaje Territorial Y Obras,Recuperacion De La Traza De La Ex-Au3,Servicios Sociales,Vivienda Y Urbanismo,Servicios No Personales,Servicios No Personales,0.0,102691328.0,3779904.21,140871374.07,5185250.89,Fiscal
2025,2,Administracion Central,Ministerio De Desarrollo Humano Y Hábitat,Ministerio De Desarrollo Humano Y Hábitat,Ministerio De Desarrollo Humano Y Hábitat,Subsecretaría Abordaje Territorial Y Obras,Recuperacion De La Traza De La Ex-Au3,Servicios Sociales,Vivienda Y Urbanismo,Bienes De Uso,Maquinaria Y Equipo,0.0,10922127.0,0.0,14982911.1,0.0,Fiscal
2025,2,Administracion Central,Ministerio De Desarrollo Humano Y Hábitat,Ministerio De Desarrollo Humano Y Hábitat,Ministerio De Desarrollo Humano Y Hábitat,Subsecretaría Abordaje Territorial Y Obras,Recuperacion De La Traza De La Ex-Au3,Servicios Sociales,Vivienda Y Urbanismo,Transferencias,Al Sector Privado,0.0,63830203.0,0.0,87561905.94,0.0,Fiscal
2025,2,Administracion Central,Ministerio De Desarrollo Humano Y Hábitat,Ministerio De Desarrollo Humano Y Hábitat,Ministerio De Desarrollo Humano Y Hábitat,Subsecretaría Abordaje Territorial Y Obras,Recuperacion De La Traza De La Ex-Au3,Servicios Sociales,Vivienda Y Urbanismo,Servicios No Personales,Servicios No Personales,0.0,488000000.0,117909352.53,669435597.77,161747372.73,Fiscal
2025,2,Administracion Central,Ministerio De Desarrollo Humano Y Hábitat,Ministerio De Desarrollo Humano Y Hábitat,Ministerio De Desarrollo Humano Y Hábitat,Subsecretaría Abordaje Territorial Y Obras,Recuperacion De La Traza De La Ex-Au3,Servicios Sociales,Vivienda Y Urbanismo,Bienes De Uso,Construcciones Del Dominio Público,0.0,7952497803.0,0.0,10909190820.7,0.0,Fiscal
2025,2,Administracion Central,Ministerio De Desarrollo Humano Y Hábitat,Ministerio De Desarrollo Humano Y Hábitat,Ministerio De Desarrollo Humano Y Hábitat,Subsecretaría Abordaje Territorial Y Obras,Recuperacion De La Traza De La Ex-Au3,Servicios Sociales,Vivienda Y Urbanismo,Activos Financieros,Activos Financieros,0.0,2600000000.0,0.0,3566665070.08,0.0,Fiscal
2025,2,Administracion Central,Ministerio De Desarrollo Humano Y Hábitat,Ministerio De Desarrollo Humano Y Hábitat,Ministerio De Desarrollo Humano Y Hábitat,Direccion General Abordaje Territorial Barrio Padre Carlos Mugica,Abordaje Territorial Barrio Padre Carlos Mugica,Servicios Sociales,Vivienda Y Urbanismo,Gastos En Personal,Remuneraciones Al Personal,0.0,30179206.0,30179200.11,41399661.49,41399653.41,Fiscal
2025,2,Administracion Central,Ministerio De Desarrollo Humano Y Hábitat,Ministerio De Desarrollo Humano Y Hábitat,Ministerio De Desarrollo Humano Y Hábitat,Direccion General Abordaje Territorial Barrio Padre Carlos Mugica,Abordaje Territorial Barrio Padre Carlos Mugica,Servicios Sociales,Vivienda Y Urbanismo,Servicios No Personales,Servicios No Personales,0.0,15866042.0,1460048.04,21764945.31,2002885.52,Fiscal
2025,2,Administracion Central,Ministerio De Desarrollo Humano Y Hábitat,Ministerio De Desarrollo Humano Y Hábitat,Ministerio De Desarrollo Humano Y Hábitat,Direccion General Abordaje Territorial Barrio Padre Carlos Mugica,Integracion Economica Y Social,Servicios Sociales,Vivienda Y Urbanismo,Gastos En Personal,Remuneraciones Al Personal,0.0,12206467.0,12206461.9,16744761.34,16744754.34,Fiscal
2025,2,Administracion Central,Ministerio De Desarrollo Humano Y Hábitat,Ministerio De Desarrollo Humano Y Hábitat,Ministerio De Desarrollo Humano Y Hábitat,Direccion General Infraestructura Social,Infraestructura Social,Servicios Sociales,Vivienda Y Urbanismo,Gastos En Personal,Remuneraciones Al Personal,0.0,56858251.0,56858247.48,77997822.23,77997817.4,Fiscal
2025,2,Administracion Central,Ministerio De Desarrollo Humano Y Hábitat,Ministerio De Desarrollo Humano Y Hábitat,Ministerio De Desarrollo Humano Y Hábitat,"Dirección General Articulación Público, Privada Y Territorial",Fondes - Fondo Economico Social Ley 6376,Servicios Sociales,Promoción Y Acción Social,Activos Financieros,Aportes De Capital,0.0,456472367.0,215243095.0,626186171.86,295269241.74,Fiscal
2025,2,Administracion Central,Ministerio De Desarrollo Humano Y Hábitat,Ministerio De Desarrollo Humano Y Hábitat,Ministerio De Desarrollo Humano Y Hábitat,"Dirección General Articulación Público, Privada Y Territorial",Desarrollo Institucional Y Territorial,Servicios Sociales,Promoción Y Acción Social,Gastos En Personal,Remuneraciones Al Personal,0.0,361144170.0,109862824.34,495415498.62,150709191.57,Fiscal
2025,2,Administracion Central,Ministerio De Desarrollo Humano Y Hábitat,Ministerio De Desarrollo Humano Y Hábitat,Ministerio De Desarrollo Humano Y Hábitat,"Dirección General Articulación Público, Privada Y Territorial",Desarrollo Institucional Y Territorial,Servicios Sociales,Promoción Y Acción Social,Bienes De Consumo,Bienes De Consumo,0.0,7128353.0,0.0,9778633.71,0.0,Fiscal
2025,2,Administracion Central,Ministerio De Desarrollo Humano Y Hábitat,Ministerio De Desarrollo Humano Y Hábitat,Ministerio De Desarrollo Humano Y Hábitat,"Dirección General Articulación Público, Privada Y Territorial",Desarrollo Institucional Y Territorial,Servicios Sociales,Promoción Y Acción Social,Servicios No Personales,Servicios No Personales,0.0,300000.0,0.0,411538.28,0.0,Fiscal
2025,2,Administracion Central,Ministerio De Desarrollo Humano Y Hábitat,Ministerio De Desarrollo Humano Y Hábitat,Ministerio De Desarrollo Humano Y Hábitat,"Dirección General Articulación Público, Privada Y Territorial",Red De Empresa,Servicios Sociales,Promoción Y Acción Social,Transferencias,Al Sector Privado,0.0,201163848.0,34479275.0,275955411.55,47298471.46,Fiscal
2025,2,Administracion Central,Ministerio De Desarrollo Humano Y Hábitat,Ministerio De Desarrollo Humano Y Hábitat,Ministerio De Desarrollo Humano Y Hábitat,Direccion General Economía Social Y Sociolaboral,Intermediacion Laboral,Servicios Sociales,Promoción Y Acción Social,Gastos En Personal,Remuneraciones Al Personal,0.0,282220763.0,12091436.35,387148822.09,16586962.95,Fiscal
2025,2,Administracion Central,Ministerio De Desarrollo Humano Y Hábitat,Ministerio De Desarrollo Humano Y Hábitat,Ministerio De Desarrollo Humano Y Hábitat,Direccion General Economía Social Y Sociolaboral,Intermediacion Laboral,Servicios Sociales,Promoción Y Acción Social,Bienes De Consumo,Bienes De Consumo,0.0,8760346.0,7560536.25,12017392.34,10371500.21,Fiscal
2025,2,Administracion Central,Ministerio De Desarrollo Humano Y Hábitat,Ministerio De Desarrollo Humano Y Hábitat,Ministerio De Desarrollo Humano Y Hábitat,Direccion General Economía Social Y Sociolaboral,Intermediacion Laboral,Servicios Sociales,Promoción Y Acción Social,Servicios No Personales,Servicios No Personales,0.0,373000.0,73000.0,511679.26,100140.98,Fiscal
2025,2,Administracion Central,Ministerio De Desarrollo Humano Y Hábitat,Ministerio De Desarrollo Humano Y Hábitat,Ministerio De Desarrollo Humano Y Hábitat,Direccion General Economía Social Y Sociolaboral,Intermediacion Laboral,Servicios Sociales,Promoción Y Acción Social,Bienes De Uso,Maquinaria Y Equipo,0.0,45100.0,45019.0,61867.92,61756.81,Fiscal
2025,2,Administracion Central,Ministerio De Desarrollo Humano Y Hábitat,Ministerio De Desarrollo Humano Y Hábitat,Ministerio De Desarrollo Humano Y Hábitat,Direccion General Economía Social Y Sociolaboral,Intermediacion Laboral,Servicios Sociales,Promoción Y Acción Social,Transferencias,Al Sector Privado,0.0,384768251.0,79852784.9,527822877.28,109541591.79,Fiscal
2025,2,Administracion Central,Ministerio De Desarrollo Humano Y Hábitat,Ministerio De Desarrollo Humano Y Hábitat,Ministerio De Desarrollo Humano Y Hábitat,Direccion General Economía Social Y Sociolaboral,Economia Social Y Sociolaboral,Servicios Sociales,Promoción Y Acción Social,Gastos En Personal,Remuneraciones Al Personal,0.0,335554849.0,111377061.84,460312215.01,152786413.87,Fiscal
2025,2,Administracion Central,Ministerio De Desarrollo Humano Y Hábitat,Ministerio De Desarrollo Humano Y Hábitat,Ministerio De Desarrollo Humano Y Hábitat,Direccion General Economía Social Y Sociolaboral,Economia Social Y Sociolaboral,Servicios Sociales,Promoción Y Acción Social,Bienes De Consumo,Bienes De Consumo,0.0,530291095.0,441490793.46,727450279.04,605634535.31,Fiscal
2025,2,Administracion Central,Ministerio De Desarrollo Humano Y Hábitat,Ministerio De Desarrollo Humano Y Hábitat,Ministerio De Desarrollo Humano Y Hábitat,Direccion General Economía Social Y Sociolaboral,Economia Social Y Sociolaboral,Servicios Sociales,Promoción Y Acción Social,Servicios No Personales,Servicios No Personales,0.0,15302714.0,13780492.9,20992175.19,18904001.03,Fiscal
2025,2,Administracion Central,Ministerio De Desarrollo Humano Y Hábitat,Ministerio De Desarrollo Humano Y Hábitat,Ministerio De Desarrollo Humano Y Hábitat,Direccion General Economía Social Y Sociolaboral,Economia Social Y Sociolaboral,Servicios Sociales,Promoción Y Acción Social,Bienes De Uso,Maquinaria Y Equipo,0.0,12167825.0,8821007.6,16691752.46,12100607.57,Fiscal
2025,2,Administracion Central,Ministerio De Desarrollo Humano Y Hábitat,Ministerio De Desarrollo Humano Y Hábitat,Ministerio De Desarrollo Humano Y Hábitat,Direccion General Economía Social Y Sociolaboral,Economia Social Y Sociolaboral,Servicios Sociales,Promoción Y Acción Social,Transferencias,Al Sector Privado,0.0,6130413693.0,2599734819.5,8409666301.52,3566301296.99,Fiscal
2025,2,Administracion Central,Ministerio De Desarrollo Humano Y Hábitat,Ministerio De Desarrollo Humano Y Hábitat,Ministerio De Desarrollo Humano Y Hábitat,Direccion General Economía Social Y Sociolaboral,Economia Social Y Sociolaboral,Servicios Sociales,Promoción Y Acción Social,Transferencias,Al Sector Público,0.0,5102865941.0,1974018079.0,7000082195.79,2707946665.41,Fiscal
2025,2,Administracion Central,Ministerio De Desarrollo Humano Y Hábitat,Ministerio De Desarrollo Humano Y Hábitat,Ministerio De Desarrollo Humano Y Hábitat,Direccion General Economía Social Y Sociolaboral,Asistencia Tecnica Y Fomento A La Comercializacion De La Economia Social,Servicios Sociales,Promoción Y Acción Social,Gastos En Personal,Remuneraciones Al Personal,0.0,606672362.0,249249357.52,832229662.51,341918837.39,Fiscal
2025,2,Administracion Central,Ministerio De Desarrollo Humano Y Hábitat,Ministerio De Desarrollo Humano Y Hábitat,Ministerio De Desarrollo Humano Y Hábitat,Direccion General Economía Social Y Sociolaboral,Asistencia Tecnica Y Fomento A La Comercializacion De La Economia Social,Servicios Sociales,Promoción Y Acción Social,Transferencias,Al Sector Privado,0.0,1205583726.0,306795165.6,1653812832.53,420859846.47,Fiscal
2025,2,Administracion Central,Ministerio De Desarrollo Humano Y Hábitat,Ministerio De Desarrollo Humano Y Hábitat,Ministerio De Desarrollo Humano Y Hábitat,Subsecretaria Familia Y Comunidad,Actividades Comunes,Servicios Sociales,Promoción Y Acción Social,Gastos En Personal,Remuneraciones Al Personal,0.0,622918295.0,237462645.54,854515740.11,325749893.58,Fiscal
2025,2,Administracion Central,Ministerio De Desarrollo Humano Y Hábitat,Ministerio De Desarrollo Humano Y Hábitat,Ministerio De Desarrollo Humano Y Hábitat,Subsecretaria Familia Y Comunidad,Actividades Comunes,Servicios Sociales,Promoción Y Acción Social,Bienes De Consumo,Bienes De Consumo,0.0,94152645.0,36371068.38,129158057.76,49893622.75,Fiscal
2025,2,Administracion Central,Ministerio De Desarrollo Humano Y Hábitat,Ministerio De Desarrollo Humano Y Hábitat,Ministerio De Desarrollo Humano Y Hábitat,Subsecretaria Familia Y Comunidad,Actividades Comunes,Servicios Sociales,Promoción Y Acción Social,Servicios No Personales,Servicios No Personales,0.0,827210952.0,226312433.55,1134763233.88,310454096.79,Fiscal
2025,2,Administracion Central,Ministerio De Desarrollo Humano Y Hábitat,Ministerio De Desarrollo Humano Y Hábitat,Ministerio De Desarrollo Humano Y Hábitat,Subsecretaria Familia Y Comunidad,Actividades Comunes,Servicios Sociales,Promoción Y Acción Social,Transferencias,Al Sector Privado,0.0,1585033307.0,40603375.9,2174339588.84,55699477.9,Fiscal
2025,2,Administracion Central,Ministerio De Desarrollo Humano Y Hábitat,Ministerio De Desarrollo Humano Y Hábitat,Ministerio De Desarrollo Humano Y Hábitat,"Direccion General Primera Infancia, Niñez Y Adolescencia",Desarrollo Integral De Los Primeros Años,Servicios Sociales,Promoción Y Acción Social,Gastos En Personal,Remuneraciones Al Personal,0.0,9174348775.0,3485314487.97,12585318967.88,4781134400.95,Fiscal
2025,2,Administracion Central,Ministerio De Desarrollo Humano Y Hábitat,Ministerio De Desarrollo Humano Y Hábitat,Ministerio De Desarrollo Humano Y Hábitat,"Direccion General Primera Infancia, Niñez Y Adolescencia",Desarrollo Integral De Los Primeros Años,Servicios Sociales,Promoción Y Acción Social,Bienes De Consumo,Bienes De Consumo,0.0,36667030.0,15423307.0,50299621.2,21157603.98,Fiscal
2025,2,Administracion Central,Ministerio De Desarrollo Humano Y Hábitat,Ministerio De Desarrollo Humano Y Hábitat,Ministerio De Desarrollo Humano Y Hábitat,"Direccion General Primera Infancia, Niñez Y Adolescencia",Desarrollo Integral De Los Primeros Años,Servicios Sociales,Promoción Y Acción Social,Servicios No Personales,Servicios No Personales,0.0,2224318174.0,1079654668.36,3051306898.44,1481064074.38,Fiscal
2025,2,Administracion Central,Ministerio De Desarrollo Humano Y Hábitat,Ministerio De Desarrollo Humano Y Hábitat,Ministerio De Desarrollo Humano Y Hábitat,"Direccion General Primera Infancia, Niñez Y Adolescencia",Desarrollo Integral De Los Primeros Años,Servicios Sociales,Promoción Y Acción Social,Bienes De Uso,Maquinaria Y Equipo,0.0,4478825.0,2164162.16,6144026.42,2968785.22,Fiscal
2025,2,Administracion Central,Ministerio De Desarrollo Humano Y Hábitat,Ministerio De Desarrollo Humano Y Hábitat,Ministerio De Desarrollo Humano Y Hábitat,"Direccion General Primera Infancia, Niñez Y Adolescencia",Desarrollo Integral De Los Primeros Años,Servicios Sociales,Promoción Y Acción Social,Transferencias,Al Sector Privado,0.0,15167469913.0,5857138722.0,20806648130.82,8034789265.52,Fiscal
2025,2,Administracion Central,Ministerio De Desarrollo Humano Y Hábitat,Ministerio De Desarrollo Humano Y Hábitat,Ministerio De Desarrollo Humano Y Hábitat,"Direccion General Primera Infancia, Niñez Y Adolescencia",Promocion De Las Adolescencias,Servicios Sociales,Promoción Y Acción Social,Transferencias,Al Sector Privado,0.0,2255228342.0,272366269.0,3093709289.41,373630483.81,Fiscal
2025,2,Administracion Central,Ministerio De Desarrollo Humano Y Hábitat,Ministerio De Desarrollo Humano Y Hábitat,Ministerio De Desarrollo Humano Y Hábitat,"Direccion General Primera Infancia, Niñez Y Adolescencia",Promocion De Las Adolescencias,Servicios Sociales,Promoción Y Acción Social,Gastos En Personal,Remuneraciones Al Personal,0.0,1992943692.0,769935177.06,2733908712.65,1056192654.71,Fiscal
2025,2,Administracion Central,Ministerio De Desarrollo Humano Y Hábitat,Ministerio De Desarrollo Humano Y Hábitat,Ministerio De Desarrollo Humano Y Hábitat,Dirección General Proteccion Familiar Contra La Violencia,Asistencia A Victimas De La Violencia,Servicios Sociales,Promoción Y Acción Social,Gastos En Personal,Remuneraciones Al Personal,0.0,3519532205.0,1498981297.76,4828074068.69,2056293936.7,Fiscal
2025,2,Administracion Central,Ministerio De Desarrollo Humano Y Hábitat,Ministerio De Desarrollo Humano Y Hábitat,Ministerio De Desarrollo Humano Y Hábitat,Dirección General Proteccion Familiar Contra La Violencia,Asistencia A Victimas De La Violencia,Servicios Sociales,Promoción Y Acción Social,Bienes De Consumo,Bienes De Consumo,0.0,82639983.0,18230234.15,113365054.14,25008130.52,Fiscal
2025,2,Administracion Central,Ministerio De Desarrollo Humano Y Hábitat,Ministerio De Desarrollo Humano Y Hábitat,Ministerio De Desarrollo Humano Y Hábitat,Dirección General Proteccion Familiar Contra La Violencia,Asistencia A Victimas De La Violencia,Servicios Sociales,Promoción Y Acción Social,Servicios No Personales,Servicios No Personales,0.0,887631585.0,221050185.46,1217647911.28,303235375.08,Fiscal
2025,2,Administracion Central,Ministerio De Desarrollo Humano Y Hábitat,Ministerio De Desarrollo Humano Y Hábitat,Ministerio De Desarrollo Humano Y Hábitat,Dirección General Proteccion Familiar Contra La Violencia,Asistencia A Victimas De La Violencia,Servicios Sociales,Promoción Y Acción Social,Bienes De Uso,Maquinaria Y Equipo,0.0,23876296.0,23700542.09,32753365.75,32512267.54,Fiscal
2025,2,Administracion Central,Ministerio De Desarrollo Humano Y Hábitat,Ministerio De Desarrollo Humano Y Hábitat,Ministerio De Desarrollo Humano Y Hábitat,Dirección General Proteccion Familiar Contra La Violencia,Asistencia A Victimas De La Violencia,Servicios Sociales,Promoción Y Acción Social,Transferencias,Al Sector Privado,0.0,1247492146.0,223306025.5,1711302562.44,306329923.5,Fiscal
2025,2,Administracion Central,Ministerio De Desarrollo Humano Y Hábitat,Ministerio De Desarrollo Humano Y Hábitat,Ministerio De Desarrollo Humano Y Hábitat,Dirección General Proteccion Familiar Contra La Violencia,"Deteccion, Proteccion Y Asistencia A Victimas De Trata De Personas - Ley 2781",Servicios Sociales,Promoción Y Acción Social,Bienes De Consumo,Bienes De Consumo,0.0,6508988.0,0.0,8928992.36,0.0,Fiscal
2025,2,Administracion Central,Ministerio De Desarrollo Humano Y Hábitat,Ministerio De Desarrollo Humano Y Hábitat,Ministerio De Desarrollo Humano Y Hábitat,Dirección General Proteccion Familiar Contra La Violencia,"Deteccion, Proteccion Y Asistencia A Victimas De Trata De Personas - Ley 2781",Servicios Sociales,Promoción Y Acción Social,Servicios No Personales,Servicios No Personales,0.0,78651504.0,8984494.39,107893681.55,12324877.81,Fiscal
2025,2,Administracion Central,Ministerio De Desarrollo Humano Y Hábitat,Ministerio De Desarrollo Humano Y Hábitat,Ministerio De Desarrollo Humano Y Hábitat,Subsecretaría Red De Atención E Inclusión Social,Actividades Comunes,Servicios Sociales,Promoción Y Acción Social,Gastos En Personal,Remuneraciones Al Personal,0.0,2003286844.0,703604040.68,2748097389.17,965199982.71,Fiscal
2025,2,Administracion Central,Ministerio De Desarrollo Humano Y Hábitat,Ministerio De Desarrollo Humano Y Hábitat,Ministerio De Desarrollo Humano Y Hábitat,Subsecretaría Red De Atención E Inclusión Social,Actividades Comunes,Servicios Sociales,Promoción Y Acción Social,Bienes De Consumo,Bienes De Consumo,0.0,367667249.0,167185646.4,504363820.93,229344309.7,Fiscal
2025,2,Administracion Central,Ministerio De Desarrollo Humano Y Hábitat,Ministerio De Desarrollo Humano Y Hábitat,Ministerio De Desarrollo Humano Y Hábitat,Subsecretaría Red De Atención E Inclusión Social,Actividades Comunes,Servicios Sociales,Promoción Y Acción Social,Servicios No Personales,Servicios No Personales,0.0,1719824539.0,612883602.84,2359245426.89,840750207.03,Fiscal
2025,2,Administracion Central,Ministerio De Desarrollo Humano Y Hábitat,Ministerio De Desarrollo Humano Y Hábitat,Ministerio De Desarrollo Humano Y Hábitat,Subsecretaría Red De Atención E Inclusión Social,Actividades Comunes,Servicios Sociales,Promoción Y Acción Social,Bienes De Uso,Maquinaria Y Equipo,0.0,24241694.0,24224488.25,33254616.63,33231013.88,Fiscal
2025,2,Administracion Central,Ministerio De Desarrollo Humano Y Hábitat,Ministerio De Desarrollo Humano Y Hábitat,Ministerio De Desarrollo Humano Y Hábitat,Subsecretaría Red De Atención E Inclusión Social,Actividades Comunes,Servicios Sociales,Promoción Y Acción Social,Transferencias,Al Sector Privado,0.0,2321921909.0,1220055423.15,3185199141.64,1673665023.58,Fiscal
2025,2,Administracion Central,Ministerio De Desarrollo Humano Y Hábitat,Ministerio De Desarrollo Humano Y Hábitat,Ministerio De Desarrollo Humano Y Hábitat,Direccion General Red De Atención,Asistencia A Familias De Alta Vulnerabilidad Social,Servicios Sociales,Promoción Y Acción Social,Gastos En Personal,Remuneraciones Al Personal,0.0,2623056346.0,972075059.13,3598293633.12,1333486984.19,Fiscal
2025,2,Administracion Central,Ministerio De Desarrollo Humano Y Hábitat,Ministerio De Desarrollo Humano Y Hábitat,Ministerio De Desarrollo Humano Y Hábitat,Direccion General Red De Atención,Asistencia A Familias De Alta Vulnerabilidad Social,Servicios Sociales,Promoción Y Acción Social,Bienes De Consumo,Bienes De Consumo,0.0,16425232.0,7893953.78,22532038.94,10828880.47,Fiscal
2025,2,Administracion Central,Ministerio De Desarrollo Humano Y Hábitat,Ministerio De Desarrollo Humano Y Hábitat,Ministerio De Desarrollo Humano Y Hábitat,Direccion General Red De Atención,Asistencia A Familias De Alta Vulnerabilidad Social,Servicios Sociales,Promoción Y Acción Social,Servicios No Personales,Servicios No Personales,0.0,1236397842.0,572266539.49,1696083459.92,785031952.76,Fiscal
2025,2,Administracion Central,Ministerio De Desarrollo Humano Y Hábitat,Ministerio De Desarrollo Humano Y Hábitat,Ministerio De Desarrollo Humano Y Hábitat,Direccion General Red De Atención,Asistencia A Familias De Alta Vulnerabilidad Social,Servicios Sociales,Promoción Y Acción Social,Bienes De Uso,Maquinaria Y Equipo,0.0,58232210.0,58232209.6,79882611.29,79882610.74,Fiscal
2025,2,Administracion Central,Ministerio De Desarrollo Humano Y Hábitat,Ministerio De Desarrollo Humano Y Hábitat,Ministerio De Desarrollo Humano Y Hábitat,Direccion General Red De Atención,Asistencia A Familias De Alta Vulnerabilidad Social,Servicios Sociales,Promoción Y Acción Social,Transferencias,Al Sector Privado,0.0,23001895885.0,8932748772.41,31553868691.75,12253893471.66,Fiscal
2025,2,Administracion Central,Ministerio De Desarrollo Humano Y Hábitat,Ministerio De Desarrollo Humano Y Hábitat,Ministerio De Desarrollo Humano Y Hábitat,Direccion General Red De Atención,Asistencia Integral A Los Sin Techo,Servicios Sociales,Promoción Y Acción Social,Gastos En Personal,Remuneraciones Al Personal,0.0,2075663816.0,734311305.8,2847383703.75,1007324032.68,Fiscal
2025,2,Administracion Central,Ministerio De Desarrollo Humano Y Hábitat,Ministerio De Desarrollo Humano Y Hábitat,Ministerio De Desarrollo Humano Y Hábitat,Direccion General Red De Atención,Asistencia Integral A Los Sin Techo,Servicios Sociales,Promoción Y Acción Social,Bienes De Consumo,Bienes De Consumo,0.0,1003378166.0,936699473.79,1376428406.44,1284958959.36,Fiscal
2025,2,Administracion Central,Ministerio De Desarrollo Humano Y Hábitat,Ministerio De Desarrollo Humano Y Hábitat,Ministerio De Desarrollo Humano Y Hábitat,Direccion General Red De Atención,Asistencia Integral A Los Sin Techo,Servicios Sociales,Promoción Y Acción Social,Servicios No Personales,Servicios No Personales,0.0,24316778339.0,6134679203.69,33357616891.73,8415517704.59,Fiscal
2025,2,Administracion Central,Ministerio De Desarrollo Humano Y Hábitat,Ministerio De Desarrollo Humano Y Hábitat,Ministerio De Desarrollo Humano Y Hábitat,Direccion General Red De Atención,Asistencia Integral A Los Sin Techo,Servicios Sociales,Promoción Y Acción Social,Bienes De Uso,Maquinaria Y Equipo,0.0,455841513.0,340706055.52,625320769.96,467378610.53,Fiscal
2025,2,Administracion Central,Ministerio De Desarrollo Humano Y Hábitat,Ministerio De Desarrollo Humano Y Hábitat,Ministerio De Desarrollo Humano Y Hábitat,Direccion General Red De Atención,Asistencia Integral A Los Sin Techo,Servicios Sociales,Promoción Y Acción Social,Transferencias,Al Sector Privado,0.0,11880975629.0,2595482890.0,16298254143.99,3560468524.52,Fiscal
2025,2,Administracion Central,Ministerio De Desarrollo Humano Y Hábitat,Ministerio De Desarrollo Humano Y Hábitat,Ministerio De Desarrollo Humano Y Hábitat,Direccion General Red De Atención,Asistencia Inmediata Ante La Emergencia Social,Servicios Sociales,Promoción Y Acción Social,Gastos En Personal,Remuneraciones Al Personal,0.0,3576261831.0,1318994940.61,4905895443.87,1809389685.49,Fiscal
2025,2,Administracion Central,Ministerio De Desarrollo Humano Y Hábitat,Ministerio De Desarrollo Humano Y Hábitat,Ministerio De Desarrollo Humano Y Hábitat,Direccion General Red De Atención,Asistencia Inmediata Ante La Emergencia Social,Servicios Sociales,Promoción Y Acción Social,Bienes De Consumo,Bienes De Consumo,0.0,1717024.0,182804.33,2355403.66,250769.93,Fiscal
2025,2,Administracion Central,Ministerio De Desarrollo Humano Y Hábitat,Ministerio De Desarrollo Humano Y Hábitat,Ministerio De Desarrollo Humano Y Hábitat,Direccion General Red De Atención,Asistencia Inmediata Ante La Emergencia Social,Servicios Sociales,Promoción Y Acción Social,Servicios No Personales,Servicios No Personales,0.0,1166841504.0,0.0,1600666474.86,0.0,Fiscal
2025,2,Administracion Central,Ministerio De Desarrollo Humano Y Hábitat,Ministerio De Desarrollo Humano Y Hábitat,Ministerio De Desarrollo Humano Y Hábitat,Direccion General Red De Atención,Asistencia Inmediata Ante La Emergencia Social,Servicios Sociales,Promoción Y Acción Social,Bienes De Uso,Maquinaria Y Equipo,0.0,273220000.0,273220000.0,374801627.09,374801627.09,Fiscal
2025,2,Administracion Central,Ministerio De Desarrollo Humano Y Hábitat,Ministerio De Desarrollo Humano Y Hábitat,Ministerio De Desarrollo Humano Y Hábitat,Direccion General Innovación Para El Desarrollo Del Bienestar Integral,Innovacion Para El Desarrollo Del Bienestar Integral,Servicios Sociales,Promoción Y Acción Social,Gastos En Personal,Remuneraciones Al Personal,0.0,147657150.0,147657144.89,202555230.48,202555223.47,Fiscal
2025,2,Administracion Central,Ministerio De Desarrollo Humano Y Hábitat,Ministerio De Desarrollo Humano Y Hábitat,Ministerio De Desarrollo Humano Y Hábitat,Direccion General Innovación Para El Desarrollo Del Bienestar Integral,Innovacion Para El Desarrollo Del Bienestar Integral,Servicios Sociales,Promoción Y Acción Social,Bienes De Consumo,Bienes De Consumo,0.0,38500000.0,4268088.0,52814078.92,5854938.61,Fiscal
2025,2,Administracion Central,Ministerio De Desarrollo Humano Y Hábitat,Ministerio De Desarrollo Humano Y Hábitat,Ministerio De Desarrollo Humano Y Hábitat,Direccion General Innovación Para El Desarrollo Del Bienestar Integral,Innovacion Para El Desarrollo Del Bienestar Integral,Servicios Sociales,Promoción Y Acción Social,Servicios No Personales,Servicios No Personales,0.0,63900000.0,53495051.23,87657653.07,73384204.09,Fiscal
2025,2,Administracion Central,Ministerio De Desarrollo Humano Y Hábitat,Ministerio De Desarrollo Humano Y Hábitat,Ministerio De Desarrollo Humano Y Hábitat,Direccion General Innovación Para El Desarrollo Del Bienestar Integral,Innovacion Para El Desarrollo Del Bienestar Integral,Servicios Sociales,Promoción Y Acción Social,Bienes De Uso,Maquinaria Y Equipo,0.0,12636773.0,12636772.56,17335052.64,17335052.03,Fiscal
2025,2,Administracion Central,Ministerio De Desarrollo Humano Y Hábitat,Ministerio De Desarrollo Humano Y Hábitat,Ministerio De Desarrollo Humano Y Hábitat,Direccion General Innovación Para El Desarrollo Del Bienestar Integral,Innovacion Para El Desarrollo Del Bienestar Integral,Servicios Sociales,Promoción Y Acción Social,Transferencias,Al Sector Privado,0.0,35000000.0,33697366.5,48012799.02,46225853.87,Fiscal
2025,2,Administracion Central,Ministerio De Desarrollo Humano Y Hábitat,Ministerio De Desarrollo Humano Y Hábitat,Ministerio De Desarrollo Humano Y Hábitat,Subsecretaría Personas Mayores,Actividades Comunes,Servicios Sociales,Promoción Y Acción Social,Gastos En Personal,Remuneraciones Al Personal,0.0,659794773.0,231506195.52,905102680.88,317578869.64,Fiscal
2025,2,Administracion Central,Ministerio De Desarrollo Humano Y Hábitat,Ministerio De Desarrollo Humano Y Hábitat,Ministerio De Desarrollo Humano Y Hábitat,Subsecretaría Personas Mayores,Actividades Comunes,Servicios Sociales,Promoción Y Acción Social,Bienes De Consumo,Bienes De Consumo,0.0,132794005.0,40904355.13,182166053.52,56112359.48,Fiscal
2025,2,Administracion Central,Ministerio De Desarrollo Humano Y Hábitat,Ministerio De Desarrollo Humano Y Hábitat,Ministerio De Desarrollo Humano Y Hábitat,Subsecretaría Personas Mayores,Actividades Comunes,Servicios Sociales,Promoción Y Acción Social,Servicios No Personales,Servicios No Personales,0.0,3428632751.0,878392019.16,4703378719.66,1204973127.91,Fiscal
2025,2,Administracion Central,Ministerio De Desarrollo Humano Y Hábitat,Ministerio De Desarrollo Humano Y Hábitat,Ministerio De Desarrollo Humano Y Hábitat,Dirección General Políticas Comunitarias Para Las Personas Mayores,Politicas Comunitarias Para Las Personas Mayores,Servicios Sociales,Promoción Y Acción Social,Gastos En Personal,Remuneraciones Al Personal,0.0,2715644306.0,938603563.3,3725305264.99,1287570978.41,Fiscal
2025,2,Administracion Central,Ministerio De Desarrollo Humano Y Hábitat,Ministerio De Desarrollo Humano Y Hábitat,Ministerio De Desarrollo Humano Y Hábitat,Dirección General Políticas Comunitarias Para Las Personas Mayores,Politicas Comunitarias Para Las Personas Mayores,Servicios Sociales,Promoción Y Acción Social,Bienes De Consumo,Bienes De Consumo,0.0,29309931.0,16830721.14,40207195.04,23088286.61,Fiscal
2025,2,Administracion Central,Ministerio De Desarrollo Humano Y Hábitat,Ministerio De Desarrollo Humano Y Hábitat,Ministerio De Desarrollo Humano Y Hábitat,Dirección General Políticas Comunitarias Para Las Personas Mayores,Politicas Comunitarias Para Las Personas Mayores,Servicios Sociales,Promoción Y Acción Social,Servicios No Personales,Servicios No Personales,0.0,6787581385.0,3237653354.4,9311165167.76,4441394280.06,Fiscal
2025,2,Administracion Central,Ministerio De Desarrollo Humano Y Hábitat,Ministerio De Desarrollo Humano Y Hábitat,Ministerio De Desarrollo Humano Y Hábitat,Dirección General Políticas Comunitarias Para Las Personas Mayores,Politicas Comunitarias Para Las Personas Mayores,Servicios Sociales,Promoción Y Acción Social,Bienes De Uso,Maquinaria Y Equipo,0.0,14000000.0,3218545.0,19205119.61,4415181.55,Fiscal
2025,2,Administracion Central,Ministerio De Desarrollo Humano Y Hábitat,Ministerio De Desarrollo Humano Y Hábitat,Ministerio De Desarrollo Humano Y Hábitat,Dirección General Políticas Comunitarias Para Las Personas Mayores,Politicas Comunitarias Para Las Personas Mayores,Servicios Sociales,Promoción Y Acción Social,Transferencias,Al Sector Privado,0.0,831125569.0,39468283.0,1140133283.0,54142363.98,Fiscal
2025,2,Administracion Central,Ministerio De Desarrollo Humano Y Hábitat,Ministerio De Desarrollo Humano Y Hábitat,Ministerio De Desarrollo Humano Y Hábitat,Dirección General Políticas Asistenciales Para Las Personas Mayores,Sistemas Alternativos A La Institucionalizacion,Servicios Sociales,Promoción Y Acción Social,Transferencias,Al Sector Privado,0.0,3414298310.0,2002012815.0,4683714815.81,2746349683.5,Fiscal
2025,2,Administracion Central,Ministerio De Desarrollo Humano Y Hábitat,Ministerio De Desarrollo Humano Y Hábitat,Ministerio De Desarrollo Humano Y Hábitat,Dirección General Políticas Asistenciales Para Las Personas Mayores,Hogar De Residencia Permanente Y Transitoria,Servicios Sociales,Promoción Y Acción Social,Gastos En Personal,Remuneraciones Al Personal,0.0,15278253629.0,5912581221.05,20958620596.28,8110844967.35,Fiscal
2025,2,Administracion Central,Ministerio De Desarrollo Humano Y Hábitat,Ministerio De Desarrollo Humano Y Hábitat,Ministerio De Desarrollo Humano Y Hábitat,Dirección General Políticas Asistenciales Para Las Personas Mayores,Hogar De Residencia Permanente Y Transitoria,Servicios Sociales,Promoción Y Acción Social,Bienes De Consumo,Bienes De Consumo,0.0,246304807.0,6569203.92,337879519.89,9011596.22,Fiscal
2025,2,Administracion Central,Ministerio De Desarrollo Humano Y Hábitat,Ministerio De Desarrollo Humano Y Hábitat,Ministerio De Desarrollo Humano Y Hábitat,Dirección General Políticas Asistenciales Para Las Personas Mayores,Hogar De Residencia Permanente Y Transitoria,Servicios Sociales,Promoción Y Acción Social,Servicios No Personales,Servicios No Personales,0.0,15459887485.0,6268983356.65,21207784876.95,8599755370.4,Fiscal
2025,2,Administracion Central,Ministerio De Desarrollo Humano Y Hábitat,Ministerio De Desarrollo Humano Y Hábitat,Ministerio De Desarrollo Humano Y Hábitat,Dirección General Políticas Asistenciales Para Las Personas Mayores,Hogar De Residencia Permanente Y Transitoria,Servicios Sociales,Promoción Y Acción Social,Bienes De Uso,Maquinaria Y Equipo,0.0,181698423.0,1454949.17,249252853.31,1995890.92,Fiscal
2025,2,Administracion Central,Ministerio De Desarrollo Humano Y Hábitat,Ministerio De Desarrollo Humano Y Hábitat,Ministerio De Desarrollo Humano Y Hábitat,Dirección General Economía Plateada,Economia Plateada,Servicios Sociales,Promoción Y Acción Social,Gastos En Personal,Remuneraciones Al Personal,0.0,414706621.0,172252308.58,568892161.33,236294727.79,Fiscal
2025,2,Administracion Central,Ministerio De Desarrollo Humano Y Hábitat,Ministerio De Desarrollo Humano Y Hábitat,Ministerio De Desarrollo Humano Y Hábitat,Dirección General Economía Plateada,Economia Plateada,Servicios Sociales,Promoción Y Acción Social,Bienes De Consumo,Bienes De Consumo,0.0,2932237.0,1906470.63,4022425.88,2615285.46,Fiscal
2025,2,Administracion Central,Ministerio De Desarrollo Humano Y Hábitat,Ministerio De Desarrollo Humano Y Hábitat,Ministerio De Desarrollo Humano Y Hábitat,Dirección General Economía Plateada,Economia Plateada,Servicios Sociales,Promoción Y Acción Social,Servicios No Personales,Servicios No Personales,0.0,1000000.0,0.0,1371794.26,0.0,Fiscal
2025,2,Administracion Central,Ministerio De Desarrollo Humano Y Hábitat,Ministerio De Desarrollo Humano Y Hábitat,Ministerio De Desarrollo Humano Y Hábitat,Dirección General Economía Plateada,Economia Plateada,Servicios Sociales,Promoción Y Acción Social,Bienes De Uso,Maquinaria Y Equipo,0.0,2000000.0,0.0,2743588.52,0.0,Fiscal
2025,2,Administracion Central,Ministerio De Desarrollo Humano Y Hábitat,Ministerio De Desarrollo Humano Y Hábitat,Ministerio De Desarrollo Humano Y Hábitat,Dirección General Promoción De Derechos Para Personas Mayores,Promocion De Derechos Para Personas Mayores - Proteger,Servicios Sociales,Promoción Y Acción Social,Gastos En Personal,Remuneraciones Al Personal,0.0,843260332.0,342613210.6,1156779681.2,469994834.92,Fiscal
2025,2,Administracion Central,Ministerio De Desarrollo Humano Y Hábitat,Ministerio De Desarrollo Humano Y Hábitat,Ministerio De Desarrollo Humano Y Hábitat,Dirección General Promoción De Derechos Para Personas Mayores,Promocion De Derechos Para Personas Mayores - Proteger,Servicios Sociales,Promoción Y Acción Social,Bienes De Consumo,Bienes De Consumo,0.0,19677846.0,1389631.69,26993956.15,1906288.77,Fiscal
2025,2,Administracion Central,Ministerio De Desarrollo Humano Y Hábitat,Ministerio De Desarrollo Humano Y Hábitat,Ministerio De Desarrollo Humano Y Hábitat,Dirección General Promoción De Derechos Para Personas Mayores,Promocion De Derechos Para Personas Mayores - Proteger,Servicios Sociales,Promoción Y Acción Social,Servicios No Personales,Servicios No Personales,0.0,2358830868.0,18686131.19,3235830639.66,25633527.47,Fiscal
2025,2,Administracion Central,Ministerio De Desarrollo Humano Y Hábitat,Ministerio De Desarrollo Humano Y Hábitat,Ministerio De Desarrollo Humano Y Hábitat,Dirección General Promoción De Derechos Para Personas Mayores,Promocion De Derechos Para Personas Mayores - Proteger,Servicios Sociales,Promoción Y Acción Social,Transferencias,Al Sector Privado,0.0,242669096.0,79086490.0,332892072.42,108490392.85,Fiscal
2025,2,Administracion Central,Ministerio De Desarrollo Humano Y Hábitat,Ministerio De Desarrollo Humano Y Hábitat,Ministerio De Desarrollo Humano Y Hábitat,Dg. Desarrollo Institucional Y Territorial,Desarrollo Institucional Y Territorial,Servicios Sociales,Promoción Y Acción Social,Bienes De Consumo,Bienes De Consumo,20060440.0,0.0,0.0,0.0,0.0,Fiscal
2025,2,Administracion Central,Ministerio De Desarrollo Humano Y Hábitat,Ministerio De Desarrollo Humano Y Hábitat,Ministerio De Desarrollo Humano Y Hábitat,Dg. Desarrollo Institucional Y Territorial,Desarrollo Institucional Y Territorial,Servicios Sociales,Promoción Y Acción Social,Servicios No Personales,Servicios No Personales,353134.0,36982716.0,16020962.0,50732677.44,21977463.67,Fiscal
2025,2,Administracion Central,Ministerio De Desarrollo Humano Y Hábitat,Ministerio De Desarrollo Humano Y Hábitat,Ministerio De Desarrollo Humano Y Hábitat,Dg. Desarrollo Institucional Y Territorial,Desarrollo Institucional Y Territorial,Servicios Sociales,Promoción Y Acción Social,Bienes De Uso,Maquinaria Y Equipo,41357650.0,0.0,0.0,0.0,0.0,Fiscal
2025,2,Administracion Central,Ministerio De Desarrollo Humano Y Hábitat,Ministerio De Desarrollo Humano Y Hábitat,Ministerio De Desarrollo Humano Y Hábitat,Dg. Desarrollo Institucional Y Territorial,Desarrollo Institucional Y Territorial,Servicios Sociales,Promoción Y Acción Social,Gastos En Personal,Remuneraciones Al Personal,391543723.0,34954646.0,34954642.11,47950582.66,47950577.33,Fiscal
2025,2,Administracion Central,Ministerio De Desarrollo Humano Y Hábitat,Ministerio De Desarrollo Humano Y Hábitat,Ministerio De Desarrollo Humano Y Hábitat,Unidad Ejecutora Ex Au3 - Ley 3396,Recuperacion De La Traza De La Ex-Au3,Servicios Sociales,Vivienda Y Urbanismo,Gastos En Personal,Remuneraciones Al Personal,314346947.0,41406797.0,41406795.31,56801606.36,56801604.04,Fiscal
2025,2,Administracion Central,Ministerio De Desarrollo Humano Y Hábitat,Ministerio De Desarrollo Humano Y Hábitat,Ministerio De Desarrollo Humano Y Hábitat,Unidad Ejecutora Ex Au3 - Ley 3396,Recuperacion De La Traza De La Ex-Au3,Servicios Sociales,Vivienda Y Urbanismo,Servicios No Personales,Servicios No Personales,258084874.0,248173028.0,121991184.95,340442334.73,167346807.01,Fiscal
2025,2,Administracion Central,Ministerio De Desarrollo Humano Y Hábitat,Ministerio De Desarrollo Humano Y Hábitat,Ministerio De Desarrollo Humano Y Hábitat,Unidad Ejecutora Ex Au3 - Ley 3396,Recuperacion De La Traza De La Ex-Au3,Servicios Sociales,Vivienda Y Urbanismo,Bienes De Uso,Maquinaria Y Equipo,11075127.0,0.0,0.0,0.0,0.0,Fiscal
2025,2,Administracion Central,Ministerio De Desarrollo Humano Y Hábitat,Ministerio De Desarrollo Humano Y Hábitat,Ministerio De Desarrollo Humano Y Hábitat,Unidad Ejecutora Ex Au3 - Ley 3396,Recuperacion De La Traza De La Ex-Au3,Servicios Sociales,Vivienda Y Urbanismo,Transferencias,Al Sector Privado,66022767.0,2192564.0,0.0,3007746.7,0.0,Fiscal
2025,2,Administracion Central,Ministerio De Desarrollo Humano Y Hábitat,Ministerio De Desarrollo Humano Y Hábitat,Ministerio De Desarrollo Humano Y Hábitat,Unidad Ejecutora Ex Au3 - Ley 3396,Recuperacion De La Traza De La Ex-Au3,Servicios Sociales,Vivienda Y Urbanismo,Bienes De Uso,Construcciones Del Dominio Público,11040497803.0,0.0,0.0,0.0,0.0,Fiscal
2025,2,Administracion Central,Ministerio De Desarrollo Humano Y Hábitat,Ministerio De Desarrollo Humano Y Hábitat,Ministerio De Desarrollo Humano Y Hábitat,Corporación Bsas Sur,Corporacion Buenos Aires Sur S.E,Servicios Sociales,Promoción Y Acción Social,Transferencias,Al Sector Público,17740842398.0,17889842398.0,7262599475.0,24541183073.12,9962792255.94,Fiscal
2025,2,Administracion Central,Ministerio De Desarrollo Humano Y Hábitat,Ministerio De Desarrollo Humano Y Hábitat,Ministerio De Desarrollo Humano Y Hábitat,Corporación Bsas Sur,Corporacion Buenos Aires Sur S.E,Servicios Sociales,Promoción Y Acción Social,Transferencias,Al Sector Público,1128722376.0,3291495579.0,2033157221.17,4515254734.59,2789073401.05,Fiscal
2025,2,Administracion Central,Ministerio De Desarrollo Humano Y Hábitat,Ministerio De Desarrollo Humano Y Hábitat,Ministerio De Desarrollo Humano Y Hábitat,Direccion General Economia Popular Y Social,Economia Popular Y Social,Servicios Sociales,Promoción Y Acción Social,Gastos En Personal,Remuneraciones Al Personal,383818919.0,38974339.0,38974333.28,53464774.44,53464766.59,Fiscal
2025,2,Administracion Central,Ministerio De Desarrollo Humano Y Hábitat,Ministerio De Desarrollo Humano Y Hábitat,Ministerio De Desarrollo Humano Y Hábitat,Direccion General Economia Popular Y Social,Economia Popular Y Social,Servicios Sociales,Promoción Y Acción Social,Bienes De Consumo,Bienes De Consumo,1060209705.0,0.0,0.0,0.0,0.0,Fiscal
2025,2,Administracion Central,Ministerio De Desarrollo Humano Y Hábitat,Ministerio De Desarrollo Humano Y Hábitat,Ministerio De Desarrollo Humano Y Hábitat,Direccion General Economia Popular Y Social,Economia Popular Y Social,Servicios Sociales,Promoción Y Acción Social,Servicios No Personales,Servicios No Personales,237551093.0,124178924.0,57450080.0,170347934.87,78809689.85,Fiscal
2025,2,Administracion Central,Ministerio De Desarrollo Humano Y Hábitat,Ministerio De Desarrollo Humano Y Hábitat,Ministerio De Desarrollo Humano Y Hábitat,Direccion General Economia Popular Y Social,Economia Popular Y Social,Servicios Sociales,Promoción Y Acción Social,Bienes De Uso,Maquinaria Y Equipo,41357650.0,0.0,0.0,0.0,0.0,Fiscal
2025,2,Administracion Central,Ministerio De Desarrollo Humano Y Hábitat,Ministerio De Desarrollo Humano Y Hábitat,Ministerio De Desarrollo Humano Y Hábitat,Direccion General Economia Popular Y Social,Economia Popular Y Social,Servicios Sociales,Promoción Y Acción Social,Transferencias,Al Sector Privado,6130413693.0,0.0,0.0,0.0,0.0,Fiscal
2025,2,Administracion Central,Ministerio De Desarrollo Humano Y Hábitat,Ministerio De Desarrollo Humano Y Hábitat,Ministerio De Desarrollo Humano Y Hábitat,Direccion General Economia Popular Y Social,Economia Popular Y Social,Servicios Sociales,Promoción Y Acción Social,Transferencias,Al Sector Público,5102865941.0,0.0,0.0,0.0,0.0,Fiscal
2025,2,Administracion Central,Ministerio De Desarrollo Humano Y Hábitat,Ministerio De Desarrollo Humano Y Hábitat,Ministerio De Desarrollo Humano Y Hábitat,Direccion General Economia Popular Y Social,Asistencia Tecnica Y Fomento A La Comercializacion De La Economia Social,Servicios Sociales,Promoción Y Acción Social,Gastos En Personal,Remuneraciones Al Personal,672053895.0,100822382.0,100822379.28,138307564.68,138307560.95,Fiscal
2025,2,Administracion Central,Ministerio De Desarrollo Humano Y Hábitat,Ministerio De Desarrollo Humano Y Hábitat,Ministerio De Desarrollo Humano Y Hábitat,Direccion General Economia Popular Y Social,Asistencia Tecnica Y Fomento A La Comercializacion De La Economia Social,Servicios Sociales,Promoción Y Acción Social,Transferencias,Al Sector Privado,1209634476.0,4050750.0,4050750.0,5556795.59,5556795.59,Fiscal
2025,2,Administracion Central,Ministerio De Desarrollo Humano Y Hábitat,Ministerio De Desarrollo Humano Y Hábitat,Ministerio De Desarrollo Humano Y Hábitat,Min.Des.Humano Y Hábitat,Actividades Centrales,Servicios Sociales,Promoción Y Acción Social,Gastos En Personal,Remuneraciones Al Personal,951667184.0,1559585631.0,1150025925.75,2139430613.03,1577598961.17,Fiscal
2025,2,Administracion Central,Ministerio De Desarrollo Humano Y Hábitat,Ministerio De Desarrollo Humano Y Hábitat,Ministerio De Desarrollo Humano Y Hábitat,Min.Des.Humano Y Hábitat,Actividades Centrales,Servicios Sociales,Promoción Y Acción Social,Servicios No Personales,Servicios No Personales,12390713531.0,12294526630.0,4956774314.42,16865561032.44,6799674541.34,Fiscal
2025,2,Administracion Central,Ministerio De Desarrollo Humano Y Hábitat,Ministerio De Desarrollo Humano Y Hábitat,Ministerio De Desarrollo Humano Y Hábitat,Min.Des.Humano Y Hábitat,Actividades Centrales,Servicios Sociales,Promoción Y Acción Social,Transferencias,Al Sector Público,1415085250.0,4792652572.0,3104118812.47,6574533277.52,4258212362.23,Fiscal
2025,2,Administracion Central,Ministerio De Desarrollo Humano Y Hábitat,Ministerio De Desarrollo Humano Y Hábitat,Ministerio De Desarrollo Humano Y Hábitat,Min.Des.Humano Y Hábitat,Actividades Centrales,Servicios Sociales,Promoción Y Acción Social,Bienes De Consumo,Bienes De Consumo,15638280.0,3068661.0,756557.52,4209571.54,1037841.26,Fiscal
2025,2,Administracion Central,Ministerio De Desarrollo Humano Y Hábitat,Ministerio De Desarrollo Humano Y Hábitat,Ministerio De Desarrollo Humano Y Hábitat,Min.Des.Humano Y Hábitat,Actividades Centrales,Servicios Sociales,Promoción Y Acción Social,Bienes De Uso,Maquinaria Y Equipo,41357650.0,26948.0,0.0,36967.11,0.0,Fiscal
2025,2,Administracion Central,Ministerio De Desarrollo Humano Y Hábitat,Ministerio De Desarrollo Humano Y Hábitat,Ministerio De Desarrollo Humano Y Hábitat,Min.Des.Humano Y Hábitat,Actividades Centrales,Administración Gubernamental,Control De La Gestión,Gastos En Personal,Remuneraciones Al Personal,227563209.0,230539643.0,104468901.89,316252958.44,143309839.72,Fiscal
2025,2,Administracion Central,Ministerio De Desarrollo Humano Y Hábitat,Ministerio De Desarrollo Humano Y Hábitat,Ministerio De Desarrollo Humano Y Hábitat,Min.Des.Humano Y Hábitat,Actividades Centrales,Administración Gubernamental,Control De La Gestión,Bienes De Consumo,Bienes De Consumo,15891035.0,991035.0,0.0,1359496.12,0.0,Fiscal
2025,2,Administracion Central,Ministerio De Desarrollo Humano Y Hábitat,Ministerio De Desarrollo Humano Y Hábitat,Ministerio De Desarrollo Humano Y Hábitat,Min.Des.Humano Y Hábitat,Actividades Centrales,Administración Gubernamental,Control De La Gestión,Servicios No Personales,Servicios No Personales,314859.0,2314000.0,78000.0,3174331.91,106999.95,Fiscal
2025,2,Administracion Central,Ministerio De Desarrollo Humano Y Hábitat,Ministerio De Desarrollo Humano Y Hábitat,Ministerio De Desarrollo Humano Y Hábitat,Min.Des.Humano Y Hábitat,Actividades Centrales,Servicios De Seguridad,Seguridad Interior,Servicios No Personales,Servicios No Personales,40187405644.0,42253737442.0,12893749153.89,57963434390.21,17687571049.81,Fiscal
2025,2,Administracion Central,Ministerio De Desarrollo Humano Y Hábitat,Ministerio De Desarrollo Humano Y Hábitat,Ministerio De Desarrollo Humano Y Hábitat,Min.Des.Humano Y Hábitat,Actividades Centrales,Servicios Sociales,Promoción Y Acción Social,Servicios No Personales,Servicios No Personales,0.0,214659724.0,90666284.43,294468976.75,124375488.35,Fiscal
2025,2,Administracion Central,Ministerio De Desarrollo Humano Y Hábitat,Ministerio De Desarrollo Humano Y Hábitat,Ministerio De Desarrollo Humano Y Hábitat,Min.Des.Humano Y Hábitat,Administracion Centralizada,Servicios Sociales,Promoción Y Acción Social,Gastos En Personal,Remuneraciones Al Personal,2665102420.0,2464581510.0,970219508.61,3380898763.1,1330941550.64,Fiscal
2025,2,Administracion Central,Ministerio De Desarrollo Humano Y Hábitat,Ministerio De Desarrollo Humano Y Hábitat,Ministerio De Desarrollo Humano Y Hábitat,Min.Des.Humano Y Hábitat,Administracion Centralizada,Servicios Sociales,Promoción Y Acción Social,Bienes De Consumo,Bienes De Consumo,162547404.0,80603711.0,26092870.5,110571707.9,35794049.92,Fiscal
2025,2,Administracion Central,Ministerio De Desarrollo Humano Y Hábitat,Ministerio De Desarrollo Humano Y Hábitat,Ministerio De Desarrollo Humano Y Hábitat,Min.Des.Humano Y Hábitat,Administracion Centralizada,Servicios Sociales,Promoción Y Acción Social,Servicios No Personales,Servicios No Personales,4521546573.0,1690944448.0,1289956727.71,2319627883.89,1769555231.78,Fiscal
2025,2,Administracion Central,Ministerio De Desarrollo Humano Y Hábitat,Ministerio De Desarrollo Humano Y Hábitat,Ministerio De Desarrollo Humano Y Hábitat,Min.Des.Humano Y Hábitat,Administracion Centralizada,Servicios Sociales,Promoción Y Acción Social,Bienes De Uso,Maquinaria Y Equipo,41357651.0,163951364.0,158983469.96,224907539.68,218092611.16,Fiscal
2025,2,Administracion Central,Ministerio De Desarrollo Humano Y Hábitat,Ministerio De Desarrollo Humano Y Hábitat,Ministerio De Desarrollo Humano Y Hábitat,Min.Des.Humano Y Hábitat,Administracion Centralizada,Servicios Sociales,Promoción Y Acción Social,Transferencias,Al Sector Privado,1822661783.0,1837661783.0,1012922547.0,2520893881.55,1389521333.49,Fiscal
2025,2,Administracion Central,Ministerio De Desarrollo Humano Y Hábitat,Ministerio De Desarrollo Humano Y Hábitat,Ministerio De Desarrollo Humano Y Hábitat,"Subsecretaria De Fortalecimiento Personal, Familiar Y Comunitario",Actividades Comunes,Servicios Sociales,Promoción Y Acción Social,Gastos En Personal,Remuneraciones Al Personal,750008177.0,101568050.0,101568045.73,139330467.76,139330461.9,Fiscal
2025,2,Administracion Central,Ministerio De Desarrollo Humano Y Hábitat,Ministerio De Desarrollo Humano Y Hábitat,Ministerio De Desarrollo Humano Y Hábitat,"Subsecretaria De Fortalecimiento Personal, Familiar Y Comunitario",Actividades Comunes,Servicios Sociales,Promoción Y Acción Social,Bienes De Consumo,Bienes De Consumo,266247757.0,310000.0,0.0,425256.22,0.0,Fiscal
2025,2,Administracion Central,Ministerio De Desarrollo Humano Y Hábitat,Ministerio De Desarrollo Humano Y Hábitat,Ministerio De Desarrollo Humano Y Hábitat,"Subsecretaria De Fortalecimiento Personal, Familiar Y Comunitario",Actividades Comunes,Servicios Sociales,Promoción Y Acción Social,Servicios No Personales,Servicios No Personales,1555815380.0,777305600.0,219297826.05,1066303358.57,300831498.51,Fiscal
2025,2,Administracion Central,Ministerio De Desarrollo Humano Y Hábitat,Ministerio De Desarrollo Humano Y Hábitat,Ministerio De Desarrollo Humano Y Hábitat,"Subsecretaria De Fortalecimiento Personal, Familiar Y Comunitario",Actividades Comunes,Servicios Sociales,Promoción Y Acción Social,Bienes De Uso,Maquinaria Y Equipo,41357650.0,310942.0,310941.27,426548.45,426547.45,Fiscal
2025,2,Administracion Central,Ministerio De Desarrollo Humano Y Hábitat,Ministerio De Desarrollo Humano Y Hábitat,Ministerio De Desarrollo Humano Y Hábitat,"Subsecretaria De Fortalecimiento Personal, Familiar Y Comunitario",Actividades Comunes,Servicios Sociales,Promoción Y Acción Social,Transferencias,Al Sector Privado,1946939752.0,367706445.0,184438445.0,504417589.78,253011599.75,Fiscal
2025,2,Administracion Central,Ministerio De Desarrollo Humano Y Hábitat,Ministerio De Desarrollo Humano Y Hábitat,Ministerio De Desarrollo Humano Y Hábitat,"Subsecretaria De Fortalecimiento Personal, Familiar Y Comunitario",Actividades Comunes,Servicios Sociales,Promoción Y Acción Social,Bienes De Uso,Construcciones Del Dominio Privado,3116637347.0,0.0,0.0,0.0,0.0,Fiscal
2025,2,Organismos Descentralizados,Ministerio De Desarrollo Humano Y Hábitat,Ministerio De Desarrollo Humano Y Hábitat,Instituto Para La Vivienda,Inst.De La Vivienda De La Ciudad,Actividades Comunes,Servicios Sociales,Vivienda Y Urbanismo,Gastos En Personal,Remuneraciones Al Personal,18351264437.0,18351264437.0,8197956518.94,25174159176.61,11245909677.73,Fiscal
2025,2,Organismos Descentralizados,Ministerio De Desarrollo Humano Y Hábitat,Ministerio De Desarrollo Humano Y Hábitat,Instituto Para La Vivienda,Inst.De La Vivienda De La Ciudad,Actividades Comunes,Servicios Sociales,Vivienda Y Urbanismo,Bienes De Consumo,Bienes De Consumo,1252180585.0,1116794634.0,208317587.24,1532012465.98,285768869.96,Fiscal
2025,2,Organismos Descentralizados,Ministerio De Desarrollo Humano Y Hábitat,Ministerio De Desarrollo Humano Y Hábitat,Instituto Para La Vivienda,Inst.De La Vivienda De La Ciudad,Actividades Comunes,Servicios Sociales,Vivienda Y Urbanismo,Servicios No Personales,Servicios No Personales,11444897914.0,11917674672.0,4044795556.3,16348597680.44,5548627317.79,Fiscal
2025,2,Organismos Descentralizados,Ministerio De Desarrollo Humano Y Hábitat,Ministerio De Desarrollo Humano Y Hábitat,Instituto Para La Vivienda,Inst.De La Vivienda De La Ciudad,Actividades Comunes,Servicios Sociales,Vivienda Y Urbanismo,Bienes De Uso,Maquinaria Y Equipo,485075252.0,485075252.0,159142897.6,665423445.26,218311313.08,Fiscal
2025,2,Organismos Descentralizados,Ministerio De Desarrollo Humano Y Hábitat,Ministerio De Desarrollo Humano Y Hábitat,Instituto Para La Vivienda,Inst.De La Vivienda De La Ciudad,Creditos Ley 341/964,Servicios Sociales,Vivienda Y Urbanismo,Activos Financieros,Concesión De Préstamo De Largo Plazo,2283628818.0,2283628818.0,433884489.98,3132668899.3,595200251.87,Fiscal
2025,2,Organismos Descentralizados,Ministerio De Desarrollo Humano Y Hábitat,Ministerio De Desarrollo Humano Y Hábitat,Instituto Para La Vivienda,Inst.De La Vivienda De La Ciudad,Creditos Ley 341/964,Servicios Sociales,Vivienda Y Urbanismo,Servicios No Personales,Servicios No Personales,1472002114.0,564002114.0,200167471.17,773694861.33,274588587.53,Fiscal
2025,2,Organismos Descentralizados,Ministerio De Desarrollo Humano Y Hábitat,Ministerio De Desarrollo Humano Y Hábitat,Instituto Para La Vivienda,Inst.De La Vivienda De La Ciudad,Creditos Ley 341/964,Servicios Sociales,Vivienda Y Urbanismo,Bienes De Uso,Construcciones Del Dominio Privado,1296138374.0,736138374.0,45523464.82,1009830394.34,62448827.63,Fiscal
2025,2,Organismos Descentralizados,Ministerio De Desarrollo Humano Y Hábitat,Ministerio De Desarrollo Humano Y Hábitat,Instituto Para La Vivienda,Inst.De La Vivienda De La Ciudad,"Reintegracion, Integracion Y Transformacion De Villas",Servicios Sociales,Vivienda Y Urbanismo,Servicios No Personales,Servicios No Personales,24501829595.0,23361738788.0,8632909809.51,32047499119.77,11842576104.11,Fiscal
2025,2,Organismos Descentralizados,Ministerio De Desarrollo Humano Y Hábitat,Ministerio De Desarrollo Humano Y Hábitat,Instituto Para La Vivienda,Inst.De La Vivienda De La Ciudad,"Reintegracion, Integracion Y Transformacion De Villas",Servicios Sociales,Vivienda Y Urbanismo,Bienes De Uso,Construcciones Del Dominio Privado,22926351954.0,23944318786.0,4055747946.98,32846679015.69,5563651744.43,Fiscal
2025,2,Organismos Descentralizados,Ministerio De Desarrollo Humano Y Hábitat,Ministerio De Desarrollo Humano Y Hábitat,Instituto Para La Vivienda,Inst.De La Vivienda De La Ciudad,"Reintegracion, Integracion Y Transformacion De Villas",Servicios Sociales,Vivienda Y Urbanismo,Servicios No Personales,Servicios No Personales,9183931286.0,8817180270.0,3117803944.58,12095357263.68,4276985547.88,Fiscal
2025,2,Organismos Descentralizados,Ministerio De Desarrollo Humano Y Hábitat,Ministerio De Desarrollo Humano Y Hábitat,Instituto Para La Vivienda,Inst.De La Vivienda De La Ciudad,Rehabilitacion La Boca,Servicios Sociales,Vivienda Y Urbanismo,Servicios No Personales,Servicios No Personales,0.0,200000000.0,145628120.16,274358851.54,199771819.0,Fiscal
2025,2,Organismos Descentralizados,Ministerio De Desarrollo Humano Y Hábitat,Ministerio De Desarrollo Humano Y Hábitat,Instituto Para La Vivienda,Inst.De La Vivienda De La Ciudad,Rehabilitacion La Boca,Servicios Sociales,Vivienda Y Urbanismo,Bienes De Uso,Construcciones Del Dominio Privado,2604083375.0,2317782559.0,190135339.2,3179520805.08,260826566.5,Fiscal
2025,2,Organismos Descentralizados,Ministerio De Desarrollo Humano Y Hábitat,Ministerio De Desarrollo Humano Y Hábitat,Instituto Para La Vivienda,Inst.De La Vivienda De La Ciudad,Rehabilitacion Conjuntos Urbanos,Servicios Sociales,Vivienda Y Urbanismo,Bienes De Consumo,Bienes De Consumo,0.0,4000000.0,0.0,5487177.03,0.0,Fiscal
2025,2,Organismos Descentralizados,Ministerio De Desarrollo Humano Y Hábitat,Ministerio De Desarrollo Humano Y Hábitat,Instituto Para La Vivienda,Inst.De La Vivienda De La Ciudad,Rehabilitacion Conjuntos Urbanos,Servicios Sociales,Vivienda Y Urbanismo,Servicios No Personales,Servicios No Personales,564304605.0,1262304605.0,440076772.02,1731622208.63,603694788.81,Fiscal
2025,2,Organismos Descentralizados,Ministerio De Desarrollo Humano Y Hábitat,Ministerio De Desarrollo Humano Y Hábitat,Instituto Para La Vivienda,Inst.De La Vivienda De La Ciudad,Rehabilitacion Conjuntos Urbanos,Servicios Sociales,Vivienda Y Urbanismo,Servicios No Personales,Servicios No Personales,2217372234.0,2795029150.0,1144588626.55,3834204938.13,1570140105.35,Fiscal
2025,2,Organismos Descentralizados,Ministerio De Desarrollo Humano Y Hábitat,Ministerio De Desarrollo Humano Y Hábitat,Instituto Para La Vivienda,Inst.De La Vivienda De La Ciudad,Rehabilitacion Conjuntos Urbanos,Servicios Sociales,Vivienda Y Urbanismo,Bienes De Uso,Construcciones Del Dominio Privado,6079836512.0,5037264596.0,904008098.31,6910090647.42,1240113118.2,Fiscal
2025,2,Organismos Descentralizados,Ministerio De Desarrollo Humano Y Hábitat,Ministerio De Desarrollo Humano Y Hábitat,Instituto Para La Vivienda,Inst.De La Vivienda De La Ciudad,Planes De Alquileres Ba,Servicios Sociales,Vivienda Y Urbanismo,Transferencias,Al Sector Privado,118491412.0,118491412.0,68517519.33,162545838.57,93991939.57,Fiscal
2025,2,Organismos Descentralizados,Ministerio De Desarrollo Humano Y Hábitat,Ministerio De Desarrollo Humano Y Hábitat,Instituto Para La Vivienda,Inst.De La Vivienda De La Ciudad,Planes De Alquileres Ba,Servicios Sociales,Vivienda Y Urbanismo,Activos Financieros,Concesión De Préstamo De Largo Plazo,207467041.0,207467041.0,101955000.0,284602095.51,139861283.55,Fiscal
2025,2,Organismos Descentralizados,Ministerio De Desarrollo Humano Y Hábitat,Ministerio De Desarrollo Humano Y Hábitat,Instituto Para La Vivienda,Inst.De La Vivienda De La Ciudad,Demanda General,Servicios Sociales,Vivienda Y Urbanismo,Bienes De Uso,Construcciones Del Dominio Privado,0.0,1368000000.0,567154251.13,1876614544.56,778018944.94,Fiscal
2025,2,Administracion Central,Ministerio De Cultura,Ministerio De Cultura,Ministerio De Cultura,Subsecretaria De Políticas Culturales,Actividades Comunes,Servicios Sociales,Cultura,Gastos En Personal,Remuneraciones Al Personal,174664766.0,174664766.0,96638759.44,239604123.03,132568495.27,Fiscal
2025,2,Administracion Central,Ministerio De Cultura,Ministerio De Cultura,Ministerio De Cultura,Subsecretaria De Políticas Culturales,Actividades Comunes,Servicios Sociales,Cultura,Servicios No Personales,Servicios No Personales,150000000.0,195898880.0,24942080.0,268732958.68,34215402.12,Fiscal
2025,2,Administracion Central,Ministerio De Cultura,Ministerio De Cultura,Ministerio De Cultura,Ministerio De Cultura,Actividades Centrales,Servicios Sociales,Cultura,Gastos En Personal,Remuneraciones Al Personal,2850196867.0,2917898519.0,1458573702.02,4002756432.98,2000863028.89,Fiscal
2025,2,Administracion Central,Ministerio De Cultura,Ministerio De Cultura,Ministerio De Cultura,Ministerio De Cultura,Actividades Centrales,Servicios Sociales,Cultura,Bienes De Consumo,Bienes De Consumo,422032836.0,299648402.0,141655551.58,411055957.2,194322272.23,Fiscal
2025,2,Administracion Central,Ministerio De Cultura,Ministerio De Cultura,Ministerio De Cultura,Ministerio De Cultura,Actividades Centrales,Servicios Sociales,Cultura,Servicios No Personales,Servicios No Personales,8771913304.0,9583365495.0,6136057686.76,13146405755.69,8417408699.75,Fiscal
2025,2,Administracion Central,Ministerio De Cultura,Ministerio De Cultura,Ministerio De Cultura,Ministerio De Cultura,Actividades Centrales,Servicios Sociales,Cultura,Bienes De Uso,Maquinaria Y Equipo,67526218.0,88353543.0,1302850.0,121202882.94,1787242.15,Fiscal
2025,2,Administracion Central,Ministerio De Cultura,Ministerio De Cultura,Ministerio De Cultura,Ministerio De Cultura,Actividades Centrales,Administración Gubernamental,Control De La Gestión,Gastos En Personal,Remuneraciones Al Personal,121131027.0,121131027.0,60167857.59,166166847.27,82537921.54,Fiscal
2025,2,Administracion Central,Ministerio De Cultura,Ministerio De Cultura,Ministerio De Cultura,Ministerio De Cultura,Actividades Centrales,Administración Gubernamental,Control De La Gestión,Bienes De Consumo,Bienes De Consumo,13318865.0,3370200.0,218270.66,4623221.01,299422.44,Fiscal
2025,2,Administracion Central,Ministerio De Cultura,Ministerio De Cultura,Ministerio De Cultura,Ministerio De Cultura,Actividades Centrales,Administración Gubernamental,Control De La Gestión,Servicios No Personales,Servicios No Personales,64446326.0,43553387.0,20744264.0,59746286.19,28456862.24,Fiscal
2025,2,Administracion Central,Ministerio De Cultura,Ministerio De Cultura,Ministerio De Cultura,Ministerio De Cultura,Actividades Centrales,Administración Gubernamental,Control De La Gestión,Bienes De Uso,Maquinaria Y Equipo,258485.0,258485.0,0.0,354588.24,0.0,Fiscal
2025,2,Administracion Central,Ministerio De Cultura,Ministerio De Cultura,Ministerio De Cultura,Ministerio De Cultura,Actividades Centrales,Servicios De Seguridad,Seguridad Interior,Servicios No Personales,Servicios No Personales,15285624196.0,15311308103.0,4124666457.48,21003964533.9,5658193761.39,Fiscal
2025,2,Administracion Central,Ministerio De Cultura,Ministerio De Cultura,Ministerio De Cultura,Ministerio De Cultura,Actividades Centrales,Servicios Sociales,Cultura,Bienes De Uso,Construcciones Del Dominio Privado,655359890.0,525359890.0,0.0,720685680.34,0.0,Fiscal
2025,2,Administracion Central,Ministerio De Cultura,Ministerio De Cultura,Ministerio De Cultura,Ministerio De Cultura,Actividades Centrales,Servicios Sociales,Cultura,Servicios No Personales,Servicios No Personales,0.0,883648293.0,716042434.39,1212183654.18,982262899.78,Fiscal
2025,2,Administracion Central,Ministerio De Cultura,Ministerio De Cultura,Ministerio De Cultura,Ministerio De Cultura,Actividades De Descentralizacion Y Acceso A La Cultura,Servicios Sociales,Cultura,Bienes De Consumo,Bienes De Consumo,41889115.0,135000000.0,34063682.14,185192224.79,46728363.56,Fiscal
2025,2,Administracion Central,Ministerio De Cultura,Ministerio De Cultura,Ministerio De Cultura,Ministerio De Cultura,Actividades De Descentralizacion Y Acceso A La Cultura,Servicios Sociales,Cultura,Servicios No Personales,Servicios No Personales,1426963883.0,2827144990.0,934351101.37,3878261263.03,1281737475.56,Fiscal
2025,2,Administracion Central,Ministerio De Cultura,Ministerio De Cultura,Ministerio De Cultura,Ministerio De Cultura,Actividades Casa De La Cultura,Servicios Sociales,Cultura,Bienes De Consumo,Bienes De Consumo,41889114.0,19250507.0,5218125.0,26407734.96,7158193.91,Fiscal
2025,2,Administracion Central,Ministerio De Cultura,Ministerio De Cultura,Ministerio De Cultura,Ministerio De Cultura,Actividades Casa De La Cultura,Servicios Sociales,Cultura,Servicios No Personales,Servicios No Personales,270184789.0,6067703.0,0.0,8323640.13,0.0,Fiscal
2025,2,Administracion Central,Ministerio De Cultura,Ministerio De Cultura,Ministerio De Cultura,Ministerio De Cultura,Promocion Y Proteccion De Bares Notables,Servicios Sociales,Cultura,Bienes De Consumo,Bienes De Consumo,5236139.0,236139.0,0.0,323934.12,0.0,Fiscal
2025,2,Administracion Central,Ministerio De Cultura,Ministerio De Cultura,Ministerio De Cultura,Ministerio De Cultura,Promocion Y Proteccion De Bares Notables,Servicios Sociales,Cultura,Servicios No Personales,Servicios No Personales,13613962.0,38636139.0,18600000.0,53000833.62,25515373.19,Fiscal
2025,2,Administracion Central,Ministerio De Cultura,Ministerio De Cultura,Ministerio De Cultura,Ministerio De Cultura,Comision Preservacion Del Patrimonio De La Ciudad,Servicios Sociales,Cultura,Gastos En Personal,Remuneraciones Al Personal,54368127.0,54368127.0,27553517.11,74581884.42,37797756.55,Fiscal
2025,2,Administracion Central,Ministerio De Cultura,Ministerio De Cultura,Ministerio De Cultura,Ministerio De Cultura,Comision Preservacion Del Patrimonio De La Ciudad,Servicios Sociales,Cultura,Bienes De Consumo,Bienes De Consumo,62833672.0,833672.0,0.0,1143626.46,0.0,Fiscal
2025,2,Administracion Central,Ministerio De Cultura,Ministerio De Cultura,Ministerio De Cultura,Ministerio De Cultura,Comision Preservacion Del Patrimonio De La Ciudad,Servicios Sociales,Cultura,Servicios No Personales,Servicios No Personales,173839826.0,203.0,0.0,278.47,0.0,Fiscal
2025,2,Administracion Central,Ministerio De Cultura,Ministerio De Cultura,Ministerio De Cultura,Dir. Gral De Ensenanza Artistica,Enseñanza De Las Artes,Servicios Sociales,Educación,Gastos En Personal,Remuneraciones Al Personal,18287797881.0,18297524601.0,9303661630.53,25100439178.17,12762709600.55,Fiscal
2025,2,Administracion Central,Ministerio De Cultura,Ministerio De Cultura,Ministerio De Cultura,Dir. Gral De Ensenanza Artistica,Enseñanza De Las Artes,Servicios Sociales,Educación,Bienes De Consumo,Bienes De Consumo,11037060.0,135295342.0,110180196.13,185597373.25,151144560.37,Fiscal
2025,2,Administracion Central,Ministerio De Cultura,Ministerio De Cultura,Ministerio De Cultura,Dir. Gral De Ensenanza Artistica,Enseñanza De Las Artes,Servicios Sociales,Educación,Servicios No Personales,Servicios No Personales,360620265.0,465137132.0,247914537.04,638072446.73,340087738.32,Fiscal
2025,2,Administracion Central,Ministerio De Cultura,Ministerio De Cultura,Ministerio De Cultura,Dir. Gral De Ensenanza Artistica,Enseñanza De Las Artes,Servicios Sociales,Educación,Bienes De Uso,Maquinaria Y Equipo,0.0,3430912.0,3430911.24,4706505.38,4706504.34,Fiscal
2025,2,Administracion Central,Ministerio De Cultura,Ministerio De Cultura,Ministerio De Cultura,Dir. Gral De Ensenanza Artistica,Enseñanza De Las Artes,Servicios Sociales,Educación,Transferencias,Al Sector Privado,63357286.0,63357286.0,9524172.0,86913161.12,13065204.46,Fiscal
2025,2,Administracion Central,Ministerio De Cultura,Ministerio De Cultura,Ministerio De Cultura,Dir. Gral De Ensenanza Artistica,Difusion De Las Artes,Servicios Sociales,Cultura,Servicios No Personales,Servicios No Personales,9675671.0,0.0,0.0,0.0,0.0,Fiscal
2025,2,Administracion Central,Ministerio De Cultura,Ministerio De Cultura,Ministerio De Cultura,Dir. Gral De Musica,Promocion Y Divulgacion Musical,Servicios Sociales,Cultura,Gastos En Personal,Remuneraciones Al Personal,6232939758.0,6275222057.0,2982097156.85,8608313583.72,4090823755.73,Fiscal
2025,2,Administracion Central,Ministerio De Cultura,Ministerio De Cultura,Ministerio De Cultura,Dir. Gral De Musica,Promocion Y Divulgacion Musical,Servicios Sociales,Cultura,Servicios No Personales,Servicios No Personales,620555987.0,677375917.0,452018127.6,929220393.26,620075871.83,Fiscal
2025,2,Administracion Central,Ministerio De Cultura,Ministerio De Cultura,Ministerio De Cultura,Dir. Gral De Musica,Promocion Y Divulgacion Musical,Servicios Sociales,Cultura,Bienes De Consumo,Bienes De Consumo,12453997.0,75566310.0,63629297.83,103661430.14,87286305.39,Fiscal
2025,2,Administracion Central,Ministerio De Cultura,Ministerio De Cultura,Ministerio De Cultura,Dir.Gral.Patrimonio Museos Y Casco Historico,"Administracion De Patrimonio, Museos Y Casco Historico",Servicios Sociales,Cultura,Gastos En Personal,Remuneraciones Al Personal,794562877.0,869924738.0,431530925.57,1193357760.24,591971645.73,Fiscal
2025,2,Administracion Central,Ministerio De Cultura,Ministerio De Cultura,Ministerio De Cultura,Dir.Gral.Patrimonio Museos Y Casco Historico,"Administracion De Patrimonio, Museos Y Casco Historico",Servicios Sociales,Cultura,Bienes De Consumo,Bienes De Consumo,28949288.0,109259939.0,26468849.77,149882156.92,36309816.12,Fiscal
2025,2,Administracion Central,Ministerio De Cultura,Ministerio De Cultura,Ministerio De Cultura,Dir.Gral.Patrimonio Museos Y Casco Historico,"Administracion De Patrimonio, Museos Y Casco Historico",Servicios Sociales,Cultura,Servicios No Personales,Servicios No Personales,5110889612.0,1759705315.0,747797784.8,2413953646.4,1025824707.13,Fiscal
2025,2,Administracion Central,Ministerio De Cultura,Ministerio De Cultura,Ministerio De Cultura,Dir.Gral.Patrimonio Museos Y Casco Historico,"Administracion De Patrimonio, Museos Y Casco Historico",Servicios Sociales,Cultura,Bienes De Uso,Maquinaria Y Equipo,15509119.0,3760000.0,0.0,5157946.41,0.0,Fiscal
2025,2,Administracion Central,Ministerio De Cultura,Ministerio De Cultura,Ministerio De Cultura,Dir.Gral.Patrimonio Museos Y Casco Historico,Divulgacion Y Preservacion Del Patrimonio De La Ciudad,Servicios Sociales,Cultura,Gastos En Personal,Remuneraciones Al Personal,1616188823.0,1613361824.0,736688316.68,2213200485.79,1010584802.55,Fiscal
2025,2,Administracion Central,Ministerio De Cultura,Ministerio De Cultura,Ministerio De Cultura,Dir.Gral.Patrimonio Museos Y Casco Historico,Divulgacion Y Preservacion Del Patrimonio De La Ciudad,Servicios Sociales,Cultura,Bienes De Consumo,Bienes De Consumo,42586151.0,12586151.0,471161.48,17265609.67,646336.61,Fiscal
2025,2,Administracion Central,Ministerio De Cultura,Ministerio De Cultura,Ministerio De Cultura,Dir.Gral.Patrimonio Museos Y Casco Historico,Divulgacion Y Preservacion Del Patrimonio De La Ciudad,Servicios Sociales,Cultura,Servicios No Personales,Servicios No Personales,27902060.0,11951030.0,5851828.84,16394354.33,8027505.2,Fiscal
2025,2,Administracion Central,Ministerio De Cultura,Ministerio De Cultura,Ministerio De Cultura,Dir.Gral.Patrimonio Museos Y Casco Historico,Divulgacion Y Preservacion Del Patrimonio De La Ciudad,Servicios Sociales,Cultura,Bienes De Uso,Maquinaria Y Equipo,1047228.0,1047228.0,0.0,1436581.36,0.0,Fiscal
2025,2,Administracion Central,Ministerio De Cultura,Ministerio De Cultura,Ministerio De Cultura,Dir.Gral.Patrimonio Museos Y Casco Historico,Divulgacion Y Preservacion Del Patrimonio De La Ciudad,Servicios Sociales,Cultura,Servicios No Personales,Servicios No Personales,0.0,300000000.0,0.0,411538277.32,0.0,Fiscal
2025,2,Administracion Central,Ministerio De Cultura,Ministerio De Cultura,Ministerio De Cultura,Dir.Gral.Patrimonio Museos Y Casco Historico,Comunicacion De La Cultura En Museos,Servicios Sociales,Cultura,Gastos En Personal,Remuneraciones Al Personal,5884474495.0,5846494197.0,2413034510.64,8020187167.25,3310186885.38,Fiscal
2025,2,Administracion Central,Ministerio De Cultura,Ministerio De Cultura,Ministerio De Cultura,Dir.Gral.Patrimonio Museos Y Casco Historico,Comunicacion De La Cultura En Museos,Servicios Sociales,Cultura,Bienes De Consumo,Bienes De Consumo,1361396.0,37361396.0,11734869.05,51252148.49,16097825.98,Fiscal
2025,2,Administracion Central,Ministerio De Cultura,Ministerio De Cultura,Ministerio De Cultura,Dir.Gral.Patrimonio Museos Y Casco Historico,Comunicacion De La Cultura En Museos,Servicios Sociales,Cultura,Servicios No Personales,Servicios No Personales,128969815.0,285917571.0,71507965.16,392220082.08,98094215.99,Fiscal
2025,2,Administracion Central,Ministerio De Cultura,Ministerio De Cultura,Ministerio De Cultura,Dir.Gral.Patrimonio Museos Y Casco Historico,Comunicacion De La Cultura En Museos,Servicios Sociales,Cultura,Servicios No Personales,Servicios No Personales,276948671.0,618553894.0,213139502.58,848528679.88,292383545.73,Fiscal
2025,2,Administracion Central,Ministerio De Cultura,Ministerio De Cultura,Ministerio De Cultura,Dir.Gral.Patrimonio Museos Y Casco Historico,Comunicacion De La Cultura En Museos,Servicios Sociales,Cultura,Bienes De Consumo,Bienes De Consumo,56503030.0,0.0,0.0,0.0,0.0,Fiscal
2025,2,Administracion Central,Ministerio De Cultura,Ministerio De Cultura,Ministerio De Cultura,Dir.Gral.Patrimonio Museos Y Casco Historico,Comunicacion De La Cultura En Museos,Servicios Sociales,Cultura,Bienes De Uso,Construcciones Del Dominio Público,258090454.0,44372202.0,0.0,60869531.91,0.0,Fiscal
2025,2,Administracion Central,Ministerio De Cultura,Ministerio De Cultura,Ministerio De Cultura,Dir.Gral.Patrimonio Museos Y Casco Historico,Puesta En Valor Del Casco Historico Y Su Entorno,Servicios Sociales,Cultura,Gastos En Personal,Remuneraciones Al Personal,181185546.0,181185546.0,95960821.69,248549291.58,131638504.16,Fiscal
2025,2,Administracion Central,Ministerio De Cultura,Ministerio De Cultura,Ministerio De Cultura,Dir.Gral.Patrimonio Museos Y Casco Historico,Puesta En Valor Del Casco Historico Y Su Entorno,Servicios Sociales,Cultura,Bienes De Consumo,Bienes De Consumo,314168.0,1314168.0,530715.03,1802768.12,728031.83,Fiscal
2025,2,Administracion Central,Ministerio De Cultura,Ministerio De Cultura,Ministerio De Cultura,Dir.Gral.Patrimonio Museos Y Casco Historico,Puesta En Valor Del Casco Historico Y Su Entorno,Servicios Sociales,Cultura,Servicios No Personales,Servicios No Personales,0.0,14000000.0,5033500.0,19205119.61,6904926.4,Fiscal
2025,2,Administracion Central,Ministerio De Cultura,Ministerio De Cultura,Ministerio De Cultura,Dir.Gral.Patrimonio Museos Y Casco Historico,Escuela Taller Del Casco Historico,Servicios Sociales,Educación,Bienes De Consumo,Bienes De Consumo,0.0,17000000.0,10292315.99,23320502.38,14118939.97,Fiscal
2025,2,Administracion Central,Ministerio De Cultura,Ministerio De Cultura,Ministerio De Cultura,Dir.Gral.Patrimonio Museos Y Casco Historico,Escuela Taller Del Casco Historico,Servicios Sociales,Educación,Servicios No Personales,Servicios No Personales,36037717.0,22037717.0,12861718.15,30231213.63,17643631.1,Fiscal
2025,2,Administracion Central,Ministerio De Cultura,Ministerio De Cultura,Ministerio De Cultura,Dir.Gral.Patrimonio Museos Y Casco Historico,"Comunicacion De Patrimonio, Museo Y Casco Historico",Servicios Sociales,Cultura,Bienes De Consumo,Bienes De Consumo,209446.0,1209446.0,0.0,1659111.08,0.0,Fiscal
2025,2,Administracion Central,Ministerio De Cultura,Ministerio De Cultura,Ministerio De Cultura,Dir.Gral.Patrimonio Museos Y Casco Historico,"Comunicacion De Patrimonio, Museo Y Casco Historico",Servicios Sociales,Cultura,Servicios No Personales,Servicios No Personales,0.0,56500000.0,46304042.7,77506375.56,63519619.89,Fiscal
2025,2,Administracion Central,Ministerio De Cultura,Ministerio De Cultura,Ministerio De Cultura,Dir. Gral Centro Cultural Recoleta,Difusion De Las Artes En El Centro Cultural Recoleta,Servicios Sociales,Cultura,Gastos En Personal,Remuneraciones Al Personal,2262098959.0,2275327331.0,1139112294.78,3121280967.1,1562627704.88,Fiscal
2025,2,Administracion Central,Ministerio De Cultura,Ministerio De Cultura,Ministerio De Cultura,Dir. Gral Centro Cultural Recoleta,Difusion De Las Artes En El Centro Cultural Recoleta,Servicios Sociales,Cultura,Bienes De Consumo,Bienes De Consumo,77317225.0,115310407.0,78289480.85,158182154.18,107397060.27,Fiscal
2025,2,Administracion Central,Ministerio De Cultura,Ministerio De Cultura,Ministerio De Cultura,Dir. Gral Centro Cultural Recoleta,Difusion De Las Artes En El Centro Cultural Recoleta,Servicios Sociales,Cultura,Servicios No Personales,Servicios No Personales,1725774273.0,2125784484.0,778488404.12,2916138948.3,1067925922.47,Fiscal
2025,2,Administracion Central,Ministerio De Cultura,Ministerio De Cultura,Ministerio De Cultura,Dir. Gral Centro Cultural Recoleta,Difusion De Las Artes En El Centro Cultural 25 De Mayo,Servicios Sociales,Cultura,Gastos En Personal,Remuneraciones Al Personal,852607493.0,848235378.0,421888952.67,1163604420.74,578744842.67,Fiscal
2025,2,Administracion Central,Ministerio De Cultura,Ministerio De Cultura,Ministerio De Cultura,Dir. Gral Centro Cultural Recoleta,Difusion De Las Artes En El Centro Cultural 25 De Mayo,Servicios Sociales,Cultura,Bienes De Consumo,Bienes De Consumo,2170961.0,1791016.0,588254.42,2456905.46,806964.04,Fiscal
2025,2,Administracion Central,Ministerio De Cultura,Ministerio De Cultura,Ministerio De Cultura,Dir. Gral Centro Cultural Recoleta,Difusion De Las Artes En El Centro Cultural 25 De Mayo,Servicios Sociales,Cultura,Servicios No Personales,Servicios No Personales,132947371.0,173000060.0,52603039.76,237320488.89,72160547.88,Fiscal
2025,2,Administracion Central,Ministerio De Cultura,Ministerio De Cultura,Ministerio De Cultura,Dir. Gral Complejo Teatral Ciudad De Buenos Aires,Administracion Del Complejo Teatral,Servicios Sociales,Cultura,Gastos En Personal,Remuneraciones Al Personal,9142732973.0,9132839786.0,4505577005.25,12528377175.13,6180724663.52,Fiscal
2025,2,Administracion Central,Ministerio De Cultura,Ministerio De Cultura,Ministerio De Cultura,Dir. Gral Complejo Teatral Ciudad De Buenos Aires,Administracion Del Complejo Teatral,Servicios Sociales,Cultura,Bienes De Consumo,Bienes De Consumo,23667351.0,100017351.0,99542852.54,137203227.77,136552313.51,Fiscal
2025,2,Administracion Central,Ministerio De Cultura,Ministerio De Cultura,Ministerio De Cultura,Dir. Gral Complejo Teatral Ciudad De Buenos Aires,Administracion Del Complejo Teatral,Servicios Sociales,Cultura,Servicios No Personales,Servicios No Personales,9061051779.0,8658016666.0,1313455002.63,11877017545.68,1801790030.38,Fiscal
2025,2,Administracion Central,Ministerio De Cultura,Ministerio De Cultura,Ministerio De Cultura,Dir. Gral Complejo Teatral Ciudad De Buenos Aires,Administracion Del Complejo Teatral,Servicios Sociales,Cultura,Bienes De Uso,Construcciones Del Dominio Privado,0.0,147782.0,0.0,202726.5,0.0,Fiscal
2025,2,Administracion Central,Ministerio De Cultura,Ministerio De Cultura,Ministerio De Cultura,Dir. Gral Complejo Teatral Ciudad De Buenos Aires,Artes Escenicas En El Complejo Teatral Buenos Aires,Servicios Sociales,Cultura,Gastos En Personal,Remuneraciones Al Personal,908764251.0,909961450.0,419852303.06,1248279891.86,575950978.43,Fiscal
2025,2,Administracion Central,Ministerio De Cultura,Ministerio De Cultura,Ministerio De Cultura,Dir. Gral Complejo Teatral Ciudad De Buenos Aires,Artes Escenicas En El Complejo Teatral Buenos Aires,Servicios Sociales,Cultura,Bienes De Consumo,Bienes De Consumo,41365500.0,272965500.0,254306424.36,374452505.46,348856092.64,Fiscal
2025,2,Administracion Central,Ministerio De Cultura,Ministerio De Cultura,Ministerio De Cultura,Dir. Gral Complejo Teatral Ciudad De Buenos Aires,Artes Escenicas En El Complejo Teatral Buenos Aires,Servicios Sociales,Cultura,Servicios No Personales,Servicios No Personales,2446928444.0,3748133733.0,1544896906.75,5141668332.1,2119280705.45,Fiscal
2025,2,Administracion Central,Ministerio De Cultura,Ministerio De Cultura,Ministerio De Cultura,Dir. Gral Complejo Teatral Ciudad De Buenos Aires,Artes Escenicas En El Complejo Teatral Buenos Aires,Servicios Sociales,Cultura,Bienes De Uso,Maquinaria Y Equipo,5169706.0,0.0,0.0,0.0,0.0,Fiscal
2025,2,Administracion Central,Ministerio De Cultura,Ministerio De Cultura,Ministerio De Cultura,Dir. Gral Complejo Teatral Ciudad De Buenos Aires,Formacion Artistica En El Complejo Teatral,Servicios Sociales,Educación,Gastos En Personal,Remuneraciones Al Personal,2351240954.0,2381387098.0,1179020015.1,3266773146.45,1617372886.45,Fiscal
2025,2,Administracion Central,Ministerio De Cultura,Ministerio De Cultura,Ministerio De Cultura,Dir. Gral Complejo Teatral Ciudad De Buenos Aires,Formacion Artistica En El Complejo Teatral,Servicios Sociales,Educación,Servicios No Personales,Servicios No Personales,89422306.0,60822306.0,23945513.07,83435690.11,32848317.33,Fiscal
2025,2,Administracion Central,Ministerio De Cultura,Ministerio De Cultura,Ministerio De Cultura,Dir. Gral Complejo Teatral Ciudad De Buenos Aires,Formacion Artistica En El Complejo Teatral,Servicios Sociales,Educación,Bienes De Consumo,Bienes De Consumo,523614.0,523614.0,0.0,718290.68,0.0,Fiscal
2025,2,Administracion Central,Ministerio De Cultura,Ministerio De Cultura,Ministerio De Cultura,Dir. Gral Centro Cultural General San Martin,Nuevas Tendencias En El Centro Cultural General San Martin,Servicios Sociales,Cultura,Gastos En Personal,Remuneraciones Al Personal,3938642008.0,3941678439.0,1919078157.98,5407171848.41,2632580397.24,Fiscal
2025,2,Administracion Central,Ministerio De Cultura,Ministerio De Cultura,Ministerio De Cultura,Dir. Gral Centro Cultural General San Martin,Nuevas Tendencias En El Centro Cultural General San Martin,Servicios Sociales,Cultura,Servicios No Personales,Servicios No Personales,1106676714.0,1170963036.0,477391038.42,1606320368.79,654882285.19,Fiscal
2025,2,Administracion Central,Ministerio De Cultura,Ministerio De Cultura,Ministerio De Cultura,Dir. Gral Centro Cultural General San Martin,Nuevas Tendencias En El Centro Cultural General San Martin,Servicios Sociales,Cultura,Bienes De Consumo,Bienes De Consumo,2460986.0,31222252.0,23355747.63,42830506.01,32039280.48,Fiscal
2025,2,Administracion Central,Ministerio De Cultura,Ministerio De Cultura,Ministerio De Cultura,Dir. Gral Centro Cultural General San Martin,Nuevas Tendencias En El Centro Cultural General San Martin,Servicios Sociales,Cultura,Bienes De Uso,Maquinaria Y Equipo,5169706.0,25000000.0,20177426.49,34294856.44,27679277.79,Fiscal
2025,2,Administracion Central,Ministerio De Cultura,Ministerio De Cultura,Ministerio De Cultura,Dir. Gral Centro Cultural General San Martin,Nuevas Tendencias En El Centro Cultural General San Martin,Servicios Sociales,Cultura,Servicios No Personales,Servicios No Personales,16684223429.0,7688402450.0,1195847074.4,10546906331.96,1640456149.78,Fiscal
2025,2,Administracion Central,Ministerio De Cultura,Ministerio De Cultura,Ministerio De Cultura,Dir. Gral Centro Cultural General San Martin,Nuevas Tendencias En El Centro Cultural General San Martin,Servicios Sociales,Cultura,Bienes De Uso,Construcciones Del Dominio Privado,0.0,3768407160.0,0.0,5169479302.85,0.0,Fiscal
2025,2,Administracion Central,Ministerio De Cultura,Ministerio De Cultura,Ministerio De Cultura,Dir. Gral Centro Cultural General San Martin,Nuevas Tendencias En El Centro Cultural General San Martin,Servicios Sociales,Cultura,Activos Financieros,Activos Financieros,0.0,1413152685.0,0.0,1938554738.57,0.0,Fiscal
2025,2,Administracion Central,Ministerio De Cultura,Ministerio De Cultura,Ministerio De Cultura,Subsecretaria De Gestion Cultural,Actividades Comunes,Servicios Sociales,Cultura,Gastos En Personal,Remuneraciones Al Personal,220429792.0,223466223.0,117284836.01,306549681.51,160890664.56,Fiscal
2025,2,Administracion Central,Ministerio De Cultura,Ministerio De Cultura,Ministerio De Cultura,Subsecretaria De Gestion Cultural,Actividades Comunes,Servicios Sociales,Cultura,Servicios No Personales,Servicios No Personales,136332773.0,379713817.0,178793948.88,520889233.74,245268512.39,Fiscal
2025,2,Administracion Central,Ministerio De Cultura,Ministerio De Cultura,Ministerio De Cultura,Subsecretaria De Gestion Cultural,Actividades Comunes,Servicios Sociales,Cultura,Bienes De Consumo,Bienes De Consumo,0.0,550000.0,0.0,754486.84,0.0,Fiscal
2025,2,Administracion Central,Ministerio De Cultura,Ministerio De Cultura,Ministerio De Cultura,Subsecretaria De Gestion Cultural,Acciones Para La Gestion Y Participacion De La Subsecretaria De Gestion Cultural,Servicios Sociales,Cultura,Bienes De Consumo,Bienes De Consumo,7759958.0,3617338.0,0.0,4962243.5,0.0,Fiscal
2025,2,Administracion Central,Ministerio De Cultura,Ministerio De Cultura,Ministerio De Cultura,Subsecretaria De Gestion Cultural,Acciones Para La Gestion Y Participacion De La Subsecretaria De Gestion Cultural,Servicios Sociales,Cultura,Servicios No Personales,Servicios No Personales,30619929.0,97420898.0,36225000.0,133641428.46,49693246.99,Fiscal
2025,2,Administracion Central,Ministerio De Cultura,Ministerio De Cultura,Ministerio De Cultura,Subsecretaria De Gestion Cultural,Planetario De La Ciudad De Buenos Aires Galileo Galilei,Servicios Sociales,Cultura,Gastos En Personal,Remuneraciones Al Personal,776017008.0,776017008.0,384026738.21,1064535675.47,526805674.29,Fiscal
2025,2,Administracion Central,Ministerio De Cultura,Ministerio De Cultura,Ministerio De Cultura,Subsecretaria De Gestion Cultural,Planetario De La Ciudad De Buenos Aires Galileo Galilei,Servicios Sociales,Cultura,Bienes De Consumo,Bienes De Consumo,15959540.0,15959540.0,627123.36,21893205.33,860284.22,Fiscal
2025,2,Administracion Central,Ministerio De Cultura,Ministerio De Cultura,Ministerio De Cultura,Subsecretaria De Gestion Cultural,Planetario De La Ciudad De Buenos Aires Galileo Galilei,Servicios Sociales,Cultura,Servicios No Personales,Servicios No Personales,1123441884.0,1011911297.0,53449705.86,1388134106.55,73321999.58,Fiscal
2025,2,Administracion Central,Ministerio De Cultura,Ministerio De Cultura,Ministerio De Cultura,Subsecretaria De Gestion Cultural,Planetario De La Ciudad De Buenos Aires Galileo Galilei,Servicios Sociales,Cultura,Bienes De Uso,Maquinaria Y Equipo,0.0,504000.0,360000.0,691384.31,493845.93,Fiscal
2025,2,Administracion Central,Ministerio De Cultura,Ministerio De Cultura,Ministerio De Cultura,Subsecretaria De Gestion Cultural,Planetario De La Ciudad De Buenos Aires Galileo Galilei,Servicios Sociales,Cultura,Bienes De Uso,Construcciones Del Dominio Privado,1622696213.0,1622696213.0,0.0,2226005347.02,0.0,Fiscal
2025,2,Administracion Central,Ministerio De Cultura,Ministerio De Cultura,Ministerio De Cultura,Dir. Gral. Investigación Y Proyectos Estratégicos Culturales,Investigacion Y Proyectos Estrategicos Culturales,Servicios Sociales,Cultura,Gastos En Personal,Remuneraciones Al Personal,609608925.0,635739044.0,328009735.9,872103169.97,449961872.18,Fiscal
2025,2,Administracion Central,Ministerio De Cultura,Ministerio De Cultura,Ministerio De Cultura,Dir. Gral. Investigación Y Proyectos Estratégicos Culturales,Investigacion Y Proyectos Estrategicos Culturales,Servicios Sociales,Cultura,Servicios No Personales,Servicios No Personales,90229180.0,107806953.0,48762070.0,147888959.07,66891527.62,Fiscal
2025,2,Administracion Central,Ministerio De Cultura,Ministerio De Cultura,Ministerio De Cultura,Dirección General Desarrollo Cultural Y Creativo,Administracion Y Actividades Artistico Culturales,Servicios Sociales,Cultura,Gastos En Personal,Remuneraciones Al Personal,149493428.0,168664252.0,99037970.13,231372652.38,135859718.72,Fiscal
2025,2,Administracion Central,Ministerio De Cultura,Ministerio De Cultura,Ministerio De Cultura,Dirección General Desarrollo Cultural Y Creativo,Administracion Y Actividades Artistico Culturales,Servicios Sociales,Cultura,Servicios No Personales,Servicios No Personales,868244049.0,985462188.0,582406478.4,1351851370.7,798941862.73,Fiscal
2025,2,Administracion Central,Ministerio De Cultura,Ministerio De Cultura,Ministerio De Cultura,Dirección General Desarrollo Cultural Y Creativo,Administracion Y Actividades Artistico Culturales,Servicios Sociales,Cultura,Bienes De Consumo,Bienes De Consumo,32411703.0,12568703.0,1257814.8,17241674.6,1725463.12,Fiscal
2025,2,Administracion Central,Ministerio De Cultura,Ministerio De Cultura,Ministerio De Cultura,Dirección General Desarrollo Cultural Y Creativo,Administracion Y Actividades Artistico Culturales,Servicios Sociales,Cultura,Transferencias,Al Sector Privado,771343522.0,536343522.0,112120000.0,735752963.65,153805572.18,Fiscal
2025,2,Administracion Central,Ministerio De Cultura,Ministerio De Cultura,Ministerio De Cultura,Dirección General Desarrollo Cultural Y Creativo,Incentivo A La Produccion Cultural,Servicios Sociales,Cultura,Gastos En Personal,Remuneraciones Al Personal,424390104.0,417436750.0,211639420.83,572637336.61,290325742.2,Fiscal
2025,2,Administracion Central,Ministerio De Cultura,Ministerio De Cultura,Ministerio De Cultura,Dirección General Desarrollo Cultural Y Creativo,Incentivo A La Produccion Cultural,Servicios Sociales,Cultura,Transferencias,Al Sector Privado,13473022314.0,7561305431.0,2275658595.25,10372555371.13,3121735393.5,Fiscal
2025,2,Administracion Central,Ministerio De Cultura,Ministerio De Cultura,Ministerio De Cultura,Dirección General Desarrollo Cultural Y Creativo,Incentivo A La Produccion Cultural,Servicios Sociales,Cultura,Servicios No Personales,Servicios No Personales,45376183.0,57431447.0,27836238.73,78784129.21,38185592.45,Fiscal
2025,2,Administracion Central,Ministerio De Cultura,Ministerio De Cultura,Ministerio De Cultura,Dirección General Desarrollo Cultural Y Creativo,Incentivo A La Produccion Cultural,Servicios Sociales,Cultura,Bienes De Consumo,Bienes De Consumo,1789252.0,1789252.0,138600.1,2454485.62,190130.82,Fiscal
2025,2,Administracion Central,Ministerio De Cultura,Ministerio De Cultura,Ministerio De Cultura,Dirección General Desarrollo Cultural Y Creativo,Desarrollo Cultural Y Creativo,Servicios Sociales,Cultura,Bienes De Consumo,Bienes De Consumo,3578504.0,3421504.0,0.0,4693599.54,0.0,Fiscal
2025,2,Administracion Central,Ministerio De Cultura,Ministerio De Cultura,Ministerio De Cultura,Dirección General Desarrollo Cultural Y Creativo,Desarrollo Cultural Y Creativo,Servicios Sociales,Cultura,Servicios No Personales,Servicios No Personales,8946275.0,13946275.0,8940651.25,19131419.96,12264734.05,Fiscal
2025,2,Administracion Central,Ministerio De Cultura,Ministerio De Cultura,Ministerio De Cultura,Dirección General Desarrollo Cultural Y Creativo,Desarrollo Cultural Y Creativo,Servicios Sociales,Cultura,Gastos En Personal,Remuneraciones Al Personal,45087776.0,45087776.0,22241328.96,61851152.21,30510527.35,Fiscal
2025,2,Administracion Central,Ministerio De Cultura,Ministerio De Cultura,Ministerio De Cultura,Dirección General Desarrollo Cultural Y Creativo,Industrias Creativas,Servicios Sociales,Cultura,Gastos En Personal,Remuneraciones Al Personal,198556703.0,198685959.0,94663707.35,272556257.65,129859130.16,Fiscal
2025,2,Administracion Central,Ministerio De Cultura,Ministerio De Cultura,Ministerio De Cultura,Dirección General Desarrollo Cultural Y Creativo,Industrias Creativas,Servicios Sociales,Cultura,Bienes De Consumo,Bienes De Consumo,7157007.0,6761007.0,0.0,9274710.58,0.0,Fiscal
2025,2,Administracion Central,Ministerio De Cultura,Ministerio De Cultura,Ministerio De Cultura,Dirección General Desarrollo Cultural Y Creativo,Industrias Creativas,Servicios Sociales,Cultura,Servicios No Personales,Servicios No Personales,12305252.0,184443929.0,13733007.0,253019122.67,18838860.14,Fiscal
2025,2,Administracion Central,Ministerio De Cultura,Ministerio De Cultura,Ministerio De Cultura,Dirección General Desarrollo Cultural Y Creativo,Industrias Creativas,Servicios Sociales,Cultura,Transferencias,Al Sector Privado,17823855.0,17823855.0,0.0,24450661.94,0.0,Fiscal
2025,2,Administracion Central,Ministerio De Cultura,Ministerio De Cultura,Ministerio De Cultura,Dirección General Desarrollo Cultural Y Creativo,Premios Y Subsidios,Servicios Sociales,Cultura,Gastos En Personal,Remuneraciones Al Personal,0.0,157891.0,157890.95,216593.97,216593.9,Fiscal
2025,2,Administracion Central,Ministerio De Cultura,Ministerio De Cultura,Ministerio De Cultura,Dirección General Desarrollo Cultural Y Creativo,Premios Y Subsidios,Servicios Sociales,Cultura,Transferencias,Al Sector Privado,5587890110.0,4252136543.0,2676874019.12,5833056492.74,3672120408.07,Fiscal
2025,2,Administracion Central,Ministerio De Cultura,Ministerio De Cultura,Ministerio De Cultura,Dirección General Cooperación Cultural,Cooperacion Cultural,Servicios Sociales,Cultura,Gastos En Personal,Remuneraciones Al Personal,224008389.0,236222925.0,135133743.75,324049252.06,185375693.7,Fiscal
2025,2,Administracion Central,Ministerio De Cultura,Ministerio De Cultura,Ministerio De Cultura,Dirección General Cooperación Cultural,Cooperacion Cultural,Servicios Sociales,Cultura,Servicios No Personales,Servicios No Personales,392255993.0,473228052.0,284468979.92,649171524.33,390232913.15,Fiscal
2025,2,Administracion Central,Ministerio De Cultura,Ministerio De Cultura,Ministerio De Cultura,Dirección General Cooperación Cultural,Cooperacion Cultural,Servicios Sociales,Cultura,Bienes De Consumo,Bienes De Consumo,1570842.0,20370842.0,4443919.59,27944604.08,6096143.38,Fiscal
2025,2,Administracion Central,Ministerio De Cultura,Ministerio De Cultura,Ministerio De Cultura,Dirección General Festivales Y Noches Culturales,Usina Del Arte,Servicios Sociales,Cultura,Servicios No Personales,Servicios No Personales,435726262.0,837629680.0,293397403.96,1149055585.12,402480873.98,Fiscal
2025,2,Administracion Central,Ministerio De Cultura,Ministerio De Cultura,Ministerio De Cultura,Dirección General Festivales Y Noches Culturales,Usina Del Arte,Servicios Sociales,Cultura,Gastos En Personal,Remuneraciones Al Personal,90175556.0,90175556.0,22241328.96,123702309.91,30510527.35,Fiscal
2025,2,Administracion Central,Ministerio De Cultura,Ministerio De Cultura,Ministerio De Cultura,Dirección General Festivales Y Noches Culturales,Usina Del Arte,Servicios Sociales,Cultura,Bienes De Consumo,Bienes De Consumo,49219710.0,62673025.0,43103885.64,85974495.81,59129662.81,Fiscal
2025,2,Administracion Central,Ministerio De Cultura,Ministerio De Cultura,Ministerio De Cultura,Dirección General Festivales Y Noches Culturales,Festivales De La Ciudad,Servicios Sociales,Cultura,Gastos En Personal,Remuneraciones Al Personal,385958007.0,429966735.0,235066319.55,589825898.08,322462627.34,Fiscal
2025,2,Administracion Central,Ministerio De Cultura,Ministerio De Cultura,Ministerio De Cultura,Dirección General Festivales Y Noches Culturales,Festivales De La Ciudad,Servicios Sociales,Cultura,Servicios No Personales,Servicios No Personales,2973868021.0,3357847711.0,1063700602.27,4606276208.25,1459178378.13,Fiscal
2025,2,Administracion Central,Ministerio De Cultura,Ministerio De Cultura,Ministerio De Cultura,Dirección General Festivales Y Noches Culturales,Festivales De La Ciudad,Servicios Sociales,Cultura,Bienes De Consumo,Bienes De Consumo,141239106.0,171132719.0,76659916.55,234758881.23,105161633.32,Fiscal
2025,2,Administracion Central,Ministerio De Cultura,Ministerio De Cultura,Ministerio De Cultura,Dirección General Festivales Y Noches Culturales,Festivales De La Ciudad,Servicios Sociales,Cultura,Activos Financieros,Adelanto A Proveedores Y Contratistas,0.0,24900000.0,21054000.0,34157677.02,28881756.3,Fiscal
2025,2,Administracion Central,Ministerio De Cultura,Ministerio De Cultura,Ministerio De Cultura,Dg.Pro Libro Bibliot Cult,Administracion De Actividades Artistico Culturales,Servicios Sociales,Cultura,Gastos En Personal,Remuneraciones Al Personal,1434636489.0,1434671660.0,669308988.33,1968074344.9,918154226.83,Fiscal
2025,2,Administracion Central,Ministerio De Cultura,Ministerio De Cultura,Ministerio De Cultura,Dg.Pro Libro Bibliot Cult,Administracion De Actividades Artistico Culturales,Servicios Sociales,Cultura,Servicios No Personales,Servicios No Personales,333902091.0,408896334.0,262914979.94,560921642.98,360665259.75,Fiscal
2025,2,Administracion Central,Ministerio De Cultura,Ministerio De Cultura,Ministerio De Cultura,Dg.Pro Libro Bibliot Cult,Administracion De Actividades Artistico Culturales,Servicios Sociales,Cultura,Bienes De Consumo,Bienes De Consumo,108605558.0,146883751.0,94745116.41,201494286.17,129970806.64,Fiscal
2025,2,Administracion Central,Ministerio De Cultura,Ministerio De Cultura,Ministerio De Cultura,Dg.Pro Libro Bibliot Cult,Administracion De Actividades Artistico Culturales,Servicios Sociales,Cultura,Bienes De Uso,Maquinaria Y Equipo,5169706.0,0.0,0.0,0.0,0.0,Fiscal
2025,2,Administracion Central,Ministerio De Cultura,Ministerio De Cultura,Ministerio De Cultura,Dg.Pro Libro Bibliot Cult,Promocion De Actividades Culturales,Servicios Sociales,Cultura,Gastos En Personal,Remuneraciones Al Personal,1890059158.0,1896949682.0,928988341.95,2602224680.95,1274380872.98,Fiscal
2025,2,Administracion Central,Ministerio De Cultura,Ministerio De Cultura,Ministerio De Cultura,Dg.Pro Libro Bibliot Cult,Promocion De Actividades Culturales,Servicios Sociales,Cultura,Servicios No Personales,Servicios No Personales,1206979213.0,1948639929.0,1533562251.07,2673133064.97,2103731889.88,Fiscal
2025,2,Administracion Central,Ministerio De Cultura,Ministerio De Cultura,Ministerio De Cultura,Dg.Pro Libro Bibliot Cult,Promocion De Actividades Culturales,Servicios Sociales,Cultura,Bienes De Consumo,Bienes De Consumo,0.0,6510000.0,0.0,8930380.62,0.0,Fiscal
2025,2,Administracion Central,Ministerio De Cultura,Ministerio De Cultura,Ministerio De Cultura,Dg.Pro Libro Bibliot Cult,Promocion De Actividades Culturales,Servicios Sociales,Cultura,Transferencias,Al Sector Privado,31416836.0,174166842.0,0.0,238921073.74,0.0,Fiscal
2025,2,Administracion Central,Ministerio De Cultura,Ministerio De Cultura,Ministerio De Cultura,Dg.Pro Libro Bibliot Cult,Programa Cultural En Barrios,Servicios Sociales,Cultura,Gastos En Personal,Remuneraciones Al Personal,6799612780.0,6651225012.0,3202710133.22,9124112278.28,4393459369.9,Fiscal
2025,2,Administracion Central,Ministerio De Cultura,Ministerio De Cultura,Ministerio De Cultura,Dg.Pro Libro Bibliot Cult,Programa Cultural En Barrios,Servicios Sociales,Cultura,Servicios No Personales,Servicios No Personales,36477188.0,22710443.0,12625340.0,31154055.3,17319368.91,Fiscal
2025,2,Administracion Central,Ministerio De Cultura,Ministerio De Cultura,Ministerio De Cultura,Dg.Pro Libro Bibliot Cult,Promocion De La Lectura,Servicios Sociales,Cultura,Gastos En Personal,Remuneraciones Al Personal,2419950003.0,2419914832.0,1041373825.75,3319625270.71,1428550634.31,Fiscal
2025,2,Administracion Central,Ministerio De Cultura,Ministerio De Cultura,Ministerio De Cultura,Dg.Pro Libro Bibliot Cult,Promocion De La Lectura,Servicios Sociales,Cultura,Bienes De Consumo,Bienes De Consumo,3141684.0,3141684.0,2125500.0,4309744.07,2915748.69,Fiscal
2025,2,Administracion Central,Ministerio De Cultura,Ministerio De Cultura,Ministerio De Cultura,Dg.Pro Libro Bibliot Cult,Promocion De La Lectura,Servicios Sociales,Cultura,Servicios No Personales,Servicios No Personales,124367443.0,792599167.0,652966707.64,1087282985.97,895735980.02,Fiscal
2025,2,Administracion Central,Ministerio De Cultura,Ministerio De Cultura,Ministerio De Cultura,Dg.Pro Libro Bibliot Cult,Promocion De La Lectura,Servicios Sociales,Cultura,Transferencias,Al Sector Privado,705684562.0,705684556.0,258981103.92,968054021.68,355268791.22,Fiscal
2025,2,Administracion Central,Ministerio De Cultura,Ministerio De Cultura,Ministerio De Cultura,Dg.Pro Libro Bibliot Cult,Infraestructura Cultural,Servicios Sociales,Cultura,Gastos En Personal,Remuneraciones Al Personal,589774979.0,589774979.0,270016413.55,809049929.54,370406965.6,Fiscal
2025,2,Administracion Central,Ministerio De Cultura,Ministerio De Cultura,Ministerio De Cultura,Dg.Pro Libro Bibliot Cult,Infraestructura Cultural,Servicios Sociales,Cultura,Bienes De Consumo,Bienes De Consumo,1570842.0,28570842.0,21214302.98,39193316.99,29101659.01,Fiscal
2025,2,Administracion Central,Ministerio De Cultura,Ministerio De Cultura,Ministerio De Cultura,Dg.Pro Libro Bibliot Cult,Infraestructura Cultural,Servicios Sociales,Cultura,Servicios No Personales,Servicios No Personales,27227925.0,174939424.0,55042219.63,239980897.29,75506600.82,Fiscal
2025,2,Administracion Central,Ministerio De Cultura,Ministerio De Cultura,Ministerio De Cultura,Dg.Pro Libro Bibliot Cult,Infraestructura Cultural,Servicios Sociales,Cultura,Bienes De Uso,Maquinaria Y Equipo,0.0,3000000.0,0.0,4115382.77,0.0,Fiscal
2025,2,Administracion Central,Ministerio De Cultura,Ministerio De Cultura,Ministerio De Cultura,Dg.Pro Libro Bibliot Cult,Infraestructura Cultural,Servicios Sociales,Cultura,Servicios No Personales,Servicios No Personales,0.0,140000000.0,95808012.85,192051196.08,131428881.87,Fiscal
2025,2,Administracion Central,Ministerio De Cultura,Ministerio De Cultura,Ministerio De Cultura,Dirección General Museo De Arte Modero De Buenos Aires,Programacion De Exposiciones Y Actividades Del Museo De Arte Moderno,Servicios Sociales,Cultura,Gastos En Personal,Remuneraciones Al Personal,603696526.0,608440950.0,343116635.41,834655801.37,470685430.18,Fiscal
2025,2,Administracion Central,Ministerio De Cultura,Ministerio De Cultura,Ministerio De Cultura,Dirección General Museo De Arte Modero De Buenos Aires,Programacion De Exposiciones Y Actividades Del Museo De Arte Moderno,Servicios Sociales,Cultura,Servicios No Personales,Servicios No Personales,2188483999.0,2354845090.0,1199259722.63,3230362972.29,1645137601.02,Fiscal
2025,2,Administracion Central,Ministerio De Cultura,Ministerio De Cultura,Ministerio De Cultura,Dirección General Museo De Arte Modero De Buenos Aires,Programacion De Exposiciones Y Actividades Del Museo De Arte Moderno,Servicios Sociales,Cultura,Bienes De Consumo,Bienes De Consumo,257149316.0,247843316.0,100712001.76,339990037.7,138156145.7,Fiscal
2025,2,Administracion Central,Ministerio De Cultura,Ministerio De Cultura,Ministerio De Cultura,Dirección General Museo De Arte Modero De Buenos Aires,Programacion De Exposiciones Y Actividades Del Museo De Arte Moderno,Servicios Sociales,Cultura,Bienes De Uso,Maquinaria Y Equipo,0.0,35000000.0,0.0,48012799.02,0.0,Fiscal
2025,2,Organismos Descentralizados,Ministerio De Cultura,Ministerio De Cultura,Teatro Colon,Ente Autarquico Teatro Colon,Actividades Comunes,Servicios Sociales,Cultura,Gastos En Personal,Remuneraciones Al Personal,5009700321.0,4982045522.0,2113547315.76,6834341438.79,2899352071.18,Fiscal
2025,2,Organismos Descentralizados,Ministerio De Cultura,Ministerio De Cultura,Teatro Colon,Ente Autarquico Teatro Colon,Actividades Comunes,Servicios Sociales,Cultura,Bienes De Consumo,Bienes De Consumo,361579829.0,361059829.0,77531474.67,495299800.12,106357231.74,Fiscal
2025,2,Organismos Descentralizados,Ministerio De Cultura,Ministerio De Cultura,Teatro Colon,Ente Autarquico Teatro Colon,Actividades Comunes,Servicios Sociales,Cultura,Servicios No Personales,Servicios No Personales,10035542844.0,10761117583.0,3222980398.18,14762039307.03,4421266002.97,Fiscal
2025,2,Organismos Descentralizados,Ministerio De Cultura,Ministerio De Cultura,Teatro Colon,Ente Autarquico Teatro Colon,Actividades Comunes,Servicios Sociales,Cultura,Bienes De Uso,Maquinaria Y Equipo,223637520.0,223637520.0,65326541.91,306784665.75,89614575.07,Fiscal
2025,2,Organismos Descentralizados,Ministerio De Cultura,Ministerio De Cultura,Teatro Colon,Ente Autarquico Teatro Colon,Actividades Comunes,Servicios Sociales,Cultura,Bienes De Uso,Activos Intangibles,18060492.0,18060492.0,1670040.0,24775279.22,2290951.28,Fiscal
2025,2,Organismos Descentralizados,Ministerio De Cultura,Ministerio De Cultura,Teatro Colon,Ente Autarquico Teatro Colon,Actividades Comunes,Administración Gubernamental,Control De La Gestión,Gastos En Personal,Remuneraciones Al Personal,71365542.0,71365542.0,34611981.44,97898840.71,47480517.39,Fiscal
2025,2,Organismos Descentralizados,Ministerio De Cultura,Ministerio De Cultura,Teatro Colon,Ente Autarquico Teatro Colon,Actividades Comunes,Administración Gubernamental,Control De La Gestión,Bienes De Consumo,Bienes De Consumo,196950.0,196950.0,0.0,270174.88,0.0,Fiscal
2025,2,Organismos Descentralizados,Ministerio De Cultura,Ministerio De Cultura,Teatro Colon,Ente Autarquico Teatro Colon,Actividades Comunes,Servicios Sociales,Cultura,Servicios No Personales,Impuestos Directos,16398290.0,16398290.0,0.0,22495080.06,0.0,Fiscal
2025,2,Organismos Descentralizados,Ministerio De Cultura,Ministerio De Cultura,Teatro Colon,Ente Autarquico Teatro Colon,Actividades Comunes,Servicios De Seguridad,Seguridad Interior,Servicios No Personales,Servicios No Personales,2663689552.0,2663689552.0,840906798.88,3654034031.79,1153551117.98,Fiscal
2025,2,Organismos Descentralizados,Ministerio De Cultura,Ministerio De Cultura,Teatro Colon,Ente Autarquico Teatro Colon,Actividades Comunes,Servicios Sociales,Cultura,Servicios No Personales,Servicios No Personales,0.0,180091853.0,18786878.17,247048969.81,25771731.59,Fiscal
2025,2,Organismos Descentralizados,Ministerio De Cultura,Ministerio De Cultura,Teatro Colon,Ente Autarquico Teatro Colon,Formacion Artistica Instituto Superior De Arte,Servicios Sociales,Educación,Gastos En Personal,Remuneraciones Al Personal,1090056634.0,1091653780.0,514845159.26,1497524386.82,706261633.09,Fiscal
2025,2,Organismos Descentralizados,Ministerio De Cultura,Ministerio De Cultura,Teatro Colon,Ente Autarquico Teatro Colon,Formacion Artistica Instituto Superior De Arte,Servicios Sociales,Educación,Servicios No Personales,Servicios No Personales,2257820502.0,2257820502.0,629366785.5,3097265199.61,863361742.35,Fiscal
2025,2,Organismos Descentralizados,Ministerio De Cultura,Ministerio De Cultura,Teatro Colon,Ente Autarquico Teatro Colon,Formacion Artistica Instituto Superior De Arte,Servicios Sociales,Educación,Bienes De Consumo,Bienes De Consumo,25876248.0,25876248.0,605116.0,35496888.42,830094.65,Fiscal
2025,2,Organismos Descentralizados,Ministerio De Cultura,Ministerio De Cultura,Teatro Colon,Ente Autarquico Teatro Colon,Divulgacion De Las Expresiones Artisticas,Servicios Sociales,Cultura,Gastos En Personal,Remuneraciones Al Personal,36297018632.0,36935751820.0,15030191040.45,50668252251.31,20618329761.75,Fiscal
2025,2,Organismos Descentralizados,Ministerio De Cultura,Ministerio De Cultura,Teatro Colon,Ente Autarquico Teatro Colon,Divulgacion De Las Expresiones Artisticas,Servicios Sociales,Cultura,Servicios No Personales,Servicios No Personales,16997036116.0,14911079627.0,4827722852.21,20454933408.75,6622642486.53,Fiscal
2025,2,Organismos Descentralizados,Ministerio De Cultura,Ministerio De Cultura,Teatro Colon,Ente Autarquico Teatro Colon,Divulgacion De Las Expresiones Artisticas,Servicios Sociales,Cultura,Bienes De Consumo,Bienes De Consumo,3077265507.0,3056970341.0,747806482.64,4193534359.81,1025836638.77,Fiscal
2025,2,Organismos Descentralizados,Ministerio De Cultura,Ministerio De Cultura,Teatro Colon,Ente Autarquico Teatro Colon,Divulgacion De Las Expresiones Artisticas,Servicios Sociales,Cultura,Servicios No Personales,Impuestos Directos,171351195.0,171351195.0,34156112.76,235058585.35,46855159.35,Fiscal
2025,2,Organismos Descentralizados,Ministerio De Cultura,Ministerio De Cultura,Teatro Colon,Ente Autarquico Teatro Colon,Divulgacion De Las Expresiones Artisticas,Servicios Sociales,Cultura,Transferencias,Al Sector Privado,205812442.0,205812442.0,0.0,282332326.1,0.0,Fiscal
2025,2,Administracion Central,Ministerio De Educación,Ministerio De Educación,Ministerio De Educación,Dir. Gral Educacion De Gestion Privada,Educacion De Gestion Privada,Servicios Sociales,Educación,Gastos En Personal,Remuneraciones Al Personal,5903551784.0,5903551784.0,2763009730.0,8098458437.45,3790280881.64,Fiscal
2025,2,Administracion Central,Ministerio De Educación,Ministerio De Educación,Ministerio De Educación,Dir. Gral Educacion De Gestion Privada,Educacion De Gestion Privada,Servicios Sociales,Educación,Bienes De Consumo,Bienes De Consumo,33934540.0,8270340.0,1183446.78,11345204.92,1623445.5,Fiscal
2025,2,Administracion Central,Ministerio De Educación,Ministerio De Educación,Ministerio De Educación,Dir. Gral Educacion De Gestion Privada,Educacion De Gestion Privada,Servicios Sociales,Educación,Servicios No Personales,Servicios No Personales,158632095.0,95055503.0,51991347.92,130396593.18,71321432.53,Fiscal
2025,2,Administracion Central,Ministerio De Educación,Ministerio De Educación,Ministerio De Educación,Dir. Gral Educacion De Gestion Privada,Educacion De Gestion Privada,Servicios Sociales,Educación,Bienes De Uso,Maquinaria Y Equipo,6369611.0,0.0,0.0,0.0,0.0,Fiscal
2025,2,Administracion Central,Ministerio De Educación,Ministerio De Educación,Ministerio De Educación,Dir. Gral Educacion De Gestion Privada,Educacion De Gestion Privada,Servicios Sociales,Educación,Transferencias,Al Sector Privado,391450135620.0,388411563400.0,186005747925.07,532820752304.8,255161616906.83,Fiscal
2025,2,Administracion Central,Ministerio De Educación,Ministerio De Educación,Ministerio De Educación,Dir. Gral Educacion De Gestion Privada,Educacion De Gestion Privada,Servicios Sociales,Educación,Transferencias,Al Sector Público,177124116.0,177124116.0,41131036.61,242977845.23,56423319.84,Fiscal
2025,2,Administracion Central,Ministerio De Educación,Ministerio De Educación,Ministerio De Educación,Dir.Gral. Servicios A Las Escuelas,Asistencia Alimentaria Y Accion Comunitaria,Servicios Sociales,Educación,Gastos En Personal,Remuneraciones Al Personal,1785849382.0,1789851225.0,802138011.28,2455307632.63,1100368317.77,Fiscal
2025,2,Administracion Central,Ministerio De Educación,Ministerio De Educación,Ministerio De Educación,Dir.Gral. Servicios A Las Escuelas,Asistencia Alimentaria Y Accion Comunitaria,Servicios Sociales,Educación,Bienes De Consumo,Bienes De Consumo,36194839666.0,36194437373.0,7933688027.56,49651321349.75,10883387678.76,Fiscal
2025,2,Administracion Central,Ministerio De Educación,Ministerio De Educación,Ministerio De Educación,Dir.Gral. Servicios A Las Escuelas,Asistencia Alimentaria Y Accion Comunitaria,Servicios Sociales,Educación,Servicios No Personales,Servicios No Personales,301915271858.0,299916019688.0,78686836316.58,411423073606.73,107942150217.37,Fiscal
2025,2,Administracion Central,Ministerio De Educación,Ministerio De Educación,Ministerio De Educación,Dir.Gral. Servicios A Las Escuelas,Asistencia Alimentaria Y Accion Comunitaria,Servicios Sociales,Educación,Bienes De Uso,Maquinaria Y Equipo,0.0,1067000.0,66846.75,1463704.47,91699.99,Fiscal
2025,2,Administracion Central,Ministerio De Educación,Ministerio De Educación,Ministerio De Educación,Dir.Gral. Servicios A Las Escuelas,Equipamiento Mobiliario,Servicios Sociales,Educación,Bienes De Consumo,Bienes De Consumo,0.0,20000000.0,0.0,27435885.15,0.0,Fiscal
2025,2,Administracion Central,Ministerio De Educación,Ministerio De Educación,Ministerio De Educación,Dir.Gral. Servicios A Las Escuelas,Equipamiento Mobiliario,Servicios Sociales,Educación,Bienes De Uso,Bienes De Uso,11439817149.0,11419817149.0,1239213717.8,15665639589.23,1699946262.17,Fiscal
2025,2,Administracion Central,Ministerio De Educación,Ministerio De Educación,Ministerio De Educación,Subsecretaria De Gestion Economico Financiera Y Administracion De Recursos,Actividades Comunes,Servicios Sociales,Educación,Gastos En Personal,Remuneraciones Al Personal,4169422201.0,1102449469.0,1102449461.08,1512333851.0,1512333840.14,Fiscal
2025,2,Administracion Central,Ministerio De Educación,Ministerio De Educación,Ministerio De Educación,Subsecretaria De Gestion Economico Financiera Y Administracion De Recursos,Actividades Comunes,Servicios Sociales,Educación,Bienes De Consumo,Bienes De Consumo,288344290.0,93081775.0,60684482.42,127689044.44,83246624.52,Fiscal
2025,2,Administracion Central,Ministerio De Educación,Ministerio De Educación,Ministerio De Educación,Subsecretaria De Gestion Economico Financiera Y Administracion De Recursos,Actividades Comunes,Servicios Sociales,Educación,Servicios No Personales,Servicios No Personales,2706070287.0,1407583670.0,447006973.61,1930915195.77,613201599.56,Fiscal
2025,2,Administracion Central,Ministerio De Educación,Ministerio De Educación,Ministerio De Educación,Subsecretaria De Gestion Economico Financiera Y Administracion De Recursos,Actividades Comunes,Servicios Sociales,Educación,Bienes De Uso,Maquinaria Y Equipo,76569866.0,12490340.0,4115656.44,17134176.69,5645833.87,Fiscal
2025,2,Administracion Central,Ministerio De Educación,Ministerio De Educación,Ministerio De Educación,D.Gral.Infraestructura Escolar,Infraestructura Escolar,Servicios Sociales,Educación,Gastos En Personal,Remuneraciones Al Personal,1959848274.0,1967476154.0,887963123.89,2698972490.26,1218102714.42,Fiscal
2025,2,Administracion Central,Ministerio De Educación,Ministerio De Educación,Ministerio De Educación,D.Gral.Infraestructura Escolar,Infraestructura Escolar,Servicios Sociales,Educación,Bienes De Consumo,Bienes De Consumo,16077148.0,15493821.0,223985.0,21254334.68,307261.34,Fiscal
2025,2,Administracion Central,Ministerio De Educación,Ministerio De Educación,Ministerio De Educación,D.Gral.Infraestructura Escolar,Infraestructura Escolar,Servicios Sociales,Educación,Servicios No Personales,Servicios No Personales,490690695.0,542300518.0,205864656.33,743924736.55,282403953.42,Fiscal
2025,2,Administracion Central,Ministerio De Educación,Ministerio De Educación,Ministerio De Educación,D.Gral.Infraestructura Escolar,Infraestructura Escolar,Servicios Sociales,Educación,Bienes De Uso,Maquinaria Y Equipo,12739222.0,1973365.0,1698886.52,2707050.78,2330522.77,Fiscal
2025,2,Administracion Central,Ministerio De Educación,Ministerio De Educación,Ministerio De Educación,D.Gral.Infraestructura Escolar,Infraestructura Escolar,Servicios Sociales,Educación,Bienes De Uso,Construcciones Del Dominio Privado,69462842166.0,56780614412.0,18888770679.86,77891320800.29,25911507154.05,Fiscal
2025,2,Administracion Central,Ministerio De Educación,Ministerio De Educación,Ministerio De Educación,D.Gral.Infraestructura Escolar,Infraestructura Escolar,Servicios Sociales,Educación,Activos Financieros,Activos Financieros,0.0,9109112957.0,3367852968.08,12495828847.35,4620001362.46,Fiscal
2025,2,Administracion Central,Ministerio De Educación,Ministerio De Educación,Ministerio De Educación,D.Gral.Infraestructura Escolar,Infraestructura Escolar,Servicios Sociales,Educación,Servicios No Personales,Servicios No Personales,671827775.0,3072968722.0,1477578667.52,4215480847.0,2026933931.44,Fiscal
2025,2,Administracion Central,Ministerio De Educación,Ministerio De Educación,Ministerio De Educación,D.Gral.Infraestructura Escolar,Infraestructura Escolar,Servicios Sociales,Educación,Bienes De Uso,Bienes De Uso,0.0,7000000.0,0.0,9602559.8,0.0,Fiscal
2025,2,Administracion Central,Ministerio De Educación,Ministerio De Educación,Ministerio De Educación,D.Gral.Infraestructura Escolar,Infraestructura Escolar,Servicios Sociales,Educación,Bienes De Consumo,Bienes De Consumo,0.0,500000000.0,306483128.73,685897128.86,420431796.08,Fiscal
2025,2,Administracion Central,Ministerio De Educación,Ministerio De Educación,Ministerio De Educación,U.Eval.Integral De La Calidad Y Equid.Educ.,Evaluacion Integral De La Calidad Y Equidad Educativa,Servicios Sociales,Educación,Gastos En Personal,Remuneraciones Al Personal,4494436811.0,4494436811.0,2158644307.68,6165442609.02,2961215865.74,Fiscal
2025,2,Administracion Central,Ministerio De Educación,Ministerio De Educación,Ministerio De Educación,U.Eval.Integral De La Calidad Y Equid.Educ.,Evaluacion Integral De La Calidad Y Equidad Educativa,Servicios Sociales,Educación,Bienes De Consumo,Bienes De Consumo,28736109.0,28736109.0,860000.0,39420029.32,1179743.06,Fiscal
2025,2,Administracion Central,Ministerio De Educación,Ministerio De Educación,Ministerio De Educación,U.Eval.Integral De La Calidad Y Equid.Educ.,Evaluacion Integral De La Calidad Y Equidad Educativa,Servicios Sociales,Educación,Servicios No Personales,Servicios No Personales,1308275453.0,1696110598.0,184310053.1,2326714778.8,252835472.48,Fiscal
2025,2,Administracion Central,Ministerio De Educación,Ministerio De Educación,Ministerio De Educación,U.Eval.Integral De La Calidad Y Equid.Educ.,Evaluacion Integral De La Calidad Y Equidad Educativa,Servicios Sociales,Educación,Bienes De Uso,Maquinaria Y Equipo,19108834.0,12100000.0,0.0,16598710.52,0.0,Fiscal
2025,2,Administracion Central,Ministerio De Educación,Ministerio De Educación,Ministerio De Educación,U.Eval.Integral De La Calidad Y Equid.Educ.,Evaluacion Integral De La Calidad Y Equidad Educativa,Servicios Sociales,Educación,Transferencias,Al Sector Privado,296230469.0,232650665.0,35960000.0,319148846.3,49329721.51,Fiscal
2025,2,Administracion Central,Ministerio De Educación,Ministerio De Educación,Ministerio De Educación,Direccion General De Mantenimiento Escolar,Mitigacion De Riesgos Y Ley De Escuelas Seguras,Servicios Sociales,Educación,Gastos En Personal,Remuneraciones Al Personal,1163655310.0,1178541740.0,557410741.15,1616716791.42,764652853.9,Fiscal
2025,2,Administracion Central,Ministerio De Educación,Ministerio De Educación,Ministerio De Educación,Direccion General De Mantenimiento Escolar,Mitigacion De Riesgos Y Ley De Escuelas Seguras,Servicios Sociales,Educación,Bienes De Consumo,Bienes De Consumo,8804006.0,8804006.0,1541000.0,12077284.88,2113934.95,Fiscal
2025,2,Administracion Central,Ministerio De Educación,Ministerio De Educación,Ministerio De Educación,Direccion General De Mantenimiento Escolar,Mitigacion De Riesgos Y Ley De Escuelas Seguras,Servicios Sociales,Educación,Servicios No Personales,Servicios No Personales,3827828.0,3827828.0,0.0,5250992.47,0.0,Fiscal
2025,2,Administracion Central,Ministerio De Educación,Ministerio De Educación,Ministerio De Educación,Direccion General De Mantenimiento Escolar,Mitigacion De Riesgos Y Ley De Escuelas Seguras,Servicios Sociales,Educación,Bienes De Uso,Maquinaria Y Equipo,6369631.0,0.0,0.0,0.0,0.0,Fiscal
2025,2,Administracion Central,Ministerio De Educación,Ministerio De Educación,Ministerio De Educación,Direccion General De Mantenimiento Escolar,Mitigacion De Riesgos Y Ley De Escuelas Seguras,Servicios Sociales,Educación,Bienes De Consumo,Bienes De Consumo,0.0,98400000.0,8665881.0,134984554.96,11887805.79,Fiscal
2025,2,Administracion Central,Ministerio De Educación,Ministerio De Educación,Ministerio De Educación,Direccion General De Mantenimiento Escolar,Mitigacion De Riesgos Y Ley De Escuelas Seguras,Servicios Sociales,Educación,Servicios No Personales,Servicios No Personales,509721487.0,409821487.0,71944272.11,562190762.56,98692739.36,Fiscal
2025,2,Administracion Central,Ministerio De Educación,Ministerio De Educación,Ministerio De Educación,Direccion General De Mantenimiento Escolar,Mitigacion De Riesgos Y Ley De Escuelas Seguras,Servicios Sociales,Educación,Bienes De Uso,Bienes De Uso,0.0,1500000.0,771159.5,2057691.39,1057872.17,Fiscal
2025,2,Administracion Central,Ministerio De Educación,Ministerio De Educación,Ministerio De Educación,Direccion General De Mantenimiento Escolar,Administracion De Mantenimiento,Servicios Sociales,Educación,Gastos En Personal,Remuneraciones Al Personal,3837643149.0,3849035470.0,1734911774.01,5280084755.51,2379942009.24,Fiscal
2025,2,Administracion Central,Ministerio De Educación,Ministerio De Educación,Ministerio De Educación,Direccion General De Mantenimiento Escolar,Administracion De Mantenimiento,Servicios Sociales,Educación,Bienes De Consumo,Bienes De Consumo,17321193.0,15902936.0,1319040.0,21815556.29,1809451.5,Fiscal
2025,2,Administracion Central,Ministerio De Educación,Ministerio De Educación,Ministerio De Educación,Direccion General De Mantenimiento Escolar,Administracion De Mantenimiento,Servicios Sociales,Educación,Servicios No Personales,Servicios No Personales,11464831867.0,11527042934.0,4359469757.53,15812731305.37,5980295580.09,Fiscal
2025,2,Administracion Central,Ministerio De Educación,Ministerio De Educación,Ministerio De Educación,Direccion General De Mantenimiento Escolar,Administracion De Mantenimiento,Servicios Sociales,Educación,Bienes De Uso,Maquinaria Y Equipo,8758213.0,50000.0,49900.0,68589.71,68452.53,Fiscal
2025,2,Administracion Central,Ministerio De Educación,Ministerio De Educación,Ministerio De Educación,Direccion General De Mantenimiento Escolar,Administracion De Mantenimiento,Servicios Sociales,Educación,Servicios No Personales,Servicios No Personales,3425106590.0,955513379.0,408486930.71,1310767766.49,560360025.9,Fiscal
2025,2,Administracion Central,Ministerio De Educación,Ministerio De Educación,Ministerio De Educación,Direccion General De Mantenimiento Escolar,Administracion De Mantenimiento,Servicios Sociales,Educación,Bienes De Uso,Construcciones Del Dominio Privado,92680043651.0,91645006662.0,30086390154.23,125718093887.79,41272337249.15,Fiscal
2025,2,Administracion Central,Ministerio De Educación,Ministerio De Educación,Ministerio De Educación,Direccion General De Mantenimiento Escolar,Administracion De Mantenimiento,Servicios Sociales,Educación,Bienes De Consumo,Bienes De Consumo,0.0,3394630200.0,740848120.49,4656734215.45,1016291197.53,Fiscal
2025,2,Administracion Central,Ministerio De Educación,Ministerio De Educación,Ministerio De Educación,Direccion General De Mantenimiento Escolar,Administracion De Mantenimiento,Servicios Sociales,Educación,Bienes De Uso,Bienes De Uso,0.0,110000000.0,49000150.66,150897368.35,67218125.3,Fiscal
2025,2,Administracion Central,Ministerio De Educación,Ministerio De Educación,Ministerio De Educación,Agencia De Habilidades Para El Futuro,Habilidades Para El Futuro,Servicios Sociales,Educación,Gastos En Personal,Remuneraciones Al Personal,63540538799.0,63517770772.0,29523328635.92,87133313208.31,40499932691.58,Fiscal
2025,2,Administracion Central,Ministerio De Educación,Ministerio De Educación,Ministerio De Educación,Agencia De Habilidades Para El Futuro,Habilidades Para El Futuro,Servicios Sociales,Educación,Bienes De Consumo,Bienes De Consumo,113543976.0,251493226.0,9481533.84,344996963.28,13006713.68,Fiscal
2025,2,Administracion Central,Ministerio De Educación,Ministerio De Educación,Ministerio De Educación,Agencia De Habilidades Para El Futuro,Habilidades Para El Futuro,Servicios Sociales,Educación,Servicios No Personales,Servicios No Personales,2550148063.0,1255284587.0,664562950.36,1721992188.25,911643639.2,Fiscal
2025,2,Administracion Central,Ministerio De Educación,Ministerio De Educación,Ministerio De Educación,Agencia De Habilidades Para El Futuro,Habilidades Para El Futuro,Servicios Sociales,Educación,Bienes De Uso,Maquinaria Y Equipo,65932745.0,70311585.0,64054911.08,96453028.55,87870159.2,Fiscal
2025,2,Administracion Central,Ministerio De Educación,Ministerio De Educación,Ministerio De Educación,Agencia De Habilidades Para El Futuro,Habilidades Para El Futuro,Servicios Sociales,Educación,Transferencias,Al Sector Externo,0.0,5295000.0,0.0,7263650.59,0.0,Fiscal
2025,2,Administracion Central,Ministerio De Educación,Ministerio De Educación,Ministerio De Educación,Agencia De Habilidades Para El Futuro,Habilidades Para El Futuro,Servicios Sociales,Educación,Transferencias,Al Sector Privado,1976591586.0,2420300172.0,299616193.68,3320153877.91,411011774.01,Fiscal
2025,2,Administracion Central,Ministerio De Educación,Ministerio De Educación,Ministerio De Educación,Subsecretaría De Gestión Administrativa,Actividades Comunes,Servicios Sociales,Educación,Gastos En Personal,Remuneraciones Al Personal,0.0,3094375596.0,682154408.88,4244846673.83,935775500.98,Fiscal
2025,2,Administracion Central,Ministerio De Educación,Ministerio De Educación,Ministerio De Educación,Subsecretaría De Gestión Administrativa,Actividades Comunes,Servicios Sociales,Educación,Bienes De Consumo,Bienes De Consumo,0.0,115882115.0,12774372.69,158966419.93,17523811.1,Fiscal
2025,2,Administracion Central,Ministerio De Educación,Ministerio De Educación,Ministerio De Educación,Subsecretaría De Gestión Administrativa,Actividades Comunes,Servicios Sociales,Educación,Servicios No Personales,Servicios No Personales,0.0,1139272899.0,168886157.75,1562848020.83,231677061.41,Fiscal
2025,2,Administracion Central,Ministerio De Educación,Ministerio De Educación,Ministerio De Educación,Subsecretaría De Gestión Administrativa,Actividades Comunes,Servicios Sociales,Educación,Bienes De Uso,Maquinaria Y Equipo,0.0,20937974.0,48664.9,28722592.5,66758.23,Fiscal
2025,2,Administracion Central,Ministerio De Educación,Ministerio De Educación,Ministerio De Educación,Subsecretaría Gestión Del Aprendizaje,Actividades Comunes,Servicios Sociales,Educación,Gastos En Personal,Remuneraciones Al Personal,29219384939.0,29012843754.0,13017091662.49,39799652461.91,17856771594.84,Fiscal
2025,2,Administracion Central,Ministerio De Educación,Ministerio De Educación,Ministerio De Educación,Subsecretaría Gestión Del Aprendizaje,Actividades Comunes,Servicios Sociales,Educación,Bienes De Consumo,Bienes De Consumo,127529969.0,1305829193.0,1082738039.78,1791328988.52,1485293825.59,Fiscal
2025,2,Administracion Central,Ministerio De Educación,Ministerio De Educación,Ministerio De Educación,Subsecretaría Gestión Del Aprendizaje,Actividades Comunes,Servicios Sociales,Educación,Servicios No Personales,Servicios No Personales,1796867686.0,905033782.0,261113270.92,1241520145.19,358193685.66,Fiscal
2025,2,Administracion Central,Ministerio De Educación,Ministerio De Educación,Ministerio De Educación,Subsecretaría Gestión Del Aprendizaje,Actividades Comunes,Servicios Sociales,Educación,Bienes De Uso,Maquinaria Y Equipo,15924027.0,46735960.0,46635710.18,64112121.56,63974599.43,Fiscal
2025,2,Administracion Central,Ministerio De Educación,Ministerio De Educación,Ministerio De Educación,Subsecretaría Gestión Del Aprendizaje,Subsidio A Cooperadoras Escolares,Servicios Sociales,Educación,Transferencias,Al Sector Privado,2979144339.0,2979144339.0,1646078822.0,4086773097.16,2258081475.78,Fiscal
2025,2,Administracion Central,Ministerio De Educación,Ministerio De Educación,Ministerio De Educación,Subsecretaría Gestión Del Aprendizaje,Subsidio A Cooperadoras Escolares,Servicios Sociales,Educación,Servicios No Personales,Servicios No Personales,114354358.0,114354358.0,21564428.0,156870651.65,29581958.5,Fiscal
2025,2,Administracion Central,Ministerio De Educación,Ministerio De Educación,Ministerio De Educación,Subsecretaría Gestión Del Aprendizaje,Subsidio A Cooperadoras Escolares,Servicios Sociales,Educación,Bienes De Consumo,Bienes De Consumo,1913915.0,1913915.0,0.0,2625497.61,0.0,Fiscal
2025,2,Administracion Central,Ministerio De Educación,Ministerio De Educación,Ministerio De Educación,Subsecretaría Gestión Del Aprendizaje,Subsidio A Cooperadoras Escolares,Servicios Sociales,Educación,Bienes De Uso,Maquinaria Y Equipo,3184805.0,0.0,0.0,0.0,0.0,Fiscal
2025,2,Administracion Central,Ministerio De Educación,Ministerio De Educación,Ministerio De Educación,Subsecretaría Gestión Del Aprendizaje,Fortalecimiento De La Comunidad Educativa,Servicios Sociales,Educación,Gastos En Personal,Remuneraciones Al Personal,23685589720.0,23685483268.0,11388934590.28,32491609938.4,15623275072.51,Fiscal
2025,2,Administracion Central,Ministerio De Educación,Ministerio De Educación,Ministerio De Educación,Subsecretaría Gestión Del Aprendizaje,Fortalecimiento De La Comunidad Educativa,Servicios Sociales,Educación,Bienes De Consumo,Bienes De Consumo,9134761.0,19534141.0,8447011.2,26796822.45,11587561.46,Fiscal
2025,2,Administracion Central,Ministerio De Educación,Ministerio De Educación,Ministerio De Educación,Subsecretaría Gestión Del Aprendizaje,Fortalecimiento De La Comunidad Educativa,Servicios Sociales,Educación,Servicios No Personales,Servicios No Personales,1086883619.0,1082287619.0,151147783.99,1484675940.95,207343662.14,Fiscal
2025,2,Administracion Central,Ministerio De Educación,Ministerio De Educación,Ministerio De Educación,Subsecretaría Gestión Del Aprendizaje,Fortalecimiento De La Comunidad Educativa,Servicios Sociales,Educación,Bienes De Uso,Maquinaria Y Equipo,7643532.0,3855844.0,1333586.96,5289424.66,1829406.93,Fiscal
2025,2,Administracion Central,Ministerio De Educación,Ministerio De Educación,Ministerio De Educación,Subsecretaría Gestión Del Aprendizaje,Escuela Abierta,Servicios Sociales,Educación,Gastos En Personal,Remuneraciones Al Personal,17107912775.0,17113628740.0,7356769474.14,23476377634.31,10091974120.01,Fiscal
2025,2,Administracion Central,Ministerio De Educación,Ministerio De Educación,Ministerio De Educación,Subsecretaría Gestión Del Aprendizaje,Escuela Abierta,Servicios Sociales,Educación,Bienes De Consumo,Bienes De Consumo,184377006.0,260712959.0,43781553.58,357644540.07,60059283.8,Fiscal
2025,2,Administracion Central,Ministerio De Educación,Ministerio De Educación,Ministerio De Educación,Subsecretaría Gestión Del Aprendizaje,Escuela Abierta,Servicios Sociales,Educación,Servicios No Personales,Servicios No Personales,171690432.0,577280567.0,347355209.97,791910166.9,476499882.43,Fiscal
2025,2,Administracion Central,Ministerio De Educación,Ministerio De Educación,Ministerio De Educación,Subsecretaría Gestión Del Aprendizaje,Escuela Abierta,Servicios Sociales,Educación,Bienes De Uso,Maquinaria Y Equipo,22293639.0,40054220.0,27681731.09,54946148.99,37973639.75,Fiscal
2025,2,Administracion Central,Ministerio De Educación,Ministerio De Educación,Ministerio De Educación,Subsecretaría Gestión Del Aprendizaje,Extension Y Capacitacion,Servicios Sociales,Educación,Servicios No Personales,Servicios No Personales,1244044.0,3404044.0,0.0,4669648.01,0.0,Fiscal
2025,2,Administracion Central,Ministerio De Educación,Ministerio De Educación,Ministerio De Educación,Subsecretaría Gestión Del Aprendizaje,Extension Y Capacitacion,Servicios Sociales,Educación,Transferencias,Al Sector Privado,20133004.0,3838004.0,0.0,5264951.85,0.0,Fiscal
2025,2,Administracion Central,Ministerio De Educación,Ministerio De Educación,Ministerio De Educación,Subsecretaría Gestión Del Aprendizaje,Extension Y Capacitacion,Servicios Sociales,Educación,Bienes De Consumo,Bienes De Consumo,765565.0,11765565.0,0.0,16139934.51,0.0,Fiscal
2025,2,Administracion Central,Ministerio De Educación,Ministerio De Educación,Ministerio De Educación,Subsecretaría Gestión Del Aprendizaje,Escuelas Verdes,Servicios Sociales,Educación,Gastos En Personal,Remuneraciones Al Personal,148988596.0,148988596.0,61427499.24,204381700.46,84265890.72,Fiscal
2025,2,Administracion Central,Ministerio De Educación,Ministerio De Educación,Ministerio De Educación,Subsecretaría Gestión Del Aprendizaje,Escuelas Verdes,Servicios Sociales,Educación,Bienes De Consumo,Bienes De Consumo,1913914.0,6613914.0,0.0,9072929.25,0.0,Fiscal
2025,2,Administracion Central,Ministerio De Educación,Ministerio De Educación,Ministerio De Educación,Subsecretaría Gestión Del Aprendizaje,Escuelas Verdes,Servicios Sociales,Educación,Servicios No Personales,Servicios No Personales,42106117.0,55065216.0,4718668.84,75538147.11,6473042.82,Fiscal
2025,2,Administracion Central,Ministerio De Educación,Ministerio De Educación,Ministerio De Educación,Subsecretaría Gestión Del Aprendizaje,Escuelas Verdes,Servicios Sociales,Educación,Bienes De Uso,Maquinaria Y Equipo,0.0,2190901.0,0.0,3005465.41,0.0,Fiscal
2025,2,Administracion Central,Ministerio De Educación,Ministerio De Educación,Ministerio De Educación,Subsecretaría Gestión Del Aprendizaje,Escuelas Verdes,Servicios Sociales,Educación,Transferencias,Al Sector Privado,9569572.0,3112508.0,0.0,4269720.6,0.0,Fiscal
2025,2,Administracion Central,Ministerio De Educación,Ministerio De Educación,Ministerio De Educación,Subsecretaría Gestión Del Aprendizaje,Sistema De Formacion Docente,Servicios Sociales,Educación,Gastos En Personal,Remuneraciones Al Personal,266978287.0,645622480.0,446233529.05,885661210.72,612140592.75,Fiscal
2025,2,Administracion Central,Ministerio De Educación,Ministerio De Educación,Ministerio De Educación,Subsecretaría Gestión Del Aprendizaje,Sistema De Formacion Docente,Servicios Sociales,Educación,Bienes De Consumo,Bienes De Consumo,80538873.0,74758373.0,615613.82,102553106.8,844495.5,Fiscal
2025,2,Administracion Central,Ministerio De Educación,Ministerio De Educación,Ministerio De Educación,Subsecretaría Gestión Del Aprendizaje,Sistema De Formacion Docente,Servicios Sociales,Educación,Servicios No Personales,Servicios No Personales,279888044.0,211542761.0,93314143.18,290193144.8,128007805.78,Fiscal
2025,2,Administracion Central,Ministerio De Educación,Ministerio De Educación,Ministerio De Educación,Subsecretaría Gestión Del Aprendizaje,Sistema De Formacion Docente,Servicios Sociales,Educación,Bienes De Uso,Maquinaria Y Equipo,2388602.0,40990000.0,40990000.0,56229846.62,56229846.62,Fiscal
2025,2,Administracion Central,Ministerio De Educación,Ministerio De Educación,Ministerio De Educación,Subsecretaría Gestión Del Aprendizaje,Educacion Artistica,Servicios Sociales,Educación,Gastos En Personal,Remuneraciones Al Personal,44054799026.0,44296730122.0,20634818018.14,60766000017.2,28306724866.42,Fiscal
2025,2,Administracion Central,Ministerio De Educación,Ministerio De Educación,Ministerio De Educación,Subsecretaría Gestión Del Aprendizaje,Educacion Artistica,Servicios Sociales,Educación,Bienes De Consumo,Bienes De Consumo,45960798.0,45792888.0,4049999.0,62818420.8,5555765.37,Fiscal
2025,2,Administracion Central,Ministerio De Educación,Ministerio De Educación,Ministerio De Educación,Subsecretaría Gestión Del Aprendizaje,Educacion Artistica,Servicios Sociales,Educación,Servicios No Personales,Servicios No Personales,51242184.0,71244348.0,32415000.0,97732587.48,44466710.86,Fiscal
2025,2,Administracion Central,Ministerio De Educación,Ministerio De Educación,Ministerio De Educación,Subsecretaría Gestión Del Aprendizaje,Educacion Artistica,Servicios Sociales,Educación,Bienes De Uso,Maquinaria Y Equipo,14331623.0,116009.0,115001.0,159140.48,157757.71,Fiscal
2025,2,Administracion Central,Ministerio De Educación,Ministerio De Educación,Ministerio De Educación,Subsecretaría Gestión Del Aprendizaje,Escuelas Normales,Servicios Sociales,Educación,Gastos En Personal,Remuneraciones Al Personal,106296931013.0,105365128148.0,49811654952.72,144539277757.53,68331342231.75,Fiscal
2025,2,Administracion Central,Ministerio De Educación,Ministerio De Educación,Ministerio De Educación,Subsecretaría Gestión Del Aprendizaje,Escuelas Normales,Servicios Sociales,Educación,Bienes De Consumo,Bienes De Consumo,95427689.0,95362289.0,1168600.0,130817440.45,1603078.77,Fiscal
2025,2,Administracion Central,Ministerio De Educación,Ministerio De Educación,Ministerio De Educación,Subsecretaría Gestión Del Aprendizaje,Escuelas Normales,Servicios Sociales,Educación,Servicios No Personales,Servicios No Personales,121092919.0,65487478.0,9619700.0,89835346.27,13196249.22,Fiscal
2025,2,Administracion Central,Ministerio De Educación,Ministerio De Educación,Ministerio De Educación,Subsecretaría Gestión Del Aprendizaje,Escuelas Normales,Servicios Sociales,Educación,Bienes De Uso,Maquinaria Y Equipo,3843641.0,1256400.0,56400.0,1723522.31,77369.2,Fiscal
2025,2,Administracion Central,Ministerio De Educación,Ministerio De Educación,Ministerio De Educación,Subsecretaría Gestión Del Aprendizaje,Becas Estudiantiles,Servicios Sociales,Educación,Transferencias,Al Sector Privado,18832955268.0,20305194295.0,6035876094.0,27854548935.8,8279980166.07,Fiscal
2025,2,Administracion Central,Ministerio De Educación,Ministerio De Educación,Ministerio De Educación,Subsecretaria De Planeamiento E Innovación Educativa,Actividades Comunes,Servicios Sociales,Educación,Gastos En Personal,Remuneraciones Al Personal,1849521446.0,1847859033.0,815677736.3,2534882410.55,1118942034.81,Fiscal
2025,2,Administracion Central,Ministerio De Educación,Ministerio De Educación,Ministerio De Educación,Subsecretaria De Planeamiento E Innovación Educativa,Actividades Comunes,Servicios Sociales,Educación,Bienes De Consumo,Bienes De Consumo,32433736.0,17433736.0,484758.99,23915498.94,664989.6,Fiscal
2025,2,Administracion Central,Ministerio De Educación,Ministerio De Educación,Ministerio De Educación,Subsecretaria De Planeamiento E Innovación Educativa,Actividades Comunes,Servicios Sociales,Educación,Servicios No Personales,Servicios No Personales,1275184687.0,1614012933.0,594433817.66,2214093673.38,815440897.66,Fiscal
2025,2,Administracion Central,Ministerio De Educación,Ministerio De Educación,Ministerio De Educación,Subsecretaria De Planeamiento E Innovación Educativa,Actividades Comunes,Servicios Sociales,Educación,Bienes De Uso,Maquinaria Y Equipo,207227452.0,26890000.0,0.0,36887547.59,0.0,Fiscal
2025,2,Administracion Central,Ministerio De Educación,Ministerio De Educación,Ministerio De Educación,Subsecretaria De Planeamiento E Innovación Educativa,Administracion De Personal,Servicios Sociales,Educación,Gastos En Personal,Remuneraciones Al Personal,17614068597.0,17679434905.0,8337256002.94,24252547282.44,11436999909.99,Fiscal
2025,2,Administracion Central,Ministerio De Educación,Ministerio De Educación,Ministerio De Educación,Subsecretaria De Planeamiento E Innovación Educativa,Administracion De Personal,Servicios Sociales,Educación,Bienes De Consumo,Bienes De Consumo,32632776.0,42632776.0,1061697.57,58483397.31,1456430.63,Fiscal
2025,2,Administracion Central,Ministerio De Educación,Ministerio De Educación,Ministerio De Educación,Subsecretaria De Planeamiento E Innovación Educativa,Administracion De Personal,Servicios Sociales,Educación,Servicios No Personales,Servicios No Personales,273888209.0,237852132.0,111970597.0,326284188.86,153600622.0,Fiscal
2025,2,Administracion Central,Ministerio De Educación,Ministerio De Educación,Ministerio De Educación,Subsecretaria De Planeamiento E Innovación Educativa,Administracion De Personal,Servicios Sociales,Educación,Bienes De Uso,Maquinaria Y Equipo,82804949.0,0.0,0.0,0.0,0.0,Fiscal
2025,2,Administracion Central,Ministerio De Educación,Ministerio De Educación,Ministerio De Educación,Subsecretaria De Planeamiento E Innovación Educativa,Carrera Docente,Servicios Sociales,Educación,Gastos En Personal,Remuneraciones Al Personal,609818098.0,613586311.0,255685239.63,841714178.05,350747543.51,Fiscal
2025,2,Administracion Central,Ministerio De Educación,Ministerio De Educación,Ministerio De Educación,Subsecretaria De Planeamiento E Innovación Educativa,Carrera Docente,Servicios Sociales,Educación,Bienes De Consumo,Bienes De Consumo,8104111.0,8104111.0,3573850.58,11117172.93,4902587.7,Fiscal
2025,2,Administracion Central,Ministerio De Educación,Ministerio De Educación,Ministerio De Educación,Subsecretaria De Planeamiento E Innovación Educativa,Carrera Docente,Servicios Sociales,Educación,Servicios No Personales,Servicios No Personales,212052577.0,137211461.0,59268913.71,188225894.29,81304755.49,Fiscal
2025,2,Administracion Central,Ministerio De Educación,Ministerio De Educación,Ministerio De Educación,Subsecretaria De Planeamiento E Innovación Educativa,Escuela De Maestros,Servicios Sociales,Educación,Gastos En Personal,Remuneraciones Al Personal,9551773491.0,9557817154.0,5882878322.33,13111358688.21,8070098701.45,Fiscal
2025,2,Administracion Central,Ministerio De Educación,Ministerio De Educación,Ministerio De Educación,Subsecretaria De Planeamiento E Innovación Educativa,Escuela De Maestros,Servicios Sociales,Educación,Bienes De Consumo,Bienes De Consumo,13307397.0,32307397.0,26555496.74,44319101.69,36428677.94,Fiscal
2025,2,Administracion Central,Ministerio De Educación,Ministerio De Educación,Ministerio De Educación,Subsecretaria De Planeamiento E Innovación Educativa,Escuela De Maestros,Servicios Sociales,Educación,Servicios No Personales,Servicios No Personales,314926551.0,249288682.0,115566765.49,341972782.48,158533825.28,Fiscal
2025,2,Administracion Central,Ministerio De Educación,Ministerio De Educación,Ministerio De Educación,Subsecretaria De Planeamiento E Innovación Educativa,Escuela De Maestros,Servicios Sociales,Educación,Bienes De Uso,Maquinaria Y Equipo,4777207.0,5172355.0,5172354.5,7095406.89,7095406.2,Fiscal
2025,2,Administracion Central,Ministerio De Educación,Ministerio De Educación,Ministerio De Educación,Subsecretaria De Planeamiento E Innovación Educativa,Escuela De Maestros,Servicios Sociales,Educación,Bienes De Uso,Activos Intangibles,0.0,20000000.0,0.0,27435885.15,0.0,Fiscal
2025,2,Administracion Central,Ministerio De Educación,Ministerio De Educación,Ministerio De Educación,Subsecretaria De Planeamiento E Innovación Educativa,Comision Del Registro Y Evaluacion De Antecedentes Profesionales,Servicios Sociales,Educación,Gastos En Personal,Remuneraciones Al Personal,2987882030.0,2986670455.0,1309809360.95,4097097379.88,1796788960.06,Fiscal
2025,2,Administracion Central,Ministerio De Educación,Ministerio De Educación,Ministerio De Educación,Subsecretaria De Planeamiento E Innovación Educativa,Comision Del Registro Y Evaluacion De Antecedentes Profesionales,Servicios Sociales,Educación,Bienes De Consumo,Bienes De Consumo,15144836.0,15144836.0,291203.92,20775599.06,399471.87,Fiscal
2025,2,Administracion Central,Ministerio De Educación,Ministerio De Educación,Ministerio De Educación,Subsecretaria De Planeamiento E Innovación Educativa,Comision Del Registro Y Evaluacion De Antecedentes Profesionales,Servicios Sociales,Educación,Servicios No Personales,Servicios No Personales,14879705.0,14879705.0,27400.0,20411893.88,37587.16,Fiscal
2025,2,Administracion Central,Ministerio De Educación,Ministerio De Educación,Ministerio De Educación,Subsecretaria De Planeamiento E Innovación Educativa,Innovacion Y Contenidos Educativos,Servicios Sociales,Educación,Gastos En Personal,Remuneraciones Al Personal,4864861009.0,4857955794.0,2152477989.64,6664115862.47,2952756946.06,Fiscal
2025,2,Administracion Central,Ministerio De Educación,Ministerio De Educación,Ministerio De Educación,Subsecretaria De Planeamiento E Innovación Educativa,Innovacion Y Contenidos Educativos,Servicios Sociales,Educación,Bienes De Consumo,Bienes De Consumo,7603629.0,7103629.0,59921.83,9744717.47,82200.42,Fiscal
2025,2,Administracion Central,Ministerio De Educación,Ministerio De Educación,Ministerio De Educación,Subsecretaria De Planeamiento E Innovación Educativa,Innovacion Y Contenidos Educativos,Servicios Sociales,Educación,Servicios No Personales,Servicios No Personales,1726271690.0,1752923830.0,1029241541.6,2404650844.22,1411907636.58,Fiscal
2025,2,Administracion Central,Ministerio De Educación,Ministerio De Educación,Ministerio De Educación,Subsecretaria De Planeamiento E Innovación Educativa,Innovacion Y Contenidos Educativos,Servicios Sociales,Educación,Bienes De Uso,Maquinaria Y Equipo,43039700.0,40181356.0,0.0,55120553.43,0.0,Fiscal
2025,2,Administracion Central,Ministerio De Educación,Ministerio De Educación,Ministerio De Educación,Subsecretaria De Planeamiento E Innovación Educativa,Innovacion Y Contenidos Educativos,Servicios Sociales,Educación,Transferencias,Al Sector Privado,1200000000.0,1200000000.0,1106244300.0,1646153109.27,1517539578.38,Fiscal
2025,2,Administracion Central,Ministerio De Educación,Ministerio De Educación,Ministerio De Educación,Subsecretaría De Tecnología Educativa,Actividades Comunes,Servicios Sociales,Educación,Gastos En Personal,Remuneraciones Al Personal,11816752341.0,11829713928.0,5155200215.55,16227933636.92,7071874053.1,Fiscal
2025,2,Administracion Central,Ministerio De Educación,Ministerio De Educación,Ministerio De Educación,Subsecretaría De Tecnología Educativa,Actividades Comunes,Servicios Sociales,Educación,Bienes De Consumo,Bienes De Consumo,9884052.0,7884052.0,412236.18,10815297.26,565503.22,Fiscal
2025,2,Administracion Central,Ministerio De Educación,Ministerio De Educación,Ministerio De Educación,Subsecretaría De Tecnología Educativa,Actividades Comunes,Servicios Sociales,Educación,Servicios No Personales,Servicios No Personales,5245943584.0,5381049178.0,472027614.23,7381692362.9,647524770.69,Fiscal
2025,2,Administracion Central,Ministerio De Educación,Ministerio De Educación,Ministerio De Educación,Subsecretaría De Tecnología Educativa,Actividades Comunes,Servicios Sociales,Educación,Bienes De Uso,Maquinaria Y Equipo,7962014.0,114000.0,114000.0,156384.55,156384.55,Fiscal
2025,2,Administracion Central,Ministerio De Educación,Ministerio De Educación,Ministerio De Educación,Subsecretaría De Tecnología Educativa,Actividades Comunes,Servicios Sociales,Educación,Bienes De Consumo,Bienes De Consumo,0.0,103000000.0,41256348.17,141294808.55,56595221.51,Fiscal
2025,2,Administracion Central,Ministerio De Educación,Ministerio De Educación,Ministerio De Educación,Subsecretaría De Tecnología Educativa,Actividades Comunes,Servicios Sociales,Educación,Servicios No Personales,Servicios No Personales,41801264122.0,40599456594.0,9765210650.08,55694101422.27,13395859895.22,Fiscal
2025,2,Administracion Central,Ministerio De Educación,Ministerio De Educación,Ministerio De Educación,Subsecretaría De Tecnología Educativa,Actividades Comunes,Servicios Sociales,Educación,Bienes De Uso,Bienes De Uso,1258914146.0,1856914146.0,492965827.84,2547304162.56,676247691.88,Fiscal
2025,2,Administracion Central,Ministerio De Educación,Ministerio De Educación,Ministerio De Educación,Subsecretaría De Tecnología Educativa,Actividades Comunes,Servicios Sociales,Educación,Transferencias,Transferencias,36977660129.0,36977660129.0,872639549.95,50725741828.94,1197081923.68,Fiscal
2025,2,Administracion Central,Ministerio De Educación,Ministerio De Educación,Ministerio De Educación,Subsecretaría De Tecnología Educativa,Proyectos Y Tecnologia Educativa,Servicios Sociales,Educación,Gastos En Personal,Remuneraciones Al Personal,830651383.0,830651383.0,321737200.44,1139482797.37,441357244.06,Fiscal
2025,2,Administracion Central,Ministerio De Educación,Ministerio De Educación,Ministerio De Educación,Subsecretaría De Tecnología Educativa,Proyectos Y Tecnologia Educativa,Servicios Sociales,Educación,Bienes De Consumo,Bienes De Consumo,12798592.0,12492692.0,617371.6,17137403.15,846906.82,Fiscal
2025,2,Administracion Central,Ministerio De Educación,Ministerio De Educación,Ministerio De Educación,Subsecretaría De Tecnología Educativa,Proyectos Y Tecnologia Educativa,Servicios Sociales,Educación,Servicios No Personales,Servicios No Personales,315358993.0,215280982.0,98475227.14,295321214.9,135087751.12,Fiscal
2025,2,Administracion Central,Ministerio De Educación,Ministerio De Educación,Ministerio De Educación,Subsecretaría De Tecnología Educativa,Proyectos Y Tecnologia Educativa,Servicios Sociales,Educación,Bienes De Uso,Activos Intangibles,1592401.0,0.0,0.0,0.0,0.0,Fiscal
2025,2,Administracion Central,Ministerio De Educación,Ministerio De Educación,Ministerio De Educación,Subsecretaría De Tecnología Educativa,Proyectos Y Tecnologia Educativa,Servicios Sociales,Educación,Bienes De Uso,Maquinaria Y Equipo,10089254.0,0.0,0.0,0.0,0.0,Fiscal
2025,2,Administracion Central,Ministerio De Educación,Ministerio De Educación,Ministerio De Educación,Subsecretaría De Tecnología Educativa,Sistemas De Gestion Escolar,Servicios Sociales,Educación,Gastos En Personal,Remuneraciones Al Personal,14828040346.0,4045464795.0,4045464782.0,5549545375.6,5549545357.76,Fiscal
2025,2,Administracion Central,Ministerio De Educación,Ministerio De Educación,Ministerio De Educación,Subsecretaría De Tecnología Educativa,Sistemas De Gestion Escolar,Servicios Sociales,Educación,Bienes De Consumo,Bienes De Consumo,8927095.0,794970.0,484969.34,1090535.28,665278.16,Fiscal
2025,2,Administracion Central,Ministerio De Educación,Ministerio De Educación,Ministerio De Educación,Subsecretaría De Tecnología Educativa,Sistemas De Gestion Escolar,Servicios Sociales,Educación,Servicios No Personales,Servicios No Personales,10526528.0,42244536.0,14186715.67,57950811.9,19461255.09,Fiscal
2025,2,Administracion Central,Ministerio De Educación,Ministerio De Educación,Ministerio De Educación,Subsecretaría De Tecnología Educativa,Sistemas De Gestion Escolar,Servicios Sociales,Educación,Bienes De Uso,Maquinaria Y Equipo,3184805.0,0.0,0.0,0.0,0.0,Fiscal
2025,2,Administracion Central,Ministerio De Educación,Ministerio De Educación,Ministerio De Educación,Subsecretaría De Tecnología Educativa,Infraestructura Y Tecnologia Educativa,Servicios Sociales,Educación,Gastos En Personal,Remuneraciones Al Personal,0.0,10769613964.0,2778157791.28,14773694593.69,3811060905.12,Fiscal
2025,2,Administracion Central,Ministerio De Educación,Ministerio De Educación,Ministerio De Educación,Subsecretaría De Tecnología Educativa,Infraestructura Y Tecnologia Educativa,Servicios Sociales,Educación,Bienes De Consumo,Bienes De Consumo,0.0,8132125.0,0.0,11155602.38,0.0,Fiscal
2025,2,Administracion Central,Ministerio De Educación,Ministerio De Educación,Ministerio De Educación,Subsecretaría De Tecnología Educativa,Infraestructura Y Tecnologia Educativa,Servicios Sociales,Educación,Servicios No Personales,Servicios No Personales,0.0,5561032.0,0.0,7628591.76,0.0,Fiscal
2025,2,Administracion Central,Ministerio De Educación,Ministerio De Educación,Ministerio De Educación,Ministro De Educación,Actividades Centrales,Servicios Sociales,Educación,Gastos En Personal,Remuneraciones Al Personal,11808711905.0,12921651445.0,7524222022.51,17725847252.53,10321684564.3,Fiscal
2025,2,Administracion Central,Ministerio De Educación,Ministerio De Educación,Ministerio De Educación,Ministro De Educación,Actividades Centrales,Servicios Sociales,Educación,Bienes De Consumo,Bienes De Consumo,157346062.0,159382062.0,114515306.94,218639397.44,157091440.48,Fiscal
2025,2,Administracion Central,Ministerio De Educación,Ministerio De Educación,Ministerio De Educación,Ministro De Educación,Actividades Centrales,Servicios Sociales,Educación,Servicios No Personales,Servicios No Personales,13325351886.0,7963318048.0,3088747669.26,10924033970.66,4237126316.24,Fiscal
2025,2,Administracion Central,Ministerio De Educación,Ministerio De Educación,Ministerio De Educación,Ministro De Educación,Actividades Centrales,Servicios Sociales,Educación,Bienes De Uso,Maquinaria Y Equipo,25796924.0,381744784.0,311808832.53,523675302.61,427737565.97,Fiscal
2025,2,Administracion Central,Ministerio De Educación,Ministerio De Educación,Ministerio De Educación,Ministro De Educación,Actividades Centrales,Administración Gubernamental,Control De La Gestión,Gastos En Personal,Remuneraciones Al Personal,354633283.0,173471922.0,155979717.89,237967786.48,213972081.32,Fiscal
2025,2,Administracion Central,Ministerio De Educación,Ministerio De Educación,Ministerio De Educación,Ministro De Educación,Actividades Centrales,Administración Gubernamental,Control De La Gestión,Bienes De Consumo,Bienes De Consumo,8065835.0,8065835.0,0.0,11064666.14,0.0,Fiscal
2025,2,Administracion Central,Ministerio De Educación,Ministerio De Educación,Ministerio De Educación,Ministro De Educación,Actividades Centrales,Administración Gubernamental,Control De La Gestión,Servicios No Personales,Servicios No Personales,69299670.0,55669951.0,24870349.0,76367719.11,34117001.95,Fiscal
2025,2,Administracion Central,Ministerio De Educación,Ministerio De Educación,Ministerio De Educación,Ministro De Educación,Actividades Centrales,Servicios Sociales,Educación,Transferencias,Al Sector Privado,0.0,17457064.0,13211094.0,23947500.15,18122902.89,Fiscal
2025,2,Administracion Central,Ministerio De Educación,Ministerio De Educación,Ministerio De Educación,Ministro De Educación,Actividades Centrales,Servicios De Seguridad,Seguridad Interior,Servicios No Personales,Servicios No Personales,37586289639.0,37586289639.0,10281166006.75,51560656295.84,14103644490.74,Fiscal
2025,2,Administracion Central,Ministerio De Educación,Ministerio De Educación,Ministerio De Educación,Ministro De Educación,Actividades Centrales,Servicios Sociales,Educación,Servicios No Personales,Servicios No Personales,0.0,1165781378.0,991298439.24,1599212200.1,1359857506.64,Fiscal
2025,2,Administracion Central,Ministerio De Educación,Ministerio De Educación,Ministerio De Educación,Dg.Educ.Estatal,Educacion De Gestion Estatal,Servicios Sociales,Educación,Gastos En Personal,Remuneraciones Al Personal,1775928781.0,2201448921.0,1288632380.78,3019934988.5,1767738500.27,Fiscal
2025,2,Administracion Central,Ministerio De Educación,Ministerio De Educación,Ministerio De Educación,Dg.Educ.Estatal,Educacion De Gestion Estatal,Servicios Sociales,Educación,Bienes De Consumo,Bienes De Consumo,41355137.0,6355137.0,1243185.12,8717940.44,1705394.21,Fiscal
2025,2,Administracion Central,Ministerio De Educación,Ministerio De Educación,Ministerio De Educación,Dg.Educ.Estatal,Educacion De Gestion Estatal,Servicios Sociales,Educación,Servicios No Personales,Servicios No Personales,8343214886.0,10254748338.0,8365258887.81,14067404884.45,11475414106.65,Fiscal
2025,2,Administracion Central,Ministerio De Educación,Ministerio De Educación,Ministerio De Educación,Dg.Educ.Estatal,Educacion De Gestion Estatal,Servicios Sociales,Educación,Bienes De Uso,Maquinaria Y Equipo,15924029.0,23200000.0,0.0,31825626.78,0.0,Fiscal
2025,2,Administracion Central,Ministerio De Educación,Ministerio De Educación,Ministerio De Educación,Dg.Educ.Estatal,Educacion Inicial,Servicios Sociales,Educación,Gastos En Personal,Remuneraciones Al Personal,198690401776.0,198329005030.0,91732795173.87,272066590239.8,125838521664.27,Fiscal
2025,2,Administracion Central,Ministerio De Educación,Ministerio De Educación,Ministerio De Educación,Dg.Educ.Estatal,Educacion Inicial,Servicios Sociales,Educación,Bienes De Consumo,Bienes De Consumo,434054032.0,539532588.0,147876012.29,740127706.07,202855464.51,Fiscal
2025,2,Administracion Central,Ministerio De Educación,Ministerio De Educación,Ministerio De Educación,Dg.Educ.Estatal,Educacion Inicial,Servicios Sociales,Educación,Servicios No Personales,Servicios No Personales,76420659.0,62929952.0,22717000.0,86326946.79,31163050.15,Fiscal
2025,2,Administracion Central,Ministerio De Educación,Ministerio De Educación,Ministerio De Educación,Dg.Educ.Estatal,Educacion Inicial,Servicios Sociales,Educación,Bienes De Uso,Maquinaria Y Equipo,21019708.0,36029122.0,36029121.9,49424542.67,49424542.53,Fiscal
2025,2,Administracion Central,Ministerio De Educación,Ministerio De Educación,Ministerio De Educación,Dg.Educ.Estatal,Educacion Primaria,Servicios Sociales,Educación,Gastos En Personal,Remuneraciones Al Personal,473288792504.0,470830303227.0,218442783502.66,645882306328.13,299658556049.68,Fiscal
2025,2,Administracion Central,Ministerio De Educación,Ministerio De Educación,Ministerio De Educación,Dg.Educ.Estatal,Educacion Primaria,Servicios Sociales,Educación,Bienes De Consumo,Bienes De Consumo,554394621.0,550970637.0,92600978.17,755818356.01,127029490.11,Fiscal
2025,2,Administracion Central,Ministerio De Educación,Ministerio De Educación,Ministerio De Educación,Dg.Educ.Estatal,Educacion Primaria,Servicios Sociales,Educación,Servicios No Personales,Servicios No Personales,2494706398.0,3016967555.0,1009755198.61,4138658767.68,1385176383.16,Fiscal
2025,2,Administracion Central,Ministerio De Educación,Ministerio De Educación,Ministerio De Educación,Dg.Educ.Estatal,Educacion Primaria,Servicios Sociales,Educación,Bienes De Uso,Maquinaria Y Equipo,12289451.0,21088089.0,2141020.0,28928519.4,2937038.94,Fiscal
2025,2,Administracion Central,Ministerio De Educación,Ministerio De Educación,Ministerio De Educación,Dg.Educ.Estatal,Educacion Primaria,Servicios Sociales,Educación,Transferencias,Al Sector Privado,688068994.0,828453798.0,202342937.75,1136468162.88,277572880.1,Fiscal
2025,2,Administracion Central,Ministerio De Educación,Ministerio De Educación,Ministerio De Educación,Dg.Educ.Estatal,Educacion Especial,Servicios Sociales,Educación,Gastos En Personal,Remuneraciones Al Personal,98360901031.0,97904424202.0,45923040543.44,134304726925.85,62996963314.61,Fiscal
2025,2,Administracion Central,Ministerio De Educación,Ministerio De Educación,Ministerio De Educación,Dg.Educ.Estatal,Educacion Especial,Servicios Sociales,Educación,Bienes De Consumo,Bienes De Consumo,111218981.0,111186606.0,4057625.0,152525147.65,5566226.67,Fiscal
2025,2,Administracion Central,Ministerio De Educación,Ministerio De Educación,Ministerio De Educación,Dg.Educ.Estatal,Educacion Especial,Servicios Sociales,Educación,Servicios No Personales,Servicios No Personales,65502712.0,43373901.0,14760700.0,59500068.33,20248643.5,Fiscal
2025,2,Administracion Central,Ministerio De Educación,Ministerio De Educación,Ministerio De Educación,Dg.Educ.Estatal,Educacion Especial,Servicios Sociales,Educación,Transferencias,Al Sector Privado,26748689.0,14748689.0,0.0,20232166.88,0.0,Fiscal
2025,2,Administracion Central,Ministerio De Educación,Ministerio De Educación,Ministerio De Educación,Dg.Educ.Estatal,Educacion Especial,Servicios Sociales,Educación,Bienes De Uso,Maquinaria Y Equipo,0.0,3675.0,3675.0,5041.34,5041.34,Fiscal
2025,2,Administracion Central,Ministerio De Educación,Ministerio De Educación,Ministerio De Educación,Dg.Educ.Estatal,Educacion Media,Servicios Sociales,Educación,Gastos En Personal,Remuneraciones Al Personal,209443758092.0,211426569087.0,99423505110.91,290033753403.33,136388593393.7,Fiscal
2025,2,Administracion Central,Ministerio De Educación,Ministerio De Educación,Ministerio De Educación,Dg.Educ.Estatal,Educacion Media,Servicios Sociales,Educación,Bienes De Consumo,Bienes De Consumo,125704774.0,166703474.0,69449580.8,228682868.38,95270536.14,Fiscal
2025,2,Administracion Central,Ministerio De Educación,Ministerio De Educación,Ministerio De Educación,Dg.Educ.Estatal,Educacion Media,Servicios Sociales,Educación,Servicios No Personales,Servicios No Personales,329002839.0,355125351.0,146320395.0,487158917.27,200721477.65,Fiscal
2025,2,Administracion Central,Ministerio De Educación,Ministerio De Educación,Ministerio De Educación,Dg.Educ.Estatal,Educacion Media,Servicios Sociales,Educación,Bienes De Uso,Maquinaria Y Equipo,0.0,43089300.0,189299.2,59109654.31,259679.56,Fiscal
2025,2,Administracion Central,Ministerio De Educación,Ministerio De Educación,Ministerio De Educación,Dg.Educ.Estatal,Educacion Del Adulto Y Del Adolescente,Servicios Sociales,Educación,Gastos En Personal,Remuneraciones Al Personal,46873848850.0,47572488360.0,22441517284.9,65259666357.78,30785144545.99,Fiscal
2025,2,Administracion Central,Ministerio De Educación,Ministerio De Educación,Ministerio De Educación,Dg.Educ.Estatal,Educacion Del Adulto Y Del Adolescente,Servicios Sociales,Educación,Bienes De Consumo,Bienes De Consumo,190098012.0,187435475.0,23108320.02,257122908.3,31699860.71,Fiscal
2025,2,Administracion Central,Ministerio De Educación,Ministerio De Educación,Ministerio De Educación,Dg.Educ.Estatal,Educacion Del Adulto Y Del Adolescente,Servicios Sociales,Educación,Servicios No Personales,Servicios No Personales,87168274.0,26370811.0,3443766.9,36175327.1,4724139.66,Fiscal
2025,2,Administracion Central,Ministerio De Educación,Ministerio De Educación,Ministerio De Educación,Dg.Educ.Estatal,Educacion Del Adulto Y Del Adolescente,Servicios Sociales,Educación,Bienes De Uso,Maquinaria Y Equipo,1592401.0,64000.0,64000.0,87794.83,87794.83,Fiscal
2025,2,Administracion Central,Ministerio De Educación,Ministerio De Educación,Ministerio De Educación,Dg.Educ.Estatal,Educacion Tecnica,Servicios Sociales,Educación,Gastos En Personal,Remuneraciones Al Personal,177465142245.0,177393872095.0,82407372047.25,243347895094.93,113045959768.35,Fiscal
2025,2,Administracion Central,Ministerio De Educación,Ministerio De Educación,Ministerio De Educación,Dg.Educ.Estatal,Educacion Tecnica,Servicios Sociales,Educación,Bienes De Consumo,Bienes De Consumo,196818170.0,162995331.0,9760201.4,223596059.1,13388988.23,Fiscal
2025,2,Administracion Central,Ministerio De Educación,Ministerio De Educación,Ministerio De Educación,Dg.Educ.Estatal,Educacion Tecnica,Servicios Sociales,Educación,Servicios No Personales,Servicios No Personales,138979666.0,282891992.0,84606890.0,388069610.18,116063245.87,Fiscal
2025,2,Administracion Central,Ministerio De Educación,Ministerio De Educación,Ministerio De Educación,Dg.Educ.Estatal,Educacion Tecnica,Servicios Sociales,Educación,Bienes De Uso,Maquinaria Y Equipo,299371763.0,70783000.0,2452798.6,97099712.94,3364735.03,Fiscal
2025,2,Administracion Central,Ministerio De Hacienda Y Finanzas,Ministerio De Hacienda Y Finanzas,Ministerio De Hacienda Y Finanzas,Dir.Gral.Oficina De Gestion Publica Y Presupuesto,Gestion Presupuestaria,Administración Gubernamental,Administración Fiscal,Gastos En Personal,Remuneraciones Al Personal,1969704496.0,1952881941.0,993914150.93,2678952232.67,1363445724.91,Fiscal
2025,2,Administracion Central,Ministerio De Hacienda Y Finanzas,Ministerio De Hacienda Y Finanzas,Ministerio De Hacienda Y Finanzas,Dir.Gral.Oficina De Gestion Publica Y Presupuesto,Gestion Presupuestaria,Administración Gubernamental,Administración Fiscal,Bienes De Consumo,Bienes De Consumo,6313235.0,6313235.0,607863.86,8660459.52,833864.15,Fiscal
2025,2,Administracion Central,Ministerio De Hacienda Y Finanzas,Ministerio De Hacienda Y Finanzas,Ministerio De Hacienda Y Finanzas,Dir.Gral.Oficina De Gestion Publica Y Presupuesto,Gestion Presupuestaria,Administración Gubernamental,Administración Fiscal,Servicios No Personales,Servicios No Personales,169848510.0,146097865.0,64610574.79,200416212.27,88632415.49,Fiscal
2025,2,Administracion Central,Ministerio De Hacienda Y Finanzas,Ministerio De Hacienda Y Finanzas,Ministerio De Hacienda Y Finanzas,Dir.Gral.Oficina De Gestion Publica Y Presupuesto,Gestion Presupuestaria,Administración Gubernamental,Administración Fiscal,Bienes De Uso,Maquinaria Y Equipo,15509119.0,2509119.0,31800.0,3441995.04,43623.06,Fiscal
2025,2,Administracion Central,Ministerio De Hacienda Y Finanzas,Ministerio De Hacienda Y Finanzas,Ministerio De Hacienda Y Finanzas,Dir.Gral.De Contaduria,Sistema De Contabilidad Gubernamental,Administración Gubernamental,Administración Fiscal,Gastos En Personal,Remuneraciones Al Personal,8154640098.0,7975966391.0,3850745065.85,10941384894.95,5282429969.28,Fiscal
2025,2,Administracion Central,Ministerio De Hacienda Y Finanzas,Ministerio De Hacienda Y Finanzas,Ministerio De Hacienda Y Finanzas,Dir.Gral.De Contaduria,Sistema De Contabilidad Gubernamental,Administración Gubernamental,Administración Fiscal,Bienes De Consumo,Bienes De Consumo,62950343.0,61078343.0,12479242.87,83786920.2,17118953.71,Fiscal
2025,2,Administracion Central,Ministerio De Hacienda Y Finanzas,Ministerio De Hacienda Y Finanzas,Ministerio De Hacienda Y Finanzas,Dir.Gral.De Contaduria,Sistema De Contabilidad Gubernamental,Administración Gubernamental,Administración Fiscal,Servicios No Personales,Servicios No Personales,266808829.0,270852213.0,112193646.11,371553510.48,153906599.49,Fiscal
2025,2,Administracion Central,Ministerio De Hacienda Y Finanzas,Ministerio De Hacienda Y Finanzas,Ministerio De Hacienda Y Finanzas,Dir.Gral.De Contaduria,Sistema De Contabilidad Gubernamental,Administración Gubernamental,Administración Fiscal,Bienes De Uso,Maquinaria Y Equipo,8478318.0,8478318.0,3072184.05,11630507.95,4214404.44,Fiscal
2025,2,Administracion Central,Ministerio De Hacienda Y Finanzas,Ministerio De Hacienda Y Finanzas,Ministerio De Hacienda Y Finanzas,Dir.Gral.De Tesoreria,Administracion De Los Fondos Del Gobierno De La Ciudad De Buenos Aires,Administración Gubernamental,Administración Fiscal,Gastos En Personal,Remuneraciones Al Personal,3376437924.0,3244643125.0,1593989156.05,4450982807.23,2186625171.14,Fiscal
2025,2,Administracion Central,Ministerio De Hacienda Y Finanzas,Ministerio De Hacienda Y Finanzas,Ministerio De Hacienda Y Finanzas,Dir.Gral.De Tesoreria,Administracion De Los Fondos Del Gobierno De La Ciudad De Buenos Aires,Administración Gubernamental,Administración Fiscal,Bienes De Consumo,Bienes De Consumo,32321792.0,31407880.0,4015397.45,43085149.43,5508299.16,Fiscal
2025,2,Administracion Central,Ministerio De Hacienda Y Finanzas,Ministerio De Hacienda Y Finanzas,Ministerio De Hacienda Y Finanzas,Dir.Gral.De Tesoreria,Administracion De Los Fondos Del Gobierno De La Ciudad De Buenos Aires,Administración Gubernamental,Administración Fiscal,Servicios No Personales,Servicios No Personales,2020994073.0,2017872817.0,698021566.19,2768106343.17,957541976.27,Fiscal
2025,2,Administracion Central,Ministerio De Hacienda Y Finanzas,Ministerio De Hacienda Y Finanzas,Ministerio De Hacienda Y Finanzas,Dir.Gral.De Tesoreria,Administracion De Los Fondos Del Gobierno De La Ciudad De Buenos Aires,Administración Gubernamental,Administración Fiscal,Bienes De Uso,Maquinaria Y Equipo,8685106.0,8685106.0,6097099.95,11914178.54,8363966.7,Fiscal
2025,2,Administracion Central,Ministerio De Hacienda Y Finanzas,Ministerio De Hacienda Y Finanzas,Ministerio De Hacienda Y Finanzas,Dir.Gral.De Credito Publico,Administracion De La Deuda,Administración Gubernamental,Administración Fiscal,Gastos En Personal,Remuneraciones Al Personal,286105860.0,298310169.0,156177945.3,409220176.85,214244008.55,Fiscal
2025,2,Administracion Central,Ministerio De Hacienda Y Finanzas,Ministerio De Hacienda Y Finanzas,Ministerio De Hacienda Y Finanzas,Dir.Gral.De Credito Publico,Administracion De La Deuda,Administración Gubernamental,Administración Fiscal,Bienes De Consumo,Bienes De Consumo,3459056.0,3459056.0,252624.86,4745113.16,346549.33,Fiscal
2025,2,Administracion Central,Ministerio De Hacienda Y Finanzas,Ministerio De Hacienda Y Finanzas,Ministerio De Hacienda Y Finanzas,Dir.Gral.De Credito Publico,Administracion De La Deuda,Administración Gubernamental,Administración Fiscal,Servicios No Personales,Servicios No Personales,46621934.0,45432390.0,16604697.0,62323891.72,22778228.0,Fiscal
2025,2,Administracion Central,Ministerio De Hacienda Y Finanzas,Ministerio De Hacienda Y Finanzas,Ministerio De Hacienda Y Finanzas,Dir.Gral.De Credito Publico,Administracion De La Deuda,Administración Gubernamental,Administración Fiscal,Bienes De Uso,Maquinaria Y Equipo,272960.0,272960.0,0.0,374444.96,0.0,Fiscal
2025,2,Administracion Central,Ministerio De Hacienda Y Finanzas,Ministerio De Hacienda Y Finanzas,Ministerio De Hacienda Y Finanzas,Dir.Gral. Redeterminación De Precios,Analisis De Redeterminaciones De Precios,Administración Gubernamental,Administración Fiscal,Gastos En Personal,Remuneraciones Al Personal,270669676.0,295211987.0,163180629.58,404970108.58,223850250.63,Fiscal
2025,2,Administracion Central,Ministerio De Hacienda Y Finanzas,Ministerio De Hacienda Y Finanzas,Ministerio De Hacienda Y Finanzas,Dir.Gral. Redeterminación De Precios,Analisis De Redeterminaciones De Precios,Administración Gubernamental,Administración Fiscal,Bienes De Consumo,Bienes De Consumo,2673245.0,2673245.0,831384.13,3667142.14,1140487.98,Fiscal
2025,2,Administracion Central,Ministerio De Hacienda Y Finanzas,Ministerio De Hacienda Y Finanzas,Ministerio De Hacienda Y Finanzas,Dir.Gral. Redeterminación De Precios,Analisis De Redeterminaciones De Precios,Administración Gubernamental,Administración Fiscal,Servicios No Personales,Servicios No Personales,356215638.0,345524808.0,164916110.0,473988947.51,226230972.7,Fiscal
2025,2,Administracion Central,Ministerio De Hacienda Y Finanzas,Ministerio De Hacienda Y Finanzas,Ministerio De Hacienda Y Finanzas,Dir.Gral. Redeterminación De Precios,Analisis De Redeterminaciones De Precios,Administración Gubernamental,Administración Fiscal,Bienes De Uso,Maquinaria Y Equipo,2499035.0,2499035.0,2151500.92,3428161.86,2951416.61,Fiscal
2025,2,Administracion Central,Ministerio De Hacienda Y Finanzas,Ministerio De Hacienda Y Finanzas,Ministerio De Hacienda Y Finanzas,Dir.Gral.De Compras Y Contrataciones,Compra De Bienes Y Contratacion De Servicios,Administración Gubernamental,Administración Fiscal,Gastos En Personal,Remuneraciones Al Personal,1414563517.0,1419826937.0,659870904.84,1947710439.14,905207118.1,Fiscal
2025,2,Administracion Central,Ministerio De Hacienda Y Finanzas,Ministerio De Hacienda Y Finanzas,Ministerio De Hacienda Y Finanzas,Dir.Gral.De Compras Y Contrataciones,Compra De Bienes Y Contratacion De Servicios,Administración Gubernamental,Administración Fiscal,Bienes De Consumo,Bienes De Consumo,13067550.0,11599130.0,1154284.47,15911619.93,1583440.81,Fiscal
2025,2,Administracion Central,Ministerio De Hacienda Y Finanzas,Ministerio De Hacienda Y Finanzas,Ministerio De Hacienda Y Finanzas,Dir.Gral.De Compras Y Contrataciones,Compra De Bienes Y Contratacion De Servicios,Administración Gubernamental,Administración Fiscal,Servicios No Personales,Servicios No Personales,4768121584.0,4788470267.0,1074492772.77,6568796015.54,1473983015.65,Fiscal
2025,2,Administracion Central,Ministerio De Hacienda Y Finanzas,Ministerio De Hacienda Y Finanzas,Ministerio De Hacienda Y Finanzas,Dir.Gral.De Compras Y Contrataciones,Compra De Bienes Y Contratacion De Servicios,Administración Gubernamental,Administración Fiscal,Bienes De Uso,Maquinaria Y Equipo,9822444.0,2822444.0,700900.01,3871812.47,961490.61,Fiscal
2025,2,Administracion Central,Ministerio De Hacienda Y Finanzas,Ministerio De Hacienda Y Finanzas,Ministerio De Hacienda Y Finanzas,Dir.Gral.De Compras Y Contrataciones,Compra De Bienes Y Contratacion De Servicios,Administración Gubernamental,Administración Fiscal,Bienes De Uso,Activos Intangibles,103394.0,103394.0,0.0,141835.3,0.0,Fiscal
2025,2,Administracion Central,Ministerio De Hacienda Y Finanzas,Ministerio De Hacienda Y Finanzas,Ministerio De Hacienda Y Finanzas,Dir.Gral.De Compras Y Contrataciones,Compra De Bienes Y Contratacion De Servicios,Administración Gubernamental,Administración Fiscal,Bienes De Uso,Bienes De Uso,530769346.0,525897346.0,195588477.56,721422959.39,268307150.39,Fiscal
2025,2,Administracion Central,Ministerio De Hacienda Y Finanzas,Ministerio De Hacienda Y Finanzas,Ministerio De Hacienda Y Finanzas,Subsecretaria De Gestión De Recursos Humanos,Actividades Comunes,Administración Gubernamental,Dirección Ejecutiva,Gastos En Personal,Remuneraciones Al Personal,1129597633.0,1125642277.0,542429934.59,1544149611.84,744102269.49,Fiscal
2025,2,Administracion Central,Ministerio De Hacienda Y Finanzas,Ministerio De Hacienda Y Finanzas,Ministerio De Hacienda Y Finanzas,Subsecretaria De Gestión De Recursos Humanos,Actividades Comunes,Administración Gubernamental,Dirección Ejecutiva,Bienes De Consumo,Bienes De Consumo,15978469.0,13642757.0,1485135.85,18715055.71,2037300.83,Fiscal
2025,2,Administracion Central,Ministerio De Hacienda Y Finanzas,Ministerio De Hacienda Y Finanzas,Ministerio De Hacienda Y Finanzas,Subsecretaria De Gestión De Recursos Humanos,Actividades Comunes,Administración Gubernamental,Dirección Ejecutiva,Servicios No Personales,Servicios No Personales,5913695655.0,6862351276.0,2585913594.18,9413734074.89,3547341419.46,Fiscal
2025,2,Administracion Central,Ministerio De Hacienda Y Finanzas,Ministerio De Hacienda Y Finanzas,Ministerio De Hacienda Y Finanzas,Subsecretaria De Gestión De Recursos Humanos,Actividades Comunes,Administración Gubernamental,Dirección Ejecutiva,Bienes De Uso,Maquinaria Y Equipo,7857954.0,164940804.0,164940387.93,226264847.79,226264277.03,Fiscal
2025,2,Administracion Central,Ministerio De Hacienda Y Finanzas,Ministerio De Hacienda Y Finanzas,Ministerio De Hacienda Y Finanzas,Subsecretaria De Gestión De Recursos Humanos,"Relaciones Laborales, Legales Y Asuntos Previsionales",Administración Gubernamental,Dirección Ejecutiva,Gastos En Personal,Remuneraciones Al Personal,1705967296.0,1710179114.0,881631059.9,2346013888.26,1209416425.4,Fiscal
2025,2,Administracion Central,Ministerio De Hacienda Y Finanzas,Ministerio De Hacienda Y Finanzas,Ministerio De Hacienda Y Finanzas,Subsecretaria De Gestión De Recursos Humanos,"Relaciones Laborales, Legales Y Asuntos Previsionales",Administración Gubernamental,Dirección Ejecutiva,Bienes De Consumo,Bienes De Consumo,5125956.0,5125956.0,429178.99,7031757.01,588745.27,Fiscal
2025,2,Administracion Central,Ministerio De Hacienda Y Finanzas,Ministerio De Hacienda Y Finanzas,Ministerio De Hacienda Y Finanzas,Subsecretaria De Gestión De Recursos Humanos,"Relaciones Laborales, Legales Y Asuntos Previsionales",Administración Gubernamental,Dirección Ejecutiva,Servicios No Personales,Servicios No Personales,205734842.0,120884842.0,39068315.19,165829132.1,53593690.44,Fiscal
2025,2,Administracion Central,Ministerio De Hacienda Y Finanzas,Ministerio De Hacienda Y Finanzas,Ministerio De Hacienda Y Finanzas,Subsecretaria De Gestión De Recursos Humanos,"Relaciones Laborales, Legales Y Asuntos Previsionales",Administración Gubernamental,Dirección Ejecutiva,Bienes De Uso,Maquinaria Y Equipo,2045136.0,2045136.0,2045136.0,2805505.82,2805505.82,Fiscal
2025,2,Administracion Central,Ministerio De Hacienda Y Finanzas,Ministerio De Hacienda Y Finanzas,Ministerio De Hacienda Y Finanzas,Subsecretaria De Gestión De Recursos Humanos,Gestion En La Estructura Remunerativa Del Personal,Administración Gubernamental,Dirección Ejecutiva,Gastos En Personal,Remuneraciones Al Personal,6645191763.0,6596459078.0,3301630996.1,9048984684.5,4529158441.57,Fiscal
2025,2,Administracion Central,Ministerio De Hacienda Y Finanzas,Ministerio De Hacienda Y Finanzas,Ministerio De Hacienda Y Finanzas,Subsecretaria De Gestión De Recursos Humanos,Gestion En La Estructura Remunerativa Del Personal,Administración Gubernamental,Dirección Ejecutiva,Bienes De Consumo,Bienes De Consumo,4345500.0,4141200.0,2489517.91,5680874.38,3415106.37,Fiscal
2025,2,Administracion Central,Ministerio De Hacienda Y Finanzas,Ministerio De Hacienda Y Finanzas,Ministerio De Hacienda Y Finanzas,Subsecretaria De Gestión De Recursos Humanos,Gestion En La Estructura Remunerativa Del Personal,Administración Gubernamental,Dirección Ejecutiva,Servicios No Personales,Servicios No Personales,237120078.0,174851972.0,78912773.0,239860931.14,108252088.86,Fiscal
2025,2,Administracion Central,Ministerio De Hacienda Y Finanzas,Ministerio De Hacienda Y Finanzas,Ministerio De Hacienda Y Finanzas,Subsecretaria De Gestión De Recursos Humanos,Gestion En La Estructura Remunerativa Del Personal,Administración Gubernamental,Dirección Ejecutiva,Bienes De Uso,Maquinaria Y Equipo,2271569.0,2271569.0,2271569.0,3116125.31,3116125.31,Fiscal
2025,2,Administracion Central,Ministerio De Hacienda Y Finanzas,Ministerio De Hacienda Y Finanzas,Ministerio De Hacienda Y Finanzas,Subsecretaria De Gestión De Recursos Humanos,Proteccion Y Prevencion En Medicina Laboral,Administración Gubernamental,Dirección Ejecutiva,Gastos En Personal,Remuneraciones Al Personal,2687753304.0,2654930348.0,1253097272.16,3642018206.04,1718991642.32,Fiscal
2025,2,Administracion Central,Ministerio De Hacienda Y Finanzas,Ministerio De Hacienda Y Finanzas,Ministerio De Hacienda Y Finanzas,Subsecretaria De Gestión De Recursos Humanos,Proteccion Y Prevencion En Medicina Laboral,Administración Gubernamental,Dirección Ejecutiva,Bienes De Consumo,Bienes De Consumo,35115160.0,32115160.0,4577091.81,44055392.07,6278828.26,Fiscal
2025,2,Administracion Central,Ministerio De Hacienda Y Finanzas,Ministerio De Hacienda Y Finanzas,Ministerio De Hacienda Y Finanzas,Subsecretaria De Gestión De Recursos Humanos,Proteccion Y Prevencion En Medicina Laboral,Administración Gubernamental,Dirección Ejecutiva,Servicios No Personales,Servicios No Personales,347430196.0,353032216.0,90893893.78,484287566.7,124687721.55,Fiscal
2025,2,Administracion Central,Ministerio De Hacienda Y Finanzas,Ministerio De Hacienda Y Finanzas,Ministerio De Hacienda Y Finanzas,Subsecretaria De Gestión De Recursos Humanos,Proteccion Y Prevencion En Medicina Laboral,Administración Gubernamental,Dirección Ejecutiva,Bienes De Uso,Maquinaria Y Equipo,909869.0,909869.0,0.0,1248153.07,0.0,Fiscal
2025,2,Administracion Central,Ministerio De Hacienda Y Finanzas,Ministerio De Hacienda Y Finanzas,Ministerio De Hacienda Y Finanzas,Subsecretaria De Gestión De Recursos Humanos,Planificacion Y Control Operativo,Administración Gubernamental,Dirección Ejecutiva,Gastos En Personal,Remuneraciones Al Personal,1610811120.0,1669585016.0,878523634.7,2290327137.73,1205153677.35,Fiscal
2025,2,Administracion Central,Ministerio De Hacienda Y Finanzas,Ministerio De Hacienda Y Finanzas,Ministerio De Hacienda Y Finanzas,Subsecretaria De Gestión De Recursos Humanos,Planificacion Y Control Operativo,Administración Gubernamental,Dirección Ejecutiva,Bienes De Consumo,Bienes De Consumo,3425869.0,3425869.0,410051.96,4699587.42,562506.92,Fiscal
2025,2,Administracion Central,Ministerio De Hacienda Y Finanzas,Ministerio De Hacienda Y Finanzas,Ministerio De Hacienda Y Finanzas,Subsecretaria De Gestión De Recursos Humanos,Planificacion Y Control Operativo,Administración Gubernamental,Dirección Ejecutiva,Servicios No Personales,Servicios No Personales,389460619.0,309020331.0,142747826.72,423912315.59,195820649.0,Fiscal
2025,2,Administracion Central,Ministerio De Hacienda Y Finanzas,Ministerio De Hacienda Y Finanzas,Ministerio De Hacienda Y Finanzas,Subsecretaria De Gestión De Recursos Humanos,Planificacion Y Control Operativo,Administración Gubernamental,Dirección Ejecutiva,Bienes De Uso,Maquinaria Y Equipo,909869.0,909869.0,909869.0,1248153.07,1248153.07,Fiscal
2025,2,Administracion Central,Ministerio De Hacienda Y Finanzas,Ministerio De Hacienda Y Finanzas,Ministerio De Hacienda Y Finanzas,Subsecretaria De Gestión De Recursos Humanos,Desarrollo Del Servicio Civil,Administración Gubernamental,Dirección Ejecutiva,Gastos En Personal,Remuneraciones Al Personal,1387737383.0,1406203954.0,679198346.87,1929022509.28,931720392.09,Fiscal
2025,2,Administracion Central,Ministerio De Hacienda Y Finanzas,Ministerio De Hacienda Y Finanzas,Ministerio De Hacienda Y Finanzas,Subsecretaria De Gestión De Recursos Humanos,Desarrollo Del Servicio Civil,Administración Gubernamental,Dirección Ejecutiva,Bienes De Consumo,Bienes De Consumo,4585312.0,4585312.0,539228.07,6290104.67,739709.97,Fiscal
2025,2,Administracion Central,Ministerio De Hacienda Y Finanzas,Ministerio De Hacienda Y Finanzas,Ministerio De Hacienda Y Finanzas,Subsecretaria De Gestión De Recursos Humanos,Desarrollo Del Servicio Civil,Administración Gubernamental,Dirección Ejecutiva,Servicios No Personales,Servicios No Personales,286052419.0,226067439.0,98973913.0,310118014.68,135771845.52,Fiscal
2025,2,Administracion Central,Ministerio De Hacienda Y Finanzas,Ministerio De Hacienda Y Finanzas,Ministerio De Hacienda Y Finanzas,Subsecretaria De Gestión De Recursos Humanos,Desarrollo Del Servicio Civil,Administración Gubernamental,Dirección Ejecutiva,Bienes De Uso,Maquinaria Y Equipo,909869.0,909869.0,280697.24,1248153.07,385058.86,Fiscal
2025,2,Administracion Central,Ministerio De Hacienda Y Finanzas,Ministerio De Hacienda Y Finanzas,Ministerio De Hacienda Y Finanzas,Dir.Gral. Relaciones Fiscales,Relaciones Fiscales Con Los Gobiernos Nacional Y Provinciales,Administración Gubernamental,Administración Fiscal,Gastos En Personal,Remuneraciones Al Personal,228713533.0,238558790.0,120879351.57,327253578.25,165821600.36,Fiscal
2025,2,Administracion Central,Ministerio De Hacienda Y Finanzas,Ministerio De Hacienda Y Finanzas,Ministerio De Hacienda Y Finanzas,Dir.Gral. Relaciones Fiscales,Relaciones Fiscales Con Los Gobiernos Nacional Y Provinciales,Administración Gubernamental,Administración Fiscal,Bienes De Consumo,Bienes De Consumo,1006352.0,1006352.0,50239.43,1380507.89,68918.16,Fiscal
2025,2,Administracion Central,Ministerio De Hacienda Y Finanzas,Ministerio De Hacienda Y Finanzas,Ministerio De Hacienda Y Finanzas,Dir.Gral. Relaciones Fiscales,Relaciones Fiscales Con Los Gobiernos Nacional Y Provinciales,Administración Gubernamental,Administración Fiscal,Servicios No Personales,Servicios No Personales,30844774.0,31149929.0,12649174.4,42731293.73,17352064.81,Fiscal
2025,2,Administracion Central,Ministerio De Hacienda Y Finanzas,Ministerio De Hacienda Y Finanzas,Ministerio De Hacienda Y Finanzas,Dir.Gral. Relaciones Fiscales,Relaciones Fiscales Con Los Gobiernos Nacional Y Provinciales,Administración Gubernamental,Administración Fiscal,Bienes De Uso,Maquinaria Y Equipo,90987.0,90987.0,0.0,124815.44,0.0,Fiscal
2025,2,Administracion Central,Ministerio De Hacienda Y Finanzas,Ministerio De Hacienda Y Finanzas,Ministerio De Hacienda Y Finanzas,D.G.Gestiòn De La Flota Automotor,Flota Automotor Del Gobierno De La Ciudad De Buenos Aires,Administración Gubernamental,Dirección Ejecutiva,Gastos En Personal,Remuneraciones Al Personal,1478748714.0,1485659351.0,704471243.52,2038018966.63,966389606.59,Fiscal
2025,2,Administracion Central,Ministerio De Hacienda Y Finanzas,Ministerio De Hacienda Y Finanzas,Ministerio De Hacienda Y Finanzas,D.G.Gestiòn De La Flota Automotor,Flota Automotor Del Gobierno De La Ciudad De Buenos Aires,Administración Gubernamental,Dirección Ejecutiva,Bienes De Consumo,Bienes De Consumo,3678440668.0,4986773749.0,1459920578.96,6840827593.44,2002710666.95,Fiscal
2025,2,Administracion Central,Ministerio De Hacienda Y Finanzas,Ministerio De Hacienda Y Finanzas,Ministerio De Hacienda Y Finanzas,D.G.Gestiòn De La Flota Automotor,Flota Automotor Del Gobierno De La Ciudad De Buenos Aires,Administración Gubernamental,Dirección Ejecutiva,Servicios No Personales,Servicios No Personales,7185892295.0,5970230857.0,2340065278.36,8189928406.91,3210088111.55,Fiscal
2025,2,Administracion Central,Ministerio De Hacienda Y Finanzas,Ministerio De Hacienda Y Finanzas,Ministerio De Hacienda Y Finanzas,D.G.Gestiòn De La Flota Automotor,Flota Automotor Del Gobierno De La Ciudad De Buenos Aires,Administración Gubernamental,Dirección Ejecutiva,Bienes De Uso,Maquinaria Y Equipo,9512258.0,9512258.0,7248039.72,13048860.9,9942819.27,Fiscal
2025,2,Administracion Central,Ministerio De Hacienda Y Finanzas,Ministerio De Hacienda Y Finanzas,Ministerio De Hacienda Y Finanzas,Dir. Gral. Relación Con Organismos Multilaterales,Relacion Con Organismos Multilaterales,Administración Gubernamental,Dirección Ejecutiva,Gastos En Personal,Remuneraciones Al Personal,0.0,91296829.0,28837417.23,125240465.77,39559003.36,Fiscal
2025,2,Administracion Central,Ministerio De Hacienda Y Finanzas,Ministerio De Hacienda Y Finanzas,Ministerio De Hacienda Y Finanzas,Dir. Gral. Relación Con Organismos Multilaterales,Relacion Con Organismos Multilaterales,Administración Gubernamental,Dirección Ejecutiva,Servicios No Personales,Servicios No Personales,0.0,1047228.0,0.0,1436581.36,0.0,Fiscal
2025,2,Administracion Central,Ministerio De Hacienda Y Finanzas,Ministerio De Hacienda Y Finanzas,Ministerio De Hacienda Y Finanzas,Subsecretaría De Administración De Bienes Inmuebles,Actividades Comunes,Servicios Económicos,Industria Y Comercio,Gastos En Personal,Remuneraciones Al Personal,209545690.0,198262724.0,101842053.85,271975666.3,139706344.67,Fiscal
2025,2,Administracion Central,Ministerio De Hacienda Y Finanzas,Ministerio De Hacienda Y Finanzas,Ministerio De Hacienda Y Finanzas,Subsecretaría De Administración De Bienes Inmuebles,Actividades Comunes,Servicios Económicos,Industria Y Comercio,Bienes De Consumo,Bienes De Consumo,1338229.0,4988229.0,2085696.9,6842823.9,2861147.03,Fiscal
2025,2,Administracion Central,Ministerio De Hacienda Y Finanzas,Ministerio De Hacienda Y Finanzas,Ministerio De Hacienda Y Finanzas,Subsecretaría De Administración De Bienes Inmuebles,Actividades Comunes,Servicios Económicos,Industria Y Comercio,Servicios No Personales,Servicios No Personales,4872514724.0,4807676450.0,1420493852.34,6595142947.09,1948625309.77,Fiscal
2025,2,Administracion Central,Ministerio De Hacienda Y Finanzas,Ministerio De Hacienda Y Finanzas,Ministerio De Hacienda Y Finanzas,Subsecretaría De Administración De Bienes Inmuebles,Actividades Comunes,Servicios Económicos,Industria Y Comercio,Bienes De Uso,Maquinaria Y Equipo,9098683.0,9098683.0,8472845.2,12481521.09,11623000.39,Fiscal
2025,2,Administracion Central,Ministerio De Hacienda Y Finanzas,Ministerio De Hacienda Y Finanzas,Ministerio De Hacienda Y Finanzas,Subsecretaría De Administración De Bienes Inmuebles,Administracion De Bienes,Administración Gubernamental,Administración Fiscal,Gastos En Personal,Remuneraciones Al Personal,859553650.0,833721152.0,385603197.91,1143693888.85,528968252.65,Fiscal
2025,2,Administracion Central,Ministerio De Hacienda Y Finanzas,Ministerio De Hacienda Y Finanzas,Ministerio De Hacienda Y Finanzas,Subsecretaría De Administración De Bienes Inmuebles,Administracion De Bienes,Administración Gubernamental,Administración Fiscal,Bienes De Consumo,Bienes De Consumo,15712963.0,14628005.0,2616554.83,20066613.26,3589374.89,Fiscal
2025,2,Administracion Central,Ministerio De Hacienda Y Finanzas,Ministerio De Hacienda Y Finanzas,Ministerio De Hacienda Y Finanzas,Subsecretaría De Administración De Bienes Inmuebles,Administracion De Bienes,Administración Gubernamental,Administración Fiscal,Servicios No Personales,Servicios No Personales,2265448528.0,2042517951.0,1083199735.47,2801914396.48,1485927177.08,Fiscal
2025,2,Administracion Central,Ministerio De Hacienda Y Finanzas,Ministerio De Hacienda Y Finanzas,Ministerio De Hacienda Y Finanzas,Subsecretaría De Administración De Bienes Inmuebles,Administracion De Bienes,Administración Gubernamental,Administración Fiscal,Bienes De Uso,Maquinaria Y Equipo,90987.0,90987.0,30000.0,124815.44,41153.83,Fiscal
2025,2,Administracion Central,Ministerio De Hacienda Y Finanzas,Ministerio De Hacienda Y Finanzas,Ministerio De Hacienda Y Finanzas,Subsecretaría De Administración De Bienes Inmuebles,Administracion De Bienes,Administración Gubernamental,Administración Fiscal,Servicios No Personales,Servicios No Personales,0.0,178100000.0,178100000.0,244316557.3,244316557.3,Fiscal
2025,2,Administracion Central,Ministerio De Hacienda Y Finanzas,Ministerio De Hacienda Y Finanzas,Ministerio De Hacienda Y Finanzas,Subsecretaría De Administración De Bienes Inmuebles,Relocalizacion Y Gestion Integral De Edificios De Gobierno,Administración Gubernamental,Dirección Ejecutiva,Gastos En Personal,Remuneraciones Al Personal,1342115192.0,1219533090.0,695602131.16,1672948489.96,954223009.18,Fiscal
2025,2,Administracion Central,Ministerio De Hacienda Y Finanzas,Ministerio De Hacienda Y Finanzas,Ministerio De Hacienda Y Finanzas,Subsecretaría De Administración De Bienes Inmuebles,Relocalizacion Y Gestion Integral De Edificios De Gobierno,Administración Gubernamental,Dirección Ejecutiva,Bienes De Consumo,Bienes De Consumo,88007369.0,44451379.0,5852939.7,60978146.46,8029029.07,Fiscal
2025,2,Administracion Central,Ministerio De Hacienda Y Finanzas,Ministerio De Hacienda Y Finanzas,Ministerio De Hacienda Y Finanzas,Subsecretaría De Administración De Bienes Inmuebles,Relocalizacion Y Gestion Integral De Edificios De Gobierno,Administración Gubernamental,Dirección Ejecutiva,Servicios No Personales,Servicios No Personales,1467223058.0,1502548398.0,757413894.48,2061187264.33,1039016031.17,Fiscal
2025,2,Administracion Central,Ministerio De Hacienda Y Finanzas,Ministerio De Hacienda Y Finanzas,Ministerio De Hacienda Y Finanzas,Subsecretaría De Administración De Bienes Inmuebles,Relocalizacion Y Gestion Integral De Edificios De Gobierno,Administración Gubernamental,Dirección Ejecutiva,Bienes De Uso,Maquinaria Y Equipo,90987.0,38528325.0,37103801.03,52852934.99,50898781.19,Fiscal
2025,2,Administracion Central,Ministerio De Hacienda Y Finanzas,Ministerio De Hacienda Y Finanzas,Ministerio De Hacienda Y Finanzas,Subsecretaría De Administración De Bienes Inmuebles,Relocalizacion Y Gestion Integral De Edificios De Gobierno,Administración Gubernamental,Dirección Ejecutiva,Servicios No Personales,Servicios No Personales,0.0,677732971.0,663926973.07,929710197.89,910771209.2,Fiscal
2025,2,Administracion Central,Ministerio De Hacienda Y Finanzas,Ministerio De Hacienda Y Finanzas,Ministerio De Hacienda Y Finanzas,Subsecretaría De Administración De Bienes Inmuebles,Concesiones Y Permisos,Servicios Económicos,Industria Y Comercio,Gastos En Personal,Remuneraciones Al Personal,546524932.0,552135307.0,268719253.63,757416043.63,368627529.07,Fiscal
2025,2,Administracion Central,Ministerio De Hacienda Y Finanzas,Ministerio De Hacienda Y Finanzas,Ministerio De Hacienda Y Finanzas,Subsecretaría De Administración De Bienes Inmuebles,Concesiones Y Permisos,Servicios Económicos,Industria Y Comercio,Bienes De Consumo,Bienes De Consumo,2152945.0,1948463.0,128820.3,2672890.35,176714.95,Fiscal
2025,2,Administracion Central,Ministerio De Hacienda Y Finanzas,Ministerio De Hacienda Y Finanzas,Ministerio De Hacienda Y Finanzas,Subsecretaría De Administración De Bienes Inmuebles,Concesiones Y Permisos,Servicios Económicos,Industria Y Comercio,Servicios No Personales,Servicios No Personales,799950621.0,540620698.0,147440928.36,741620369.12,202258618.88,Fiscal
2025,2,Administracion Central,Ministerio De Hacienda Y Finanzas,Ministerio De Hacienda Y Finanzas,Ministerio De Hacienda Y Finanzas,Subsecretaría De Administración De Bienes Inmuebles,Concesiones Y Permisos,Servicios Económicos,Industria Y Comercio,Bienes De Uso,Maquinaria Y Equipo,68240.0,68240.0,0.0,93611.24,0.0,Fiscal
2025,2,Administracion Central,Ministerio De Hacienda Y Finanzas,Ministerio De Hacienda Y Finanzas,Ministerio De Hacienda Y Finanzas,Dirección General Unidad Informática De Administración Financiera,Desarrollo Funcional Del Sistema Sigaf,Administración Gubernamental,Administración Fiscal,Gastos En Personal,Remuneraciones Al Personal,275941592.0,276178939.0,124913804.77,378860682.62,171356040.09,Fiscal
2025,2,Administracion Central,Ministerio De Hacienda Y Finanzas,Ministerio De Hacienda Y Finanzas,Ministerio De Hacienda Y Finanzas,Dirección General Unidad Informática De Administración Financiera,Desarrollo Funcional Del Sistema Sigaf,Administración Gubernamental,Administración Fiscal,Bienes De Consumo,Bienes De Consumo,23551781.0,23551781.0,1782130.06,32308197.93,2444715.78,Fiscal
2025,2,Administracion Central,Ministerio De Hacienda Y Finanzas,Ministerio De Hacienda Y Finanzas,Ministerio De Hacienda Y Finanzas,Dirección General Unidad Informática De Administración Financiera,Desarrollo Funcional Del Sistema Sigaf,Administración Gubernamental,Administración Fiscal,Servicios No Personales,Servicios No Personales,1712788083.0,1517477385.0,659491265.64,2081666762.97,904686331.22,Fiscal
2025,2,Administracion Central,Ministerio De Hacienda Y Finanzas,Ministerio De Hacienda Y Finanzas,Ministerio De Hacienda Y Finanzas,Dirección General Unidad Informática De Administración Financiera,Desarrollo Funcional Del Sistema Sigaf,Administración Gubernamental,Administración Fiscal,Bienes De Uso,Maquinaria Y Equipo,8867081.0,8867081.0,817800.0,12163810.8,1121853.34,Fiscal
2025,2,Administracion Central,Ministerio De Hacienda Y Finanzas,Ministerio De Hacienda Y Finanzas,Ministerio De Hacienda Y Finanzas,Dirección General Unidad Informática De Administración Financiera,Desarrollo Funcional Del Sistema Sigaf,Administración Gubernamental,Administración Fiscal,Bienes De Uso,Activos Intangibles,645179.0,645179.0,0.0,885052.85,0.0,Fiscal
2025,2,Administracion Central,Ministerio De Hacienda Y Finanzas,Ministerio De Hacienda Y Finanzas,Ministerio De Hacienda Y Finanzas,Dirección General Unidad Informática De Administración Financiera,Desarrollo Funcional Del Sistema Sigaf,Administración Gubernamental,Administración Fiscal,Bienes De Uso,Bienes De Uso,9617728965.0,9439628965.0,7393949446.41,12949228809.21,10142977392.47,Fiscal
2025,2,Administracion Central,Ministerio De Hacienda Y Finanzas,Ministerio De Hacienda Y Finanzas,Ministerio De Hacienda Y Finanzas,Dirección General Unidad Informática De Administración Financiera,Desarrollo Funcional Del Sistema Sigaf,Administración Gubernamental,Administración Fiscal,Servicios No Personales,Servicios No Personales,101764665.0,101764665.0,1350000.0,139600183.09,1851922.25,Fiscal
2025,2,Administracion Central,Ministerio De Hacienda Y Finanzas,Ministerio De Hacienda Y Finanzas,Ministerio De Hacienda Y Finanzas,Ministerio De Hacienda Y Finanzas,Actividades Centrales,Administración Gubernamental,Administración Fiscal,Gastos En Personal,Remuneraciones Al Personal,6039868500.0,6560908168.0,3595872409.66,9000216150.3,4932797123.07,Fiscal
2025,2,Administracion Central,Ministerio De Hacienda Y Finanzas,Ministerio De Hacienda Y Finanzas,Ministerio De Hacienda Y Finanzas,Ministerio De Hacienda Y Finanzas,Actividades Centrales,Administración Gubernamental,Administración Fiscal,Bienes De Consumo,Bienes De Consumo,41140407.0,34192571.0,14075631.68,46905172.55,19308870.71,Fiscal
2025,2,Administracion Central,Ministerio De Hacienda Y Finanzas,Ministerio De Hacienda Y Finanzas,Ministerio De Hacienda Y Finanzas,Ministerio De Hacienda Y Finanzas,Actividades Centrales,Administración Gubernamental,Administración Fiscal,Servicios No Personales,Servicios No Personales,1385619078.0,1713529348.0,773408970.28,2350609720.02,1060957984.3,Fiscal
2025,2,Administracion Central,Ministerio De Hacienda Y Finanzas,Ministerio De Hacienda Y Finanzas,Ministerio De Hacienda Y Finanzas,Ministerio De Hacienda Y Finanzas,Actividades Centrales,Administración Gubernamental,Administración Fiscal,Bienes De Uso,Maquinaria Y Equipo,43598109.0,41325309.0,9151790.1,56689821.58,12554373.11,Fiscal
2025,2,Administracion Central,Ministerio De Hacienda Y Finanzas,Ministerio De Hacienda Y Finanzas,Ministerio De Hacienda Y Finanzas,Ministerio De Hacienda Y Finanzas,Actividades Centrales,Administración Gubernamental,Administración Fiscal,Bienes De Uso,Activos Intangibles,1073232.0,1073232.0,0.0,1472253.49,0.0,Fiscal
2025,2,Administracion Central,Ministerio De Hacienda Y Finanzas,Ministerio De Hacienda Y Finanzas,Ministerio De Hacienda Y Finanzas,Ministerio De Hacienda Y Finanzas,Actividades Centrales,Administración Gubernamental,Control De La Gestión,Gastos En Personal,Remuneraciones Al Personal,295840972.0,299604987.0,157604830.18,410996400.75,216201401.03,Fiscal
2025,2,Administracion Central,Ministerio De Hacienda Y Finanzas,Ministerio De Hacienda Y Finanzas,Ministerio De Hacienda Y Finanzas,Ministerio De Hacienda Y Finanzas,Actividades Centrales,Administración Gubernamental,Control De La Gestión,Bienes De Consumo,Bienes De Consumo,2631498.0,2631498.0,10518.8,3609873.85,14429.63,Fiscal
2025,2,Administracion Central,Ministerio De Hacienda Y Finanzas,Ministerio De Hacienda Y Finanzas,Ministerio De Hacienda Y Finanzas,Ministerio De Hacienda Y Finanzas,Actividades Centrales,Administración Gubernamental,Control De La Gestión,Servicios No Personales,Servicios No Personales,85791186.0,73989907.0,33861840.0,101498929.55,46451477.67,Fiscal
2025,2,Administracion Central,Ministerio De Hacienda Y Finanzas,Ministerio De Hacienda Y Finanzas,Ministerio De Hacienda Y Finanzas,Ministerio De Hacienda Y Finanzas,Actividades Centrales,Administración Gubernamental,Control De La Gestión,Bienes De Uso,Maquinaria Y Equipo,1550912.0,1550912.0,0.0,2127532.18,0.0,Fiscal
2025,2,Administracion Central,Ministerio De Hacienda Y Finanzas,Ministerio De Hacienda Y Finanzas,Ministerio De Hacienda Y Finanzas,Ministerio De Hacienda Y Finanzas,Actividades Centrales,Servicios De Seguridad,Seguridad Interior,Servicios No Personales,Servicios No Personales,539645403.0,539645403.0,202738583.52,740282465.04,278115624.69,Fiscal
2025,2,Organismos Descentralizados,Ministerio De Hacienda Y Finanzas,Ministerio De Hacienda Y Finanzas,Admin. Gubernamental De Ingresos Publicos,Administ.Gubernamental De Ingresos Publicos,Actividades Comunes,Administración Gubernamental,Administración Fiscal,Gastos En Personal,Remuneraciones Al Personal,13857497991.0,13844163801.0,6104560396.27,18991344405.17,8374200897.52,Fiscal
2025,2,Organismos Descentralizados,Ministerio De Hacienda Y Finanzas,Ministerio De Hacienda Y Finanzas,Admin. Gubernamental De Ingresos Publicos,Administ.Gubernamental De Ingresos Publicos,Actividades Comunes,Administración Gubernamental,Administración Fiscal,Servicios No Personales,Servicios No Personales,15059708957.0,14047465932.0,2537052395.35,19270233101.06,3480313907.48,Fiscal
2025,2,Organismos Descentralizados,Ministerio De Hacienda Y Finanzas,Ministerio De Hacienda Y Finanzas,Admin. Gubernamental De Ingresos Publicos,Administ.Gubernamental De Ingresos Publicos,Actividades Comunes,Administración Gubernamental,Administración Fiscal,Bienes De Consumo,Bienes De Consumo,66235851.0,96235851.0,73670108.83,132015787.79,101060232.26,Fiscal
2025,2,Organismos Descentralizados,Ministerio De Hacienda Y Finanzas,Ministerio De Hacienda Y Finanzas,Admin. Gubernamental De Ingresos Publicos,Administ.Gubernamental De Ingresos Publicos,Actividades Comunes,Administración Gubernamental,Administración Fiscal,Bienes De Uso,Maquinaria Y Equipo,115231108.0,115231108.0,37518784.23,158073372.27,51468052.76,Fiscal
2025,2,Organismos Descentralizados,Ministerio De Hacienda Y Finanzas,Ministerio De Hacienda Y Finanzas,Admin. Gubernamental De Ingresos Publicos,Administ.Gubernamental De Ingresos Publicos,Actividades Comunes,Administración Gubernamental,Administración Fiscal,Bienes De Uso,Activos Intangibles,5526268.0,5526268.0,0.0,7580902.71,0.0,Fiscal
2025,2,Organismos Descentralizados,Ministerio De Hacienda Y Finanzas,Ministerio De Hacienda Y Finanzas,Admin. Gubernamental De Ingresos Publicos,Administ.Gubernamental De Ingresos Publicos,Actividades Comunes,Administración Gubernamental,Control De La Gestión,Gastos En Personal,Remuneraciones Al Personal,886540596.0,897110441.0,439382494.51,1230650951.51,602742382.91,Fiscal
2025,2,Organismos Descentralizados,Ministerio De Hacienda Y Finanzas,Ministerio De Hacienda Y Finanzas,Admin. Gubernamental De Ingresos Publicos,Administ.Gubernamental De Ingresos Publicos,Actividades Comunes,Administración Gubernamental,Control De La Gestión,Bienes De Consumo,Bienes De Consumo,163704.0,163704.0,0.0,224568.21,0.0,Fiscal
2025,2,Organismos Descentralizados,Ministerio De Hacienda Y Finanzas,Ministerio De Hacienda Y Finanzas,Admin. Gubernamental De Ingresos Publicos,Administ.Gubernamental De Ingresos Publicos,Actividades Comunes,Administración Gubernamental,Control De La Gestión,Servicios No Personales,Servicios No Personales,0.0,18959880.0,8659424.0,26009054.51,11878948.12,Fiscal
2025,2,Organismos Descentralizados,Ministerio De Hacienda Y Finanzas,Ministerio De Hacienda Y Finanzas,Admin. Gubernamental De Ingresos Publicos,Administ.Gubernamental De Ingresos Publicos,Actividades Comunes,Administración Gubernamental,Administración Fiscal,Bienes De Uso,Construcciones Del Dominio Privado,10000000.0,10000000.0,0.0,13717942.58,0.0,Fiscal
2025,2,Organismos Descentralizados,Ministerio De Hacienda Y Finanzas,Ministerio De Hacienda Y Finanzas,Admin. Gubernamental De Ingresos Publicos,Administ.Gubernamental De Ingresos Publicos,Actividades Comunes,Administración Gubernamental,Administración Fiscal,Servicios No Personales,Servicios No Personales,0.0,9378961.0,0.0,12866004.84,0.0,Fiscal
2025,2,Organismos Descentralizados,Ministerio De Hacienda Y Finanzas,Ministerio De Hacienda Y Finanzas,Admin. Gubernamental De Ingresos Publicos,Administ.Gubernamental De Ingresos Publicos,Relaciones Con La Comunidad,Administración Gubernamental,Administración Fiscal,Gastos En Personal,Remuneraciones Al Personal,61898971.0,324358505.0,324358500.5,444953134.6,444953128.43,Fiscal
2025,2,Organismos Descentralizados,Ministerio De Hacienda Y Finanzas,Ministerio De Hacienda Y Finanzas,Admin. Gubernamental De Ingresos Publicos,Administ.Gubernamental De Ingresos Publicos,Relaciones Con La Comunidad,Administración Gubernamental,Administración Fiscal,Bienes De Consumo,Bienes De Consumo,6155289.0,6155289.0,188896.38,8443790.1,259126.97,Fiscal
2025,2,Organismos Descentralizados,Ministerio De Hacienda Y Finanzas,Ministerio De Hacienda Y Finanzas,Admin. Gubernamental De Ingresos Publicos,Administ.Gubernamental De Ingresos Publicos,Relaciones Con La Comunidad,Administración Gubernamental,Administración Fiscal,Servicios No Personales,Servicios No Personales,594429889.0,615637849.0,90812028.0,844528466.09,124575418.54,Fiscal
2025,2,Organismos Descentralizados,Ministerio De Hacienda Y Finanzas,Ministerio De Hacienda Y Finanzas,Admin. Gubernamental De Ingresos Publicos,Administ.Gubernamental De Ingresos Publicos,Relaciones Con La Comunidad,Administración Gubernamental,Administración Fiscal,Bienes De Uso,Maquinaria Y Equipo,527389.0,527389.0,0.0,723469.2,0.0,Fiscal
2025,2,Organismos Descentralizados,Ministerio De Hacienda Y Finanzas,Ministerio De Hacienda Y Finanzas,Admin. Gubernamental De Ingresos Publicos,Administ.Gubernamental De Ingresos Publicos,Relaciones Con La Comunidad,Administración Gubernamental,Administración Fiscal,Bienes De Uso,Activos Intangibles,791085.0,791085.0,0.0,1085205.86,0.0,Fiscal
2025,2,Organismos Descentralizados,Ministerio De Hacienda Y Finanzas,Ministerio De Hacienda Y Finanzas,Admin. Gubernamental De Ingresos Publicos,Administ.Gubernamental De Ingresos Publicos,Desarrollo Tecnologico,Administración Gubernamental,Administración Fiscal,Gastos En Personal,Remuneraciones Al Personal,4847969657.0,4866773495.0,3807392250.42,6676211934.07,5222958826.02,Fiscal
2025,2,Organismos Descentralizados,Ministerio De Hacienda Y Finanzas,Ministerio De Hacienda Y Finanzas,Admin. Gubernamental De Ingresos Publicos,Administ.Gubernamental De Ingresos Publicos,Desarrollo Tecnologico,Administración Gubernamental,Administración Fiscal,Bienes De Consumo,Bienes De Consumo,83358395.0,103358395.0,54716548.74,141786452.75,75059847.36,Fiscal
2025,2,Organismos Descentralizados,Ministerio De Hacienda Y Finanzas,Ministerio De Hacienda Y Finanzas,Admin. Gubernamental De Ingresos Publicos,Administ.Gubernamental De Ingresos Publicos,Desarrollo Tecnologico,Administración Gubernamental,Administración Fiscal,Servicios No Personales,Servicios No Personales,4651573863.0,8483611286.0,3063506417.92,11637769246.88,4202500512.6,Fiscal
2025,2,Organismos Descentralizados,Ministerio De Hacienda Y Finanzas,Ministerio De Hacienda Y Finanzas,Admin. Gubernamental De Ingresos Publicos,Administ.Gubernamental De Ingresos Publicos,Desarrollo Tecnologico,Administración Gubernamental,Administración Fiscal,Bienes De Uso,Maquinaria Y Equipo,4222450068.0,4222450068.0,582681910.39,5792332756.8,799319698.75,Fiscal
2025,2,Organismos Descentralizados,Ministerio De Hacienda Y Finanzas,Ministerio De Hacienda Y Finanzas,Admin. Gubernamental De Ingresos Publicos,Administ.Gubernamental De Ingresos Publicos,Desarrollo Tecnologico,Administración Gubernamental,Administración Fiscal,Bienes De Uso,Activos Intangibles,7859202200.0,4991678013.0,2381876517.62,6847555234.63,3267444529.47,Fiscal
2025,2,Organismos Descentralizados,Ministerio De Hacienda Y Finanzas,Ministerio De Hacienda Y Finanzas,Admin. Gubernamental De Ingresos Publicos,Administ.Gubernamental De Ingresos Publicos,Desarrollo Tecnologico,Administración Gubernamental,Administración Fiscal,Servicios No Personales,Servicios No Personales,6650489508.0,6650489508.0,1005049934.0,9123103318.11,1378721728.18,Fiscal
2025,2,Organismos Descentralizados,Ministerio De Hacienda Y Finanzas,Ministerio De Hacienda Y Finanzas,Admin. Gubernamental De Ingresos Publicos,Administ.Gubernamental De Ingresos Publicos,Desarrollo Tecnologico,Administración Gubernamental,Administración Fiscal,Bienes De Uso,Bienes De Uso,3108053269.0,3108053269.0,0.0,4263609627.11,0.0,Fiscal
2025,2,Organismos Descentralizados,Ministerio De Hacienda Y Finanzas,Ministerio De Hacienda Y Finanzas,Admin. Gubernamental De Ingresos Publicos,Administ.Gubernamental De Ingresos Publicos,Fiscalizacion,Administración Gubernamental,Administración Fiscal,Gastos En Personal,Remuneraciones Al Personal,16898244288.0,16899940050.0,8786304783.11,23183240716.43,12053002448.06,Fiscal
2025,2,Organismos Descentralizados,Ministerio De Hacienda Y Finanzas,Ministerio De Hacienda Y Finanzas,Admin. Gubernamental De Ingresos Publicos,Administ.Gubernamental De Ingresos Publicos,Fiscalizacion,Administración Gubernamental,Administración Fiscal,Servicios No Personales,Servicios No Personales,33877094.0,48877094.0,30000000.0,67049316.88,41153827.73,Fiscal
2025,2,Organismos Descentralizados,Ministerio De Hacienda Y Finanzas,Ministerio De Hacienda Y Finanzas,Admin. Gubernamental De Ingresos Publicos,Administ.Gubernamental De Ingresos Publicos,Recaudacion Tributaria,Administración Gubernamental,Administración Fiscal,Gastos En Personal,Remuneraciones Al Personal,24242186273.0,23961332235.0,12469325669.78,32870017967.33,17105349351.47,Fiscal
2025,2,Organismos Descentralizados,Ministerio De Hacienda Y Finanzas,Ministerio De Hacienda Y Finanzas,Admin. Gubernamental De Ingresos Publicos,Administ.Gubernamental De Ingresos Publicos,Recaudacion Tributaria,Administración Gubernamental,Administración Fiscal,Bienes De Consumo,Bienes De Consumo,6755447.0,6755447.0,142423.76,9267083.4,195376.1,Fiscal
2025,2,Organismos Descentralizados,Ministerio De Hacienda Y Finanzas,Ministerio De Hacienda Y Finanzas,Admin. Gubernamental De Ingresos Publicos,Administ.Gubernamental De Ingresos Publicos,Recaudacion Tributaria,Administración Gubernamental,Administración Fiscal,Servicios No Personales,Servicios No Personales,14149133678.0,13894917258.0,2761672112.33,19060967706.04,3788445945.4,Fiscal
2025,2,Organismos Descentralizados,Ministerio De Hacienda Y Finanzas,Ministerio De Hacienda Y Finanzas,Admin. Gubernamental De Ingresos Publicos,Administ.Gubernamental De Ingresos Publicos,Recaudacion Tributaria,Administración Gubernamental,Administración Fiscal,Bienes De Uso,Maquinaria Y Equipo,316436.0,316436.0,0.0,434085.09,0.0,Fiscal
2025,2,Organismos Descentralizados,Ministerio De Hacienda Y Finanzas,Ministerio De Hacienda Y Finanzas,Admin. Gubernamental De Ingresos Publicos,Administ.Gubernamental De Ingresos Publicos,Recaudacion Tributaria,Administración Gubernamental,Administración Fiscal,Bienes De Uso,Activos Intangibles,827184320.0,1042184320.0,611767149.34,1429662465.66,839218662.53,Fiscal
2025,2,Organismos Descentralizados,Ministerio De Hacienda Y Finanzas,Ministerio De Hacienda Y Finanzas,Admin. Gubernamental De Ingresos Publicos,Administ.Gubernamental De Ingresos Publicos,Desarrollo Y Actualizacion De La Legislacion Tributaria,Administración Gubernamental,Administración Fiscal,Bienes De Consumo,Bienes De Consumo,600082.0,600082.0,0.0,823189.04,0.0,Fiscal
2025,2,Organismos Descentralizados,Ministerio De Hacienda Y Finanzas,Ministerio De Hacienda Y Finanzas,Admin. Gubernamental De Ingresos Publicos,Administ.Gubernamental De Ingresos Publicos,Desarrollo Y Actualizacion De La Legislacion Tributaria,Administración Gubernamental,Administración Fiscal,Servicios No Personales,Servicios No Personales,3164935.0,95564343.0,42164020.0,131094616.97,57840360.52,Fiscal
2025,2,Organismos Descentralizados,Ministerio De Hacienda Y Finanzas,Ministerio De Hacienda Y Finanzas,Admin. Gubernamental De Ingresos Publicos,Administ.Gubernamental De Ingresos Publicos,Desarrollo Y Actualizacion De La Legislacion Tributaria,Administración Gubernamental,Administración Fiscal,Bienes De Uso,Maquinaria Y Equipo,243146.0,243146.0,0.0,333546.29,0.0,Fiscal
2025,2,Organismos Descentralizados,Ministerio De Hacienda Y Finanzas,Ministerio De Hacienda Y Finanzas,Admin. Gubernamental De Ingresos Publicos,Administ.Gubernamental De Ingresos Publicos,Desarrollo Y Actualizacion De La Legislacion Tributaria,Administración Gubernamental,Administración Fiscal,Gastos En Personal,Remuneraciones Al Personal,1418870457.0,1419529706.0,746701683.02,1947302699.36,1024321081.0,Fiscal
2025,2,Administracion Central,Ministerio De Desarrollo Económico,Ministerio De Desarrollo Económico,Ministerio De Desarrollo Económico,Subsecretaría De Inversiones,Actividades Comunes,Servicios Económicos,Industria Y Comercio,Gastos En Personal,Remuneraciones Al Personal,420951035.0,420951035.0,193986171.32,577458212.59,266109115.89,Fiscal
2025,2,Administracion Central,Ministerio De Desarrollo Económico,Ministerio De Desarrollo Económico,Ministerio De Desarrollo Económico,Subsecretaría De Inversiones,Actividades Comunes,Servicios Económicos,Industria Y Comercio,Bienes De Consumo,Bienes De Consumo,2771156.0,2741156.0,0.0,3760302.06,0.0,Fiscal
2025,2,Administracion Central,Ministerio De Desarrollo Económico,Ministerio De Desarrollo Económico,Ministerio De Desarrollo Económico,Subsecretaría De Inversiones,Actividades Comunes,Servicios Económicos,Industria Y Comercio,Servicios No Personales,Servicios No Personales,209496769.0,283127534.0,115411559.0,388392725.34,158320913.91,Fiscal
2025,2,Administracion Central,Ministerio De Desarrollo Económico,Ministerio De Desarrollo Económico,Ministerio De Desarrollo Económico,Subsecretaría De Inversiones,Actividades Comunes,Servicios Económicos,Industria Y Comercio,Bienes De Uso,Maquinaria Y Equipo,5273100.0,5273100.0,0.0,7233608.3,0.0,Fiscal
2025,2,Administracion Central,Ministerio De Desarrollo Económico,Ministerio De Desarrollo Económico,Ministerio De Desarrollo Económico,Dirección General Estrategia Productiva Y Regímenes De Promocion,Estrategia Productiva Y Regimenes De Produccion,Servicios Económicos,Industria Y Comercio,Gastos En Personal,Remuneraciones Al Personal,386923151.0,371386218.0,122976428.49,509465481.25,168698358.44,Fiscal
2025,2,Administracion Central,Ministerio De Desarrollo Económico,Ministerio De Desarrollo Económico,Ministerio De Desarrollo Económico,Dirección General Estrategia Productiva Y Regímenes De Promocion,Estrategia Productiva Y Regimenes De Produccion,Servicios Económicos,Industria Y Comercio,Bienes De Consumo,Bienes De Consumo,2771156.0,2771156.0,446815.94,3801455.89,612939.54,Fiscal
2025,2,Administracion Central,Ministerio De Desarrollo Económico,Ministerio De Desarrollo Económico,Ministerio De Desarrollo Económico,Dirección General Estrategia Productiva Y Regímenes De Promocion,Estrategia Productiva Y Regimenes De Produccion,Servicios Económicos,Industria Y Comercio,Servicios No Personales,Servicios No Personales,447642885.0,322570939.0,130857655.0,442500961.83,179509779.71,Fiscal
2025,2,Administracion Central,Ministerio De Desarrollo Económico,Ministerio De Desarrollo Económico,Ministerio De Desarrollo Económico,Dirección General Estrategia Productiva Y Regímenes De Promocion,Estrategia Productiva Y Regimenes De Produccion,Servicios Económicos,Industria Y Comercio,Bienes De Uso,Maquinaria Y Equipo,5273100.0,5273100.0,0.0,7233608.3,0.0,Fiscal
2025,2,Administracion Central,Ministerio De Desarrollo Económico,Ministerio De Desarrollo Económico,Ministerio De Desarrollo Económico,Dir. Gral. Economía E Innovación Social,Economia E Innovacion Social,Servicios Económicos,Industria Y Comercio,Gastos En Personal,Remuneraciones Al Personal,351842106.0,65473225.0,65473219.24,89815794.09,89815786.19,Fiscal
2025,2,Administracion Central,Ministerio De Desarrollo Económico,Ministerio De Desarrollo Económico,Ministerio De Desarrollo Económico,Dir. Gral. Economía E Innovación Social,Economia E Innovacion Social,Servicios Económicos,Industria Y Comercio,Bienes De Consumo,Bienes De Consumo,2771152.0,0.0,0.0,0.0,0.0,Fiscal
2025,2,Administracion Central,Ministerio De Desarrollo Económico,Ministerio De Desarrollo Económico,Ministerio De Desarrollo Económico,Dir. Gral. Economía E Innovación Social,Economia E Innovacion Social,Servicios Económicos,Industria Y Comercio,Servicios No Personales,Servicios No Personales,488245478.0,75087165.0,32798329.0,103004141.78,44992559.39,Fiscal
2025,2,Administracion Central,Ministerio De Desarrollo Económico,Ministerio De Desarrollo Económico,Ministerio De Desarrollo Económico,Dir. Gral. Economía E Innovación Social,Economia E Innovacion Social,Servicios Económicos,Industria Y Comercio,Bienes De Uso,Maquinaria Y Equipo,5273100.0,5273100.0,0.0,7233608.3,0.0,Fiscal
2025,2,Administracion Central,Ministerio De Desarrollo Económico,Ministerio De Desarrollo Económico,Ministerio De Desarrollo Económico,Dirección General Innovación Productiva,Gestion De Administracion Innovacion Productiva,Servicios Económicos,Industria Y Comercio,Gastos En Personal,Remuneraciones Al Personal,180761278.0,180761278.0,80418643.68,247967283.18,110317833.61,Fiscal
2025,2,Administracion Central,Ministerio De Desarrollo Económico,Ministerio De Desarrollo Económico,Ministerio De Desarrollo Económico,Dirección General Innovación Productiva,Gestion De Administracion Innovacion Productiva,Servicios Económicos,Industria Y Comercio,Bienes De Consumo,Bienes De Consumo,2771152.0,2771152.0,98022.98,3801450.4,134467.36,Fiscal
2025,2,Administracion Central,Ministerio De Desarrollo Económico,Ministerio De Desarrollo Económico,Ministerio De Desarrollo Económico,Dirección General Innovación Productiva,Gestion De Administracion Innovacion Productiva,Servicios Económicos,Industria Y Comercio,Servicios No Personales,Servicios No Personales,165317921.0,166120917.0,29003869.0,227883720.03,39787340.95,Fiscal
2025,2,Administracion Central,Ministerio De Desarrollo Económico,Ministerio De Desarrollo Económico,Ministerio De Desarrollo Económico,Dirección General Innovación Productiva,Gestion De Administracion Innovacion Productiva,Servicios Económicos,Industria Y Comercio,Bienes De Uso,Maquinaria Y Equipo,5273100.0,5273100.0,0.0,7233608.3,0.0,Fiscal
2025,2,Administracion Central,Ministerio De Desarrollo Económico,Ministerio De Desarrollo Económico,Ministerio De Desarrollo Económico,Dirección General Innovación Productiva,Proyectos De Innovacion Productiva,Servicios Económicos,Industria Y Comercio,Servicios No Personales,Servicios No Personales,151133535.0,97826308.0,0.0,134197567.57,0.0,Fiscal
2025,2,Administracion Central,Ministerio De Desarrollo Económico,Ministerio De Desarrollo Económico,Ministerio De Desarrollo Económico,Dirección General Innovación Productiva,Proyectos De Innovacion Productiva,Servicios Económicos,Industria Y Comercio,Bienes De Uso,Maquinaria Y Equipo,20182225.0,20182225.0,0.0,27685860.36,0.0,Fiscal
2025,2,Administracion Central,Ministerio De Desarrollo Económico,Ministerio De Desarrollo Económico,Ministerio De Desarrollo Económico,Dirección General Innovación Productiva,Proyectos De Innovacion Productiva,Servicios Económicos,Industria Y Comercio,Bienes De Consumo,Bienes De Consumo,3725118.0,3725118.0,0.0,5110095.48,0.0,Fiscal
2025,2,Administracion Central,Ministerio De Desarrollo Económico,Ministerio De Desarrollo Económico,Ministerio De Desarrollo Económico,Dirección General Simplificación Normativa,Simplificacion Normativa,Servicios Económicos,Industria Y Comercio,Gastos En Personal,Remuneraciones Al Personal,184313189.0,184313189.0,83795997.2,252839774.29,114950867.78,Fiscal
2025,2,Administracion Central,Ministerio De Desarrollo Económico,Ministerio De Desarrollo Económico,Ministerio De Desarrollo Económico,Dirección General Simplificación Normativa,Simplificacion Normativa,Servicios Económicos,Industria Y Comercio,Bienes De Consumo,Bienes De Consumo,2771156.0,2771156.0,677872.62,3801455.89,929901.77,Fiscal
2025,2,Administracion Central,Ministerio De Desarrollo Económico,Ministerio De Desarrollo Económico,Ministerio De Desarrollo Económico,Dirección General Simplificación Normativa,Simplificacion Normativa,Servicios Económicos,Industria Y Comercio,Servicios No Personales,Servicios No Personales,418175360.0,444876254.0,138268253.0,610278690.63,189675595.49,Fiscal
2025,2,Administracion Central,Ministerio De Desarrollo Económico,Ministerio De Desarrollo Económico,Ministerio De Desarrollo Económico,Dirección General Simplificación Normativa,Simplificacion Normativa,Servicios Económicos,Industria Y Comercio,Bienes De Uso,Maquinaria Y Equipo,5273100.0,5273100.0,0.0,7233608.3,0.0,Fiscal
2025,2,Administracion Central,Ministerio De Desarrollo Económico,Ministerio De Desarrollo Económico,Ministerio De Desarrollo Económico,Dirección General Industrias Creativas Audiovisuales Y Software,"Gestion Adminsitrativa Industrias Creativas, Audivisuales Y Software",Servicios Económicos,Industria Y Comercio,Gastos En Personal,Remuneraciones Al Personal,358122996.0,368692841.0,168267978.59,505770722.15,230829046.79,Fiscal
2025,2,Administracion Central,Ministerio De Desarrollo Económico,Ministerio De Desarrollo Económico,Ministerio De Desarrollo Económico,Dirección General Industrias Creativas Audiovisuales Y Software,"Gestion Adminsitrativa Industrias Creativas, Audivisuales Y Software",Servicios Económicos,Industria Y Comercio,Bienes De Consumo,Bienes De Consumo,2771152.0,2494608.0,548117.97,3422088.93,751905.08,Fiscal
2025,2,Administracion Central,Ministerio De Desarrollo Económico,Ministerio De Desarrollo Económico,Ministerio De Desarrollo Económico,Dirección General Industrias Creativas Audiovisuales Y Software,"Gestion Adminsitrativa Industrias Creativas, Audivisuales Y Software",Servicios Económicos,Industria Y Comercio,Servicios No Personales,Servicios No Personales,608810578.0,631579498.0,249678145.76,866397128.65,342507046.63,Fiscal
2025,2,Administracion Central,Ministerio De Desarrollo Económico,Ministerio De Desarrollo Económico,Ministerio De Desarrollo Económico,Dirección General Industrias Creativas Audiovisuales Y Software,"Gestion Adminsitrativa Industrias Creativas, Audivisuales Y Software",Servicios Económicos,Industria Y Comercio,Bienes De Uso,Maquinaria Y Equipo,5273100.0,5273100.0,0.0,7233608.3,0.0,Fiscal
2025,2,Administracion Central,Ministerio De Desarrollo Económico,Ministerio De Desarrollo Económico,Ministerio De Desarrollo Económico,Dirección General Industrias Creativas Audiovisuales Y Software,Proyectos De Industrias Creativas Audiovisuales Y Software,Servicios Económicos,Industria Y Comercio,Servicios No Personales,Servicios No Personales,116026933.0,479471810.0,171764938.35,657736675.7,235626156.11,Fiscal
2025,2,Administracion Central,Ministerio De Desarrollo Económico,Ministerio De Desarrollo Económico,Ministerio De Desarrollo Económico,Dirección General Industrias Creativas Audiovisuales Y Software,Proyectos De Industrias Creativas Audiovisuales Y Software,Servicios Económicos,Industria Y Comercio,Transferencias,Al Sector Privado,0.0,2500000000.0,0.0,3429485644.3,0.0,Fiscal
2025,2,Administracion Central,Ministerio De Desarrollo Económico,Ministerio De Desarrollo Económico,Ministerio De Desarrollo Económico,Dirección General Ciencia Y Tecnología,Ciencia Y Tecnologia,Servicios Económicos,Industria Y Comercio,Gastos En Personal,Remuneraciones Al Personal,0.0,307402275.0,40328987.39,421692675.66,55323073.32,Fiscal
2025,2,Administracion Central,Ministerio De Desarrollo Económico,Ministerio De Desarrollo Económico,Ministerio De Desarrollo Económico,Dirección General Ciencia Y Tecnología,Ciencia Y Tecnologia,Servicios Económicos,Industria Y Comercio,Bienes De Consumo,Bienes De Consumo,0.0,2521152.0,0.0,3458501.84,0.0,Fiscal
2025,2,Administracion Central,Ministerio De Desarrollo Económico,Ministerio De Desarrollo Económico,Ministerio De Desarrollo Económico,Dirección General Ciencia Y Tecnología,Ciencia Y Tecnologia,Servicios Económicos,Industria Y Comercio,Servicios No Personales,Servicios No Personales,0.0,2969697.0,0.0,4073813.29,0.0,Fiscal
2025,2,Administracion Central,Ministerio De Desarrollo Económico,Ministerio De Desarrollo Económico,Ministerio De Desarrollo Económico,Ministerio De Desarrollo Económico,Actividades Centrales,Servicios Económicos,Industria Y Comercio,Gastos En Personal,Remuneraciones Al Personal,497380132.0,738362802.0,480964729.17,1012881851.9,659784653.64,Fiscal
2025,2,Administracion Central,Ministerio De Desarrollo Económico,Ministerio De Desarrollo Económico,Ministerio De Desarrollo Económico,Ministerio De Desarrollo Económico,Actividades Centrales,Servicios Económicos,Industria Y Comercio,Bienes De Consumo,Bienes De Consumo,7346417.0,4101942.0,962563.43,5627020.48,1320438.99,Fiscal
2025,2,Administracion Central,Ministerio De Desarrollo Económico,Ministerio De Desarrollo Económico,Ministerio De Desarrollo Económico,Ministerio De Desarrollo Económico,Actividades Centrales,Servicios Económicos,Industria Y Comercio,Servicios No Personales,Servicios No Personales,4334781547.0,3858137607.0,1131037053.81,5292571014.78,1551550135.69,Fiscal
2025,2,Administracion Central,Ministerio De Desarrollo Económico,Ministerio De Desarrollo Económico,Ministerio De Desarrollo Económico,Ministerio De Desarrollo Económico,Actividades Centrales,Servicios Económicos,Industria Y Comercio,Bienes De Uso,Maquinaria Y Equipo,10594231.0,10594231.0,529895.58,14533105.25,726907.71,Fiscal
2025,2,Administracion Central,Ministerio De Desarrollo Económico,Ministerio De Desarrollo Económico,Ministerio De Desarrollo Económico,Ministerio De Desarrollo Económico,Actividades Centrales,Administración Gubernamental,Control De La Gestión,Gastos En Personal,Remuneraciones Al Personal,187323368.0,187323368.0,24974292.91,256969120.56,34259591.6,Fiscal
2025,2,Administracion Central,Ministerio De Desarrollo Económico,Ministerio De Desarrollo Económico,Ministerio De Desarrollo Económico,Ministerio De Desarrollo Económico,Actividades Centrales,Administración Gubernamental,Control De La Gestión,Bienes De Consumo,Bienes De Consumo,1570726.0,1570726.0,0.0,2154712.91,0.0,Fiscal
2025,2,Administracion Central,Ministerio De Desarrollo Económico,Ministerio De Desarrollo Económico,Ministerio De Desarrollo Económico,Ministerio De Desarrollo Económico,Actividades Centrales,Administración Gubernamental,Control De La Gestión,Servicios No Personales,Servicios No Personales,70178898.0,69221669.0,26027311.0,94957888.04,35704115.77,Fiscal
2025,2,Administracion Central,Ministerio De Desarrollo Económico,Ministerio De Desarrollo Económico,Ministerio De Desarrollo Económico,Ministerio De Desarrollo Económico,Actividades Centrales,Servicios De Seguridad,Seguridad Interior,Servicios No Personales,Servicios No Personales,1953125379.0,1953125379.0,718873063.35,2679286179.52,986145940.33,Fiscal
2025,2,Administracion Central,Ministerio De Desarrollo Económico,Ministerio De Desarrollo Económico,Ministerio De Desarrollo Económico,Ministerio De Desarrollo Económico,Planificacion Y Coordinacion De Gestion,Servicios Económicos,Industria Y Comercio,Gastos En Personal,Remuneraciones Al Personal,328410826.0,337245168.0,149917443.33,462630984.91,205655887.89,Fiscal
2025,2,Administracion Central,Ministerio De Desarrollo Económico,Ministerio De Desarrollo Económico,Ministerio De Desarrollo Económico,Ministerio De Desarrollo Económico,Planificacion Y Coordinacion De Gestion,Servicios Económicos,Industria Y Comercio,Bienes De Consumo,Bienes De Consumo,2771152.0,2771152.0,0.0,3801450.4,0.0,Fiscal
2025,2,Administracion Central,Ministerio De Desarrollo Económico,Ministerio De Desarrollo Económico,Ministerio De Desarrollo Económico,Ministerio De Desarrollo Económico,Planificacion Y Coordinacion De Gestion,Servicios Económicos,Industria Y Comercio,Servicios No Personales,Servicios No Personales,226853033.0,242889911.0,77296841.58,333194985.17,106035363.42,Fiscal
2025,2,Administracion Central,Ministerio De Desarrollo Económico,Ministerio De Desarrollo Económico,Ministerio De Desarrollo Económico,Ministerio De Desarrollo Económico,Planificacion Y Coordinacion De Gestion,Servicios Económicos,Industria Y Comercio,Bienes De Uso,Maquinaria Y Equipo,5273100.0,5273100.0,0.0,7233608.3,0.0,Fiscal
2025,2,Administracion Central,Ministerio De Desarrollo Económico,Ministerio De Desarrollo Económico,Ministerio De Desarrollo Económico,Ministerio De Desarrollo Económico,Gestion Tecnica Adminsitrativa Y Legal,Servicios Económicos,Industria Y Comercio,Gastos En Personal,Remuneraciones Al Personal,849316430.0,838178176.0,358012342.76,1149808008.78,491119275.99,Fiscal
2025,2,Administracion Central,Ministerio De Desarrollo Económico,Ministerio De Desarrollo Económico,Ministerio De Desarrollo Económico,Ministerio De Desarrollo Económico,Gestion Tecnica Adminsitrativa Y Legal,Servicios Económicos,Industria Y Comercio,Bienes De Consumo,Bienes De Consumo,2771152.0,5542304.0,1646560.21,7602900.8,2258741.84,Fiscal
2025,2,Administracion Central,Ministerio De Desarrollo Económico,Ministerio De Desarrollo Económico,Ministerio De Desarrollo Económico,Ministerio De Desarrollo Económico,Gestion Tecnica Adminsitrativa Y Legal,Servicios Económicos,Industria Y Comercio,Servicios No Personales,Servicios No Personales,606956523.0,549623406.0,209788304.0,753970232.26,287786390.76,Fiscal
2025,2,Administracion Central,Ministerio De Desarrollo Económico,Ministerio De Desarrollo Económico,Ministerio De Desarrollo Económico,Ministerio De Desarrollo Económico,Gestion Tecnica Adminsitrativa Y Legal,Servicios Económicos,Industria Y Comercio,Bienes De Uso,Maquinaria Y Equipo,5273100.0,5273100.0,0.0,7233608.3,0.0,Fiscal
2025,2,Administracion Central,Ministerio De Desarrollo Económico,Ministerio De Desarrollo Económico,Ministerio De Desarrollo Económico,Dirección General Desarrollo Gastronómico,Eventos De Desarrollo Gastronomico,Servicios Económicos,Industria Y Comercio,Gastos En Personal,Remuneraciones Al Personal,50892364.0,50892364.0,22120224.53,69813852.7,30344396.99,Fiscal
2025,2,Administracion Central,Ministerio De Desarrollo Económico,Ministerio De Desarrollo Económico,Ministerio De Desarrollo Económico,Dirección General Desarrollo Gastronómico,Eventos De Desarrollo Gastronomico,Servicios Económicos,Industria Y Comercio,Servicios No Personales,Servicios No Personales,602737767.0,6327834416.0,4717099931.91,8680486915.68,6470890599.69,Fiscal
2025,2,Administracion Central,Ministerio De Desarrollo Económico,Ministerio De Desarrollo Económico,Ministerio De Desarrollo Económico,Dirección General Desarrollo Gastronómico,Eventos De Desarrollo Gastronomico,Servicios Económicos,Industria Y Comercio,Bienes De Uso,Maquinaria Y Equipo,19746252.0,19746252.0,0.0,27087795.11,0.0,Fiscal
2025,2,Administracion Central,Ministerio De Desarrollo Económico,Ministerio De Desarrollo Económico,Ministerio De Desarrollo Económico,Dirección General Desarrollo Gastronómico,Gestion Administrativa De Desarrollo Gastronomico,Servicios Sociales,Salud,Gastos En Personal,Remuneraciones Al Personal,163550516.0,155096213.0,56830111.97,212760094.39,77959221.27,Fiscal
2025,2,Administracion Central,Ministerio De Desarrollo Económico,Ministerio De Desarrollo Económico,Ministerio De Desarrollo Económico,Dirección General Desarrollo Gastronómico,Gestion Administrativa De Desarrollo Gastronomico,Servicios Sociales,Salud,Bienes De Consumo,Bienes De Consumo,2771152.0,2771152.0,268688.0,3801450.4,368584.66,Fiscal
2025,2,Administracion Central,Ministerio De Desarrollo Económico,Ministerio De Desarrollo Económico,Ministerio De Desarrollo Económico,Dirección General Desarrollo Gastronómico,Gestion Administrativa De Desarrollo Gastronomico,Servicios Sociales,Salud,Servicios No Personales,Servicios No Personales,396212821.0,394299654.0,119695689.64,540898001.18,164197859.72,Fiscal
2025,2,Administracion Central,Ministerio De Desarrollo Económico,Ministerio De Desarrollo Económico,Ministerio De Desarrollo Económico,Dirección General Desarrollo Gastronómico,Gestion Administrativa De Desarrollo Gastronomico,Servicios Sociales,Salud,Bienes De Uso,Maquinaria Y Equipo,5273100.0,5273100.0,0.0,7233608.3,0.0,Fiscal
2025,2,Administracion Central,Ministerio De Desarrollo Económico,Ministerio De Desarrollo Económico,Ministerio De Desarrollo Económico,Dirección General Desarrollo Gastronómico,"Politicas De Desarrollo, Promocion Y Eventos Masivos Del Sector Gastronomico",Servicios Económicos,Industria Y Comercio,Gastos En Personal,Remuneraciones Al Personal,91496006.0,91496006.0,45156426.37,125513695.64,61945326.39,Fiscal
2025,2,Administracion Central,Ministerio De Desarrollo Económico,Ministerio De Desarrollo Económico,Ministerio De Desarrollo Económico,Dirección General Desarrollo Gastronómico,"Politicas De Desarrollo, Promocion Y Eventos Masivos Del Sector Gastronomico",Servicios Económicos,Industria Y Comercio,Bienes De Consumo,Bienes De Consumo,21573014.0,18915728.0,0.0,25948487.05,0.0,Fiscal
2025,2,Administracion Central,Ministerio De Desarrollo Económico,Ministerio De Desarrollo Económico,Ministerio De Desarrollo Económico,Dirección General Desarrollo Gastronómico,"Politicas De Desarrollo, Promocion Y Eventos Masivos Del Sector Gastronomico",Servicios Económicos,Industria Y Comercio,Servicios No Personales,Servicios No Personales,0.0,1027286.0,1018500.0,1409225.04,1397172.45,Fiscal
2025,2,Administracion Central,Ministerio De Desarrollo Económico,Ministerio De Desarrollo Económico,Ministerio De Desarrollo Económico,Dirección General Desarrollo Gastronómico,"Politicas De Desarrollo, Promocion Y Eventos Masivos Del Sector Gastronomico",Servicios Económicos,Industria Y Comercio,Bienes De Uso,Maquinaria Y Equipo,2043187.0,2043187.0,0.0,2802832.19,0.0,Fiscal
2025,2,Administracion Central,Ministerio De Desarrollo Económico,Ministerio De Desarrollo Económico,Ministerio De Desarrollo Económico,Subsecretaría De Políticas Productivas,Actividades Comunes,Servicios Económicos,Industria Y Comercio,Gastos En Personal,Remuneraciones Al Personal,386094613.0,370716577.0,155194877.71,508546871.57,212895442.07,Fiscal
2025,2,Administracion Central,Ministerio De Desarrollo Económico,Ministerio De Desarrollo Económico,Ministerio De Desarrollo Económico,Subsecretaría De Políticas Productivas,Actividades Comunes,Servicios Económicos,Industria Y Comercio,Bienes De Consumo,Bienes De Consumo,2771152.0,2771152.0,297071.71,3801450.4,407521.27,Fiscal
2025,2,Administracion Central,Ministerio De Desarrollo Económico,Ministerio De Desarrollo Económico,Ministerio De Desarrollo Económico,Subsecretaría De Políticas Productivas,Actividades Comunes,Servicios Económicos,Industria Y Comercio,Servicios No Personales,Servicios No Personales,1242713057.0,2742117306.0,1376440428.99,3761620774.37,1888193076.58,Fiscal
2025,2,Administracion Central,Ministerio De Desarrollo Económico,Ministerio De Desarrollo Económico,Ministerio De Desarrollo Económico,Subsecretaría De Políticas Productivas,Actividades Comunes,Servicios Económicos,Industria Y Comercio,Bienes De Uso,Maquinaria Y Equipo,5273100.0,5273100.0,0.0,7233608.3,0.0,Fiscal
2025,2,Administracion Central,Ministerio De Desarrollo Económico,Ministerio De Desarrollo Económico,Ministerio De Desarrollo Económico,Subsecretaría De Políticas Productivas,Gestion De Estrategias Productivas,Servicios Económicos,Industria Y Comercio,Servicios No Personales,Servicios No Personales,144507116.0,504354056.0,504354056.0,691869997.88,691869997.88,Fiscal
2025,2,Administracion Central,Ministerio De Desarrollo Económico,Ministerio De Desarrollo Económico,Ministerio De Desarrollo Económico,Dirección General Emprendedores,Gestion Administrativa Emprendedores,Servicios Económicos,Industria Y Comercio,Gastos En Personal,Remuneraciones Al Personal,479857144.0,456216180.0,206102136.62,625834736.0,282729727.52,Fiscal
2025,2,Administracion Central,Ministerio De Desarrollo Económico,Ministerio De Desarrollo Económico,Ministerio De Desarrollo Económico,Dirección General Emprendedores,Gestion Administrativa Emprendedores,Servicios Económicos,Industria Y Comercio,Bienes De Consumo,Bienes De Consumo,2771152.0,2771152.0,544266.77,3801450.4,746622.03,Fiscal
2025,2,Administracion Central,Ministerio De Desarrollo Económico,Ministerio De Desarrollo Económico,Ministerio De Desarrollo Económico,Dirección General Emprendedores,Gestion Administrativa Emprendedores,Servicios Económicos,Industria Y Comercio,Servicios No Personales,Servicios No Personales,1089068650.0,266956556.0,101189011.36,366209470.58,138810504.73,Fiscal
2025,2,Administracion Central,Ministerio De Desarrollo Económico,Ministerio De Desarrollo Económico,Ministerio De Desarrollo Económico,Dirección General Emprendedores,Gestion Administrativa Emprendedores,Servicios Económicos,Industria Y Comercio,Bienes De Uso,Maquinaria Y Equipo,5273100.0,5273100.0,0.0,7233608.3,0.0,Fiscal
2025,2,Administracion Central,Ministerio De Desarrollo Económico,Ministerio De Desarrollo Económico,Ministerio De Desarrollo Económico,Dirección General Emprendedores,Fortalecimiento Del Ecosistema Emprendedor,Servicios Económicos,Industria Y Comercio,Gastos En Personal,Remuneraciones Al Personal,482126014.0,466753835.0,184276091.26,640290230.62,252788883.83,Fiscal
2025,2,Administracion Central,Ministerio De Desarrollo Económico,Ministerio De Desarrollo Económico,Ministerio De Desarrollo Económico,Dirección General Emprendedores,Fortalecimiento Del Ecosistema Emprendedor,Servicios Económicos,Industria Y Comercio,Bienes De Consumo,Bienes De Consumo,9211446.0,19354815.0,0.0,26550824.08,0.0,Fiscal
2025,2,Administracion Central,Ministerio De Desarrollo Económico,Ministerio De Desarrollo Económico,Ministerio De Desarrollo Económico,Dirección General Emprendedores,Fortalecimiento Del Ecosistema Emprendedor,Servicios Económicos,Industria Y Comercio,Servicios No Personales,Servicios No Personales,743765454.0,596154506.0,25003520.12,817801328.05,34299685.32,Fiscal
2025,2,Administracion Central,Ministerio De Desarrollo Económico,Ministerio De Desarrollo Económico,Ministerio De Desarrollo Económico,Dirección General Emprendedores,Fortalecimiento Del Ecosistema Emprendedor,Servicios Económicos,Industria Y Comercio,Bienes De Uso,Maquinaria Y Equipo,184934.0,184934.0,0.0,253691.4,0.0,Fiscal
2025,2,Administracion Central,Ministerio De Desarrollo Económico,Ministerio De Desarrollo Económico,Ministerio De Desarrollo Económico,Dirección General Emprendedores,Fortalecimiento Del Ecosistema Emprendedor,Servicios Sociales,Educación,Servicios No Personales,Servicios No Personales,0.0,3700000.0,3643400.0,5075638.75,4997995.2,Fiscal
2025,2,Administracion Central,Ministerio De Desarrollo Económico,Ministerio De Desarrollo Económico,Ministerio De Desarrollo Económico,Dirección General Emprendedores,Fortalecimiento Del Ecosistema Emprendedor,Servicios Sociales,Educación,Bienes De Uso,Maquinaria Y Equipo,0.0,79640770.0,79640769.51,109250750.97,109250750.29,Fiscal
2025,2,Administracion Central,Ministerio De Desarrollo Económico,Ministerio De Desarrollo Económico,Ministerio De Desarrollo Económico,Dirección General Emprendedores,Fortalecimiento Del Ecosistema Emprendedor,Servicios Económicos,Industria Y Comercio,Servicios No Personales,Servicios No Personales,0.0,1223563146.0,9681215.82,1678476897.64,13280636.27,Fiscal
2025,2,Administracion Central,Ministerio De Desarrollo Económico,Ministerio De Desarrollo Económico,Ministerio De Desarrollo Económico,Dirección General Emprendedores,Fortalecimiento Del Ecosistema Emprendedor,Servicios Económicos,Industria Y Comercio,Bienes De Uso,Bienes De Uso,0.0,49926930.0,46314331.0,68489475.88,63533733.32,Fiscal
2025,2,Administracion Central,Ministerio De Desarrollo Económico,Ministerio De Desarrollo Económico,Ministerio De Desarrollo Económico,Dir. Gral. Promocion De Inversiones Y Comercio Exterior,Promocion De Inversiones Y Comercio Exterior,Servicios Económicos,Industria Y Comercio,Gastos En Personal,Remuneraciones Al Personal,367939527.0,367939527.0,123647067.72,504737330.33,169618337.48,Fiscal
2025,2,Administracion Central,Ministerio De Desarrollo Económico,Ministerio De Desarrollo Económico,Ministerio De Desarrollo Económico,Dir. Gral. Promocion De Inversiones Y Comercio Exterior,Promocion De Inversiones Y Comercio Exterior,Servicios Económicos,Industria Y Comercio,Bienes De Consumo,Bienes De Consumo,2771156.0,2771156.0,0.0,3801455.89,0.0,Fiscal
2025,2,Administracion Central,Ministerio De Desarrollo Económico,Ministerio De Desarrollo Económico,Ministerio De Desarrollo Económico,Dir. Gral. Promocion De Inversiones Y Comercio Exterior,Promocion De Inversiones Y Comercio Exterior,Servicios Económicos,Industria Y Comercio,Servicios No Personales,Servicios No Personales,280872660.0,191544661.0,77995584.0,262759866.06,106993894.26,Fiscal
2025,2,Administracion Central,Ministerio De Desarrollo Económico,Ministerio De Desarrollo Económico,Ministerio De Desarrollo Económico,Dir. Gral. Promocion De Inversiones Y Comercio Exterior,Promocion De Inversiones Y Comercio Exterior,Servicios Económicos,Industria Y Comercio,Bienes De Uso,Maquinaria Y Equipo,5273100.0,5273100.0,0.0,7233608.3,0.0,Fiscal
2025,2,Administracion Central,Ministerio De Desarrollo Económico,Ministerio De Desarrollo Económico,Ministerio De Desarrollo Económico,"Dirección General Micro, Pequeñas Y Medianas Empresas","Gestion Administrativa Micro, Pequeñas Y Medianas Empresas",Servicios Económicos,Industria Y Comercio,Gastos En Personal,Remuneraciones Al Personal,310122798.0,310122798.0,78263744.03,425424673.48,107361754.65,Fiscal
2025,2,Administracion Central,Ministerio De Desarrollo Económico,Ministerio De Desarrollo Económico,Ministerio De Desarrollo Económico,"Dirección General Micro, Pequeñas Y Medianas Empresas","Gestion Administrativa Micro, Pequeñas Y Medianas Empresas",Servicios Económicos,Industria Y Comercio,Bienes De Consumo,Bienes De Consumo,2771152.0,2771152.0,0.0,3801450.4,0.0,Fiscal
2025,2,Administracion Central,Ministerio De Desarrollo Económico,Ministerio De Desarrollo Económico,Ministerio De Desarrollo Económico,"Dirección General Micro, Pequeñas Y Medianas Empresas","Gestion Administrativa Micro, Pequeñas Y Medianas Empresas",Servicios Económicos,Industria Y Comercio,Servicios No Personales,Servicios No Personales,275915560.0,262958337.0,79683989.0,360724736.72,109310038.54,Fiscal
2025,2,Administracion Central,Ministerio De Desarrollo Económico,Ministerio De Desarrollo Económico,Ministerio De Desarrollo Económico,"Dirección General Micro, Pequeñas Y Medianas Empresas","Gestion Administrativa Micro, Pequeñas Y Medianas Empresas",Servicios Económicos,Industria Y Comercio,Bienes De Uso,Maquinaria Y Equipo,5273100.0,5273100.0,0.0,7233608.3,0.0,Fiscal
2025,2,Administracion Central,Ministerio De Desarrollo Económico,Ministerio De Desarrollo Económico,Ministerio De Desarrollo Económico,"Dirección General Micro, Pequeñas Y Medianas Empresas","Desarrollo De La Micro, Pequeña Y Mediana Empresa",Servicios Económicos,Industria Y Comercio,Servicios No Personales,Servicios No Personales,754223094.0,107630493.0,48799000.0,147646892.25,66942187.98,Fiscal
2025,2,Administracion Central,Ministerio De Desarrollo Económico,Ministerio De Desarrollo Económico,Ministerio De Desarrollo Económico,Dirección General Políticas Energéticas,Politicas Energeticas,Servicios Económicos,Industria Y Comercio,Gastos En Personal,Remuneraciones Al Personal,220885711.0,220885711.0,101491936.49,303009749.96,139226055.68,Fiscal
2025,2,Administracion Central,Ministerio De Desarrollo Económico,Ministerio De Desarrollo Económico,Ministerio De Desarrollo Económico,Dirección General Políticas Energéticas,Politicas Energeticas,Servicios Económicos,Industria Y Comercio,Bienes De Consumo,Bienes De Consumo,12599110.0,2771156.0,222770.03,3801455.89,305594.65,Fiscal
2025,2,Administracion Central,Ministerio De Desarrollo Económico,Ministerio De Desarrollo Económico,Ministerio De Desarrollo Económico,Dirección General Políticas Energéticas,Politicas Energeticas,Servicios Económicos,Industria Y Comercio,Servicios No Personales,Servicios No Personales,140280110.0,143524443.0,51938548.0,196886006.75,71249001.9,Fiscal
2025,2,Administracion Central,Ministerio De Desarrollo Económico,Ministerio De Desarrollo Económico,Ministerio De Desarrollo Económico,Dirección General Políticas Energéticas,Politicas Energeticas,Servicios Económicos,Industria Y Comercio,Bienes De Uso,Maquinaria Y Equipo,5376495.0,5376495.0,0.0,7375444.97,0.0,Fiscal
2025,2,Administracion Central,Ministerio De Desarrollo Económico,Ministerio De Desarrollo Económico,Ministerio De Desarrollo Económico,Upe Parque De La Innovación,Parque De La Innovacion,Servicios Económicos,Industria Y Comercio,Gastos En Personal,Remuneraciones Al Personal,197151065.0,5251483.0,5251481.08,7203954.22,7203951.59,Fiscal
2025,2,Administracion Central,Ministerio De Desarrollo Económico,Ministerio De Desarrollo Económico,Ministerio De Desarrollo Económico,Upe Parque De La Innovación,Parque De La Innovacion,Servicios Económicos,Industria Y Comercio,Bienes De Consumo,Bienes De Consumo,2771152.0,0.0,0.0,0.0,0.0,Fiscal
2025,2,Administracion Central,Ministerio De Desarrollo Económico,Ministerio De Desarrollo Económico,Ministerio De Desarrollo Económico,Upe Parque De La Innovación,Parque De La Innovacion,Servicios Económicos,Industria Y Comercio,Servicios No Personales,Servicios No Personales,83019313.0,5157531.0,0.0,7075071.41,0.0,Fiscal
2025,2,Administracion Central,Ministerio De Desarrollo Económico,Ministerio De Desarrollo Económico,Ministerio De Desarrollo Económico,Ente Público No Estatal Parque De La Innovación,Ente Publico No Estatal Parque De La Innovacion,Servicios Económicos,Industria Y Comercio,Transferencias,Al Sector Público,1014093349.0,1212344042.0,1200666806.0,1663086595.2,1647067829.91,Fiscal
2025,2,Organismos Descentralizados,Ministerio De Desarrollo Económico,Ministerio De Desarrollo Económico,Consejo Económico Y Social,Consejo Económico Y Social De La Ciudad De Buenos Aires,Fomento Al Desarrollo Socio-Economico,Administración Gubernamental,Dirección Ejecutiva,Transferencias,Al Sector Público,2754405588.0,2754405588.0,1206155289.4,3778477769.05,1654596899.92,Fiscal
2025,2,Organismos Descentralizados,Ministerio De Desarrollo Económico,Ministerio De Desarrollo Económico,Ente De Turismo,Ente De Turismo,Turismo De La Ciudad,Servicios Económicos,Turismo,Gastos En Personal,Remuneraciones Al Personal,3138428037.0,3138428037.0,1356954451.23,4305277559.43,1861462324.19,Fiscal
2025,2,Organismos Descentralizados,Ministerio De Desarrollo Económico,Ministerio De Desarrollo Económico,Ente De Turismo,Ente De Turismo,Turismo De La Ciudad,Servicios Económicos,Turismo,Bienes De Consumo,Bienes De Consumo,38454207.0,37908207.0,7593209.49,52002260.68,10416321.18,Fiscal
2025,2,Organismos Descentralizados,Ministerio De Desarrollo Económico,Ministerio De Desarrollo Económico,Ente De Turismo,Ente De Turismo,Turismo De La Ciudad,Servicios Económicos,Turismo,Servicios No Personales,Servicios No Personales,25474904905.0,29303258315.0,23701360815.57,40198041489.05,32513390666.99,Fiscal
2025,2,Organismos Descentralizados,Ministerio De Desarrollo Económico,Ministerio De Desarrollo Económico,Ente De Turismo,Ente De Turismo,Turismo De La Ciudad,Servicios Económicos,Turismo,Bienes De Uso,Maquinaria Y Equipo,28371167.0,28371167.0,16045659.82,38919403.98,22011344.0,Fiscal
2025,2,Organismos Descentralizados,Ministerio De Desarrollo Económico,Ministerio De Desarrollo Económico,Ente De Turismo,Ente De Turismo,Turismo De La Ciudad,Administración Gubernamental,Control De La Gestión,Gastos En Personal,Remuneraciones Al Personal,121660339.0,121660339.0,56946389.75,166892954.43,78118730.46,Fiscal
2025,2,Organismos Descentralizados,Ministerio De Desarrollo Económico,Ministerio De Desarrollo Económico,Ente De Turismo,Ente De Turismo,Turismo De La Ciudad,Administración Gubernamental,Control De La Gestión,Bienes De Consumo,Bienes De Consumo,418891.0,418891.0,0.0,574632.27,0.0,Fiscal
2025,2,Organismos Descentralizados,Ministerio De Desarrollo Económico,Ministerio De Desarrollo Económico,Ente De Turismo,Ente De Turismo,Turismo De La Ciudad,Administración Gubernamental,Control De La Gestión,Servicios No Personales,Servicios No Personales,2775738.0,59969738.0,25920041.0,82266142.23,35556963.4,Fiscal
2025,2,Administracion Central,Servicio De La Deuda Publica,Servicio De La Deuda Publica,Servicio De La Deuda Publica,Ministerio De Hacienda Y Finanzas - Servicio De La Deuda Publica,Intereses De La Deuda Publica,Deuda Pública - Intereses Y Gastos,Deuda Pública - Intereses Y Gastos,Servicio De La Deuda Y Disminución De Otros Pasivos,Intereses,121122406067.0,126002281067.0,52221289768.09,172849205627.54,71636865434.68,Fiscal
2025,2,Administracion Central,Servicio De La Deuda Publica,Servicio De La Deuda Publica,Servicio De La Deuda Publica,Ministerio De Hacienda Y Finanzas - Servicio De La Deuda Publica,Intereses De La Deuda Publica,Deuda Pública - Intereses Y Gastos,Deuda Pública - Intereses Y Gastos,Servicio De La Deuda Y Disminución De Otros Pasivos,Servicios No Personales,4635635252.0,4635635252.0,215873581.78,6359137819.59,296134139.88,Fiscal
2025,2,Administracion Central,Servicio De La Deuda Publica,Servicio De La Deuda Publica,Servicio De La Deuda Publica,Ministerio De Hacienda Y Finanzas - Servicio De La Deuda Publica,Amortizacion De La Deuda Publica,Gastos No Clasificados,Gastos No Clasificados,Servicio De La Deuda Y Disminución De Otros Pasivos,Amortización Deuda Interna A Largo Plazo,406192370.0,0.0,0.0,0.0,0.0,Aplicaciones financieras
2025,2,Administracion Central,Servicio De La Deuda Publica,Servicio De La Deuda Publica,Servicio De La Deuda Publica,Ministerio De Hacienda Y Finanzas - Servicio De La Deuda Publica,Amortizacion De La Deuda Publica,Gastos No Clasificados,Gastos No Clasificados,Servicio De La Deuda Y Disminución De Otros Pasivos,Amortización Deuda Externa A Largo Plazo,395289255242.0,413289255242.0,362929368307.83,566947827119.02,497864423403.22,Aplicaciones financieras
2025,2,Administracion Central,Servicio De La Deuda Publica,Servicio De La Deuda Publica,Servicio De La Deuda Publica,Ministerio De Hacienda Y Finanzas - Servicio De La Deuda Publica,Amortizacion De La Deuda Publica,Gastos No Clasificados,Gastos No Clasificados,Servicio De La Deuda Y Disminución De Otros Pasivos,Amortización de préstamos a largo plazo,0.0,406192370.0,0.0,557212360.7,0.0,Aplicaciones financieras
2025,2,Administracion Central,Obligaciones A Cargo Del Tesoro,Obligaciones A Cargo Del Tesoro,Obligaciones A Cargo Del Tesoro,Ministerio De Hacienda Y Finanzas - Obligaciones Del Tesoro,Otras Erogaciones No Asignables A Programas,Administración Gubernamental,Judicial,Gastos En Personal,Remuneraciones Al Personal,719737868.0,719737868.0,182349184.58,987332274.39,250145564.31,Fiscal
2025,2,Administracion Central,Obligaciones A Cargo Del Tesoro,Obligaciones A Cargo Del Tesoro,Obligaciones A Cargo Del Tesoro,Ministerio De Hacienda Y Finanzas - Obligaciones Del Tesoro,Otras Erogaciones No Asignables A Programas,Administración Gubernamental,Judicial,Servicios No Personales,Servicios No Personales,311951400.0,203300838.0,0.0,278886922.16,0.0,Fiscal
2025,2,Administracion Central,Obligaciones A Cargo Del Tesoro,Obligaciones A Cargo Del Tesoro,Obligaciones A Cargo Del Tesoro,Ministerio De Hacienda Y Finanzas - Obligaciones Del Tesoro,Otras Erogaciones No Asignables A Programas,Administración Gubernamental,Dirección Ejecutiva,Gastos En Personal,Remuneraciones Al Personal,6212188544.0,6212573692.0,1137200272.56,8522372916.36,1560004803.78,Fiscal
2025,2,Administracion Central,Obligaciones A Cargo Del Tesoro,Obligaciones A Cargo Del Tesoro,Obligaciones A Cargo Del Tesoro,Ministerio De Hacienda Y Finanzas - Obligaciones Del Tesoro,Otras Erogaciones No Asignables A Programas,Administración Gubernamental,Dirección Ejecutiva,Servicios No Personales,Servicios No Personales,3135901583.0,776559142.0,0.0,1065279371.78,0.0,Fiscal
2025,2,Administracion Central,Obligaciones A Cargo Del Tesoro,Obligaciones A Cargo Del Tesoro,Obligaciones A Cargo Del Tesoro,Ministerio De Hacienda Y Finanzas - Obligaciones Del Tesoro,Otras Erogaciones No Asignables A Programas,Administración Gubernamental,Administración Fiscal,Gastos En Personal,Remuneraciones Al Personal,1992814567.0,2677513650.0,1536451198.47,3672997850.04,2107694931.33,Fiscal
2025,2,Administracion Central,Obligaciones A Cargo Del Tesoro,Obligaciones A Cargo Del Tesoro,Obligaciones A Cargo Del Tesoro,Ministerio De Hacienda Y Finanzas - Obligaciones Del Tesoro,Otras Erogaciones No Asignables A Programas,Administración Gubernamental,Administración Fiscal,Servicios No Personales,Servicios No Personales,0.0,27080512.0,0.0,37148890.86,0.0,Fiscal
2025,2,Administracion Central,Obligaciones A Cargo Del Tesoro,Obligaciones A Cargo Del Tesoro,Obligaciones A Cargo Del Tesoro,Ministerio De Hacienda Y Finanzas - Obligaciones Del Tesoro,Otras Erogaciones No Asignables A Programas,Administración Gubernamental,Administración Fiscal,Transferencias,Al Sector Público,1243743.0,1243743.0,0.0,1706159.51,0.0,Fiscal
2025,2,Administracion Central,Obligaciones A Cargo Del Tesoro,Obligaciones A Cargo Del Tesoro,Obligaciones A Cargo Del Tesoro,Ministerio De Hacienda Y Finanzas - Obligaciones Del Tesoro,Otras Erogaciones No Asignables A Programas,Administración Gubernamental,Control De La Gestión,Gastos En Personal,Remuneraciones Al Personal,258639070.0,258639070.0,38971654.91,354799591.05,53461092.42,Fiscal
2025,2,Administracion Central,Obligaciones A Cargo Del Tesoro,Obligaciones A Cargo Del Tesoro,Obligaciones A Cargo Del Tesoro,Ministerio De Hacienda Y Finanzas - Obligaciones Del Tesoro,Otras Erogaciones No Asignables A Programas,Administración Gubernamental,Control De La Gestión,Servicios No Personales,Servicios No Personales,1174724016.0,0.0,0.0,0.0,0.0,Fiscal
2025,2,Administracion Central,Obligaciones A Cargo Del Tesoro,Obligaciones A Cargo Del Tesoro,Obligaciones A Cargo Del Tesoro,Ministerio De Hacienda Y Finanzas - Obligaciones Del Tesoro,Otras Erogaciones No Asignables A Programas,Servicios Sociales,Promoción Y Acción Social,Gastos En Personal,Remuneraciones Al Personal,7036902601.0,5578901995.0,527921486.2,7653105721.13,724199663.3,Fiscal
2025,2,Administracion Central,Obligaciones A Cargo Del Tesoro,Obligaciones A Cargo Del Tesoro,Obligaciones A Cargo Del Tesoro,Ministerio De Hacienda Y Finanzas - Obligaciones Del Tesoro,Otras Erogaciones No Asignables A Programas,Servicios De Seguridad,Seguridad Interior,Gastos En Personal,Remuneraciones Al Personal,9223182075.0,8652380842.0,590206528.61,11869286354.68,809641926.82,Fiscal
2025,2,Administracion Central,Obligaciones A Cargo Del Tesoro,Obligaciones A Cargo Del Tesoro,Obligaciones A Cargo Del Tesoro,Ministerio De Hacienda Y Finanzas - Obligaciones Del Tesoro,Otras Erogaciones No Asignables A Programas,Servicios De Seguridad,Seguridad Interior,Servicios No Personales,Servicios No Personales,1863516322.0,1464511930.0,0.0,2009009055.94,0.0,Fiscal
2025,2,Administracion Central,Obligaciones A Cargo Del Tesoro,Obligaciones A Cargo Del Tesoro,Obligaciones A Cargo Del Tesoro,Ministerio De Hacienda Y Finanzas - Obligaciones Del Tesoro,Otras Erogaciones No Asignables A Programas,Servicios De Seguridad,Seguridad Interior,Transferencias,Al Sector Privado,0.0,3233199316.0,2310491204.0,4435284255.76,3169518566.16,Fiscal
2025,2,Administracion Central,Obligaciones A Cargo Del Tesoro,Obligaciones A Cargo Del Tesoro,Obligaciones A Cargo Del Tesoro,Ministerio De Hacienda Y Finanzas - Obligaciones Del Tesoro,Otras Erogaciones No Asignables A Programas,Servicios Sociales,Salud,Gastos En Personal,Remuneraciones Al Personal,5850380246.0,5626605556.0,81153823.05,7718545192.19,111326348.45,Fiscal
2025,2,Administracion Central,Obligaciones A Cargo Del Tesoro,Obligaciones A Cargo Del Tesoro,Obligaciones A Cargo Del Tesoro,Ministerio De Hacienda Y Finanzas - Obligaciones Del Tesoro,Otras Erogaciones No Asignables A Programas,Servicios Sociales,Salud,Servicios No Personales,Servicios No Personales,2160962178.0,0.0,0.0,0.0,0.0,Fiscal
2025,2,Administracion Central,Obligaciones A Cargo Del Tesoro,Obligaciones A Cargo Del Tesoro,Obligaciones A Cargo Del Tesoro,Ministerio De Hacienda Y Finanzas - Obligaciones Del Tesoro,Otras Erogaciones No Asignables A Programas,Servicios Sociales,Promoción Y Acción Social,Servicios No Personales,Servicios No Personales,0.0,3309741.0,0.0,4540283.7,0.0,Fiscal
2025,2,Administracion Central,Obligaciones A Cargo Del Tesoro,Obligaciones A Cargo Del Tesoro,Obligaciones A Cargo Del Tesoro,Ministerio De Hacienda Y Finanzas - Obligaciones Del Tesoro,Otras Erogaciones No Asignables A Programas,Servicios Sociales,Educación,Gastos En Personal,Remuneraciones Al Personal,0.0,565958530.0,565958529.02,776378661.56,776378660.22,Fiscal
2025,2,Administracion Central,Obligaciones A Cargo Del Tesoro,Obligaciones A Cargo Del Tesoro,Obligaciones A Cargo Del Tesoro,Ministerio De Hacienda Y Finanzas - Obligaciones Del Tesoro,Otras Erogaciones No Asignables A Programas,Servicios Sociales,Educación,Servicios No Personales,Servicios No Personales,2619348095.0,1943611283.0,0.0,2666234797.26,0.0,Fiscal
2025,2,Administracion Central,Obligaciones A Cargo Del Tesoro,Obligaciones A Cargo Del Tesoro,Obligaciones A Cargo Del Tesoro,Ministerio De Hacienda Y Finanzas - Obligaciones Del Tesoro,Otras Erogaciones No Asignables A Programas,Servicios Sociales,Cultura,Gastos En Personal,Remuneraciones Al Personal,5614756221.0,3843863033.0,1113857987.15,5272989236.14,1527983990.69,Fiscal
2025,2,Administracion Central,Obligaciones A Cargo Del Tesoro,Obligaciones A Cargo Del Tesoro,Obligaciones A Cargo Del Tesoro,Ministerio De Hacienda Y Finanzas - Obligaciones Del Tesoro,Otras Erogaciones No Asignables A Programas,Servicios Sociales,Trabajo,Gastos En Personal,Remuneraciones Al Personal,602392280.0,602392280.0,76633525.63,826358270.6,105125430.41,Fiscal
2025,2,Administracion Central,Obligaciones A Cargo Del Tesoro,Obligaciones A Cargo Del Tesoro,Obligaciones A Cargo Del Tesoro,Ministerio De Hacienda Y Finanzas - Obligaciones Del Tesoro,Otras Erogaciones No Asignables A Programas,Servicios Sociales,Vivienda Y Urbanismo,Gastos En Personal,Remuneraciones Al Personal,3728080821.0,3728080821.0,333427775.7,5114159862.57,457394308.07,Fiscal
2025,2,Administracion Central,Obligaciones A Cargo Del Tesoro,Obligaciones A Cargo Del Tesoro,Obligaciones A Cargo Del Tesoro,Ministerio De Hacienda Y Finanzas - Obligaciones Del Tesoro,Otras Erogaciones No Asignables A Programas,Servicios Sociales,Vivienda Y Urbanismo,Servicios No Personales,Servicios No Personales,0.0,181792970.0,0.0,249382552.34,0.0,Fiscal
2025,2,Administracion Central,Obligaciones A Cargo Del Tesoro,Obligaciones A Cargo Del Tesoro,Obligaciones A Cargo Del Tesoro,Ministerio De Hacienda Y Finanzas - Obligaciones Del Tesoro,Otras Erogaciones No Asignables A Programas,Servicios Sociales,Agua Potable Y Alcantarillado,Gastos En Personal,Remuneraciones Al Personal,4521522.0,4521522.0,0.0,6202597.92,0.0,Fiscal
2025,2,Administracion Central,Obligaciones A Cargo Del Tesoro,Obligaciones A Cargo Del Tesoro,Obligaciones A Cargo Del Tesoro,Ministerio De Hacienda Y Finanzas - Obligaciones Del Tesoro,Otras Erogaciones No Asignables A Programas,Servicios Sociales,Servicios Urbanos,Gastos En Personal,Remuneraciones Al Personal,618677247.0,618677247.0,157546091.38,848697894.82,216120823.48,Fiscal
2025,2,Administracion Central,Obligaciones A Cargo Del Tesoro,Obligaciones A Cargo Del Tesoro,Obligaciones A Cargo Del Tesoro,Ministerio De Hacienda Y Finanzas - Obligaciones Del Tesoro,Otras Erogaciones No Asignables A Programas,Servicios Sociales,Servicios Urbanos,Servicios No Personales,Servicios No Personales,0.0,3561513.0,0.0,4885663.08,0.0,Fiscal
2025,2,Administracion Central,Obligaciones A Cargo Del Tesoro,Obligaciones A Cargo Del Tesoro,Obligaciones A Cargo Del Tesoro,Ministerio De Hacienda Y Finanzas - Obligaciones Del Tesoro,Otras Erogaciones No Asignables A Programas,Servicios Económicos,Transporte,Gastos En Personal,Remuneraciones Al Personal,524408360.0,524408360.0,134127929.06,719380376.95,183995922.88,Fiscal
2025,2,Administracion Central,Obligaciones A Cargo Del Tesoro,Obligaciones A Cargo Del Tesoro,Obligaciones A Cargo Del Tesoro,Ministerio De Hacienda Y Finanzas - Obligaciones Del Tesoro,Otras Erogaciones No Asignables A Programas,Servicios Económicos,Transporte,Servicios No Personales,Servicios No Personales,0.0,3315079.0,0.0,4547606.34,0.0,Fiscal
2025,2,Administracion Central,Obligaciones A Cargo Del Tesoro,Obligaciones A Cargo Del Tesoro,Obligaciones A Cargo Del Tesoro,Ministerio De Hacienda Y Finanzas - Obligaciones Del Tesoro,Otras Erogaciones No Asignables A Programas,Servicios Económicos,Ecología,Gastos En Personal,Remuneraciones Al Personal,1291101149.0,1291101149.0,303795449.29,1771125142.34,416744852.86,Fiscal
2025,2,Administracion Central,Obligaciones A Cargo Del Tesoro,Obligaciones A Cargo Del Tesoro,Obligaciones A Cargo Del Tesoro,Ministerio De Hacienda Y Finanzas - Obligaciones Del Tesoro,Otras Erogaciones No Asignables A Programas,Servicios Económicos,Ecología,Servicios No Personales,Servicios No Personales,0.0,696740.0,0.0,955783.93,0.0,Fiscal
2025,2,Administracion Central,Obligaciones A Cargo Del Tesoro,Obligaciones A Cargo Del Tesoro,Obligaciones A Cargo Del Tesoro,Ministerio De Hacienda Y Finanzas - Obligaciones Del Tesoro,Otras Erogaciones No Asignables A Programas,Servicios Económicos,Turismo,Gastos En Personal,Remuneraciones Al Personal,119024287.0,119024287.0,32866374.62,163276833.44,45085903.98,Fiscal
2025,2,Administracion Central,Obligaciones A Cargo Del Tesoro,Obligaciones A Cargo Del Tesoro,Obligaciones A Cargo Del Tesoro,Ministerio De Hacienda Y Finanzas - Obligaciones Del Tesoro,Otras Erogaciones No Asignables A Programas,Servicios Económicos,Turismo,Servicios No Personales,Servicios No Personales,1110194258.0,0.0,0.0,0.0,0.0,Fiscal
2025,2,Administracion Central,Obligaciones A Cargo Del Tesoro,Obligaciones A Cargo Del Tesoro,Obligaciones A Cargo Del Tesoro,Ministerio De Hacienda Y Finanzas - Obligaciones Del Tesoro,Otras Erogaciones No Asignables A Programas,Servicios Económicos,Industria Y Comercio,Gastos En Personal,Remuneraciones Al Personal,81413217.0,81413217.0,12643661.27,111682183.58,17344501.93,Fiscal
2025,2,Administracion Central,Obligaciones A Cargo Del Tesoro,Obligaciones A Cargo Del Tesoro,Obligaciones A Cargo Del Tesoro,Ministerio De Hacienda Y Finanzas - Obligaciones Del Tesoro,Aportes A Entes Publicos,Administración Gubernamental,Dirección Ejecutiva,Transferencias,Al Sector Público,2999359541.0,6669129811.0,3020773364.75,9148673978.73,4143879555.64,Fiscal
2025,2,Administracion Central,Obligaciones A Cargo Del Tesoro,Obligaciones A Cargo Del Tesoro,Obligaciones A Cargo Del Tesoro,Ministerio De Hacienda Y Finanzas - Obligaciones Del Tesoro,Aportes Con Fines Sociales,Servicios Sociales,Promoción Y Acción Social,Transferencias,Al Sector Privado,33425493199.0,32047662908.0,12329342243.88,43962799950.59,16913320891.64,Fiscal
2025,2,Administracion Central,Obligaciones A Cargo Del Tesoro,Obligaciones A Cargo Del Tesoro,Obligaciones A Cargo Del Tesoro,Ministerio De Hacienda Y Finanzas - Obligaciones Del Tesoro,Atencion Servicios Financieros Y Gastos Judiciales,Administración Gubernamental,Dirección Ejecutiva,Servicios No Personales,Servicios No Personales,36635298943.0,36637688084.0,17154868969.38,50259370129.83,23532950744.16,Fiscal
2025,2,Administracion Central,Obligaciones A Cargo Del Tesoro,Obligaciones A Cargo Del Tesoro,Obligaciones A Cargo Del Tesoro,Ministerio De Hacienda Y Finanzas - Obligaciones Del Tesoro,Atencion Servicios Financieros Y Gastos Judiciales,Administración Gubernamental,Dirección Ejecutiva,Otros Gastos,Otras Pérdidas,0.0,201579462.0,9089744.64,276525548.45,12469259.5,Fiscal
2025,2,Administracion Central,Obligaciones A Cargo Del Tesoro,Obligaciones A Cargo Del Tesoro,Obligaciones A Cargo Del Tesoro,Ministerio De Hacienda Y Finanzas - Obligaciones Del Tesoro,Aplicaciones Financieras,Gastos No Clasificados,Gastos No Clasificados,Activos Financieros,Incremento De Otros Activos Financieros,179516674352.0,161516674352.0,134500000000.0,221567646402.37,184506327663.56,Aplicaciones financieras
2025,2,Administracion Central,Jefatura De Gobierno,Secretaría De Gobierno Y Vinculación Ciudadana,Secretaría De Gobierno Y Vinculación Ciudadana,Subsecretaria De Relaciones Federales,Colectividades Y Migrantes,Servicios Sociales,Cultura,Bienes De Consumo,Bienes De Consumo,0.0,0.0,0.0,0.0,0.0,Fiscal
2025,2,Administracion Central,Ministerio De Seguridad,Ministerio De Seguridad,Ministerio De Seguridad,Dirección General Eventos Públicos,Eventos Publicos,Servicios De Seguridad,Seguridad Interior,Servicios No Personales,Servicios No Personales,0.0,0.0,0.0,0.0,0.0,Fiscal
2025,2,Administracion Central,Ministerio De Seguridad,Ministerio De Seguridad,Ministerio De Seguridad,Dirección General Eventos Públicos,Eventos Publicos,Servicios De Seguridad,Seguridad Interior,Bienes De Uso,Maquinaria Y Equipo,0.0,0.0,0.0,0.0,0.0,Fiscal
2025,2,Administracion Central,Min.Infraestructura,Min.Infraestructura,Min.Infraestructura,Direccion General Diseño Y Planificacion De La Movilidad,Diseño E Implementacion De Mejoras Para La Movilidad,Servicios Económicos,Transporte,Bienes De Uso,Maquinaria Y Equipo,0.0,0.0,0.0,0.0,0.0,Fiscal
2025,2,Administracion Central,Min.Infraestructura,Min.Infraestructura,Min.Infraestructura,Subsecretaría De Gestión Y Control De La Movilidad,Coordinacion Gestion De La Movilidad,Servicios Económicos,Transporte,Bienes De Uso,Maquinaria Y Equipo,0.0,0.0,0.0,0.0,0.0,Fiscal
2025,2,Administracion Central,Min.Infraestructura,Min.Infraestructura,Min.Infraestructura,Subsecretaría De Gestión Y Control De La Movilidad,Sistemas De Movilidad Urbana En El Marco De La Transicion Energetica,Servicios Económicos,Transporte,Bienes De Uso,Bienes De Uso,0.0,0.0,0.0,0.0,0.0,Fiscal
2025,2,Administracion Central,Ministerio De Desarrollo Humano Y Hábitat,Ministerio De Desarrollo Humano Y Hábitat,Ministerio De Desarrollo Humano Y Hábitat,Subsecretaría Abordaje Territorial Y Obras,Infraestructura Y Vivienda,Servicios Sociales,Vivienda Y Urbanismo,Gastos En Personal,Remuneraciones Al Personal,0.0,0.0,0.0,0.0,0.0,Fiscal
2025,2,Administracion Central,Ministerio De Desarrollo Humano Y Hábitat,Ministerio De Desarrollo Humano Y Hábitat,Ministerio De Desarrollo Humano Y Hábitat,"Dirección General Articulación Público, Privada Y Territorial",Desarrollo Institucional Y Territorial,Servicios Sociales,Promoción Y Acción Social,Bienes De Uso,Maquinaria Y Equipo,0.0,0.0,0.0,0.0,0.0,Fiscal
2025,2,Administracion Central,Ministerio De Desarrollo Humano Y Hábitat,Ministerio De Desarrollo Humano Y Hábitat,Ministerio De Desarrollo Humano Y Hábitat,Subsecretaria Familia Y Comunidad,Actividades Comunes,Servicios Sociales,Promoción Y Acción Social,Bienes De Uso,Maquinaria Y Equipo,0.0,0.0,0.0,0.0,0.0,Fiscal
2025,2,Administracion Central,Ministerio De Desarrollo Humano Y Hábitat,Ministerio De Desarrollo Humano Y Hábitat,Ministerio De Desarrollo Humano Y Hábitat,Subsecretaria Familia Y Comunidad,Actividades Comunes,Servicios Sociales,Promoción Y Acción Social,Bienes De Uso,Construcciones Del Dominio Privado,0.0,0.0,0.0,0.0,0.0,Fiscal
2025,2,Administracion Central,Obligaciones A Cargo Del Tesoro,Obligaciones A Cargo Del Tesoro,Obligaciones A Cargo Del Tesoro,Ministerio De Hacienda Y Finanzas - Obligaciones Del Tesoro,Otras Erogaciones No Asignables A Programas,Servicios Sociales,Cultura,Servicios No Personales,Servicios No Personales,0.0,0.0,0.0,0.0,0.0,Fiscal
